District,District Code,fiscal_year,ppe_total,cpi_u,deflator,ppe_total_real
Achievement First Bridgeport Academy District,2850013.0,2008,15815.0,215.254,1.4957306252148626,23654.97983777305
Achievement First Bridgeport Academy District,2850013.0,2009,12335.0,214.565,1.5005336378253675,18509.08242257591
Achievement First Bridgeport Academy District,2850013.0,2010,12619.0,218.076,1.4763752086428583,18630.378757864237
Achievement First Bridgeport Academy District,2850013.0,2011,13569.0,224.923,1.431432090093054,19423.102030472648
Achievement First Bridgeport Academy District,2850013.0,2012,13848.0,229.586,1.402359028860645,19419.867831662206
Achievement First Bridgeport Academy District,2850013.0,2013,12780.0,232.952,1.3820958824135443,17663.185377245096
Achievement First Bridgeport Academy District,2850013.0,2014,13304.0,236.715,1.3601250448851994,18095.10359715269
Achievement First Bridgeport Academy District,2850013.0,2015,12279.0,237.002,1.3584779875275312,16680.751208850557
Achievement First Bridgeport Academy District,2850013.0,2016,10483.0,240.005,1.3414803858252953,14062.73888460657
Achievement First Bridgeport Academy District,2850013.0,2017,12401.0,245.121,1.3134819130143889,16288.489203291434
Achievement First Bridgeport Academy District,2850013.0,2018,12154.0,251.1,1.282206292313819,15583.935276782158
Achievement First Bridgeport Academy District,2850013.0,2019,12249.0,255.653,1.2593711006716135,15426.036612126594
Achievement First Bridgeport Academy District,2850013.0,2020,12455.0,258.856,1.2437880520443798,15491.38018821275
Achievement First Bridgeport Academy District,2850013.0,2021,12979.0,270.973,1.1881700390813843,15421.258937237288
Achievement First Bridgeport Academy District,2850013.0,2022,14334.0,292.626,1.1002508321201807,15770.995427610673
Achievement First Bridgeport Academy District,2850013.0,2023,14219.0,304.703,1.056642041594602,15024.393189433647
Achievement First Bridgeport Academy District,2850013.0,2024,14616.0,313.698,1.026343808376209,15001.041103226671
Achievement First Bridgeport Academy District,2850013.0,2025,15289.0,321.962,1.0,15289.0
Achievement First Hartford Academy District,2880013.0,2009,13798.0,214.565,1.5005336378253675,20704.363134714426
Achievement First Hartford Academy District,2880013.0,2010,11222.0,218.076,1.4763752086428583,16567.88259139016
Achievement First Hartford Academy District,2880013.0,2011,11683.0,224.923,1.431432090093054,16723.421108557148
Achievement First Hartford Academy District,2880013.0,2012,10686.0,229.586,1.402359028860645,14985.60858240485
Achievement First Hartford Academy District,2880013.0,2013,11474.0,232.952,1.3820958824135443,15858.168154813007
Achievement First Hartford Academy District,2880013.0,2014,12050.0,236.715,1.3601250448851994,16389.506790866653
Achievement First Hartford Academy District,2880013.0,2015,13422.0,237.002,1.3584779875275312,18233.491548594524
Achievement First Hartford Academy District,2880013.0,2016,13712.0,240.005,1.3414803858252953,18394.379050436448
Achievement First Hartford Academy District,2880013.0,2017,13914.0,245.121,1.3134819130143889,18275.787337682203
Achievement First Hartford Academy District,2880013.0,2018,14761.0,251.1,1.282206292313819,18926.647080844283
Achievement First Hartford Academy District,2880013.0,2019,13868.0,255.653,1.2593711006716135,17464.958424113935
Achievement First Hartford Academy District,2880013.0,2020,13821.0,258.856,1.2437880520443798,17190.394667305372
Achievement First Hartford Academy District,2880013.0,2021,13465.0,270.973,1.1881700390813843,15998.70957623084
Achievement First Hartford Academy District,2880013.0,2022,15094.0,292.626,1.1002508321201807,16607.186060022006
Achievement First Hartford Academy District,2880013.0,2023,15747.0,304.703,1.056642041594602,16638.9422289902
Achievement First Hartford Academy District,2880013.0,2024,17688.0,313.698,1.026343808376209,18153.969282558388
Achievement First Hartford Academy District,2880013.0,2025,18195.0,321.962,1.0,18195.0
Amistad Academy District,2790013.0,2007,12283.0,207.344,1.5527914962574272,19072.93794852998
Amistad Academy District,2790013.0,2008,13208.0,215.254,1.4957306252148626,19755.610097837904
Amistad Academy District,2790013.0,2009,14686.0,214.565,1.5005336378253675,22036.83700510335
Amistad Academy District,2790013.0,2010,13397.0,218.076,1.4763752086428583,19778.99867018837
Amistad Academy District,2790013.0,2011,13993.0,224.923,1.431432090093054,20030.029236672104
Amistad Academy District,2790013.0,2012,13959.0,229.586,1.402359028860645,19575.529683865738
Amistad Academy District,2790013.0,2013,11895.0,232.952,1.3820958824135443,16440.03052130911
Amistad Academy District,2790013.0,2014,13132.0,236.715,1.3601250448851994,17861.162089432437
Amistad Academy District,2790013.0,2015,12306.0,237.002,1.3584779875275312,16717.430114513798
Amistad Academy District,2790013.0,2016,11379.0,240.005,1.3414803858252953,15264.705310306035
Amistad Academy District,2790013.0,2017,12669.0,245.121,1.3134819130143889,16640.50235597929
Amistad Academy District,2790013.0,2018,12243.0,251.1,1.282206292313819,15698.051636798087
Amistad Academy District,2790013.0,2019,12250.0,255.653,1.2593711006716135,15427.295983227266
Amistad Academy District,2790013.0,2020,12126.0,258.856,1.2437880520443798,15082.17391909015
Amistad Academy District,2790013.0,2021,13414.0,270.973,1.1881700390813843,15938.112904237689
Amistad Academy District,2790013.0,2022,14901.0,292.626,1.1002508321201807,16394.837649422814
Amistad Academy District,2790013.0,2023,14184.0,304.703,1.056642041594602,14987.410717977837
Amistad Academy District,2790013.0,2024,14491.0,313.698,1.026343808376209,14872.748127179646
Amistad Academy District,2790013.0,2025,15236.0,321.962,1.0,15236.0
Andover School District,10011.0,2007,10658.0,207.344,1.5527914962574272,16549.65176711166
Andover School District,10011.0,2008,10833.0,215.254,1.4957306252148626,16203.249862952604
Andover School District,10011.0,2009,11790.0,214.565,1.5005336378253675,17691.29158996108
Andover School District,10011.0,2010,12262.0,218.076,1.4763752086428583,18103.31280837873
Andover School District,10011.0,2011,12923.0,224.923,1.431432090093054,18498.39690027253
Andover School District,10011.0,2012,13585.0,229.586,1.402359028860645,19051.04740707186
Andover School District,10011.0,2013,13996.0,232.952,1.3820958824135443,19343.81397025997
Andover School District,10011.0,2014,15224.0,236.715,1.3601250448851994,20706.543683332275
Andover School District,10011.0,2015,15640.0,237.002,1.3584779875275312,21246.59572493059
Andover School District,10011.0,2016,17232.0,240.005,1.3414803858252953,23116.39000854149
Andover School District,10011.0,2017,21810.0,245.121,1.3134819130143889,28647.040522843818
Andover School District,10011.0,2018,21211.0,251.1,1.282206292313819,27196.877666268418
Andover School District,10011.0,2019,22935.0,255.653,1.2593711006716135,28883.67619390345
Andover School District,10011.0,2020,22752.0,258.856,1.2437880520443798,28298.66576011373
Andover School District,10011.0,2021,24220.0,270.973,1.1881700390813843,28777.47834655113
Andover School District,10011.0,2022,22525.0,292.626,1.1002508321201807,24783.14999350707
Andover School District,10011.0,2023,22832.0,304.703,1.056642041594602,24125.251093687955
Andover School District,10011.0,2024,22038.0,313.698,1.026343808376209,22618.56484899489
Andover School District,10011.0,2025,19009.0,321.962,1.0,19009.0
Ansonia School District,20011.0,2007,9332.0,207.344,1.5527914962574272,14490.650243074311
Ansonia School District,20011.0,2008,10261.0,215.254,1.4957306252148626,15347.691945329703
Ansonia School District,20011.0,2009,10214.0,214.565,1.5005336378253675,15326.450576748304
Ansonia School District,20011.0,2010,10462.0,218.076,1.4763752086428583,15445.837432821589
Ansonia School District,20011.0,2011,10992.0,224.923,1.431432090093054,15734.30153430285
Ansonia School District,20011.0,2012,11376.0,229.586,1.402359028860645,15953.236312318691
Ansonia School District,20011.0,2013,13360.0,232.952,1.3820958824135443,18464.80098904495
Ansonia School District,20011.0,2014,13014.0,236.715,1.3601250448851994,17700.667334135986
Ansonia School District,20011.0,2015,13263.0,237.002,1.3584779875275312,18017.493548577648
Ansonia School District,20011.0,2016,13932.0,240.005,1.3414803858252953,18689.504735318013
Ansonia School District,20011.0,2017,14531.0,245.121,1.3134819130143889,19086.20567801208
Ansonia School District,20011.0,2018,15432.0,251.1,1.282206292313819,19787.007502986857
Ansonia School District,20011.0,2019,15653.0,255.653,1.2593711006716135,19712.93583881277
Ansonia School District,20011.0,2020,15710.0,258.856,1.2437880520443798,19539.910297617207
Ansonia School District,20011.0,2021,17747.0,270.973,1.1881700390813843,21086.45368357733
Ansonia School District,20011.0,2022,18281.0,292.626,1.1002508321201807,20113.685461989025
Ansonia School District,20011.0,2023,18865.0,304.703,1.056642041594602,19933.552114682167
Ansonia School District,20011.0,2024,19869.0,313.698,1.026343808376209,20392.4251286269
Ansonia School District,20011.0,2025,20187.0,321.962,1.0,20187.0
Area Cooperative Educational Services,2440014.0,2018,31736.0,251.1,1.282206292313819,40692.09889287136
Area Cooperative Educational Services,2440014.0,2019,34302.0,255.653,1.2593711006716135,43198.94749523768
Area Cooperative Educational Services,2440014.0,2020,36894.0,258.856,1.2437880520443798,45888.31639212535
Area Cooperative Educational Services,2440014.0,2021,39628.0,270.973,1.1881700390813843,47084.802308717095
Area Cooperative Educational Services,2440014.0,2022,44824.0,292.626,1.1002508321201807,49317.64329895498
Area Cooperative Educational Services,2440014.0,2023,49216.0,304.703,1.056642041594602,52003.694719119936
Area Cooperative Educational Services,2440014.0,2024,52153.0,313.698,1.026343808376209,53526.90863824443
Area Cooperative Educational Services,2440014.0,2025,57640.0,321.962,1.0,57640.0
Ashford School District,30011.0,2007,12380.0,207.344,1.5527914962574272,19223.55872366695
Ashford School District,30011.0,2008,13880.0,215.254,1.4957306252148626,20760.741077982293
Ashford School District,30011.0,2009,15352.0,214.565,1.5005336378253675,23036.192407895043
Ashford School District,30011.0,2010,15556.0,218.076,1.4763752086428583,22966.49274564831
Ashford School District,30011.0,2011,14873.0,224.923,1.431432090093054,21289.68947595399
Ashford School District,30011.0,2012,15187.0,229.586,1.402359028860645,21297.62657130661
Ashford School District,30011.0,2013,16704.0,232.952,1.3820958824135443,23086.529619835845
Ashford School District,30011.0,2014,17295.0,236.715,1.3601250448851994,23523.362651289524
Ashford School District,30011.0,2015,17887.0,237.002,1.3584779875275312,24299.09576290495
Ashford School District,30011.0,2016,19165.0,240.005,1.3414803858252953,25709.471594341783
Ashford School District,30011.0,2017,18990.0,245.121,1.3134819130143889,24943.02152814324
Ashford School District,30011.0,2018,19512.0,251.1,1.282206292313819,25018.40917562724
Ashford School District,30011.0,2019,19450.0,255.653,1.2593711006716135,24494.767908062884
Ashford School District,30011.0,2020,20404.0,258.856,1.2437880520443798,25378.251413913527
Ashford School District,30011.0,2021,21992.0,270.973,1.1881700390813843,26130.235499477803
Ashford School District,30011.0,2022,22361.0,292.626,1.1002508321201807,24602.70885703936
Ashford School District,30011.0,2023,24046.0,304.703,1.056642041594602,25408.014532183803
Ashford School District,30011.0,2024,26212.0,313.698,1.026343808376209,26902.52390515719
Ashford School District,30011.0,2025,26551.0,321.962,1.0,26551.0
Avon School District,40011.0,2007,10615.0,207.344,1.5527914962574272,16482.88173277259
Avon School District,40011.0,2008,11130.0,215.254,1.4957306252148626,16647.48185864142
Avon School District,40011.0,2009,11575.0,214.565,1.5005336378253675,17368.67685782863
Avon School District,40011.0,2010,11961.0,218.076,1.4763752086428583,17658.92387057723
Avon School District,40011.0,2011,12562.0,224.923,1.431432090093054,17981.649915748945
Avon School District,40011.0,2012,13301.0,229.586,1.402359028860645,18652.777442875435
Avon School District,40011.0,2013,14108.0,232.952,1.3820958824135443,19498.608709090284
Avon School District,40011.0,2014,14756.0,236.715,1.3601250448851994,20070.005162326
Avon School District,40011.0,2015,15833.0,237.002,1.3584779875275312,21508.7819765234
Avon School District,40011.0,2016,16218.0,240.005,1.3414803858252953,21756.12889731464
Avon School District,40011.0,2017,16715.0,245.121,1.3134819130143889,21954.850176035507
Avon School District,40011.0,2018,17416.0,251.1,1.282206292313819,22330.904786937477
Avon School District,40011.0,2019,17947.0,255.653,1.2593711006716135,22601.93314375345
Avon School District,40011.0,2020,18162.0,258.856,1.2437880520443798,22589.678601230025
Avon School District,40011.0,2021,19428.0,270.973,1.1881700390813843,23083.767519273133
Avon School District,40011.0,2022,20144.0,292.626,1.1002508321201807,22163.45276222892
Avon School District,40011.0,2023,20828.0,304.703,1.056642041594602,22007.74044233237
Avon School District,40011.0,2024,21328.0,313.698,1.026343808376209,21889.860745047787
Avon School District,40011.0,2025,22569.0,321.962,1.0,22569.0
Barkhamsted School District,50011.0,2007,9606.0,207.344,1.5527914962574272,14916.115113048843
Barkhamsted School District,50011.0,2008,10078.0,215.254,1.4957306252148626,15073.973240915384
Barkhamsted School District,50011.0,2009,10523.0,214.565,1.5005336378253675,15790.115470836345
Barkhamsted School District,50011.0,2010,10596.0,218.076,1.4763752086428583,15643.671710779729
Barkhamsted School District,50011.0,2011,10744.0,224.923,1.431432090093054,15379.306375959772
Barkhamsted School District,50011.0,2012,11142.0,229.586,1.402359028860645,15625.084299565304
Barkhamsted School District,50011.0,2013,11469.0,232.952,1.3820958824135443,15851.25767540094
Barkhamsted School District,50011.0,2014,13399.0,236.715,1.3601250448851994,18224.315476416785
Barkhamsted School District,50011.0,2015,13377.0,237.002,1.3584779875275312,18172.360039155785
Barkhamsted School District,50011.0,2016,17098.0,240.005,1.3414803858252953,22936.6316368409
Barkhamsted School District,50011.0,2017,17239.0,245.121,1.3134819130143889,22643.114698455047
Barkhamsted School District,50011.0,2018,16829.0,251.1,1.282206292313819,21578.249693349266
Barkhamsted School District,50011.0,2019,18051.0,255.653,1.2593711006716135,22732.907738223297
Barkhamsted School District,50011.0,2020,18887.0,258.856,1.2437880520443798,23491.4249389622
Barkhamsted School District,50011.0,2021,21271.0,270.973,1.1881700390813843,25273.564901300124
Barkhamsted School District,50011.0,2022,22401.0,292.626,1.1002508321201807,24646.71889032417
Barkhamsted School District,50011.0,2023,22595.0,304.703,1.056642041594602,23874.826929830037
Barkhamsted School District,50011.0,2024,21438.0,313.698,1.026343808376209,22002.75856396917
Barkhamsted School District,50011.0,2025,21860.0,321.962,1.0,21860.0
Berlin School District,70011.0,2007,11115.0,207.344,1.5527914962574272,17259.277480901303
Berlin School District,70011.0,2008,11722.0,215.254,1.4957306252148626,17532.95438876862
Berlin School District,70011.0,2009,12603.0,214.565,1.5005336378253675,18911.225437513105
Berlin School District,70011.0,2010,13047.0,218.076,1.4763752086428583,19262.26734716337
Berlin School District,70011.0,2011,13264.0,224.923,1.431432090093054,18986.51524299427
Berlin School District,70011.0,2012,14219.0,229.586,1.402359028860645,19940.143031369505
Berlin School District,70011.0,2013,14349.0,232.952,1.3820958824135443,19831.693816751947
Berlin School District,70011.0,2014,15102.0,236.715,1.3601250448851994,20540.60842785628
Berlin School District,70011.0,2015,15425.0,237.002,1.3584779875275312,20954.52295761217
Berlin School District,70011.0,2016,16044.0,240.005,1.3414803858252953,21522.71131018104
Berlin School District,70011.0,2017,16702.0,245.121,1.3134819130143889,21937.77491116632
Berlin School District,70011.0,2018,16732.0,251.1,1.282206292313819,21453.87568299482
Berlin School District,70011.0,2019,17340.0,255.653,1.2593711006716135,21837.494885645778
Berlin School District,70011.0,2020,18172.0,258.856,1.2437880520443798,22602.11648175047
Berlin School District,70011.0,2021,19421.0,270.973,1.1881700390813843,23075.450328999563
Berlin School District,70011.0,2022,20891.0,292.626,1.1002508321201807,22985.34013382269
Berlin School District,70011.0,2023,21295.0,304.703,1.056642041594602,22501.19227575705
Berlin School District,70011.0,2024,22299.0,313.698,1.026343808376209,22886.44058298109
Berlin School District,70011.0,2025,23479.0,321.962,1.0,23479.0
Bethany School District,80011.0,2007,10604.0,207.344,1.5527914962574272,16465.80102631376
Bethany School District,80011.0,2008,10867.0,215.254,1.4957306252148626,16254.10470420991
Bethany School District,80011.0,2009,11694.0,214.565,1.5005336378253675,17547.240360729847
Bethany School District,80011.0,2010,12623.0,218.076,1.4763752086428583,18636.284258698804
Bethany School District,80011.0,2011,13317.0,224.923,1.431432090093054,19062.3811437692
Bethany School District,80011.0,2012,13977.0,229.586,1.402359028860645,19600.772146385232
Bethany School District,80011.0,2013,14529.0,232.952,1.3820958824135443,20080.471075586385
Bethany School District,80011.0,2014,16027.0,236.715,1.3601250448851994,21798.72409437509
Bethany School District,80011.0,2015,17561.0,237.002,1.3584779875275312,23856.231938970977
Bethany School District,80011.0,2016,17925.0,240.005,1.3414803858252953,24046.03591591842
Bethany School District,80011.0,2017,19748.0,245.121,1.3134819130143889,25938.640818208147
Bethany School District,80011.0,2018,18738.0,251.1,1.282206292313819,24025.98150537634
Bethany School District,80011.0,2019,18822.0,255.653,1.2593711006716135,23703.882856841108
Bethany School District,80011.0,2020,19132.0,258.856,1.2437880520443798,23796.153011713075
Bethany School District,80011.0,2021,19724.0,270.973,1.1881700390813843,23435.465850841225
Bethany School District,80011.0,2022,19292.0,292.626,1.1002508321201807,21226.039053262528
Bethany School District,80011.0,2023,18782.0,304.703,1.056642041594602,19845.850825229816
Bethany School District,80011.0,2024,19107.0,313.698,1.026343808376209,19610.35114664423
Bethany School District,80011.0,2025,19937.0,321.962,1.0,19937.0
Bethel School District,90011.0,2007,11902.0,207.344,1.5527914962574272,18481.324388455894
Bethel School District,90011.0,2008,12849.0,215.254,1.4957306252148626,19218.64280338577
Bethel School District,90011.0,2009,13463.0,214.565,1.5005336378253675,20201.68436604292
Bethel School District,90011.0,2010,13706.0,218.076,1.4763752086428583,20235.19860965902
Bethel School District,90011.0,2011,14459.0,224.923,1.431432090093054,20697.076590655462
Bethel School District,90011.0,2012,14603.0,229.586,1.402359028860645,20478.648898451997
Bethel School District,90011.0,2013,14935.0,232.952,1.3820958824135443,20641.602003846285
Bethel School District,90011.0,2014,15487.0,236.715,1.3601250448851994,21064.256570137084
Bethel School District,90011.0,2015,16235.0,237.002,1.3584779875275312,22054.89012750947
Bethel School District,90011.0,2016,16291.0,240.005,1.3414803858252953,21854.05696547989
Bethel School District,90011.0,2017,16252.0,245.121,1.3134819130143889,21346.708050309844
Bethel School District,90011.0,2018,15657.0,251.1,1.282206292313819,20075.503918757466
Bethel School District,90011.0,2019,15968.0,255.653,1.2593711006716135,20109.637735524324
Bethel School District,90011.0,2020,15968.0,258.856,1.2437880520443798,19860.807615044658
Bethel School District,90011.0,2021,17266.0,270.973,1.1881700390813843,20514.943894779182
Bethel School District,90011.0,2022,17707.0,292.626,1.1002508321201807,19482.14148435204
Bethel School District,90011.0,2023,18533.0,304.703,1.056642041594602,19582.74695687276
Bethel School District,90011.0,2024,18624.0,313.698,1.026343808376209,19114.62708719852
Bethel School District,90011.0,2025,19093.0,321.962,1.0,19093.0
Bloomfield School District,110011.0,2007,14584.0,207.344,1.5527914962574272,22645.91118141832
Bloomfield School District,110011.0,2008,15258.0,215.254,1.4957306252148626,22821.85787952837
Bloomfield School District,110011.0,2009,16330.0,214.565,1.5005336378253675,24503.71430568825
Bloomfield School District,110011.0,2010,16805.0,218.076,1.4763752086428583,24810.48538124324
Bloomfield School District,110011.0,2011,17318.0,224.923,1.431432090093054,24789.540936231508
Bloomfield School District,110011.0,2012,17641.0,229.586,1.402359028860645,24739.015628130637
Bloomfield School District,110011.0,2013,18556.0,232.952,1.3820958824135443,25646.17119406573
Bloomfield School District,110011.0,2014,19764.0,236.715,1.3601250448851994,26881.51138711108
Bloomfield School District,110011.0,2015,19521.0,237.002,1.3584779875275312,26518.848794524936
Bloomfield School District,110011.0,2016,20879.0,240.005,1.3414803858252953,28008.76897564634
Bloomfield School District,110011.0,2017,20624.0,245.121,1.3134819130143889,27089.25097400875
Bloomfield School District,110011.0,2018,19906.0,251.1,1.282206292313819,25523.598454798885
Bloomfield School District,110011.0,2019,19954.0,255.653,1.2593711006716135,25129.49094280137
Bloomfield School District,110011.0,2020,19891.0,258.856,1.2437880520443798,24740.18814321476
Bloomfield School District,110011.0,2021,21496.0,270.973,1.1881700390813843,25540.90316009344
Bloomfield School District,110011.0,2022,22514.0,292.626,1.1002508321201807,24771.047234353748
Bloomfield School District,110011.0,2023,22782.0,304.703,1.056642041594602,24072.418991608225
Bloomfield School District,110011.0,2024,24674.0,313.698,1.026343808376209,25324.00712787458
Bloomfield School District,110011.0,2025,24952.0,321.962,1.0,24952.0
Bolton School District,120011.0,2007,12373.0,207.344,1.5527914962574272,19212.689183193143
Bolton School District,120011.0,2008,13575.0,215.254,1.4957306252148626,20304.54323729176
Bolton School District,120011.0,2009,14225.0,214.565,1.5005336378253675,21345.09099806585
Bolton School District,120011.0,2010,14380.0,218.076,1.4763752086428583,21230.275500284304
Bolton School District,120011.0,2011,14108.0,224.923,1.431432090093054,20194.643927032805
Bolton School District,120011.0,2012,14505.0,229.586,1.402359028860645,20341.21771362365
Bolton School District,120011.0,2013,14996.0,232.952,1.3820958824135443,20725.90985267351
Bolton School District,120011.0,2014,15843.0,236.715,1.3601250448851994,21548.46108611621
Bolton School District,120011.0,2015,16296.0,237.002,1.3584779875275312,22137.757284748648
Bolton School District,120011.0,2016,17174.0,240.005,1.3414803858252953,23038.584146163623
Bolton School District,120011.0,2017,17287.0,245.121,1.3134819130143889,22706.161830279736
Bolton School District,120011.0,2018,17734.0,251.1,1.282206292313819,22738.646387893263
Bolton School District,120011.0,2019,18494.0,255.653,1.2593711006716135,23290.80913582082
Bolton School District,120011.0,2020,18684.0,258.856,1.2437880520443798,23238.93596439719
Bolton School District,120011.0,2021,19183.0,270.973,1.1881700390813843,22792.665859698194
Bolton School District,120011.0,2022,19782.0,292.626,1.1002508321201807,21765.161961001413
Bolton School District,120011.0,2023,20685.0,304.703,1.056642041594602,21856.640630384343
Bolton School District,120011.0,2024,22301.0,313.698,1.026343808376209,22888.49327059784
Bolton School District,120011.0,2025,23319.0,321.962,1.0,23319.0
Booker T. Washington Academy District,2950013.0,2015,17461.0,237.002,1.3584779875275312,23720.384140218222
Booker T. Washington Academy District,2950013.0,2016,13410.0,240.005,1.3414803858252953,17989.25197391721
Booker T. Washington Academy District,2950013.0,2017,12783.0,245.121,1.3134819130143889,16790.23929406293
Booker T. Washington Academy District,2950013.0,2018,11953.0,251.1,1.282206292313819,15326.21181202708
Booker T. Washington Academy District,2950013.0,2019,12253.0,255.653,1.2593711006716135,15431.07409652928
Booker T. Washington Academy District,2950013.0,2020,13091.0,258.856,1.2437880520443798,16282.429389312976
Booker T. Washington Academy District,2950013.0,2021,13583.0,270.973,1.1881700390813843,16138.913640842444
Booker T. Washington Academy District,2950013.0,2022,13635.0,292.626,1.1002508321201807,15001.920095958663
Booker T. Washington Academy District,2950013.0,2023,14570.0,304.703,1.056642041594602,15395.274546033352
Booker T. Washington Academy District,2950013.0,2024,19545.0,313.698,1.026343808376209,20059.889734713008
Booker T. Washington Academy District,2950013.0,2025,17553.0,321.962,1.0,17553.0
Bozrah School District,130011.0,2007,12388.0,207.344,1.5527914962574272,19235.981055637007
Bozrah School District,130011.0,2008,13992.0,215.254,1.4957306252148626,20928.26290800636
Bozrah School District,130011.0,2009,14372.0,214.565,1.5005336378253675,21565.669442826184
Bozrah School District,130011.0,2010,15245.0,218.076,1.4763752086428583,22507.340055760375
Bozrah School District,130011.0,2011,17367.0,224.923,1.431432090093054,24859.68110864607
Bozrah School District,130011.0,2012,17019.0,229.586,1.402359028860645,23866.748312179312
Bozrah School District,130011.0,2013,16998.0,232.952,1.3820958824135443,23492.865809265422
Bozrah School District,130011.0,2014,18145.0,236.715,1.3601250448851994,24679.468939441944
Bozrah School District,130011.0,2015,20273.0,237.002,1.3584779875275312,27540.42424114564
Bozrah School District,130011.0,2016,20502.0,240.005,1.3414803858252953,27503.030870190203
Bozrah School District,130011.0,2017,21085.0,245.121,1.3134819130143889,27694.766135908383
Bozrah School District,130011.0,2018,19831.0,251.1,1.282206292313819,25427.432982875347
Bozrah School District,130011.0,2019,24343.0,255.653,1.2593711006716135,30656.87070364909
Bozrah School District,130011.0,2020,22039.0,258.856,1.2437880520443798,27411.844879006087
Bozrah School District,130011.0,2021,25041.0,270.973,1.1881700390813843,29752.965948636946
Bozrah School District,130011.0,2022,24710.0,292.626,1.1002508321201807,27187.198061689665
Bozrah School District,130011.0,2023,26390.0,304.703,1.056642041594602,27884.783477681547
Bozrah School District,130011.0,2024,28086.0,313.698,1.026343808376209,28825.89220205421
Bozrah School District,130011.0,2025,25699.0,321.962,1.0,25699.0
Branford School District,140011.0,2007,11992.0,207.344,1.5527914962574272,18621.075623119068
Branford School District,140011.0,2008,13002.0,215.254,1.4957306252148626,19447.48958904364
Branford School District,140011.0,2009,13522.0,214.565,1.5005336378253675,20290.21585067462
Branford School District,140011.0,2010,13863.0,218.076,1.4763752086428583,20466.989517415943
Branford School District,140011.0,2011,14407.0,224.923,1.431432090093054,20622.642121970628
Branford School District,140011.0,2012,15062.0,229.586,1.402359028860645,21122.33169269903
Branford School District,140011.0,2013,15592.0,232.952,1.3820958824135443,21549.63899859198
Branford School District,140011.0,2014,16123.0,236.715,1.3601250448851994,21929.29609868407
Branford School District,140011.0,2015,16842.0,237.002,1.3584779875275312,22879.48626593868
Branford School District,140011.0,2016,17758.0,240.005,1.3414803858252953,23822.008691485597
Branford School District,140011.0,2017,18513.0,245.121,1.3134819130143889,24316.490655635374
Branford School District,140011.0,2018,19330.0,251.1,1.282206292313819,24785.047630426125
Branford School District,140011.0,2019,20249.0,255.653,1.2593711006716135,25501.005417499506
Branford School District,140011.0,2020,20467.0,258.856,1.2437880520443798,25456.61006119232
Branford School District,140011.0,2021,22399.0,270.973,1.1881700390813843,26613.82070538393
Branford School District,140011.0,2022,23037.0,292.626,1.1002508321201807,25346.478419552604
Branford School District,140011.0,2023,23954.0,304.703,1.056642041594602,25310.803464357097
Branford School District,140011.0,2024,25027.0,313.698,1.026343808376209,25686.306492231382
Branford School District,140011.0,2025,29396.0,321.962,1.0,29396.0
Brass City Charter School District,2900013.0,2014,11312.0,236.715,1.3601250448851994,15385.734507741376
Brass City Charter School District,2900013.0,2015,13844.0,237.002,1.3584779875275312,18806.769259331144
Brass City Charter School District,2900013.0,2016,13744.0,240.005,1.3414803858252953,18437.306422782854
Brass City Charter School District,2900013.0,2017,14422.0,245.121,1.3134819130143889,18943.036149493517
Brass City Charter School District,2900013.0,2018,14273.0,251.1,1.282206292313819,18300.93041019514
Brass City Charter School District,2900013.0,2019,14204.0,255.653,1.2593711006716135,17888.107113939597
Brass City Charter School District,2900013.0,2020,12904.0,258.856,1.2437880520443798,16049.841023580677
Brass City Charter School District,2900013.0,2021,13132.0,270.973,1.1881700390813843,15603.04895321674
Brass City Charter School District,2900013.0,2022,14652.0,292.626,1.1002508321201807,16120.875192224888
Brass City Charter School District,2900013.0,2023,16231.0,304.703,1.056642041594602,17150.356977121985
Brass City Charter School District,2900013.0,2024,16251.0,313.698,1.026343808376209,16679.113229921775
Brass City Charter School District,2900013.0,2025,16205.0,321.962,1.0,16205.0
Bridgeport School District,150011.0,2007,11857.0,207.344,1.5527914962574272,18411.448771124316
Bridgeport School District,150011.0,2008,12510.0,215.254,1.4957306252148626,18711.59012143793
Bridgeport School District,150011.0,2009,13101.0,214.565,1.5005336378253675,19658.49118915014
Bridgeport School District,150011.0,2010,13479.0,218.076,1.4763752086428583,19900.06143729709
Bridgeport School District,150011.0,2011,13795.0,224.923,1.431432090093054,19746.60568283368
Bridgeport School District,150011.0,2012,13364.0,229.586,1.402359028860645,18741.126061693656
Bridgeport School District,150011.0,2013,13761.0,232.952,1.3820958824135443,19019.021437892785
Bridgeport School District,150011.0,2014,14010.0,236.715,1.3601250448851994,19055.351878841644
Bridgeport School District,150011.0,2015,13887.0,237.002,1.3584779875275312,18865.183812794825
Bridgeport School District,150011.0,2016,14296.0,240.005,1.3414803858252953,19177.80359575842
Bridgeport School District,150011.0,2017,14088.0,245.121,1.3134819130143889,18504.333190546706
Bridgeport School District,150011.0,2018,14051.0,251.1,1.282206292313819,18016.28061330147
Bridgeport School District,150011.0,2019,14419.0,255.653,1.2593711006716135,18158.871900584
Bridgeport School District,150011.0,2020,14718.0,258.856,1.2437880520443798,18306.07254998918
Bridgeport School District,150011.0,2021,16439.0,270.973,1.1881700390813843,19532.327272458875
Bridgeport School District,150011.0,2022,18223.0,292.626,1.1002508321201807,20049.87091372605
Bridgeport School District,150011.0,2023,18565.0,304.703,1.056642041594602,19616.55950220379
Bridgeport School District,150011.0,2024,18922.0,313.698,1.026343808376209,19420.477542094628
Bridgeport School District,150011.0,2025,18440.0,321.962,1.0,18440.0
Bristol School District,170011.0,2007,10895.0,207.344,1.5527914962574272,16917.66335172467
Bristol School District,170011.0,2008,11374.0,215.254,1.4957306252148626,17012.440131193845
Bristol School District,170011.0,2009,12037.0,214.565,1.5005336378253675,18061.92339850395
Bristol School District,170011.0,2010,12511.0,218.076,1.4763752086428583,18470.930235330805
Bristol School District,170011.0,2011,12679.0,224.923,1.431432090093054,18149.12747028983
Bristol School District,170011.0,2012,12852.0,229.586,1.402359028860645,18023.118238917006
Bristol School District,170011.0,2013,12654.0,232.952,1.3820958824135443,17489.04129606099
Bristol School District,170011.0,2014,13348.0,236.715,1.3601250448851994,18154.94909912764
Bristol School District,170011.0,2015,13833.0,237.002,1.3584779875275312,18791.82600146834
Bristol School District,170011.0,2016,14066.0,240.005,1.3414803858252953,18869.263107018603
Bristol School District,170011.0,2017,14281.0,245.121,1.3134819130143889,18757.835199758483
Bristol School District,170011.0,2018,15194.0,251.1,1.282206292313819,19481.84240541617
Bristol School District,170011.0,2019,15274.0,255.653,1.2593711006716135,19235.634191658224
Bristol School District,170011.0,2020,15936.0,258.856,1.2437880520443798,19821.006397379235
Bristol School District,170011.0,2021,17292.0,270.973,1.1881700390813843,20545.8363157953
Bristol School District,170011.0,2022,18740.0,292.626,1.1002508321201807,20618.700593932183
Bristol School District,170011.0,2023,19999.0,304.703,1.056642041594602,21131.78418985045
Bristol School District,170011.0,2024,20882.0,313.698,1.026343808376209,21432.111406512
Bristol School District,170011.0,2025,21445.0,321.962,1.0,21445.0
Brookfield School District,180011.0,2007,11067.0,207.344,1.5527914962574272,17184.743489080945
Brookfield School District,180011.0,2008,11774.0,215.254,1.4957306252148626,17610.73238127979
Brookfield School District,180011.0,2009,11888.0,214.565,1.5005336378253675,17838.34388646797
Brookfield School District,180011.0,2010,12263.0,218.076,1.4763752086428583,18104.78918358737
Brookfield School District,180011.0,2011,12996.0,224.923,1.431432090093054,18602.89144284933
Brookfield School District,180011.0,2012,13208.0,229.586,1.402359028860645,18522.358053191398
Brookfield School District,180011.0,2013,14203.0,232.952,1.3820958824135443,19629.90781791957
Brookfield School District,180011.0,2014,14494.0,236.715,1.3601250448851994,19713.65240056608
Brookfield School District,180011.0,2015,14727.0,237.002,1.3584779875275312,20006.305322317952
Brookfield School District,180011.0,2016,14994.0,240.005,1.3414803858252953,20114.15690506448
Brookfield School District,180011.0,2017,15377.0,245.121,1.3134819130143889,20197.411376422253
Brookfield School District,180011.0,2018,15900.0,251.1,1.282206292313819,20387.080047789725
Brookfield School District,180011.0,2019,16514.0,255.653,1.2593711006716135,20797.254356491027
Brookfield School District,180011.0,2020,16995.0,258.856,1.2437880520443798,21138.177944494237
Brookfield School District,180011.0,2021,18322.0,270.973,1.1881700390813843,21769.651456049123
Brookfield School District,180011.0,2022,19098.0,292.626,1.1002508321201807,21012.59039183121
Brookfield School District,180011.0,2023,20222.0,304.703,1.056642041594602,21367.41536512604
Brookfield School District,180011.0,2024,20908.0,313.698,1.026343808376209,21458.79634552978
Brookfield School District,180011.0,2025,22197.0,321.962,1.0,22197.0
Brooklyn School District,190011.0,2007,9920.0,207.344,1.5527914962574272,15403.691642873677
Brooklyn School District,190011.0,2008,10901.0,215.254,1.4957306252148626,16304.959545467216
Brooklyn School District,190011.0,2009,11772.0,214.565,1.5005336378253675,17664.281984480225
Brooklyn School District,190011.0,2010,12027.0,218.076,1.4763752086428583,17756.36463434766
Brooklyn School District,190011.0,2011,12694.0,224.923,1.431432090093054,18170.598951641223
Brooklyn School District,190011.0,2012,12887.0,229.586,1.402359028860645,18072.200804927128
Brooklyn School District,190011.0,2013,13069.0,232.952,1.3820958824135443,18062.61108726261
Brooklyn School District,190011.0,2014,13554.0,236.715,1.3601250448851994,18435.134858373996
Brooklyn School District,190011.0,2015,13706.0,237.002,1.3584779875275312,18619.299297052345
Brooklyn School District,190011.0,2016,14707.0,240.005,1.3414803858252953,19729.15203433262
Brooklyn School District,190011.0,2017,15403.0,245.121,1.3134819130143889,20231.56190616063
Brooklyn School District,190011.0,2018,16484.0,251.1,1.282206292313819,21135.888522500994
Brooklyn School District,190011.0,2019,15209.0,255.653,1.2593711006716135,19153.77507011457
Brooklyn School District,190011.0,2020,15567.0,258.856,1.2437880520443798,19362.04860617486
Brooklyn School District,190011.0,2021,17215.0,270.973,1.1881700390813843,20454.34722278603
Brooklyn School District,190011.0,2022,17745.0,292.626,1.1002508321201807,19523.951015972605
Brooklyn School District,190011.0,2023,17977.0,304.703,1.056642041594602,18995.25398174616
Brooklyn School District,190011.0,2024,19247.0,313.698,1.026343808376209,19754.039279816898
Brooklyn School District,190011.0,2025,20250.0,321.962,1.0,20250.0
Canaan School District,210011.0,2007,18398.0,207.344,1.5527914962574272,28568.257948144143
Canaan School District,210011.0,2008,19053.0,215.254,1.4957306252148626,28498.155602218776
Canaan School District,210011.0,2009,24406.0,214.565,1.5005336378253675,36622.02396476592
Canaan School District,210011.0,2010,20426.0,218.076,1.4763752086428583,30156.44001173903
Canaan School District,210011.0,2011,23960.0,224.923,1.431432090093054,34297.112878629574
Canaan School District,210011.0,2012,21753.0,229.586,1.402359028860645,30505.515954805604
Canaan School District,210011.0,2013,26640.0,232.952,1.3820958824135443,36819.03430749682
Canaan School District,210011.0,2014,26605.0,236.715,1.3601250448851994,36186.12681917073
Canaan School District,210011.0,2015,26309.0,237.002,1.3584779875275312,35740.19737386182
Canaan School District,210011.0,2016,31627.0,240.005,1.3414803858252953,42427.00016249662
Canaan School District,210011.0,2017,28335.0,245.121,1.3134819130143889,37217.5100052627
Canaan School District,210011.0,2018,30176.0,251.1,1.282206292313819,38691.85707686181
Canaan School District,210011.0,2019,34470.0,255.653,1.2593711006716135,43410.52184015052
Canaan School District,210011.0,2020,34482.0,258.856,1.2437880520443798,42888.2996105943
Canaan School District,210011.0,2021,34138.0,270.973,1.1881700390813843,40561.748794160296
Canaan School District,210011.0,2022,34056.0,292.626,1.1002508321201807,37470.14233868488
Canaan School District,210011.0,2023,35047.0,304.703,1.056642041594602,37032.13363176602
Canaan School District,210011.0,2024,34312.0,313.698,1.026343808376209,35215.908753004485
Canaan School District,210011.0,2025,39520.0,321.962,1.0,39520.0
Canterbury School District,220011.0,2007,14649.0,207.344,1.5527914962574272,22746.84262867505
Canterbury School District,220011.0,2008,14553.0,215.254,1.4957306252148626,21767.367788751893
Canterbury School District,220011.0,2009,13930.0,214.565,1.5005336378253675,20902.43357490737
Canterbury School District,220011.0,2010,15828.0,218.076,1.4763752086428583,23368.066802399164
Canterbury School District,220011.0,2011,17016.0,224.923,1.431432090093054,24357.248445023404
Canterbury School District,220011.0,2012,17051.0,229.586,1.402359028860645,23911.62380110285
Canterbury School District,220011.0,2013,20059.0,232.952,1.3820958824135443,27723.461305333287
Canterbury School District,220011.0,2014,19760.0,236.715,1.3601250448851994,26876.07088693154
Canterbury School District,220011.0,2015,19134.0,237.002,1.3584779875275312,25993.117813351782
Canterbury School District,220011.0,2016,18530.0,240.005,1.3414803858252953,24857.63154934272
Canterbury School District,220011.0,2017,19212.0,245.121,1.3134819130143889,25234.614512832435
Canterbury School District,220011.0,2018,17190.0,251.1,1.282206292313819,22041.12616487455
Canterbury School District,220011.0,2019,17737.0,255.653,1.2593711006716135,22337.46521261241
Canterbury School District,220011.0,2020,17464.0,258.856,1.2437880520443798,21721.51454090305
Canterbury School District,220011.0,2021,19727.0,270.973,1.1881700390813843,23439.03036095847
Canterbury School District,220011.0,2022,18929.0,292.626,1.1002508321201807,20826.648001202902
Canterbury School District,220011.0,2023,18889.0,304.703,1.056642041594602,19958.91152368044
Canterbury School District,220011.0,2024,20623.0,313.698,1.026343808376209,21166.28836014256
Canterbury School District,220011.0,2025,19867.0,321.962,1.0,19867.0
Canton School District,230011.0,2007,11596.0,207.344,1.5527914962574272,18006.170190601126
Canton School District,230011.0,2008,12550.0,215.254,1.4957306252148626,18771.419346446524
Canton School District,230011.0,2009,12661.0,214.565,1.5005336378253675,18998.25638850698
Canton School District,230011.0,2010,13134.0,218.076,1.4763752086428583,19390.711990315303
Canton School District,230011.0,2011,13098.0,224.923,1.431432090093054,18748.89751603882
Canton School District,230011.0,2012,13796.0,229.586,1.402359028860645,19346.945162161453
Canton School District,230011.0,2013,14155.0,232.952,1.3820958824135443,19563.56721556372
Canton School District,230011.0,2014,14866.0,236.715,1.3601250448851994,20219.61891726337
Canton School District,230011.0,2015,15774.0,237.002,1.3584779875275312,21428.63177525928
Canton School District,230011.0,2016,15975.0,240.005,1.3414803858252953,21430.149163559094
Canton School District,230011.0,2017,16131.0,245.121,1.3134819130143889,21187.776738835106
Canton School District,230011.0,2018,17214.0,251.1,1.282206292313819,22071.899115890083
Canton School District,230011.0,2019,17516.0,255.653,1.2593711006716135,22059.144199363986
Canton School District,230011.0,2020,17720.0,258.856,1.2437880520443798,22039.92428222641
Canton School District,230011.0,2021,19165.0,270.973,1.1881700390813843,22771.27879899473
Canton School District,230011.0,2022,20246.0,292.626,1.1002508321201807,22275.67834710518
Canton School District,230011.0,2023,20770.0,304.703,1.056642041594602,21946.45520391989
Canton School District,230011.0,2024,23009.0,313.698,1.026343808376209,23615.144686928197
Canton School District,230011.0,2025,25140.0,321.962,1.0,25140.0
Capital Preparatory Harbor School District,2970013.0,2016,11799.0,240.005,1.3414803858252953,15828.12707235266
Capital Preparatory Harbor School District,2970013.0,2017,10841.0,245.121,1.3134819130143889,14239.457418988988
Capital Preparatory Harbor School District,2970013.0,2018,11133.0,251.1,1.282206292313819,14274.802652329749
Capital Preparatory Harbor School District,2970013.0,2019,10045.0,255.653,1.2593711006716135,12650.382706246355
Capital Preparatory Harbor School District,2970013.0,2020,10566.0,258.856,1.2437880520443798,13141.864557900915
Capital Preparatory Harbor School District,2970013.0,2021,12957.0,270.973,1.1881700390813843,15395.119196377496
Capital Preparatory Harbor School District,2970013.0,2022,12865.0,292.626,1.1002508321201807,14154.726955226124
Capital Preparatory Harbor School District,2970013.0,2023,14059.0,304.703,1.056642041594602,14855.330462778513
Capital Preparatory Harbor School District,2970013.0,2024,13123.0,313.698,1.026343808376209,13468.709797320991
Capital Preparatory Harbor School District,2970013.0,2025,14147.0,321.962,1.0,14147.0
Capitol Region Education Council,2410014.0,2018,22960.0,251.1,1.282206292313819,29439.456471525285
Capitol Region Education Council,2410014.0,2019,22744.0,255.653,1.2593711006716135,28643.13631367518
Capitol Region Education Council,2410014.0,2020,23573.0,258.856,1.2437880520443798,29319.815750842165
Capitol Region Education Council,2410014.0,2021,25601.0,270.973,1.1881700390813843,30418.34117052252
Capitol Region Education Council,2410014.0,2022,26218.0,292.626,1.1002508321201807,28846.376316526897
Capitol Region Education Council,2410014.0,2023,27713.0,304.703,1.056642041594602,29282.720898711206
Capitol Region Education Council,2410014.0,2024,30781.0,313.698,1.026343808376209,31591.888765628093
Capitol Region Education Council,2410014.0,2025,31514.0,321.962,1.0,31514.0
Chaplin School District,240011.0,2007,14932.0,207.344,1.5527914962574272,23186.2826221159
Chaplin School District,240011.0,2008,15288.0,215.254,1.4957306252148626,22866.729798284818
Chaplin School District,240011.0,2009,18817.0,214.565,1.5005336378253675,28235.54146295994
Chaplin School District,240011.0,2010,19649.0,218.076,1.4763752086428583,29009.296474623527
Chaplin School District,240011.0,2011,18176.0,224.923,1.431432090093054,26017.70966953135
Chaplin School District,240011.0,2012,18290.0,229.586,1.402359028860645,25649.14663786119
Chaplin School District,240011.0,2013,18158.0,232.952,1.3820958824135443,25096.09703286514
Chaplin School District,240011.0,2014,18825.0,236.715,1.3601250448851994,25604.35396996388
Chaplin School District,240011.0,2015,19744.0,237.002,1.3584779875275312,26821.789385743577
Chaplin School District,240011.0,2016,18945.0,240.005,1.3414803858252953,25414.34590946022
Chaplin School District,240011.0,2017,22184.0,245.121,1.3134819130143889,29138.2827583112
Chaplin School District,240011.0,2018,22722.0,251.1,1.282206292313819,29134.2913739546
Chaplin School District,240011.0,2019,22673.0,255.653,1.2593711006716135,28553.720965527493
Chaplin School District,240011.0,2020,24610.0,258.856,1.2437880520443798,30609.623960812187
Chaplin School District,240011.0,2021,28670.0,270.973,1.1881700390813843,34064.83502046329
Chaplin School District,240011.0,2022,24647.0,292.626,1.1002508321201807,27117.88225926609
Chaplin School District,240011.0,2023,26865.0,304.703,1.056642041594602,28386.688447438984
Chaplin School District,240011.0,2024,26867.0,313.698,1.026343808376209,27574.77909964361
Chaplin School District,240011.0,2025,26109.0,321.962,1.0,26109.0
Charter School for Young Children on Asylum Hill District,2870013.0,2009,12327.0,214.565,1.5005336378253675,18497.078153473307
Charter School for Young Children on Asylum Hill District,2870013.0,2010,14330.0,218.076,1.4763752086428583,21156.45673985216
Charter School for Young Children on Asylum Hill District,2870013.0,2011,14334.0,224.923,1.431432090093054,20518.147579393837
Cheshire School District,250011.0,2007,10683.0,207.344,1.5527914962574272,16588.471554518095
Cheshire School District,250011.0,2008,11241.0,215.254,1.4957306252148626,16813.50795804027
Cheshire School District,250011.0,2009,11997.0,214.565,1.5005336378253675,18001.902052990936
Cheshire School District,250011.0,2010,12196.0,218.076,1.4763752086428583,18005.872044608303
Cheshire School District,250011.0,2011,13023.0,224.923,1.431432090093054,18641.540109281843
Cheshire School District,250011.0,2012,13068.0,229.586,1.402359028860645,18326.027789150903
Cheshire School District,250011.0,2013,13670.0,232.952,1.3820958824135443,18893.25071259315
Cheshire School District,250011.0,2014,14139.0,236.715,1.3601250448851994,19230.808009631837
Cheshire School District,250011.0,2015,14864.0,237.002,1.3584779875275312,20192.416806609224
Cheshire School District,250011.0,2016,15781.0,240.005,1.3414803858252953,21169.901968708986
Cheshire School District,250011.0,2017,16123.0,245.121,1.3134819130143889,21177.26888353099
Cheshire School District,250011.0,2018,16372.0,251.1,1.282206292313819,20992.28141776185
Cheshire School District,250011.0,2019,16859.0,255.653,1.2593711006716135,21231.73738622273
Cheshire School District,250011.0,2020,17354.0,258.856,1.2437880520443798,21584.69785517817
Cheshire School District,250011.0,2021,18372.0,270.973,1.1881700390813843,21829.059958003192
Cheshire School District,250011.0,2022,19163.0,292.626,1.1002508321201807,21084.10669591902
Cheshire School District,250011.0,2023,19658.0,304.703,1.056642041594602,20771.469253666688
Cheshire School District,250011.0,2024,20515.0,313.698,1.026343808376209,21055.44322883793
Cheshire School District,250011.0,2025,21091.0,321.962,1.0,21091.0
Chester School District,260011.0,2007,11370.0,207.344,1.5527914962574272,17655.239312446945
Chester School District,260011.0,2008,11526.0,215.254,1.4957306252148626,17239.791186226506
Chester School District,260011.0,2009,13192.0,214.565,1.5005336378253675,19795.03975019225
Chester School District,260011.0,2010,14104.0,218.076,1.4763752086428583,20822.79594269888
Chester School District,260011.0,2011,15304.0,224.923,1.431432090093054,21906.6367067841
Chester School District,260011.0,2012,15944.0,229.586,1.402359028860645,22359.21235615412
Chester School District,260011.0,2013,16242.0,232.952,1.3820958824135443,22448.001322160788
Chester School District,260011.0,2014,18109.0,236.715,1.3601250448851994,24630.504437826075
Chester School District,260011.0,2015,18714.0,237.002,1.3584779875275312,25422.55705859022
Chester School District,260011.0,2016,19352.0,240.005,1.3414803858252953,25960.328426491116
Chester School District,260011.0,2017,20662.0,245.121,1.3134819130143889,27139.163286703297
Chester School District,260011.0,2018,21540.0,251.1,1.282206292313819,27618.723536439666
Chester School District,260011.0,2019,22762.0,255.653,1.2593711006716135,28665.804993487265
Chester School District,260011.0,2020,24492.0,258.856,1.2437880520443798,30462.85697067095
Chester School District,260011.0,2021,23561.0,270.973,1.1881700390813843,27994.474290796494
Chester School District,260011.0,2022,23155.0,292.626,1.1002508321201807,25476.308017742784
Chester School District,260011.0,2023,24162.0,304.703,1.056642041594602,25530.585009008773
Chester School District,260011.0,2024,27164.0,313.698,1.026343808376209,27879.603210731344
Chester School District,260011.0,2025,28172.0,321.962,1.0,28172.0
Clinton School District,270011.0,2007,12994.0,207.344,1.5527914962574272,20176.97270236901
Clinton School District,270011.0,2008,13462.0,215.254,1.4957306252148626,20135.52567664248
Clinton School District,270011.0,2009,14442.0,214.565,1.5005336378253675,21670.70679747396
Clinton School District,270011.0,2010,14745.0,218.076,1.4763752086428583,21769.15245143895
Clinton School District,270011.0,2011,15099.0,224.923,1.431432090093054,21613.193128315022
Clinton School District,270011.0,2012,15175.0,229.586,1.402359028860645,21280.79826296028
Clinton School District,270011.0,2013,15288.0,232.952,1.3820958824135443,21129.481850338267
Clinton School District,270011.0,2014,15751.0,236.715,1.3601250448851994,21423.32958198677
Clinton School District,270011.0,2015,16660.0,237.002,1.3584779875275312,22632.24327220867
Clinton School District,270011.0,2016,17596.0,240.005,1.3414803858252953,23604.68886898189
Clinton School District,270011.0,2017,18392.0,245.121,1.3134819130143889,24157.55934416064
Clinton School District,270011.0,2018,18268.0,251.1,1.282206292313819,23423.344547988847
Clinton School District,270011.0,2019,19334.0,255.653,1.2593711006716135,24348.68086038497
Clinton School District,270011.0,2020,19446.0,258.856,1.2437880520443798,24186.70246005501
Clinton School District,270011.0,2021,21453.0,270.973,1.1881700390813843,25489.811848412937
Clinton School District,270011.0,2022,22195.0,292.626,1.1002508321201807,24420.06721890741
Clinton School District,270011.0,2023,24251.0,304.703,1.056642041594602,25624.626150710694
Clinton School District,270011.0,2024,24911.0,313.698,1.026343808376209,25567.250610459745
Clinton School District,270011.0,2025,26336.0,321.962,1.0,26336.0
Colchester School District,280011.0,2007,10174.0,207.344,1.5527914962574272,15798.100682923065
Colchester School District,280011.0,2008,10558.0,215.254,1.4957306252148626,15791.923941018518
Colchester School District,280011.0,2009,11194.0,214.565,1.5005336378253675,16796.973541817166
Colchester School District,280011.0,2010,11349.0,218.076,1.4763752086428583,16755.3822428878
Colchester School District,280011.0,2011,12047.0,224.923,1.431432090093054,17244.46238935102
Colchester School District,280011.0,2012,12589.0,229.586,1.402359028860645,17654.297814326655
Colchester School District,280011.0,2013,13264.0,232.952,1.3820958824135443,18332.11978433325
Colchester School District,280011.0,2014,14370.0,236.715,1.3601250448851994,19544.996895000317
Colchester School District,280011.0,2015,14913.0,237.002,1.3584779875275312,20258.982227998076
Colchester School District,280011.0,2016,15355.0,240.005,1.3414803858252953,20598.43132434741
Colchester School District,280011.0,2017,15617.0,245.121,1.3134819130143889,20512.647035545702
Colchester School District,280011.0,2018,15978.0,251.1,1.282206292313819,20487.0921385902
Colchester School District,280011.0,2019,17248.0,255.653,1.2593711006716135,21721.63274438399
Colchester School District,280011.0,2020,17767.0,258.856,1.2437880520443798,22098.382320672496
Colchester School District,280011.0,2021,19002.0,270.973,1.1881700390813843,22577.607082624465
Colchester School District,280011.0,2022,19418.0,292.626,1.1002508321201807,21364.67065810967
Colchester School District,280011.0,2023,19832.0,304.703,1.056642041594602,20955.324968904148
Colchester School District,280011.0,2024,21216.0,313.698,1.026343808376209,21774.91023850965
Colchester School District,280011.0,2025,22601.0,321.962,1.0,22601.0
Colebrook School District,290011.0,2007,13392.0,207.344,1.5527914962574272,20794.983717879462
Colebrook School District,290011.0,2008,13827.0,215.254,1.4957306252148626,20681.467354845903
Colebrook School District,290011.0,2009,14731.0,214.565,1.5005336378253675,22104.361018805488
Colebrook School District,290011.0,2010,14570.0,218.076,1.4763752086428583,21510.78678992645
Colebrook School District,290011.0,2011,16310.0,224.923,1.431432090093054,23346.65738941771
Colebrook School District,290011.0,2012,17941.0,229.586,1.402359028860645,25159.723336788826
Colebrook School District,290011.0,2013,16872.0,232.952,1.3820958824135443,23318.72172808132
Colebrook School District,290011.0,2014,17734.0,236.715,1.3601250448851994,24120.45754599413
Colebrook School District,290011.0,2015,19042.0,237.002,1.3584779875275312,25868.13783849925
Colebrook School District,290011.0,2016,20345.0,240.005,1.3414803858252953,27292.418449615638
Colebrook School District,290011.0,2017,23456.0,245.121,1.3134819130143889,30809.0317516655
Colebrook School District,290011.0,2018,21714.0,251.1,1.282206292313819,27841.827431302267
Colebrook School District,290011.0,2019,22488.0,255.653,1.2593711006716135,28320.737311903245
Colebrook School District,290011.0,2020,24680.0,258.856,1.2437880520443798,30696.689124455293
Colebrook School District,290011.0,2021,27639.0,270.973,1.1881700390813843,32839.83171017038
Colebrook School District,290011.0,2022,27799.0,292.626,1.1002508321201807,30585.872882108903
Colebrook School District,290011.0,2023,31759.0,304.703,1.056642041594602,33557.89459900297
Colebrook School District,290011.0,2024,34174.0,313.698,1.026343808376209,35074.273307448566
Colebrook School District,290011.0,2025,33373.0,321.962,1.0,33373.0
Columbia School District,300011.0,2007,13206.0,207.344,1.5527914962574272,20506.164499575585
Columbia School District,300011.0,2008,15114.0,215.254,1.4957306252148626,22606.472669497434
Columbia School District,300011.0,2009,15633.0,214.565,1.5005336378253675,23457.84236012397
Columbia School District,300011.0,2010,15969.0,218.076,1.4763752086428583,23576.235706817806
Columbia School District,300011.0,2011,16755.0,224.923,1.431432090093054,23983.64466950912
Columbia School District,300011.0,2012,16787.0,229.586,1.402359028860645,23541.401017483644
Columbia School District,300011.0,2013,16897.0,232.952,1.3820958824135443,23353.27412514166
Columbia School District,300011.0,2014,19551.0,236.715,1.3601250448851994,26591.80475255053
Columbia School District,300011.0,2015,19950.0,237.002,1.3584779875275312,27101.635851174247
Columbia School District,300011.0,2016,19421.0,240.005,1.3414803858252953,26052.890573113054
Columbia School District,300011.0,2017,19690.0,245.121,1.3134819130143889,25862.458867253317
Columbia School District,300011.0,2018,18101.0,251.1,1.282206292313819,23209.21609717244
Columbia School District,300011.0,2019,18882.0,255.653,1.2593711006716135,23779.445122881407
Columbia School District,300011.0,2020,19132.0,258.856,1.2437880520443798,23796.153011713075
Columbia School District,300011.0,2021,20219.0,270.973,1.1881700390813843,24023.61002018651
Columbia School District,300011.0,2022,20067.0,292.626,1.1002508321201807,22078.733448155665
Columbia School District,300011.0,2023,19937.0,304.703,1.056642041594602,21066.272383271586
Columbia School District,300011.0,2024,21600.0,313.698,1.026343808376209,22169.026260926115
Columbia School District,300011.0,2025,22557.0,321.962,1.0,22557.0
Common Ground High School District,2680013.0,2007,10660.0,207.344,1.5527914962574272,16552.757350104173
Common Ground High School District,2680013.0,2008,11072.0,215.254,1.4957306252148626,16560.72948237896
Common Ground High School District,2680013.0,2009,13184.0,214.565,1.5005336378253675,19783.03548108965
Common Ground High School District,2680013.0,2010,12445.0,218.076,1.4763752086428583,18373.489471560373
Common Ground High School District,2680013.0,2011,14129.0,224.923,1.431432090093054,20224.70400092476
Common Ground High School District,2680013.0,2012,14417.0,229.586,1.402359028860645,20217.810119083915
Common Ground High School District,2680013.0,2013,14549.0,232.952,1.3820958824135443,20108.112993234656
Common Ground High School District,2680013.0,2014,14998.0,236.715,1.3601250448851994,20399.15542318822
Common Ground High School District,2680013.0,2015,16353.0,237.002,1.3584779875275312,22215.19053003772
Common Ground High School District,2680013.0,2016,16721.0,240.005,1.3414803858252953,22430.89353138476
Common Ground High School District,2680013.0,2017,15958.0,245.121,1.3134819130143889,20960.544367883613
Common Ground High School District,2680013.0,2018,15851.0,251.1,1.282206292313819,20324.251939466347
Common Ground High School District,2680013.0,2019,17053.0,255.653,1.2593711006716135,21476.055379753027
Common Ground High School District,2680013.0,2020,16379.0,258.856,1.2437880520443798,20372.00450443489
Common Ground High School District,2680013.0,2021,19192.0,270.973,1.1881700390813843,22803.35939004993
Common Ground High School District,2680013.0,2022,21161.0,292.626,1.1002508321201807,23282.407858495146
Common Ground High School District,2680013.0,2023,20125.0,304.703,1.056642041594602,21264.921087091367
Common Ground High School District,2680013.0,2024,23566.0,313.698,1.026343808376209,24186.81818819374
Common Ground High School District,2680013.0,2025,20127.0,321.962,1.0,20127.0
Connecticut Technical Education and Career System,9000016.0,2018,0.0,251.1,1.282206292313819,0.0
Connecticut Technical Education and Career System,9000016.0,2019,0.0,255.653,1.2593711006716135,0.0
Connecticut Technical Education and Career System,9000016.0,2020,0.0,258.856,1.2437880520443798,0.0
Connecticut Technical Education and Career System,9000016.0,2021,0.0,270.973,1.1881700390813843,0.0
Connecticut Technical Education and Career System,9000016.0,2022,0.0,292.626,1.1002508321201807,0.0
Connecticut Technical Education and Career System,9000016.0,2023,28374.0,304.703,1.056642041594602,29981.16128820524
Connecticut Technical Education and Career System,9000016.0,2024,29656.0,313.698,1.026343808376209,30437.251981204856
Connecticut Technical Education and Career System,9000016.0,2025,30953.0,321.962,1.0,30953.0
Cooperative Educational Services,2430014.0,2018,28497.0,251.1,1.282206292313819,36539.0327120669
Cooperative Educational Services,2430014.0,2019,30721.0,255.653,1.2593711006716135,38689.13958373264
Cooperative Educational Services,2430014.0,2020,32499.0,258.856,1.2437880520443798,40421.8679033903
Cooperative Educational Services,2430014.0,2021,35301.0,270.973,1.1881700390813843,41943.590549611945
Cooperative Educational Services,2430014.0,2022,41010.0,292.626,1.1002508321201807,45121.28662524861
Cooperative Educational Services,2430014.0,2023,38340.0,304.703,1.056642041594602,40511.65587473704
Cooperative Educational Services,2430014.0,2024,38503.0,313.698,1.026343808376209,39517.31565390918
Cooperative Educational Services,2430014.0,2025,42902.0,321.962,1.0,42902.0
Cornwall School District,310011.0,2007,18873.0,207.344,1.5527914962574272,29305.83390886642
Cornwall School District,310011.0,2008,19375.0,215.254,1.4957306252148626,28979.78086353796
Cornwall School District,310011.0,2009,21779.0,214.565,1.5005336378253675,32680.12209819868
Cornwall School District,310011.0,2010,22812.0,218.076,1.4763752086428583,33679.071259560886
Cornwall School District,310011.0,2011,24268.0,224.923,1.431432090093054,34737.993962378234
Cornwall School District,310011.0,2012,27294.0,229.586,1.402359028860645,38275.987333722434
Cornwall School District,310011.0,2013,27759.0,232.952,1.3820958824135443,38365.59959991758
Cornwall School District,310011.0,2014,27931.0,236.715,1.3601250448851994,37989.652628688506
Cornwall School District,310011.0,2015,34241.0,237.002,1.3584779875275312,46515.644770930194
Cornwall School District,310011.0,2016,34236.0,240.005,1.3414803858252953,45926.92248911481
Cornwall School District,310011.0,2017,44341.0,245.121,1.3134819130143889,58241.10150497101
Cornwall School District,310011.0,2018,40225.0,251.1,1.282206292313819,51576.74810832337
Cornwall School District,310011.0,2019,30599.0,255.653,1.2593711006716135,38535.496309450704
Cornwall School District,310011.0,2020,32807.0,258.856,1.2437880520443798,40804.954623419966
Cornwall School District,310011.0,2021,28106.0,270.973,1.1881700390813843,33394.707118421386
Cornwall School District,310011.0,2022,28568.0,292.626,1.1002508321201807,31431.965772009324
Cornwall School District,310011.0,2023,33824.0,304.703,1.056642041594602,35739.86041489582
Cornwall School District,310011.0,2024,34007.0,313.698,1.026343808376209,34902.873891449744
Cornwall School District,310011.0,2025,40205.0,321.962,1.0,40205.0
Coventry School District,320011.0,2007,10841.0,207.344,1.5527914962574272,16833.81261092677
Coventry School District,320011.0,2008,11623.0,215.254,1.4957306252148626,17384.87705687235
Coventry School District,320011.0,2009,12678.0,214.565,1.5005336378253675,19023.76546035001
Coventry School District,320011.0,2010,13060.0,218.076,1.4763752086428583,19281.460224875733
Coventry School District,320011.0,2011,13673.0,224.923,1.431432090093054,19571.970967842328
Coventry School District,320011.0,2012,15121.0,229.586,1.402359028860645,21205.07087540181
Coventry School District,320011.0,2013,14649.0,232.952,1.3820958824135443,20246.32258147601
Coventry School District,320011.0,2014,15457.0,236.715,1.3601250448851994,21023.452818790527
Coventry School District,320011.0,2015,15742.0,237.002,1.3584779875275312,21385.1604796584
Coventry School District,320011.0,2016,16406.0,240.005,1.3414803858252953,22008.327209849795
Coventry School District,320011.0,2017,17199.0,245.121,1.3134819130143889,22590.57542193447
Coventry School District,320011.0,2018,16030.0,251.1,1.282206292313819,20553.76686579052
Coventry School District,320011.0,2019,16969.0,255.653,1.2593711006716135,21370.26820729661
Coventry School District,320011.0,2020,16544.0,258.856,1.2437880520443798,20577.22953302222
Coventry School District,320011.0,2021,17628.0,270.973,1.1881700390813843,20945.06144892664
Coventry School District,320011.0,2022,17679.0,292.626,1.1002508321201807,19451.33446105268
Coventry School District,320011.0,2023,18031.0,304.703,1.056642041594602,19052.31265199227
Coventry School District,320011.0,2024,18654.0,313.698,1.026343808376209,19145.41740144981
Coventry School District,320011.0,2025,19493.0,321.962,1.0,19493.0
Cromwell School District,330011.0,2007,11720.0,207.344,1.5527914962574272,18198.716336137048
Cromwell School District,330011.0,2008,12387.0,215.254,1.4957306252148626,18527.615254536504
Cromwell School District,330011.0,2009,12759.0,214.565,1.5005336378253675,19145.308685013864
Cromwell School District,330011.0,2010,12582.0,218.076,1.4763752086428583,18575.752875144448
Cromwell School District,330011.0,2011,13572.0,224.923,1.431432090093054,19427.396326742928
Cromwell School District,330011.0,2012,13228.0,229.586,1.402359028860645,18550.405233768608
Cromwell School District,330011.0,2013,13342.0,232.952,1.3820958824135443,18439.92326316151
Cromwell School District,330011.0,2014,13736.0,236.715,1.3601250448851994,18682.6776165431
Cromwell School District,330011.0,2015,13863.0,237.002,1.3584779875275312,18832.580341094166
Cromwell School District,330011.0,2016,14364.0,240.005,1.3414803858252953,19269.024261994546
Cromwell School District,330011.0,2017,14918.0,245.121,1.3134819130143889,19594.52317834865
Cromwell School District,330011.0,2018,14923.0,251.1,1.282206292313819,19134.36450019912
Cromwell School District,330011.0,2019,15628.0,255.653,1.2593711006716135,19681.451561295977
Cromwell School District,330011.0,2020,15590.0,258.856,1.2437880520443798,19390.65573137188
Cromwell School District,330011.0,2021,16780.0,270.973,1.1881700390813843,19937.49325578563
Cromwell School District,330011.0,2022,18348.0,292.626,1.1002508321201807,20187.40226774108
Cromwell School District,330011.0,2023,19213.0,304.703,1.056642041594602,20301.26354515709
Cromwell School District,330011.0,2024,20663.0,313.698,1.026343808376209,21207.342112477607
Cromwell School District,330011.0,2025,22362.0,321.962,1.0,22362.0
Cross Cultural Academy District,,2007,11378.0,207.344,1.5527914962574272,17667.661644417007
Danbury School District,340011.0,2007,11202.0,207.344,1.5527914962574272,17394.3703410757
Danbury School District,340011.0,2008,11701.0,215.254,1.4957306252148626,17501.544045639108
Danbury School District,340011.0,2009,12061.0,214.565,1.5005336378253675,18097.93620581176
Danbury School District,340011.0,2010,12010.0,218.076,1.4763752086428583,17731.266255800732
Danbury School District,340011.0,2011,12099.0,224.923,1.431432090093054,17318.89685803586
Danbury School District,340011.0,2012,11998.0,229.586,1.402359028860645,16825.503628270013
Danbury School District,340011.0,2013,12154.0,232.952,1.3820958824135443,16797.993354854218
Danbury School District,340011.0,2014,12891.0,236.715,1.3601250448851994,17533.371953615104
Danbury School District,340011.0,2015,13007.0,237.002,1.3584779875275312,17669.7231837706
Danbury School District,340011.0,2016,13039.0,240.005,1.3414803858252953,17491.562750776025
Danbury School District,340011.0,2017,13032.0,245.121,1.3134819130143889,17117.296290403512
Danbury School District,340011.0,2018,13037.0,251.1,1.282206292313819,16716.12343289526
Danbury School District,340011.0,2019,13521.0,255.653,1.2593711006716135,17027.956652180885
Danbury School District,340011.0,2020,13132.0,258.856,1.2437880520443798,16333.424699446796
Danbury School District,340011.0,2021,13972.0,270.973,1.1881700390813843,16601.1117860451
Danbury School District,340011.0,2022,16037.0,292.626,1.1002508321201807,17644.722594711337
Danbury School District,340011.0,2023,16742.0,304.703,1.056642041594602,17690.301060376827
Danbury School District,340011.0,2024,17100.0,313.698,1.026343808376209,17550.479123233174
Danbury School District,340011.0,2025,17847.0,321.962,1.0,17847.0
Darien School District,350011.0,2007,13367.0,207.344,1.5527914962574272,20756.16393047303
Darien School District,350011.0,2008,14147.0,215.254,1.4957306252148626,21160.10115491466
Darien School District,350011.0,2009,15287.0,214.565,1.5005336378253675,22938.657721436397
Darien School District,350011.0,2010,15328.0,218.076,1.4763752086428583,22629.87919807773
Darien School District,350011.0,2011,15952.0,224.923,1.431432090093054,22834.204701164395
Darien School District,350011.0,2012,16578.0,229.586,1.402359028860645,23248.30798045177
Darien School District,350011.0,2013,17061.0,232.952,1.3820958824135443,23579.93784985748
Darien School District,350011.0,2014,17900.0,236.715,1.3601250448851994,24346.23830344507
Darien School District,350011.0,2015,18918.0,237.002,1.3584779875275312,25699.68656804584
Darien School District,350011.0,2016,19727.0,240.005,1.3414803858252953,26463.3835711756
Darien School District,350011.0,2017,20576.0,245.121,1.3134819130143889,27026.203842184063
Darien School District,350011.0,2018,21327.0,251.1,1.282206292313819,27345.61359617682
Darien School District,350011.0,2019,22095.0,255.653,1.2593711006716135,27825.804469339306
Darien School District,350011.0,2020,21805.0,258.856,1.2437880520443798,27120.7984748277
Darien School District,350011.0,2021,23163.0,270.973,1.1881700390813843,27521.582615242103
Darien School District,350011.0,2022,23555.0,292.626,1.1002508321201807,25916.408350590857
Darien School District,350011.0,2023,24553.0,304.703,1.056642041594602,25943.732047272264
Darien School District,350011.0,2024,25891.0,313.698,1.026343808376209,26573.06754266843
Darien School District,350011.0,2025,26817.0,321.962,1.0,26817.0
Deep River School District,360011.0,2007,12029.0,207.344,1.5527914962574272,18678.52890848059
Deep River School District,360011.0,2008,12960.0,215.254,1.4957306252148626,19384.66890278462
Deep River School District,360011.0,2009,13642.0,214.565,1.5005336378253675,20470.279887213663
Deep River School District,360011.0,2010,14548.0,218.076,1.4763752086428583,21478.306535336305
Deep River School District,360011.0,2011,14819.0,224.923,1.431432090093054,21212.392143088968
Deep River School District,360011.0,2012,14949.0,229.586,1.402359028860645,20963.86512243777
Deep River School District,360011.0,2013,15574.0,232.952,1.3820958824135443,21524.76127270854
Deep River School District,360011.0,2014,17137.0,236.715,1.3601250448851994,23308.462894197663
Deep River School District,360011.0,2015,17865.0,237.002,1.3584779875275312,24269.209247179344
Deep River School District,360011.0,2016,18087.0,240.005,1.3414803858252953,24263.35573842212
Deep River School District,360011.0,2017,20404.0,245.121,1.3134819130143889,26800.284953145587
Deep River School District,360011.0,2018,19083.0,251.1,1.282206292313819,24468.34267622461
Deep River School District,360011.0,2019,21064.0,255.653,1.2593711006716135,26527.392864546862
Deep River School District,360011.0,2020,21310.0,258.856,1.2437880520443798,26505.12338906573
Deep River School District,360011.0,2021,23813.0,270.973,1.1881700390813843,28293.893140645003
Deep River School District,360011.0,2022,26200.0,292.626,1.1002508321201807,28826.571801548736
Deep River School District,360011.0,2023,28602.0,304.703,1.056642041594602,30222.075673688807
Deep River School District,360011.0,2024,29208.0,313.698,1.026343808376209,29977.449955052318
Deep River School District,360011.0,2025,28818.0,321.962,1.0,28818.0
Derby School District,370011.0,2007,10857.0,207.344,1.5527914962574272,16858.657274866888
Derby School District,370011.0,2008,11513.0,215.254,1.4957306252148626,17220.346688098714
Derby School District,370011.0,2009,11717.0,214.565,1.5005336378253675,17581.752634399832
Derby School District,370011.0,2010,12226.0,218.076,1.4763752086428583,18050.16330086759
Derby School District,370011.0,2011,12715.0,224.923,1.431432090093054,18200.65902553318
Derby School District,370011.0,2012,13026.0,229.586,1.402359028860645,18267.12870993876
Derby School District,370011.0,2013,12753.0,232.952,1.3820958824135443,17625.86878841993
Derby School District,370011.0,2014,13421.0,236.715,1.3601250448851994,18254.23822740426
Derby School District,370011.0,2015,17177.0,237.002,1.3584779875275312,23334.576391760405
Derby School District,370011.0,2016,16005.0,240.005,1.3414803858252953,21470.39357513385
Derby School District,370011.0,2017,17063.0,245.121,1.3134819130143889,22411.941881764516
Derby School District,370011.0,2018,17788.0,251.1,1.282206292313819,22807.885527678216
Derby School District,370011.0,2019,18489.0,255.653,1.2593711006716135,23284.512280317464
Derby School District,370011.0,2020,18544.0,258.856,1.2437880520443798,23064.805637110974
Derby School District,370011.0,2021,21468.0,270.973,1.1881700390813843,25507.63439899916
Derby School District,370011.0,2022,22016.0,292.626,1.1002508321201807,24223.1223199579
Derby School District,370011.0,2023,23291.0,304.703,1.056642041594602,24610.249790779875
Derby School District,370011.0,2024,23073.0,313.698,1.026343808376209,23680.830690664272
Derby School District,370011.0,2025,25392.0,321.962,1.0,25392.0
East Granby School District,400011.0,2007,12335.0,207.344,1.5527914962574272,19153.683106335364
East Granby School District,400011.0,2008,13688.0,215.254,1.4957306252148626,20473.56079794104
East Granby School District,400011.0,2009,14370.0,214.565,1.5005336378253675,21562.668375550533
East Granby School District,400011.0,2010,14704.0,218.076,1.4763752086428583,21708.621067884596
East Granby School District,400011.0,2011,15055.0,224.923,1.431432090093054,21550.21011635093
East Granby School District,400011.0,2012,15994.0,229.586,1.402359028860645,22429.330307597156
East Granby School District,400011.0,2013,16181.0,232.952,1.3820958824135443,22363.69347333356
East Granby School District,400011.0,2014,16461.0,236.715,1.3601250448851994,22389.018363855263
East Granby School District,400011.0,2015,17677.0,237.002,1.3584779875275312,24013.81538552417
East Granby School District,400011.0,2016,18981.0,240.005,1.3414803858252953,25462.63920334993
East Granby School District,400011.0,2017,19290.0,245.121,1.3134819130143889,25337.06610204756
East Granby School District,400011.0,2018,20036.0,251.1,1.282206292313819,25690.28527279968
East Granby School District,400011.0,2019,20001.0,255.653,1.2593711006716135,25188.68138453294
East Granby School District,400011.0,2020,20193.0,258.856,1.2437880520443798,25115.812134932163
East Granby School District,400011.0,2021,21248.0,270.973,1.1881700390813843,25246.23699040125
East Granby School District,400011.0,2022,22009.0,292.626,1.1002508321201807,24215.42056413305
East Granby School District,400011.0,2023,22261.0,304.703,1.056642041594602,23521.908487937435
East Granby School District,400011.0,2024,24227.0,313.698,1.026343808376209,24865.23144553042
East Granby School District,400011.0,2025,23482.0,321.962,1.0,23482.0
East Haddam School District,410011.0,2007,11826.0,207.344,1.5527914962574272,18363.312234740333
East Haddam School District,410011.0,2008,12639.0,215.254,1.4957306252148626,18904.539372090647
East Haddam School District,410011.0,2009,13081.0,214.565,1.5005336378253675,19628.480516393636
East Haddam School District,410011.0,2010,13441.0,218.076,1.4763752086428583,19843.959179368663
East Haddam School District,410011.0,2011,14246.0,224.923,1.431432090093054,20392.18155546565
East Haddam School District,410011.0,2012,15041.0,229.586,1.402359028860645,21092.88215309296
East Haddam School District,410011.0,2013,15028.0,232.952,1.3820958824135443,20770.136920910743
East Haddam School District,410011.0,2014,16357.0,236.715,1.3601250448851994,22247.565359187207
East Haddam School District,410011.0,2015,17625.0,237.002,1.3584779875275312,23943.17453017274
East Haddam School District,410011.0,2016,18623.0,240.005,1.3414803858252953,24982.389225224477
East Haddam School District,410011.0,2017,19774.0,245.121,1.3134819130143889,25972.79134794652
East Haddam School District,410011.0,2018,20049.0,251.1,1.282206292313819,25706.95395459976
East Haddam School District,410011.0,2019,20763.0,255.653,1.2593711006716135,26148.322163244717
East Haddam School District,410011.0,2020,20994.0,258.856,1.2437880520443798,26112.08636461971
East Haddam School District,410011.0,2021,23363.0,270.973,1.1881700390813843,27759.216623058383
East Haddam School District,410011.0,2022,22929.0,292.626,1.1002508321201807,25227.651329683624
East Haddam School District,410011.0,2023,24290.0,304.703,1.056642041594602,25665.835190332884
East Haddam School District,410011.0,2024,24690.0,313.698,1.026343808376209,25340.428628808604
East Haddam School District,410011.0,2025,25924.0,321.962,1.0,25924.0
East Hampton School District,420011.0,2007,10947.0,207.344,1.5527914962574272,16998.408509530054
East Hampton School District,420011.0,2008,12055.0,215.254,1.4957306252148626,18031.03268696517
East Hampton School District,420011.0,2009,12793.0,214.565,1.5005336378253675,19196.326828699926
East Hampton School District,420011.0,2010,13014.0,218.076,1.4763752086428583,19213.54696527816
East Hampton School District,420011.0,2011,13909.0,224.923,1.431432090093054,19909.78894110429
East Hampton School District,420011.0,2012,14116.0,229.586,1.402359028860645,19795.70005139686
East Hampton School District,420011.0,2013,15107.0,232.952,1.3820958824135443,20879.32249562141
East Hampton School District,420011.0,2014,14509.0,236.715,1.3601250448851994,19734.05427623936
East Hampton School District,420011.0,2015,14970.0,237.002,1.3584779875275312,20336.415473287143
East Hampton School District,420011.0,2016,15020.0,240.005,1.3414803858252953,20149.035395095936
East Hampton School District,420011.0,2017,15288.0,245.121,1.3134819130143889,20080.51148616397
East Hampton School District,420011.0,2018,16617.0,251.1,1.282206292313819,21306.42195937873
East Hampton School District,420011.0,2019,16571.0,255.653,1.2593711006716135,20869.038509229307
East Hampton School District,420011.0,2020,17219.0,258.856,1.2437880520443798,21416.78646815217
East Hampton School District,420011.0,2021,18209.0,270.973,1.1881700390813843,21635.388241632925
East Hampton School District,420011.0,2022,19508.0,292.626,1.1002508321201807,21463.69323300049
East Hampton School District,420011.0,2023,20778.0,304.703,1.056642041594602,21954.90834025264
East Hampton School District,420011.0,2024,22129.0,313.698,1.026343808376209,22711.962135557133
East Hampton School District,420011.0,2025,23714.0,321.962,1.0,23714.0
East Hartford School District,430011.0,2007,10619.0,207.344,1.5527914962574272,16489.09289875762
East Hartford School District,430011.0,2008,11485.0,215.254,1.4957306252148626,17178.466230592698
East Hartford School District,430011.0,2009,12166.0,214.565,1.5005336378253675,18255.492237783423
East Hartford School District,430011.0,2010,11987.0,218.076,1.4763752086428583,17697.309626001945
East Hartford School District,430011.0,2011,12509.0,224.923,1.431432090093054,17905.78401497401
East Hartford School District,430011.0,2012,12410.0,229.586,1.402359028860645,17403.2755481606
East Hartford School District,430011.0,2013,12939.0,232.952,1.3820958824135443,17882.93862254885
East Hartford School District,430011.0,2014,13484.0,236.715,1.3601250448851994,18339.92610523203
East Hartford School District,430011.0,2015,13834.0,237.002,1.3584779875275312,18793.184479455867
East Hartford School District,430011.0,2016,14121.0,240.005,1.3414803858252953,18943.044528239
East Hartford School District,430011.0,2017,15017.0,245.121,1.3134819130143889,19724.557887737075
East Hartford School District,430011.0,2018,14519.0,251.1,1.282206292313819,18616.35315810434
East Hartford School District,430011.0,2019,14747.0,255.653,1.2593711006716135,18571.945621604285
East Hartford School District,430011.0,2020,14692.0,258.856,1.2437880520443798,18273.734060636027
East Hartford School District,430011.0,2021,15636.0,270.973,1.1881700390813843,18578.226731076524
East Hartford School District,430011.0,2022,16529.0,292.626,1.1002508321201807,18186.046004114465
East Hartford School District,430011.0,2023,16935.0,304.703,1.056642041594602,17894.232974404586
East Hartford School District,430011.0,2024,17348.0,313.698,1.026343808376209,17805.012387710474
East Hartford School District,430011.0,2025,18067.0,321.962,1.0,18067.0
East Haven School District,440011.0,2007,11378.0,207.344,1.5527914962574272,17667.661644417007
East Haven School District,440011.0,2008,11895.0,215.254,1.4957306252148626,17791.71578693079
East Haven School District,440011.0,2009,13093.0,214.565,1.5005336378253675,19646.486920047537
East Haven School District,440011.0,2010,13378.0,218.076,1.4763752086428583,19750.947541224163
East Haven School District,440011.0,2011,13378.0,224.923,1.431432090093054,19149.69850126488
East Haven School District,440011.0,2012,13949.0,229.586,1.402359028860645,19561.506093577133
East Haven School District,440011.0,2013,13681.0,232.952,1.3820958824135443,18908.4537672997
East Haven School District,440011.0,2014,14930.0,236.715,1.3601250448851994,20306.666920136027
East Haven School District,440011.0,2015,15518.0,237.002,1.3584779875275312,21080.86141045223
East Haven School District,440011.0,2016,16354.0,240.005,1.3414803858252953,21938.57022978688
East Haven School District,440011.0,2017,16008.0,245.121,1.3134819130143889,21026.218463534333
East Haven School District,440011.0,2018,16557.0,251.1,1.282206292313819,21229.4895818399
East Haven School District,440011.0,2019,16465.0,255.653,1.2593711006716135,20735.545172558115
East Haven School District,440011.0,2020,16348.0,258.856,1.2437880520443798,20333.44707482152
East Haven School District,440011.0,2021,18163.0,270.973,1.1881700390813843,21580.73241983518
East Haven School District,440011.0,2022,18872.0,292.626,1.1002508321201807,20763.93370377205
East Haven School District,440011.0,2023,18284.0,304.703,1.056642041594602,19319.643088515702
East Haven School District,440011.0,2024,18985.0,313.698,1.026343808376209,19485.137202022328
East Haven School District,440011.0,2025,19476.0,321.962,1.0,19476.0
East Lyme School District,450011.0,2007,11688.0,207.344,1.5527914962574272,18149.02700825681
East Lyme School District,450011.0,2008,11960.0,215.254,1.4957306252148626,17888.938277569756
East Lyme School District,450011.0,2009,12764.0,214.565,1.5005336378253675,19152.811353202997
East Lyme School District,450011.0,2010,13220.0,218.076,1.4763752086428583,19517.68025825859
East Lyme School District,450011.0,2011,13354.0,224.923,1.431432090093054,19115.344131102644
East Lyme School District,450011.0,2012,14026.0,229.586,1.402359028860645,19669.4877387994
East Lyme School District,450011.0,2013,14493.0,232.952,1.3820958824135443,20030.7156238195
East Lyme School District,450011.0,2014,15236.0,236.715,1.3601250448851994,20722.865183870897
East Lyme School District,450011.0,2015,15515.0,237.002,1.3584779875275312,21076.78597648965
East Lyme School District,450011.0,2016,15993.0,240.005,1.3414803858252953,21454.295810503947
East Lyme School District,450011.0,2017,16684.0,245.121,1.3134819130143889,21914.13223673206
East Lyme School District,450011.0,2018,16720.0,251.1,1.282206292313819,21438.48920748705
East Lyme School District,450011.0,2019,17754.0,255.653,1.2593711006716135,22358.874521323825
East Lyme School District,450011.0,2020,18053.0,258.856,1.2437880520443798,22454.10570355719
East Lyme School District,450011.0,2021,19734.0,270.973,1.1881700390813843,23447.34755123204
East Lyme School District,450011.0,2022,20323.0,292.626,1.1002508321201807,22360.39766117843
East Lyme School District,450011.0,2023,21125.0,304.703,1.056642041594602,22321.563128685968
East Lyme School District,450011.0,2024,23370.0,313.698,1.026343808376209,23985.654801752007
East Lyme School District,450011.0,2025,24278.0,321.962,1.0,24278.0
East Windsor School District,470011.0,2007,10853.0,207.344,1.5527914962574272,16852.446108881857
East Windsor School District,470011.0,2008,12074.0,215.254,1.4957306252148626,18059.45156884425
East Windsor School District,470011.0,2009,13452.0,214.565,1.5005336378253675,20185.178496026845
East Windsor School District,470011.0,2010,13576.0,218.076,1.4763752086428583,20043.269832535447
East Windsor School District,470011.0,2011,15095.0,224.923,1.431432090093054,21607.46739995465
East Windsor School District,470011.0,2012,15439.0,229.586,1.402359028860645,21651.02104657949
East Windsor School District,470011.0,2013,15426.0,232.952,1.3820958824135443,21320.21108211133
East Windsor School District,470011.0,2014,16359.0,236.715,1.3601250448851994,22250.285609276976
East Windsor School District,470011.0,2015,17837.0,237.002,1.3584779875275312,24231.171863528576
East Windsor School District,470011.0,2016,19235.0,240.005,1.3414803858252953,25803.375221349557
East Windsor School District,470011.0,2017,21605.0,245.121,1.3134819130143889,28377.77673067587
East Windsor School District,470011.0,2018,22339.0,251.1,1.282206292313819,28643.206363998404
East Windsor School District,470011.0,2019,21768.0,255.653,1.2593711006716135,27413.990119419683
East Windsor School District,470011.0,2020,21235.0,258.856,1.2437880520443798,26411.839285162405
East Windsor School District,470011.0,2021,22550.0,270.973,1.1881700390813843,26793.234381285216
East Windsor School District,470011.0,2022,24076.0,292.626,1.1002508321201807,26489.63903412547
East Windsor School District,470011.0,2023,25467.0,304.703,1.056642041594602,26909.50287328973
East Windsor School District,470011.0,2024,25949.0,313.698,1.026343808376209,26632.59548355425
East Windsor School District,470011.0,2025,27076.0,321.962,1.0,27076.0
Eastern Connecticut Regional Educational Service Center (EASTCONN),2530014.0,2018,38709.0,251.1,1.282206292313819,49632.92336917562
Eastern Connecticut Regional Educational Service Center (EASTCONN),2530014.0,2019,36866.0,255.653,1.2593711006716135,46427.974997359706
Eastern Connecticut Regional Educational Service Center (EASTCONN),2530014.0,2020,39298.0,258.856,1.2437880520443798,48878.38286924004
Eastern Connecticut Regional Educational Service Center (EASTCONN),2530014.0,2021,43131.0,270.973,1.1881700390813843,51246.96195561918
Eastern Connecticut Regional Educational Service Center (EASTCONN),2530014.0,2022,56455.0,292.626,1.1002508321201807,62114.6607273448
Eastern Connecticut Regional Educational Service Center (EASTCONN),2530014.0,2023,48531.0,304.703,1.056642041594602,51279.89492062763
Eastern Connecticut Regional Educational Service Center (EASTCONN),2530014.0,2024,48835.0,313.698,1.026343808376209,50121.49988205217
Eastern Connecticut Regional Educational Service Center (EASTCONN),2530014.0,2025,65316.0,321.962,1.0,65316.0
Eastford School District,390011.0,2007,13563.0,207.344,1.5527914962574272,21060.511063739486
Eastford School District,390011.0,2008,14827.0,215.254,1.4957306252148626,22177.19798006077
Eastford School District,390011.0,2009,14982.0,214.565,1.5005336378253675,22480.994961899654
Eastford School District,390011.0,2010,17081.0,218.076,1.4763752086428583,25217.964938828667
Eastford School District,390011.0,2011,16369.0,224.923,1.431432090093054,23431.1118827332
Eastford School District,390011.0,2012,17584.0,229.586,1.402359028860645,24659.08116348557
Eastford School District,390011.0,2013,19178.0,232.952,1.3820958824135443,26505.834832926957
Eastford School District,390011.0,2014,21839.0,236.715,1.3601250448851994,29703.77085524787
Eastford School District,390011.0,2015,24309.0,237.002,1.3584779875275312,33023.24139880676
Eastford School District,390011.0,2016,25137.0,240.005,1.3414803858252953,33720.79245849045
Eastford School District,390011.0,2017,24297.0,245.121,1.3134819130143889,31913.6700405106
Eastford School District,390011.0,2018,19620.0,251.1,1.282206292313819,25156.88745519713
Eastford School District,390011.0,2019,19207.0,255.653,1.2593711006716135,24188.74073059968
Eastford School District,390011.0,2020,20527.0,258.856,1.2437880520443798,25531.237344314985
Eastford School District,390011.0,2021,22596.0,270.973,1.1881700390813843,26847.89020308296
Eastford School District,390011.0,2022,22753.0,292.626,1.1002508321201807,25034.00718323047
Eastford School District,390011.0,2023,22321.0,304.703,1.056642041594602,23585.307010433116
Eastford School District,390011.0,2024,22285.0,313.698,1.026343808376209,22872.07176966382
Eastford School District,390011.0,2025,22476.0,321.962,1.0,22476.0
Easton School District,460011.0,2007,12121.0,207.344,1.5527914962574272,18821.385726136275
Easton School District,460011.0,2008,12670.0,215.254,1.4957306252148626,18950.907021472307
Easton School District,460011.0,2009,13443.0,214.565,1.5005336378253675,20171.67369328641
Easton School District,460011.0,2010,13873.0,218.076,1.4763752086428583,20481.753269502376
Easton School District,460011.0,2011,14359.0,224.923,1.431432090093054,20553.93338164616
Easton School District,460011.0,2012,15287.0,229.586,1.402359028860645,21437.86247419268
Easton School District,460011.0,2013,16068.0,232.952,1.3820958824135443,22207.51663862083
Easton School District,460011.0,2014,17431.0,236.715,1.3601250448851994,23708.33965739391
Easton School District,460011.0,2015,17990.0,237.002,1.3584779875275312,24439.01899562029
Easton School District,460011.0,2016,19888.0,240.005,1.3414803858252953,26679.361913293476
Easton School District,460011.0,2017,18855.0,245.121,1.3134819130143889,24765.7014698863
Easton School District,460011.0,2018,18907.0,251.1,1.282206292313819,24242.674368777374
Easton School District,460011.0,2019,19241.0,255.653,1.2593711006716135,24231.559348022514
Easton School District,460011.0,2020,19091.0,258.856,1.2437880520443798,23745.157701579254
Easton School District,460011.0,2021,20605.0,270.973,1.1881700390813843,24482.243655271923
Easton School District,460011.0,2022,20108.0,292.626,1.1002508321201807,22123.843732272595
Easton School District,460011.0,2023,20595.0,304.703,1.056642041594602,21761.54284664083
Easton School District,460011.0,2024,22599.0,313.698,1.026343808376209,23194.34372549395
Easton School District,460011.0,2025,23151.0,321.962,1.0,23151.0
EdAdvance,2420014.0,2018,12929.0,251.1,1.282206292313819,16577.645153325368
EdAdvance,2420014.0,2019,19387.0,255.653,1.2593711006716135,24415.42752872057
EdAdvance,2420014.0,2020,43471.0,258.856,1.2437880520443798,54068.710410421234
EdAdvance,2420014.0,2021,60116.0,270.973,1.1881700390813843,71428.0300694165
EdAdvance,2420014.0,2022,50946.0,292.626,1.1002508321201807,56053.37889319473
EdAdvance,2420014.0,2023,53258.0,304.703,1.056642041594602,56274.64185124532
EdAdvance,2420014.0,2024,59528.0,313.698,1.026343808376209,61096.194225018975
EdAdvance,2420014.0,2025,66937.0,321.962,1.0,66937.0
Ellington School District,480011.0,2007,10415.0,207.344,1.5527914962574272,16172.323433521104
Ellington School District,480011.0,2008,10768.0,215.254,1.4957306252148626,16106.02737231364
Ellington School District,480011.0,2009,11208.0,214.565,1.5005336378253675,16817.98101274672
Ellington School District,480011.0,2010,11021.0,218.076,1.4763752086428583,16271.131174452945
Ellington School District,480011.0,2011,11172.0,224.923,1.431432090093054,15991.959310519598
Ellington School District,480011.0,2012,11436.0,229.586,1.402359028860645,16037.377854050332
Ellington School District,480011.0,2013,11825.0,232.952,1.3820958824135443,16343.283809540162
Ellington School District,480011.0,2014,12804.0,236.715,1.3601250448851994,17415.041074710094
Ellington School District,480011.0,2015,13173.0,237.002,1.3584779875275312,17895.23052970017
Ellington School District,480011.0,2016,13632.0,240.005,1.3414803858252953,18287.060619570424
Ellington School District,480011.0,2017,14051.0,245.121,1.3134819130143889,18455.73435976517
Ellington School District,480011.0,2018,14292.0,251.1,1.282206292313819,18325.292329749103
Ellington School District,480011.0,2019,14520.0,255.653,1.2593711006716135,18286.06838175183
Ellington School District,480011.0,2020,15056.0,258.856,1.2437880520443798,18726.472911580186
Ellington School District,480011.0,2021,16216.0,270.973,1.1881700390813843,19267.365353743728
Ellington School District,480011.0,2022,16776.0,292.626,1.1002508321201807,18457.80795964815
Ellington School District,480011.0,2023,17833.0,304.703,1.056642041594602,18843.097527756538
Ellington School District,480011.0,2024,19106.0,313.698,1.026343808376209,19609.32480283585
Ellington School District,480011.0,2025,20298.0,321.962,1.0,20298.0
Elm City College Preparatory School,2810013.0,2007,9271.0,207.344,1.5527914962574272,14395.929961802609
Elm City College Preparatory School,2810013.0,2008,9253.0,215.254,1.4957306252148626,13839.995475113124
Elm City College Preparatory School District,2890013.0,2009,12930.0,214.565,1.5005336378253675,19401.899937082
Elm City College Preparatory School District,2890013.0,2010,11996.0,218.076,1.4763752086428583,17710.59700287973
Elm City College Preparatory School District,2890013.0,2011,13398.0,224.923,1.431432090093054,19178.327143066737
Elm City College Preparatory School District,2890013.0,2012,14287.0,229.586,1.402359028860645,20035.50344533203
Elm City College Preparatory School District,2890013.0,2013,14029.0,232.952,1.3820958824135443,19389.423134379613
Elm City College Preparatory School District,2890013.0,2014,13954.0,236.715,1.3601250448851994,18979.184876328072
Elm City College Preparatory School District,2890013.0,2015,15794.0,237.002,1.3584779875275312,21455.80133500983
Elm City College Preparatory School District,2890013.0,2016,14612.0,240.005,1.3414803858252953,19601.711397679213
Elm City College Preparatory School District,2890013.0,2017,15698.0,245.121,1.3134819130143889,20619.03907049987
Elm City College Preparatory School District,2890013.0,2018,16430.0,251.1,1.282206292313819,21066.64938271605
Elm City College Preparatory School District,2890013.0,2019,15370.0,255.653,1.2593711006716135,19356.5338173227
Elm City College Preparatory School District,2890013.0,2020,14786.0,258.856,1.2437880520443798,18390.6501375282
Elm City College Preparatory School District,2890013.0,2021,14674.0,270.973,1.1881700390813843,17435.207153480234
Elm City College Preparatory School District,2890013.0,2022,15651.0,292.626,1.1002508321201807,17220.02577351295
Elm City College Preparatory School District,2890013.0,2023,15732.0,304.703,1.056642041594602,16623.09259836628
Elm City College Preparatory School District,2890013.0,2024,16606.0,313.698,1.026343808376209,17043.46528189533
Elm City College Preparatory School District,2890013.0,2025,17239.0,321.962,1.0,17239.0
Elm City Montessori School District,2910013.0,2015,25129.0,237.002,1.3584779875275312,34137.193348579334
Elm City Montessori School District,2910013.0,2016,19955.0,240.005,1.3414803858252953,26769.24109914377
Elm City Montessori School District,2910013.0,2017,18767.0,245.121,1.3134819130143889,24650.115061541037
Elm City Montessori School District,2910013.0,2018,15248.0,251.1,1.282206292313819,19551.081545201112
Elm City Montessori School District,2910013.0,2019,16540.0,255.653,1.2593711006716135,20829.99800510849
Elm City Montessori School District,2910013.0,2020,15603.0,258.856,1.2437880520443798,19406.824976048458
Elm City Montessori School District,2910013.0,2021,16177.0,270.973,1.1881700390813843,19221.026722219554
Elm City Montessori School District,2910013.0,2022,13616.0,292.626,1.1002508321201807,14981.01533014838
Elm City Montessori School District,2910013.0,2023,17658.0,304.703,1.056642041594602,18658.18517047748
Elm City Montessori School District,2910013.0,2024,17804.0,313.698,1.026343808376209,18273.025164330025
Elm City Montessori School District,2910013.0,2025,18508.0,321.962,1.0,18508.0
Enfield School District,490011.0,2007,11105.0,207.344,1.5527914962574272,17243.749565938728
Enfield School District,490011.0,2008,11712.0,215.254,1.4957306252148626,17517.99708251647
Enfield School District,490011.0,2009,12089.0,214.565,1.5005336378253675,18139.95114767087
Enfield School District,490011.0,2010,12147.0,218.076,1.4763752086428583,17933.529659384803
Enfield School District,490011.0,2011,12381.0,224.923,1.431432090093054,17722.560707442102
Enfield School District,490011.0,2012,12754.0,229.586,1.402359028860645,17885.687054088663
Enfield School District,490011.0,2013,13310.0,232.952,1.3820958824135443,18395.69619492428
Enfield School District,490011.0,2014,14033.0,236.715,1.3601250448851994,19086.634754874
Enfield School District,490011.0,2015,14177.0,237.002,1.3584779875275312,19259.14242917781
Enfield School District,490011.0,2016,14371.0,240.005,1.3414803858252953,19278.41462469532
Enfield School District,490011.0,2017,14841.0,245.121,1.3134819130143889,19493.38507104654
Enfield School District,490011.0,2018,14911.0,251.1,1.282206292313819,19118.97802469136
Enfield School District,490011.0,2019,15819.0,255.653,1.2593711006716135,19921.991441524253
Enfield School District,490011.0,2020,16061.0,258.856,1.2437880520443798,19976.479903884785
Enfield School District,490011.0,2021,16601.0,270.973,1.1881700390813843,19724.81081879006
Enfield School District,490011.0,2022,18517.0,292.626,1.1002508321201807,20373.344658369388
Enfield School District,490011.0,2023,18637.0,304.703,1.056642041594602,19692.6377291986
Enfield School District,490011.0,2024,18781.0,313.698,1.026343808376209,19275.763065113584
Enfield School District,490011.0,2025,19405.0,321.962,1.0,19405.0
Essex School District,500011.0,2007,11083.0,207.344,1.5527914962574272,17209.588153021064
Essex School District,500011.0,2008,11469.0,215.254,1.4957306252148626,17154.53454058926
Essex School District,500011.0,2009,12090.0,214.565,1.5005336378253675,18141.45168130869
Essex School District,500011.0,2010,12621.0,218.076,1.4763752086428583,18633.33150828152
Essex School District,500011.0,2011,12974.0,224.923,1.431432090093054,18571.39993686728
Essex School District,500011.0,2012,14227.0,229.586,1.402359028860645,19951.36190360039
Essex School District,500011.0,2013,15547.0,232.952,1.3820958824135443,21487.44468388337
Essex School District,500011.0,2014,16112.0,236.715,1.3601250448851994,21914.33472319033
Essex School District,500011.0,2015,17944.0,237.002,1.3584779875275312,24376.529008194026
Essex School District,500011.0,2016,20887.0,240.005,1.3414803858252953,28019.500818732944
Essex School District,500011.0,2017,22616.0,245.121,1.3134819130143889,29705.70694473341
Essex School District,500011.0,2018,22014.0,251.1,1.282206292313819,28226.489318996413
Essex School District,500011.0,2019,23392.0,255.653,1.2593711006716135,29459.20878691038
Essex School District,500011.0,2020,21649.0,258.856,1.2437880520443798,26926.76753870878
Essex School District,500011.0,2021,24177.0,270.973,1.1881700390813843,28726.38703487063
Essex School District,500011.0,2022,25641.0,292.626,1.1002508321201807,28211.531586393558
Essex School District,500011.0,2023,27650.0,304.703,1.056642041594602,29216.152450090747
Essex School District,500011.0,2024,27679.0,313.698,1.026343808376209,28408.17027204509
Essex School District,500011.0,2025,28206.0,321.962,1.0,28206.0
Explorations District,2720013.0,2007,9440.0,207.344,1.5527914962574272,14658.351724670112
Explorations District,2720013.0,2008,10984.0,215.254,1.4957306252148626,16429.10518736005
Explorations District,2720013.0,2009,11634.0,214.565,1.5005336378253675,17457.208342460326
Explorations District,2720013.0,2010,12871.0,218.076,1.4763752086428583,19002.42531044223
Explorations District,2720013.0,2011,14056.0,224.923,1.431432090093054,20120.209458347967
Explorations District,2720013.0,2012,15382.0,229.586,1.402359028860645,21571.08658193444
Explorations District,2720013.0,2013,16881.0,232.952,1.3820958824135443,23331.160591023043
Explorations District,2720013.0,2014,15647.0,236.715,1.3601250448851994,21281.876577318715
Explorations District,2720013.0,2015,16088.0,237.002,1.3584779875275312,21855.193863342924
Explorations District,2720013.0,2016,20464.0,240.005,1.3414803858252953,27452.054615528843
Explorations District,2720013.0,2017,19815.0,245.121,1.3134819130143889,26026.64410638011
Explorations District,2720013.0,2018,19703.0,251.1,1.282206292313819,25263.31057745918
Explorations District,2720013.0,2019,21479.0,255.653,1.2593711006716135,27050.031871325587
Explorations District,2720013.0,2020,19005.0,258.856,1.2437880520443798,23638.19192910344
Explorations District,2720013.0,2021,20001.0,270.973,1.1881700390813843,23764.588951666767
Explorations District,2720013.0,2022,19608.0,292.626,1.1002508321201807,21573.718316212504
Explorations District,2720013.0,2023,19146.0,304.703,1.056642041594602,20230.468528370253
Explorations District,2720013.0,2024,19094.0,313.698,1.026343808376209,19597.008677135334
Explorations District,2720013.0,2025,22438.0,321.962,1.0,22438.0
Fairfield School District,510011.0,2007,13975.0,207.344,1.5527914962574272,21700.261160197544
Fairfield School District,510011.0,2008,14323.0,215.254,1.4957306252148626,21423.34974495248
Fairfield School District,510011.0,2009,14812.0,214.565,1.5005336378253675,22225.904243469344
Fairfield School District,510011.0,2010,14834.0,218.076,1.4763752086428583,21900.549845008165
Fairfield School District,510011.0,2011,14815.0,224.923,1.431432090093054,21206.6664147286
Fairfield School District,510011.0,2012,14981.0,229.586,1.402359028860645,21008.74061136132
Fairfield School District,510011.0,2013,15381.0,232.952,1.3820958824135443,21258.016767402725
Fairfield School District,510011.0,2014,15660.0,236.715,1.3601250448851994,21299.558202902223
Fairfield School District,510011.0,2015,16407.0,237.002,1.3584779875275312,22288.548341364203
Fairfield School District,510011.0,2016,17063.0,240.005,1.3414803858252953,22889.679823337014
Fairfield School District,510011.0,2017,17505.0,245.121,1.3134819130143889,22992.500887316877
Fairfield School District,510011.0,2018,17928.0,251.1,1.282206292313819,22987.394408602147
Fairfield School District,510011.0,2019,18942.0,255.653,1.2593711006716135,23855.007388921706
Fairfield School District,510011.0,2020,19596.0,258.856,1.2437880520443798,24373.270667861667
Fairfield School District,510011.0,2021,21132.0,270.973,1.1881700390813843,25108.409265867813
Fairfield School District,510011.0,2022,22012.0,292.626,1.1002508321201807,24218.721316629417
Fairfield School District,510011.0,2023,23083.0,304.703,1.056642041594602,24390.4682461282
Fairfield School District,510011.0,2024,24113.0,313.698,1.026343808376209,24748.22825137553
Fairfield School District,510011.0,2025,25369.0,321.962,1.0,25369.0
Farmington School District,520011.0,2007,11662.0,207.344,1.5527914962574272,18108.65442935412
Farmington School District,520011.0,2008,12270.0,215.254,1.4957306252148626,18352.614771386365
Farmington School District,520011.0,2009,12338.0,214.565,1.5005336378253675,18513.584023489384
Farmington School District,520011.0,2010,12972.0,218.076,1.4763752086428583,19151.53920651516
Farmington School District,520011.0,2011,13534.0,224.923,1.431432090093054,19373.00190731939
Farmington School District,520011.0,2012,14459.0,229.586,1.402359028860645,20276.709198296063
Farmington School District,520011.0,2013,14785.0,232.952,1.3820958824135443,20434.28762148425
Farmington School District,520011.0,2014,15518.0,236.715,1.3601250448851994,21106.42044652852
Farmington School District,520011.0,2015,16183.0,237.002,1.3584779875275312,21984.24927215804
Farmington School District,520011.0,2016,16613.0,240.005,1.3414803858252953,22286.01364971563
Farmington School District,520011.0,2017,16805.0,245.121,1.3134819130143889,22073.063548206803
Farmington School District,520011.0,2018,16714.0,251.1,1.282206292313819,21430.79596973317
Farmington School District,520011.0,2019,17503.0,255.653,1.2593711006716135,22042.77237505525
Farmington School District,520011.0,2020,17551.0,258.856,1.2437880520443798,21829.72410143091
Farmington School District,520011.0,2021,18734.0,270.973,1.1881700390813843,22259.17751215065
Farmington School District,520011.0,2022,19398.0,292.626,1.1002508321201807,21342.665641467265
Farmington School District,520011.0,2023,20158.0,304.703,1.056642041594602,21299.790274463987
Farmington School District,520011.0,2024,19986.0,313.698,1.026343808376209,20512.507354206915
Farmington School District,520011.0,2025,21032.0,321.962,1.0,21032.0
Franklin School District,530011.0,2007,12783.0,207.344,1.5527914962574272,19849.33369665869
Franklin School District,530011.0,2008,13605.0,215.254,1.4957306252148626,20349.41515604821
Franklin School District,530011.0,2009,14308.0,214.565,1.5005336378253675,21469.63529000536
Franklin School District,530011.0,2010,15001.0,218.076,1.4763752086428583,22147.104504851523
Franklin School District,530011.0,2011,13713.0,224.923,1.431432090093054,19629.22825144605
Franklin School District,530011.0,2012,15020.0,229.586,1.402359028860645,21063.43261348688
Franklin School District,530011.0,2013,14816.0,232.952,1.3820958824135443,20477.132593839076
Franklin School District,530011.0,2014,16672.0,236.715,1.3601250448851994,22676.00474832604
Franklin School District,530011.0,2015,17601.0,237.002,1.3584779875275312,23910.57105847208
Franklin School District,530011.0,2016,17307.0,240.005,1.3414803858252953,23217.001037478385
Franklin School District,530011.0,2017,18200.0,245.121,1.3134819130143889,23905.370816861872
Franklin School District,530011.0,2018,16590.0,251.1,1.282206292313819,21271.80238948626
Franklin School District,530011.0,2019,18694.0,255.653,1.2593711006716135,23542.68335595514
Franklin School District,530011.0,2020,19464.0,258.856,1.2437880520443798,24209.090644991807
Franklin School District,530011.0,2021,23641.0,270.973,1.1881700390813843,28089.527893923005
Franklin School District,530011.0,2022,21691.0,292.626,1.1002508321201807,23865.54079951884
Franklin School District,530011.0,2023,20287.0,304.703,1.056642041594602,21436.097097829694
Franklin School District,530011.0,2024,19849.0,313.698,1.026343808376209,20371.89825245937
Franklin School District,530011.0,2025,23258.0,321.962,1.0,23258.0
Glastonbury School District,540011.0,2007,10922.0,207.344,1.5527914962574272,16959.58872212362
Glastonbury School District,540011.0,2008,11391.0,215.254,1.4957306252148626,17037.8675518225
Glastonbury School District,540011.0,2009,12115.0,214.565,1.5005336378253675,18178.965022254328
Glastonbury School District,540011.0,2010,12547.0,218.076,1.4763752086428583,18524.079742841943
Glastonbury School District,540011.0,2011,13011.0,224.923,1.431432090093054,18624.362924200726
Glastonbury School District,540011.0,2012,13538.0,229.586,1.402359028860645,18985.13653271541
Glastonbury School District,540011.0,2013,13841.0,232.952,1.3820958824135443,19129.589108485867
Glastonbury School District,540011.0,2014,14767.0,236.715,1.3601250448851994,20084.96653781974
Glastonbury School District,540011.0,2015,15741.0,237.002,1.3584779875275312,21383.80200167087
Glastonbury School District,540011.0,2016,16300.0,240.005,1.3414803858252953,21866.130288952318
Glastonbury School District,540011.0,2017,16758.0,245.121,1.3134819130143889,22011.329898295124
Glastonbury School District,540011.0,2018,17791.0,251.1,1.282206292313819,22811.732146555158
Glastonbury School District,540011.0,2019,17874.0,255.653,1.2593711006716135,22509.99905340442
Glastonbury School District,540011.0,2020,18466.0,258.856,1.2437880520443798,22967.79016905152
Glastonbury School District,540011.0,2021,19354.0,270.973,1.1881700390813843,22995.842936381112
Glastonbury School District,540011.0,2022,20268.0,292.626,1.1002508321201807,22299.883865411823
Glastonbury School District,540011.0,2023,20782.0,304.703,1.056642041594602,21959.13490841902
Glastonbury School District,540011.0,2024,21545.0,313.698,1.026343808376209,22112.577351465425
Glastonbury School District,540011.0,2025,22603.0,321.962,1.0,22603.0
Goodwin University Educational Services (GUES),2310018.0,2022,16850.0,292.626,1.1002508321201807,18539.22652122505
Goodwin University Educational Services (GUES),2310018.0,2023,17580.0,304.703,1.056642041594602,18575.767091233105
Goodwin University Educational Services (GUES),2310018.0,2024,20132.0,313.698,1.026343808376209,20662.35355022984
Goodwin University Educational Services (GUES),2310018.0,2025,22900.0,321.962,1.0,22900.0
Granby School District,560011.0,2007,10693.0,207.344,1.5527914962574272,16603.99946948067
Granby School District,560011.0,2008,11270.0,215.254,1.4957306252148626,16856.884146171502
Granby School District,560011.0,2009,11870.0,214.565,1.5005336378253675,17811.334280987114
Granby School District,560011.0,2010,12014.0,218.076,1.4763752086428583,17737.171756635304
Granby School District,560011.0,2011,12263.0,224.923,1.431432090093054,17553.65172081112
Granby School District,560011.0,2012,12710.0,229.586,1.402359028860645,17823.983256818792
Granby School District,560011.0,2013,13205.0,232.952,1.3820958824135443,18250.57612727085
Granby School District,560011.0,2014,13645.0,236.715,1.3601250448851994,18558.906237458545
Granby School District,560011.0,2015,14656.0,237.002,1.3584779875275312,19909.853385203496
Granby School District,560011.0,2016,14888.0,240.005,1.3414803858252953,19971.959984166995
Granby School District,560011.0,2017,15353.0,245.121,1.3134819130143889,20165.88781050991
Granby School District,560011.0,2018,15519.0,251.1,1.282206292313819,19898.55945041816
Granby School District,560011.0,2019,16305.0,255.653,1.2593711006716135,20534.045796450657
Granby School District,560011.0,2020,17036.0,258.856,1.2437880520443798,21189.17325462805
Granby School District,560011.0,2021,19026.0,270.973,1.1881700390813843,22606.123163562417
Granby School District,560011.0,2022,19021.0,292.626,1.1002508321201807,20927.87107775796
Granby School District,560011.0,2023,20372.0,304.703,1.056642041594602,21525.911671365237
Granby School District,560011.0,2024,20961.0,313.698,1.026343808376209,21513.19256737372
Granby School District,560011.0,2025,22065.0,321.962,1.0,22065.0
Great Oaks Charter School District,2940013.0,2015,15378.0,237.002,1.3584779875275312,20890.674492198374
Great Oaks Charter School District,2940013.0,2016,18182.0,240.005,1.3414803858252953,24390.79637507552
Great Oaks Charter School District,2940013.0,2017,18515.0,245.121,1.3134819130143889,24319.117619461405
Great Oaks Charter School District,2940013.0,2018,13667.0,251.1,1.282206292313819,17523.913397052966
Great Oaks Charter School District,2940013.0,2019,14322.0,255.653,1.2593711006716135,18036.71290381885
Great Oaks Charter School District,2940013.0,2020,15439.0,258.856,1.2437880520443798,19202.84373551318
Great Oaks Charter School District,2940013.0,2021,14297.0,270.973,1.1881700390813843,16987.26704874655
Great Oaks Charter School District,2940013.0,2022,15492.0,292.626,1.1002508321201807,17045.08589120584
Great Oaks Charter School District,2940013.0,2023,17634.0,304.703,1.056642041594602,18632.825761479213
Great Oaks Charter School District,2940013.0,2024,17851.0,313.698,1.026343808376209,18321.26332332371
Great Oaks Charter School District,2940013.0,2025,19046.0,321.962,1.0,19046.0
Greenwich School District,570011.0,2007,17120.0,207.344,1.5527914962574272,26583.790415927157
Greenwich School District,570011.0,2008,17328.0,215.254,1.4957306252148626,25918.020273723138
Greenwich School District,570011.0,2009,17909.0,214.565,1.5005336378253675,26873.056919814506
Greenwich School District,570011.0,2010,18020.0,218.076,1.4763752086428583,26604.28125974431
Greenwich School District,570011.0,2011,18698.0,224.923,1.431432090093054,26764.917220559924
Greenwich School District,570011.0,2012,18196.0,229.586,1.402359028860645,25517.32488914829
Greenwich School District,570011.0,2013,18494.0,232.952,1.3820958824135443,25560.48124935609
Greenwich School District,570011.0,2014,21059.0,236.715,1.3601250448851994,28642.873320237413
Greenwich School District,570011.0,2015,21964.0,237.002,1.3584779875275312,29837.61051805469
Greenwich School District,570011.0,2016,21518.0,240.005,1.3414803858252953,28865.974942188703
Greenwich School District,570011.0,2017,21502.0,245.121,1.3134819130143889,28242.488093635384
Greenwich School District,570011.0,2018,21672.0,251.1,1.282206292313819,27787.974767025087
Greenwich School District,570011.0,2019,22370.0,255.653,1.2593711006716135,28172.131522024
Greenwich School District,570011.0,2020,22645.0,258.856,1.2437880520443798,28165.58043854498
Greenwich School District,570011.0,2021,24309.0,270.973,1.1881700390813843,28883.22548002937
Greenwich School District,570011.0,2022,26379.0,292.626,1.1002508321201807,29023.516700498247
Greenwich School District,570011.0,2023,27093.0,304.703,1.056642041594602,28627.60283292256
Greenwich School District,570011.0,2024,27791.0,313.698,1.026343808376209,28523.120778583227
Greenwich School District,570011.0,2025,29025.0,321.962,1.0,29025.0
Griswold School District,580011.0,2007,10647.0,207.344,1.5527914962574272,16532.571060652826
Griswold School District,580011.0,2008,11098.0,215.254,1.4957306252148626,16599.618478634544
Griswold School District,580011.0,2009,11729.0,214.565,1.5005336378253675,17599.759038053737
Griswold School District,580011.0,2010,12854.0,218.076,1.4763752086428583,18977.326931895303
Griswold School District,580011.0,2011,13507.0,224.923,1.431432090093054,19334.35324088688
Griswold School District,580011.0,2012,13082.0,229.586,1.402359028860645,18345.660815554955
Griswold School District,580011.0,2013,13067.0,232.952,1.3820958824135443,18059.846895497783
Griswold School District,580011.0,2014,13380.0,236.715,1.3601250448851994,18198.47310056397
Griswold School District,580011.0,2015,14423.0,237.002,1.3584779875275312,19593.328014109586
Griswold School District,580011.0,2016,14291.0,240.005,1.3414803858252953,19171.096193829293
Griswold School District,580011.0,2017,15185.0,245.121,1.3134819130143889,19945.222849123493
Griswold School District,580011.0,2018,15982.0,251.1,1.282206292313819,20492.220963759457
Griswold School District,580011.0,2019,15908.0,255.653,1.2593711006716135,20034.07546948403
Griswold School District,580011.0,2020,15945.0,258.856,1.2437880520443798,19832.20048984764
Griswold School District,580011.0,2021,17442.0,270.973,1.1881700390813843,20724.061821657506
Griswold School District,580011.0,2022,17662.0,292.626,1.1002508321201807,19432.630196906637
Griswold School District,580011.0,2023,17798.0,304.703,1.056642041594602,18806.11505630073
Griswold School District,580011.0,2024,19279.0,313.698,1.026343808376209,19786.88228168493
Griswold School District,580011.0,2025,19341.0,321.962,1.0,19341.0
Groton School District,590011.0,2007,13194.0,207.344,1.5527914962574272,20487.531001620493
Groton School District,590011.0,2008,13724.0,215.254,1.4957306252148626,20527.40710044877
Groton School District,590011.0,2009,14094.0,214.565,1.5005336378253675,21148.52109151073
Groton School District,590011.0,2010,14666.0,218.076,1.4763752086428583,21652.518809956164
Groton School District,590011.0,2011,14850.0,224.923,1.431432090093054,21256.766537881853
Groton School District,590011.0,2012,14902.0,229.586,1.402359028860645,20897.954248081325
Groton School District,590011.0,2013,15184.0,232.952,1.3820958824135443,20985.743878567257
Groton School District,590011.0,2014,15315.0,236.715,1.3601250448851994,20830.315062416827
Groton School District,590011.0,2015,15842.0,237.002,1.3584779875275312,21521.00827841115
Groton School District,590011.0,2016,16092.0,240.005,1.3414803858252953,21587.102368700653
Groton School District,590011.0,2017,16454.0,245.121,1.3134819130143889,21612.031396738752
Groton School District,590011.0,2018,16776.0,251.1,1.282206292313819,21510.292759856628
Groton School District,590011.0,2019,16945.0,255.653,1.2593711006716135,21340.04330088049
Groton School District,590011.0,2020,17068.0,258.856,1.2437880520443798,21228.974472293477
Groton School District,590011.0,2021,18359.0,270.973,1.1881700390813843,21813.613747495136
Groton School District,590011.0,2022,18980.0,292.626,1.1002508321201807,20882.76079364103
Groton School District,590011.0,2023,19706.0,304.703,1.056642041594602,20822.18807166323
Groton School District,590011.0,2024,20055.0,313.698,1.026343808376209,20583.325076984875
Groton School District,590011.0,2025,21725.0,321.962,1.0,21725.0
Guilford School District,600011.0,2007,11884.0,207.344,1.5527914962574272,18453.374141523265
Guilford School District,600011.0,2008,12468.0,215.254,1.4957306252148626,18648.769435178907
Guilford School District,600011.0,2009,13320.0,214.565,1.5005336378253675,19987.10805583389
Guilford School District,600011.0,2010,13736.0,218.076,1.4763752086428583,20279.489865918305
Guilford School District,600011.0,2011,14081.0,224.923,1.431432090093054,20155.99526060029
Guilford School District,600011.0,2012,14458.0,229.586,1.402359028860645,20275.3068392672
Guilford School District,600011.0,2013,15312.0,232.952,1.3820958824135443,21162.65215151619
Guilford School District,600011.0,2014,15963.0,236.715,1.3601250448851994,21711.67609150244
Guilford School District,600011.0,2015,17084.0,237.002,1.3584779875275312,23208.237938920345
Guilford School District,600011.0,2016,17493.0,240.005,1.3414803858252953,23466.51638924189
Guilford School District,600011.0,2017,17771.0,245.121,1.3134819130143889,23341.8870761787
Guilford School District,600011.0,2018,17996.0,251.1,1.282206292313819,23074.58443647949
Guilford School District,600011.0,2019,18565.0,255.653,1.2593711006716135,23380.224483968505
Guilford School District,600011.0,2020,19123.0,258.856,1.2437880520443798,23784.95891924468
Guilford School District,600011.0,2021,20702.0,270.973,1.1881700390813843,24597.49614906282
Guilford School District,600011.0,2022,20657.0,292.626,1.1002508321201807,22727.88143910657
Guilford School District,600011.0,2023,21532.0,304.703,1.056642041594602,22751.61643961497
Guilford School District,600011.0,2024,22568.0,313.698,1.026343808376209,23162.527067434286
Guilford School District,600011.0,2025,23841.0,321.962,1.0,23841.0
Hamden School District,620011.0,2007,13014.0,207.344,1.5527914962574272,20208.02853229416
Hamden School District,620011.0,2008,13460.0,215.254,1.4957306252148626,20132.53421539205
Hamden School District,620011.0,2009,14612.0,214.565,1.5005336378253675,21925.79751590427
Hamden School District,620011.0,2010,15412.0,218.076,1.4763752086428583,22753.894715603736
Hamden School District,620011.0,2011,15662.0,224.923,1.431432090093054,22419.08939503741
Hamden School District,620011.0,2012,15839.0,229.586,1.402359028860645,22211.96465812375
Hamden School District,620011.0,2013,16270.0,232.952,1.3820958824135443,22486.700006868366
Hamden School District,620011.0,2014,16908.0,236.715,1.3601250448851994,22996.994258918952
Hamden School District,620011.0,2015,18079.0,237.002,1.3584779875275312,24559.92353651024
Hamden School District,620011.0,2016,19128.0,240.005,1.3414803858252953,25659.836820066248
Hamden School District,620011.0,2017,19552.0,245.121,1.3134819130143889,25681.19836325733
Hamden School District,620011.0,2018,19374.0,251.1,1.282206292313819,24841.46470728793
Hamden School District,620011.0,2019,20210.0,255.653,1.2593711006716135,25451.889944573308
Hamden School District,620011.0,2020,20172.0,258.856,1.2437880520443798,25089.692585839228
Hamden School District,620011.0,2021,21734.0,270.973,1.1881700390813843,25823.687629394808
Hamden School District,620011.0,2022,22231.0,292.626,1.1002508321201807,24459.676248863736
Hamden School District,620011.0,2023,23255.0,304.703,1.056642041594602,24572.21067728247
Hamden School District,620011.0,2024,23244.0,313.698,1.026343808376209,23856.335481896604
Hamden School District,620011.0,2025,24882.0,321.962,1.0,24882.0
Hampton School District,630011.0,2007,13632.0,207.344,1.5527914962574272,21167.65367698125
Hampton School District,630011.0,2008,15484.0,215.254,1.4957306252148626,23159.89300082693
Hampton School District,630011.0,2009,18135.0,214.565,1.5005336378253675,27212.17752196304
Hampton School District,630011.0,2010,18396.0,218.076,1.4763752086428583,27159.398338194027
Hampton School District,630011.0,2011,19402.0,224.923,1.431432090093054,27772.64541198543
Hampton School District,630011.0,2012,24487.0,229.586,1.402359028860645,34339.56553971061
Hampton School District,630011.0,2013,22542.0,232.952,1.3820958824135443,31155.205381366115
Hampton School District,630011.0,2014,22490.0,236.715,1.3601250448851994,30589.21225946813
Hampton School District,630011.0,2015,23624.0,237.002,1.3584779875275312,32092.6839773504
Hampton School District,630011.0,2016,23845.0,240.005,1.3414803858252953,31987.599800004165
Hampton School District,630011.0,2017,24951.0,245.121,1.3134819130143889,32772.68721162201
Hampton School District,630011.0,2018,25248.0,251.1,1.282206292313819,32373.144468339306
Hampton School District,630011.0,2019,24479.0,255.653,1.2593711006716135,30828.14517334043
Hampton School District,630011.0,2020,25807.0,258.856,1.2437880520443798,32098.43825910931
Hampton School District,630011.0,2021,30111.0,270.973,1.1881700390813843,35776.98804677956
Hampton School District,630011.0,2022,28701.0,292.626,1.1002508321201807,31578.299132681303
Hampton School District,630011.0,2023,30664.0,304.703,1.056642041594602,32400.87156345688
Hampton School District,630011.0,2024,28863.0,313.698,1.026343808376209,29623.361341162523
Hampton School District,630011.0,2025,27773.0,321.962,1.0,27773.0
Hartford School District,640011.0,2007,15428.0,207.344,1.5527914962574272,23956.467204259585
Hartford School District,640011.0,2008,15492.0,215.254,1.4957306252148626,23171.85884582865
Hartford School District,640011.0,2009,15951.0,214.565,1.5005336378253675,23935.01205695244
Hartford School District,640011.0,2010,16876.0,218.076,1.4763752086428583,24915.30802105688
Hartford School District,640011.0,2011,16999.0,224.923,1.431432090093054,24332.914099491823
Hartford School District,640011.0,2012,16961.0,229.586,1.402359028860645,23785.411488505397
Hartford School District,640011.0,2013,16735.0,232.952,1.3820958824135443,23129.374592190663
Hartford School District,640011.0,2014,17236.0,236.715,1.3601250448851994,23443.11527364129
Hartford School District,640011.0,2017,17324.0,245.121,1.3134819130143889,22754.760661061267
Hartford School District,640011.0,2018,16959.0,251.1,1.282206292313819,21744.936511350057
Hartford School District,640011.0,2019,17261.0,255.653,1.2593711006716135,21738.00456869272
Hartford School District,640011.0,2020,17496.0,258.856,1.2437880520443798,21761.315758568468
Hartford School District,640011.0,2021,18702.0,270.973,1.1881700390813843,22221.156070900048
Hartford School District,640011.0,2022,20673.0,292.626,1.1002508321201807,22745.485452420497
Hartford School District,640011.0,2023,22167.0,304.703,1.056642041594602,23422.584136027544
Hartford School District,640011.0,2024,23095.0,313.698,1.026343808376209,23703.41025444855
Hartford School District,640011.0,2025,21366.0,321.962,1.0,21366.0
Hartland School District,650011.0,2007,9691.0,207.344,1.5527914962574272,15048.102390230726
Hartland School District,650011.0,2008,10347.0,215.254,1.4957306252148626,15476.324779098182
Hartland School District,650011.0,2009,10709.0,214.565,1.5005336378253675,16069.21472747186
Hartland School District,650011.0,2010,10836.0,218.076,1.4763752086428583,15998.001760854017
Hartland School District,650011.0,2011,13760.0,224.923,1.431432090093054,19696.505559680423
Hartland School District,650011.0,2012,14044.0,229.586,1.402359028860645,19694.730201318893
Hartland School District,650011.0,2013,15210.0,232.952,1.3820958824135443,21021.67837151001
Hartland School District,650011.0,2014,18863.0,236.715,1.3601250448851994,25656.03872166952
Hartland School District,650011.0,2015,17460.0,237.002,1.3584779875275312,23719.02566223069
Hartland School District,650011.0,2016,17704.0,240.005,1.3414803858252953,23749.568750651026
Hartland School District,650011.0,2017,17931.0,245.121,1.3134819130143889,23552.044182261005
Hartland School District,650011.0,2018,20810.0,251.1,1.282206292313819,26682.712943050574
Hartland School District,650011.0,2019,21617.0,255.653,1.2593711006716135,27223.825083218268
Hartland School District,650011.0,2020,22620.0,258.856,1.2437880520443798,28134.48573724387
Hartland School District,650011.0,2021,23619.0,270.973,1.1881700390813843,28063.388153063217
Hartland School District,650011.0,2022,24271.0,292.626,1.1002508321201807,26704.187946388905
Hartland School District,650011.0,2023,29381.0,304.703,1.056642041594602,31045.199824091003
Hartland School District,650011.0,2024,31190.0,313.698,1.026343808376209,32011.663383253963
Hartland School District,650011.0,2025,30256.0,321.962,1.0,30256.0
Hebron School District,670011.0,2007,9119.0,207.344,1.5527914962574272,14159.905654371478
Hebron School District,670011.0,2008,9585.0,215.254,1.4957306252148626,14336.578042684458
Hebron School District,670011.0,2009,10311.0,214.565,1.5005336378253675,15472.002339617364
Hebron School District,670011.0,2010,10635.0,218.076,1.4763752086428583,15701.2503439168
Hebron School District,670011.0,2011,10828.0,224.923,1.431432090093054,15499.546671527589
Hebron School District,670011.0,2012,11621.0,229.586,1.402359028860645,16296.814274389551
Hebron School District,670011.0,2013,13011.0,232.952,1.3820958824135443,17982.449526082626
Hebron School District,670011.0,2014,13816.0,236.715,1.3601250448851994,18791.487620133918
Hebron School District,670011.0,2015,15487.0,237.002,1.3584779875275312,21038.74859283888
Hebron School District,670011.0,2016,16077.0,240.005,1.3414803858252953,21566.98016291327
Hebron School District,670011.0,2017,17052.0,245.121,1.3134819130143889,22397.493580721355
Hebron School District,670011.0,2018,16070.0,251.1,1.282206292313819,20605.055117483076
Hebron School District,670011.0,2019,17351.0,255.653,1.2593711006716135,21851.347967753165
Hebron School District,670011.0,2020,17631.0,258.856,1.2437880520443798,21929.22714559446
Hebron School District,670011.0,2021,18842.0,270.973,1.1881700390813843,22387.499876371443
Hebron School District,670011.0,2022,18663.0,292.626,1.1002508321201807,20533.981279858934
Hebron School District,670011.0,2023,18902.0,304.703,1.056642041594602,19972.647870221168
Hebron School District,670011.0,2024,19816.0,313.698,1.026343808376209,20338.02890678296
Hebron School District,670011.0,2025,21439.0,321.962,1.0,21439.0
Highville Charter School District,2860013.0,2008,9116.0,215.254,1.4957306252148626,13635.080379458686
Highville Charter School District,2860013.0,2009,9830.0,214.565,1.5005336378253675,14750.245659823362
Highville Charter School District,2860013.0,2010,10600.0,218.076,1.4763752086428583,15649.5772116143
Highville Charter School District,2860013.0,2011,10810.0,224.923,1.431432090093054,15473.780893905912
Highville Charter School District,2860013.0,2012,10223.0,229.586,1.402359028860645,14336.316352042371
Highville Charter School District,2860013.0,2013,11898.0,232.952,1.3820958824135443,16444.17680895635
Highville Charter School District,2860013.0,2014,11899.0,236.715,1.3601250448851994,16184.127909088988
Highville Charter School District,2860013.0,2015,11480.0,237.002,1.3584779875275312,15595.327296816058
Highville Charter School District,2860013.0,2016,11773.0,240.005,1.3414803858252953,15793.2485823212
Highville Charter School District,2860013.0,2017,10402.0,245.121,1.3134819130143889,13662.83885917567
Highville Charter School District,2860013.0,2018,10665.0,251.1,1.282206292313819,13674.73010752688
Highville Charter School District,2860013.0,2019,9922.0,255.653,1.2593711006716135,12495.480060863749
Highville Charter School District,2860013.0,2020,10385.0,258.856,1.2437880520443798,12916.738920480884
Highville Charter School District,2860013.0,2021,11493.0,270.973,1.1881700390813843,13655.63825916235
Highville Charter School District,2860013.0,2022,11861.0,292.626,1.1002508321201807,13050.075119777464
Highville Charter School District,2860013.0,2023,11735.0,304.703,1.056642041594602,12399.694358112656
Highville Charter School District,2860013.0,2024,13203.0,313.698,1.026343808376209,13550.817301991088
Highville Charter School District,2860013.0,2025,13457.0,321.962,1.0,13457.0
Highville Mustard Seed Charter School District,,2007,10270.0,207.344,1.5527914962574272,15947.168666563775
Integrated Day Charter School District,2640013.0,2007,8783.0,207.344,1.5527914962574272,13638.167711628985
Integrated Day Charter School District,2640013.0,2008,9205.0,215.254,1.4957306252148626,13768.20040510281
Integrated Day Charter School District,2640013.0,2009,9548.0,214.565,1.5005336378253675,14327.09517395661
Integrated Day Charter School District,2640013.0,2010,9695.0,218.076,1.4763752086428583,14313.457647792511
Integrated Day Charter School District,2640013.0,2011,9913.0,224.923,1.431432090093054,14189.786309092444
Integrated Day Charter School District,2640013.0,2012,10171.0,229.586,1.402359028860645,14263.393682541617
Integrated Day Charter School District,2640013.0,2013,10305.0,232.952,1.3820958824135443,14242.498068271574
Integrated Day Charter School District,2640013.0,2014,11343.0,236.715,1.3601250448851994,15427.898384132815
Integrated Day Charter School District,2640013.0,2015,12245.0,237.002,1.3584779875275312,16634.56295727462
Integrated Day Charter School District,2640013.0,2016,12715.0,240.005,1.3414803858252953,17056.92310576863
Integrated Day Charter School District,2640013.0,2017,12374.0,245.121,1.3134819130143889,16253.025191640045
Integrated Day Charter School District,2640013.0,2018,11932.0,251.1,1.282206292313819,15299.28547988849
Integrated Day Charter School District,2640013.0,2019,11951.0,255.653,1.2593711006716135,15050.744024126452
Integrated Day Charter School District,2640013.0,2020,12210.0,258.856,1.2437880520443798,15186.652115461877
Integrated Day Charter School District,2640013.0,2021,12552.0,270.973,1.1881700390813843,14913.910330549536
Integrated Day Charter School District,2640013.0,2022,13524.0,292.626,1.1002508321201807,14879.792253593325
Integrated Day Charter School District,2640013.0,2023,14674.0,304.703,1.056642041594602,15505.165318359192
Integrated Day Charter School District,2640013.0,2024,14835.0,313.698,1.026343808376209,15225.810397261062
Integrated Day Charter School District,2640013.0,2025,16190.0,321.962,1.0,16190.0
Interdistrict School for Arts and Comm District,2650013.0,2007,9209.0,207.344,1.5527914962574272,14299.656889034646
Interdistrict School for Arts and Comm District,2650013.0,2008,9991.0,215.254,1.4957306252148626,14943.844676521692
Interdistrict School for Arts and Comm District,2650013.0,2009,11357.0,214.565,1.5005336378253675,17041.5605247827
Interdistrict School for Arts and Comm District,2650013.0,2010,11697.0,218.076,1.4763752086428583,17269.160815495517
Interdistrict School for Arts and Comm District,2650013.0,2011,12075.0,224.923,1.431432090093054,17284.542487873627
Interdistrict School for Arts and Comm District,2650013.0,2012,12808.0,229.586,1.402359028860645,17961.414441647135
Interdistrict School for Arts and Comm District,2650013.0,2013,13371.0,232.952,1.3820958824135443,18480.0040437515
Interdistrict School for Arts and Comm District,2650013.0,2014,13688.0,236.715,1.3601250448851994,18617.39161438861
Interdistrict School for Arts and Comm District,2650013.0,2015,13032.0,237.002,1.3584779875275312,17703.68513345879
Interdistrict School for Arts and Comm District,2650013.0,2016,13531.0,240.005,1.3414803858252953,18151.571100602072
Interdistrict School for Arts and Comm District,2650013.0,2017,13490.0,245.121,1.3134819130143889,17718.871006564103
Interdistrict School for Arts and Comm District,2650013.0,2018,12326.0,251.1,1.282206292313819,15804.474759060136
Interdistrict School for Arts and Comm District,2650013.0,2019,13271.0,255.653,1.2593711006716135,16713.113877012984
Interdistrict School for Arts and Comm District,2650013.0,2020,14593.0,258.856,1.2437880520443798,18150.599043483635
Interdistrict School for Arts and Comm District,2650013.0,2021,15092.0,270.973,1.1881700390813843,17931.86222981625
Interdistrict School for Arts and Comm District,2650013.0,2022,16740.0,292.626,1.1002508321201807,18418.198929691825
Interdistrict School for Arts and Comm District,2650013.0,2023,16897.0,304.703,1.056642041594602,17854.08057682399
Interdistrict School for Arts and Comm District,2650013.0,2024,17438.0,313.698,1.026343808376209,17897.383330464334
Interdistrict School for Arts and Comm District,2650013.0,2025,18268.0,321.962,1.0,18268.0
Jumoke Academy District,2610013.0,2007,9036.0,207.344,1.5527914962574272,14031.023960182112
Jumoke Academy District,2610013.0,2008,10201.0,215.254,1.4957306252148626,15257.948107816814
Jumoke Academy District,2610013.0,2009,10586.0,214.565,1.5005336378253675,15884.64909001934
Jumoke Academy District,2610013.0,2010,9850.0,218.076,1.4763752086428583,14542.295805132157
Jumoke Academy District,2610013.0,2011,10877.0,224.923,1.431432090093054,15569.686843942149
Jumoke Academy District,2610013.0,2012,10639.0,229.586,1.402359028860645,14919.6977080484
Jumoke Academy District,2610013.0,2013,12172.0,232.952,1.3820958824135443,16822.871080737663
Jumoke Academy District,2610013.0,2014,10570.0,236.715,1.3601250448851994,14376.521724436558
Jumoke Academy District,2610013.0,2015,11900.0,237.002,1.3584779875275312,16165.888051577622
Jumoke Academy District,2610013.0,2016,12172.0,240.005,1.3414803858252953,16328.499256265492
Jumoke Academy District,2610013.0,2017,12202.0,245.121,1.3134819130143889,16027.10630260157
Jumoke Academy District,2610013.0,2018,12325.0,251.1,1.282206292313819,15803.19255276782
Jumoke Academy District,2610013.0,2019,12845.0,255.653,1.2593711006716135,16176.621788126877
Jumoke Academy District,2610013.0,2020,13303.0,258.856,1.2437880520443798,16546.112456346385
Jumoke Academy District,2610013.0,2021,15128.0,270.973,1.1881700390813843,17974.63635122318
Jumoke Academy District,2610013.0,2022,14614.0,292.626,1.1002508321201807,16079.06566060432
Jumoke Academy District,2610013.0,2023,15035.0,304.703,1.056642041594602,15886.613095374842
Jumoke Academy District,2610013.0,2024,17124.0,313.698,1.026343808376209,17575.111374634205
Jumoke Academy District,2610013.0,2025,20204.0,321.962,1.0,20204.0
Kent School District,680011.0,2007,14922.0,207.344,1.5527914962574272,23170.75470715333
Kent School District,680011.0,2008,16989.0,215.254,1.4957306252148626,25410.9675917753
Kent School District,680011.0,2009,15929.0,214.565,1.5005336378253675,23902.00031692028
Kent School District,680011.0,2010,17181.0,218.076,1.4763752086428583,25365.602459692956
Kent School District,680011.0,2011,16807.0,224.923,1.431432090093054,24058.07913819396
Kent School District,680011.0,2012,18318.0,229.586,1.402359028860645,25688.41269066929
Kent School District,680011.0,2013,19672.0,232.952,1.3820958824135443,27188.590198839243
Kent School District,680011.0,2014,20118.0,236.715,1.3601250448851994,27362.99565300044
Kent School District,680011.0,2015,22168.0,237.002,1.3584779875275312,30114.740027510317
Kent School District,680011.0,2016,24046.0,240.005,1.3414803858252953,32257.23735755505
Kent School District,680011.0,2017,24241.0,245.121,1.3134819130143889,31840.1150533818
Kent School District,680011.0,2018,25923.0,251.1,1.282206292313819,33238.633715651136
Kent School District,680011.0,2019,27281.0,255.653,1.2593711006716135,34356.90299742229
Kent School District,680011.0,2020,27381.0,258.856,1.2437880520443798,34056.16065302716
Kent School District,680011.0,2021,27914.0,270.973,1.1881700390813843,33166.57847091776
Kent School District,680011.0,2022,28230.0,292.626,1.1002508321201807,31060.0809907527
Kent School District,680011.0,2023,31197.0,304.703,1.056642041594602,32964.0617716268
Kent School District,680011.0,2024,31348.0,313.698,1.026343808376209,32173.825704977404
Kent School District,680011.0,2025,35130.0,321.962,1.0,35130.0
Killingly School District,690011.0,2007,12339.0,207.344,1.5527914962574272,19159.894272320395
Killingly School District,690011.0,2008,13115.0,215.254,1.4957306252148626,19616.507149692923
Killingly School District,690011.0,2009,13533.0,214.565,1.5005336378253675,20306.721720690697
Killingly School District,690011.0,2010,14275.0,218.076,1.4763752086428583,21075.256103376807
Killingly School District,690011.0,2011,14449.0,224.923,1.431432090093054,20682.762269754538
Killingly School District,690011.0,2012,14570.0,229.586,1.402359028860645,20432.371050499594
Killingly School District,690011.0,2013,14953.0,232.952,1.3820958824135443,20666.479729729726
Killingly School District,690011.0,2014,15958.0,236.715,1.3601250448851994,21704.87546627801
Killingly School District,690011.0,2015,16925.0,237.002,1.3584779875275312,22992.239938903465
Killingly School District,690011.0,2016,17108.0,240.005,1.3414803858252953,22950.046440699152
Killingly School District,690011.0,2017,17610.0,245.121,1.3134819130143889,23130.416488183386
Killingly School District,690011.0,2018,18132.0,251.1,1.282206292313819,23248.96449223417
Killingly School District,690011.0,2019,18060.0,255.653,1.2593711006716135,22744.24207812934
Killingly School District,690011.0,2020,17478.0,258.856,1.2437880520443798,21738.92757363167
Killingly School District,690011.0,2021,18768.0,270.973,1.1881700390813843,22299.57529347942
Killingly School District,690011.0,2022,18632.0,292.626,1.1002508321201807,20499.873504063205
Killingly School District,690011.0,2023,19427.0,304.703,1.056642041594602,20527.384942058336
Killingly School District,690011.0,2024,20989.0,313.698,1.026343808376209,21541.93019400825
Killingly School District,690011.0,2025,21336.0,321.962,1.0,21336.0
Learn,2450014.0,2018,12332.0,251.1,1.282206292313819,15812.167996814018
Learn,2450014.0,2019,12945.0,255.653,1.2593711006716135,16302.558898194036
Learn,2450014.0,2020,13613.0,258.856,1.2437880520443798,16931.686752480142
Learn,2450014.0,2021,13784.0,270.973,1.1881700390813843,16377.735818697802
Learn,2450014.0,2022,23985.0,292.626,1.1002508321201807,26389.516208402536
Learn,2450014.0,2023,26057.0,304.703,1.056642041594602,27532.921677830545
Learn,2450014.0,2024,24012.0,313.698,1.026343808376209,24644.567526729534
Learn,2450014.0,2025,27758.0,321.962,1.0,27758.0
Lebanon School District,710011.0,2007,10080.0,207.344,1.5527914962574272,15652.138282274866
Lebanon School District,710011.0,2008,10915.0,215.254,1.4957306252148626,16325.899774220225
Lebanon School District,710011.0,2009,11350.0,214.565,1.5005336378253675,17031.05678931792
Lebanon School District,710011.0,2010,12228.0,218.076,1.4763752086428583,18053.116051284876
Lebanon School District,710011.0,2011,13260.0,224.923,1.431432090093054,18980.789514633896
Lebanon School District,710011.0,2012,14095.0,229.586,1.402359028860645,19766.250511790782
Lebanon School District,710011.0,2013,14628.0,232.952,1.3820958824135443,20217.298567945327
Lebanon School District,710011.0,2014,16175.0,236.715,1.3601250448851994,22000.0226010181
Lebanon School District,710011.0,2015,16600.0,237.002,1.3584779875275312,22550.73459295702
Lebanon School District,710011.0,2016,17736.0,240.005,1.3414803858252953,23792.49612299744
Lebanon School District,710011.0,2017,18602.0,245.121,1.3134819130143889,24433.390545893657
Lebanon School District,710011.0,2018,19655.0,251.1,1.282206292313819,25201.76467542812
Lebanon School District,710011.0,2019,19722.0,255.653,1.2593711006716135,24837.316847445563
Lebanon School District,710011.0,2020,20106.0,258.856,1.2437880520443798,25007.6025744043
Lebanon School District,710011.0,2021,21786.0,270.973,1.1881700390813843,25885.47247142704
Lebanon School District,710011.0,2022,22134.0,292.626,1.1002508321201807,24352.95191814808
Lebanon School District,710011.0,2023,22826.0,304.703,1.056642041594602,24118.911241438385
Lebanon School District,710011.0,2024,23517.0,313.698,1.026343808376209,24136.52734158331
Lebanon School District,710011.0,2025,25245.0,321.962,1.0,25245.0
Ledyard School District,720011.0,2007,10945.0,207.344,1.5527914962574272,16995.30292653754
Ledyard School District,720011.0,2008,11441.0,215.254,1.4957306252148626,17112.654083083242
Ledyard School District,720011.0,2009,12429.0,214.565,1.5005336378253675,18650.132584531493
Ledyard School District,720011.0,2010,12893.0,218.076,1.4763752086428583,19034.90556503237
Ledyard School District,720011.0,2011,12703.0,224.923,1.431432090093054,18183.481840452063
Ledyard School District,720011.0,2012,13162.0,229.586,1.402359028860645,18457.849537863804
Ledyard School District,720011.0,2013,13264.0,232.952,1.3820958824135443,18332.11978433325
Ledyard School District,720011.0,2014,13501.0,236.715,1.3601250448851994,18363.048230995075
Ledyard School District,720011.0,2015,14631.0,237.002,1.3584779875275312,19875.89143551531
Ledyard School District,720011.0,2016,15183.0,240.005,1.3414803858252953,20367.69669798546
Ledyard School District,720011.0,2017,15355.0,245.121,1.3134819130143889,20168.514774335938
Ledyard School District,720011.0,2018,14556.0,251.1,1.282206292313819,18663.79479091995
Ledyard School District,720011.0,2019,14644.0,255.653,1.2593711006716135,18442.230398235108
Ledyard School District,720011.0,2020,15442.0,258.856,1.2437880520443798,19206.575099669317
Ledyard School District,720011.0,2021,15910.0,270.973,1.1881700390813843,18903.785321784824
Ledyard School District,720011.0,2022,16556.0,292.626,1.1002508321201807,18215.75277658171
Ledyard School District,720011.0,2023,17413.0,304.703,1.056642041594602,18399.307870286804
Ledyard School District,720011.0,2024,18092.0,313.698,1.026343808376209,18568.612181142376
Ledyard School District,720011.0,2025,19458.0,321.962,1.0,19458.0
Lisbon School District,730011.0,2007,11183.0,207.344,1.5527914962574272,17364.86730264681
Lisbon School District,730011.0,2008,11607.0,215.254,1.4957306252148626,17360.94536686891
Lisbon School District,730011.0,2009,12590.0,214.565,1.5005336378253675,18891.718500221377
Lisbon School District,730011.0,2010,13033.0,218.076,1.4763752086428583,19241.59809424237
Lisbon School District,730011.0,2011,14685.0,224.923,1.431432090093054,21020.5802430165
Lisbon School District,730011.0,2012,16289.0,229.586,1.402359028860645,22843.02622111104
Lisbon School District,730011.0,2013,17489.0,232.952,1.3820958824135443,24171.47488753048
Lisbon School District,730011.0,2014,18699.0,236.715,1.3601250448851994,25432.978214308343
Lisbon School District,730011.0,2015,19253.0,237.002,1.3584779875275312,26154.77669386756
Lisbon School District,730011.0,2016,19897.0,240.005,1.3414803858252953,26691.4352367659
Lisbon School District,730011.0,2017,19725.0,245.121,1.3134819130143889,25908.430734208818
Lisbon School District,730011.0,2018,17886.0,251.1,1.282206292313819,22933.541744324968
Lisbon School District,730011.0,2019,17440.0,255.653,1.2593711006716135,21963.43199571294
Lisbon School District,730011.0,2020,16582.0,258.856,1.2437880520443798,20624.493478999902
Lisbon School District,730011.0,2021,16890.0,270.973,1.1881700390813843,20068.19196008458
Lisbon School District,730011.0,2022,18259.0,292.626,1.1002508321201807,20089.479943682378
Lisbon School District,730011.0,2023,18362.0,304.703,1.056642041594602,19402.061167760083
Lisbon School District,730011.0,2024,19301.0,313.698,1.026343808376209,19809.46184546921
Lisbon School District,730011.0,2025,20397.0,321.962,1.0,20397.0
Litchfield School District,740011.0,2007,12335.0,207.344,1.5527914962574272,19153.683106335364
Litchfield School District,740011.0,2008,13461.0,215.254,1.4957306252148626,20134.029946017265
Litchfield School District,740011.0,2009,13511.0,214.565,1.5005336378253675,20273.70998065854
Litchfield School District,740011.0,2010,13671.0,218.076,1.4763752086428583,20183.52547735652
Litchfield School District,740011.0,2011,14373.0,224.923,1.431432090093054,20573.973430907463
Litchfield School District,740011.0,2012,15332.0,229.586,1.402359028860645,21500.968630491403
Litchfield School District,740011.0,2013,16794.0,232.952,1.3820958824135443,23210.918249253064
Litchfield School District,740011.0,2014,17443.0,236.715,1.3601250448851994,23724.661157932533
Litchfield School District,740011.0,2015,18115.0,237.002,1.3584779875275312,24608.82874406123
Litchfield School District,740011.0,2016,19626.0,240.005,1.3414803858252953,26327.894052207244
Litchfield School District,740011.0,2017,20641.0,245.121,1.3134819130143889,27111.580166529995
Litchfield School District,740011.0,2018,20783.0,251.1,1.282206292313819,26648.093373158103
Litchfield School District,740011.0,2019,21128.0,255.653,1.2593711006716135,26607.99261498985
Litchfield School District,740011.0,2020,21435.0,258.856,1.2437880520443798,26660.59689557128
Litchfield School District,740011.0,2021,23526.0,270.973,1.1881700390813843,27952.88833942865
Litchfield School District,740011.0,2022,22563.0,292.626,1.1002508321201807,24824.95952512764
Litchfield School District,740011.0,2023,23554.0,304.703,1.056642041594602,24888.14664771925
Litchfield School District,740011.0,2024,25321.0,313.698,1.026343808376209,25988.05157189399
Madison School District,760011.0,2007,10525.0,207.344,1.5527914962574272,16343.130498109422
Madison School District,760011.0,2008,11392.0,215.254,1.4957306252148626,17039.363282447714
Madison School District,760011.0,2009,12376.0,214.565,1.5005336378253675,18570.604301726748
Madison School District,760011.0,2010,13208.0,218.076,1.4763752086428583,19499.963755754878
Madison School District,760011.0,2011,13749.0,224.923,1.431432090093054,19680.7598066894
Madison School District,760011.0,2012,14497.0,229.586,1.402359028860645,20329.998841392768
Madison School District,760011.0,2013,14873.0,232.952,1.3820958824135443,20555.912059136645
Madison School District,760011.0,2014,15676.0,236.715,1.3601250448851994,21321.320203620384
Madison School District,760011.0,2015,16637.0,237.002,1.3584779875275312,22600.998278495532
Madison School District,760011.0,2016,17746.0,240.005,1.3414803858252953,23805.91092685569
Madison School District,760011.0,2017,18837.0,245.121,1.3134819130143889,24742.05879545204
Madison School District,760011.0,2018,19885.0,251.1,1.282206292313819,25496.672122660293
Madison School District,760011.0,2019,21098.0,255.653,1.2593711006716135,26570.2114819697
Madison School District,760011.0,2020,21811.0,258.856,1.2437880520443798,27128.26120313997
Madison School District,760011.0,2021,23737.0,270.973,1.1881700390813843,28203.59221767482
Madison School District,760011.0,2022,23819.0,292.626,1.1002508321201807,26206.874570270586
Madison School District,760011.0,2023,24601.0,304.703,1.056642041594602,25994.45086526881
Madison School District,760011.0,2024,25829.0,313.698,1.026343808376209,26509.434226549103
Madison School District,760011.0,2025,26293.0,321.962,1.0,26293.0
Manchester School District,770011.0,2007,12469.0,207.344,1.5527914962574272,19361.75716683386
Manchester School District,770011.0,2008,13547.0,215.254,1.4957306252148626,20262.662779785744
Manchester School District,770011.0,2009,13783.0,214.565,1.5005336378253675,20681.85513014704
Manchester School District,770011.0,2010,14046.0,218.076,1.4763752086428583,20737.166180597596
Manchester School District,770011.0,2011,14307.0,224.923,1.431432090093054,20479.498912961324
Manchester School District,770011.0,2012,14994.0,229.586,1.402359028860645,21026.971278736502
Manchester School District,770011.0,2013,15326.0,232.952,1.3820958824135443,21182.00149386998
Manchester School District,770011.0,2014,15886.0,236.715,1.3601250448851994,21606.946463046275
Manchester School District,770011.0,2015,16248.0,237.002,1.3584779875275312,22072.550341347327
Manchester School District,770011.0,2016,16995.0,240.005,1.3414803858252953,22798.459157100893
Manchester School District,770011.0,2017,16586.0,245.121,1.3134819130143889,21785.41100925665
Manchester School District,770011.0,2018,16782.0,251.1,1.282206292313819,21517.98599761051
Manchester School District,770011.0,2019,16973.0,255.653,1.2593711006716135,21375.305691699297
Manchester School District,770011.0,2020,17172.0,258.856,1.2437880520443798,21358.32842970609
Manchester School District,770011.0,2021,17854.0,270.973,1.1881700390813843,21213.58787775904
Manchester School District,770011.0,2022,20081.0,292.626,1.1002508321201807,22094.13695980535
Manchester School District,770011.0,2023,19931.0,304.703,1.056642041594602,21059.93253102201
Manchester School District,770011.0,2024,20321.0,313.698,1.026343808376209,20856.332530012944
Manchester School District,770011.0,2025,21171.0,321.962,1.0,21171.0
Mansfield School District,780011.0,2007,14806.0,207.344,1.5527914962574272,22990.630893587462
Mansfield School District,780011.0,2008,15771.0,215.254,1.4957306252148626,23589.1676902636
Mansfield School District,780011.0,2009,16725.0,214.565,1.5005336378253675,25096.425092629277
Mansfield School District,780011.0,2010,16709.0,218.076,1.4763752086428583,24668.753361213523
Mansfield School District,780011.0,2011,16285.0,224.923,1.431432090093054,23310.871587165384
Mansfield School District,780011.0,2012,16483.0,229.586,1.402359028860645,23115.083872710005
Mansfield School District,780011.0,2013,16669.0,232.952,1.3820958824135443,23038.15626395137
Mansfield School District,780011.0,2014,17602.0,236.715,1.3601250448851994,23940.92104006928
Mansfield School District,780011.0,2015,18250.0,237.002,1.3584779875275312,24792.223272377447
Mansfield School District,780011.0,2016,18308.0,240.005,1.3414803858252953,24559.822903689503
Mansfield School District,780011.0,2017,20046.0,245.121,1.3134819130143889,26330.05842828644
Mansfield School District,780011.0,2018,21875.0,251.1,1.282206292313819,28048.262644364797
Mansfield School District,780011.0,2019,20796.0,255.653,1.2593711006716135,26189.881409566875
Mansfield School District,780011.0,2020,21503.0,258.856,1.2437880520443798,26745.1744831103
Mansfield School District,780011.0,2021,23680.0,270.973,1.1881700390813843,28135.86652544718
Mansfield School District,780011.0,2022,25143.0,292.626,1.1002508321201807,27663.606671997703
Mansfield School District,780011.0,2023,24767.0,304.703,1.056642041594602,26169.85344417351
Mansfield School District,780011.0,2024,25984.0,313.698,1.026343808376209,26668.517516847416
Mansfield School District,780011.0,2025,27651.0,321.962,1.0,27651.0
Marlborough School District,790011.0,2007,10438.0,207.344,1.5527914962574272,16208.037637935024
Marlborough School District,790011.0,2008,10679.0,215.254,1.4957306252148626,15972.907346669515
Marlborough School District,790011.0,2009,10870.0,214.565,1.5005336378253675,16310.800643161743
Marlborough School District,790011.0,2010,10679.0,218.076,1.4763752086428583,15766.210853097087
Marlborough School District,790011.0,2011,10579.0,224.923,1.431432090093054,15143.120081094416
Marlborough School District,790011.0,2012,10711.0,229.586,1.402359028860645,15020.667558126364
Marlborough School District,790011.0,2013,11244.0,232.952,1.3820958824135443,15540.286101857891
Marlborough School District,790011.0,2014,11913.0,236.715,1.3601250448851994,16203.16965971738
Marlborough School District,790011.0,2015,12268.0,237.002,1.3584779875275312,16665.807950987753
Marlborough School District,790011.0,2016,13483.0,240.005,1.3414803858252953,18087.18004208245
Marlborough School District,790011.0,2017,13521.0,245.121,1.3134819130143889,17759.58894586755
Marlborough School District,790011.0,2018,14898.0,251.1,1.282206292313819,19102.30934289128
Marlborough School District,790011.0,2019,16230.0,255.653,1.2593711006716135,20439.59296390029
Marlborough School District,790011.0,2020,17072.0,258.856,1.2437880520443798,21233.949624501653
Marlborough School District,790011.0,2021,18629.0,270.973,1.1881700390813843,22134.419658047107
Marlborough School District,790011.0,2022,18334.0,292.626,1.1002508321201807,20171.998756091398
Marlborough School District,790011.0,2023,18319.0,304.703,1.056642041594602,19356.625559971515
Marlborough School District,790011.0,2024,19607.0,313.698,1.026343808376209,20123.523050832333
Marlborough School District,790011.0,2025,19368.0,321.962,1.0,19368.0
Meriden School District,800011.0,2007,11497.0,207.344,1.5527914962574272,17852.44383247164
Meriden School District,800011.0,2008,11977.0,215.254,1.4957306252148626,17914.36569819841
Meriden School District,800011.0,2009,12221.0,214.565,1.5005336378253675,18338.021587863816
Meriden School District,800011.0,2010,12614.0,218.076,1.4763752086428583,18622.996881821015
Meriden School District,800011.0,2011,12732.0,224.923,1.431432090093054,18224.993371064764
Meriden School District,800011.0,2012,12854.0,229.586,1.402359028860645,18025.92295697473
Meriden School District,800011.0,2013,12754.0,232.952,1.3820958824135443,17627.250884302342
Meriden School District,800011.0,2014,13415.0,236.715,1.3601250448851994,18246.07747713495
Meriden School District,800011.0,2015,13822.0,237.002,1.3584779875275312,18776.882743605536
Meriden School District,800011.0,2016,14229.0,240.005,1.3414803858252953,19087.92440990813
Meriden School District,800011.0,2017,14318.0,245.121,1.3134819130143889,18806.43403054002
Meriden School District,800011.0,2018,14141.0,251.1,1.282206292313819,18131.67917960972
Meriden School District,800011.0,2019,14221.0,255.653,1.2593711006716135,17909.516422651017
Meriden School District,800011.0,2020,14041.0,258.856,1.2437880520443798,17464.028038755136
Meriden School District,800011.0,2021,15160.0,270.973,1.1881700390813843,18012.657792473787
Meriden School District,800011.0,2022,16031.0,292.626,1.1002508321201807,17638.121089718617
Meriden School District,800011.0,2023,16794.0,304.703,1.056642041594602,17745.246446539746
Meriden School District,800011.0,2024,16646.0,313.698,1.026343808376209,17084.519034230376
Meriden School District,800011.0,2025,16977.0,321.962,1.0,16977.0
Middletown School District,830011.0,2007,12768.0,207.344,1.5527914962574272,19826.04182421483
Middletown School District,830011.0,2008,13755.0,215.254,1.4957306252148626,20573.774749830434
Middletown School District,830011.0,2009,14115.0,214.565,1.5005336378253675,21180.03229790506
Middletown School District,830011.0,2010,13940.0,218.076,1.4763752086428583,20580.67040848145
Middletown School District,830011.0,2011,13984.0,224.923,1.431432090093054,20017.146347861268
Middletown School District,830011.0,2012,14060.0,229.586,1.402359028860645,19717.167945780664
Middletown School District,830011.0,2013,14870.0,232.952,1.3820958824135443,20551.765771489405
Middletown School District,830011.0,2014,15816.0,236.715,1.3601250448851994,21511.73770990431
Middletown School District,830011.0,2015,16528.0,237.002,1.3584779875275312,22452.924177855035
Middletown School District,830011.0,2016,17289.0,240.005,1.3414803858252953,23192.85439053353
Middletown School District,830011.0,2017,17538.0,245.121,1.3134819130143889,23035.845790446347
Middletown School District,830011.0,2018,17929.0,251.1,1.282206292313819,22988.676614894463
Middletown School District,830011.0,2019,18477.0,255.653,1.2593711006716135,23269.3998271094
Middletown School District,830011.0,2020,19648.0,258.856,1.2437880520443798,24437.947646567976
Middletown School District,830011.0,2021,21208.0,270.973,1.1881700390813843,25198.710188838
Middletown School District,830011.0,2022,22039.0,292.626,1.1002508321201807,24248.428089096666
Middletown School District,830011.0,2023,23702.0,304.703,1.056642041594602,25044.529669875257
Middletown School District,830011.0,2024,24962.0,313.698,1.026343808376209,25619.594144686933
Middletown School District,830011.0,2025,25483.0,321.962,1.0,25483.0
Milford School District,840011.0,2007,12354.0,207.344,1.5527914962574272,19183.18614476425
Milford School District,840011.0,2008,13444.0,215.254,1.4957306252148626,20108.60252538861
Milford School District,840011.0,2009,14127.0,214.565,1.5005336378253675,21198.03870155897
Milford School District,840011.0,2010,14675.0,218.076,1.4763752086428583,21665.80618683395
Milford School District,840011.0,2011,15161.0,224.923,1.431432090093054,21701.94191790079
Milford School District,840011.0,2012,15653.0,229.586,1.402359028860645,21951.125878755676
Milford School District,840011.0,2013,16365.0,232.952,1.3820958824135443,22617.99911569765
Milford School District,840011.0,2014,17453.0,236.715,1.3601250448851994,23738.262408381383
Milford School District,840011.0,2015,18131.0,237.002,1.3584779875275312,24630.56439186167
Milford School District,840011.0,2016,18864.0,240.005,1.3414803858252953,25305.68599820837
Milford School District,840011.0,2017,19710.0,245.121,1.3134819130143889,25888.7285055136
Milford School District,840011.0,2018,19634.0,251.1,1.282206292313819,25174.838343289524
Milford School District,840011.0,2019,20457.0,255.653,1.2593711006716135,25762.9546064392
Milford School District,840011.0,2020,20957.0,258.856,1.2437880520443798,26066.066206694068
Milford School District,840011.0,2021,22254.0,270.973,1.1881700390813843,26441.536049717128
Milford School District,840011.0,2022,22667.0,292.626,1.1002508321201807,24939.38561166813
Milford School District,840011.0,2023,24217.0,304.703,1.056642041594602,25588.70032129648
Milford School District,840011.0,2024,25639.0,313.698,1.026343808376209,26314.428902957625
Milford School District,840011.0,2025,26131.0,321.962,1.0,26131.0
Monroe School District,850011.0,2007,10503.0,207.344,1.5527914962574272,16308.969085191758
Monroe School District,850011.0,2008,11373.0,215.254,1.4957306252148626,17010.94440056863
Monroe School District,850011.0,2009,12423.0,214.565,1.5005336378253675,18641.12938270454
Monroe School District,850011.0,2010,13392.0,218.076,1.4763752086428583,19771.61679414516
Monroe School District,850011.0,2011,14127.0,224.923,1.431432090093054,20221.841136744573
Monroe School District,850011.0,2012,14691.0,229.586,1.402359028860645,20602.05649299173
Monroe School District,850011.0,2013,15255.0,232.952,1.3820958824135443,21083.87268621862
Monroe School District,850011.0,2014,15640.0,236.715,1.3601250448851994,21272.35570200452
Monroe School District,850011.0,2015,16336.0,237.002,1.3584779875275312,22192.09640424975
Monroe School District,850011.0,2016,17109.0,240.005,1.3414803858252953,22951.387921084977
Monroe School District,850011.0,2017,17496.0,245.121,1.3134819130143889,22980.679550099743
Monroe School District,850011.0,2018,17789.0,251.1,1.282206292313819,22809.167733970527
Monroe School District,850011.0,2019,18549.0,255.653,1.2593711006716135,23360.07454635776
Monroe School District,850011.0,2020,18334.0,258.856,1.2437880520443798,22803.610146181654
Monroe School District,850011.0,2021,18255.0,270.973,1.1881700390813843,21690.04406343067
Monroe School District,850011.0,2022,18516.0,292.626,1.1002508321201807,20372.244407537262
Monroe School District,850011.0,2023,19232.0,304.703,1.056642041594602,20321.33974394739
Monroe School District,850011.0,2024,19719.0,313.698,1.026343808376209,20238.473557370467
Monroe School District,850011.0,2025,21145.0,321.962,1.0,21145.0
Montville School District,860011.0,2007,11398.0,207.344,1.5527914962574272,17698.717474342156
Montville School District,860011.0,2008,12178.0,215.254,1.4957306252148626,18215.007553866595
Montville School District,860011.0,2009,12807.0,214.565,1.5005336378253675,19217.33429962948
Montville School District,860011.0,2010,13534.0,218.076,1.4763752086428583,19981.262073772446
Montville School District,860011.0,2011,13762.0,224.923,1.431432090093054,19699.368423860607
Montville School District,860011.0,2012,14348.0,229.586,1.402359028860645,20121.04734609253
Montville School District,860011.0,2013,14661.0,232.952,1.3820958824135443,20262.90773206497
Montville School District,860011.0,2014,14858.0,236.715,1.3601250448851994,20208.73791690429
Montville School District,860011.0,2015,15473.0,237.002,1.3584779875275312,21019.72990101349
Montville School District,860011.0,2016,16154.0,240.005,1.3414803858252953,21670.27415262182
Montville School District,860011.0,2017,16238.0,245.121,1.3134819130143889,21328.31930352764
Montville School District,860011.0,2018,15747.0,251.1,1.282206292313819,20190.902485065708
Montville School District,860011.0,2019,17053.0,255.653,1.2593711006716135,21476.055379753027
Montville School District,860011.0,2020,17377.0,258.856,1.2437880520443798,21613.30498037519
Montville School District,860011.0,2021,18935.0,270.973,1.1881700390813843,22497.99969000601
Montville School District,860011.0,2022,19404.0,292.626,1.1002508321201807,21349.267146459988
Montville School District,860011.0,2023,20037.0,304.703,1.056642041594602,21171.93658743104
Montville School District,860011.0,2024,21162.0,313.698,1.026343808376209,21719.487672857336
Montville School District,860011.0,2025,21827.0,321.962,1.0,21827.0
Naugatuck School District,880011.0,2007,10997.0,207.344,1.5527914962574272,17076.048084342925
Naugatuck School District,880011.0,2008,12286.0,215.254,1.4957306252148626,18376.5464613898
Naugatuck School District,880011.0,2009,13259.0,214.565,1.5005336378253675,19895.57550392655
Naugatuck School District,880011.0,2010,12583.0,218.076,1.4763752086428583,18577.229250353088
Naugatuck School District,880011.0,2011,13259.0,224.923,1.431432090093054,18979.358082543804
Naugatuck School District,880011.0,2012,13869.0,229.586,1.402359028860645,19449.31737126828
Naugatuck School District,880011.0,2013,14053.0,232.952,1.3820958824135443,19422.593435557537
Naugatuck School District,880011.0,2014,14653.0,236.715,1.3601250448851994,19929.912282702822
Naugatuck School District,880011.0,2015,15375.0,237.002,1.3584779875275312,20886.59905823579
Naugatuck School District,880011.0,2016,15679.0,240.005,1.3414803858252953,21033.070969354805
Naugatuck School District,880011.0,2017,15316.0,245.121,1.3134819130143889,20117.28897972837
Naugatuck School District,880011.0,2018,15607.0,251.1,1.282206292313819,20011.393604141776
Naugatuck School District,880011.0,2019,15680.0,255.653,1.2593711006716135,19746.9388585309
Naugatuck School District,880011.0,2020,15595.0,258.856,1.2437880520443798,19396.874671632104
Naugatuck School District,880011.0,2021,16685.0,270.973,1.1881700390813843,19824.617102072894
Naugatuck School District,880011.0,2022,17353.0,292.626,1.1002508321201807,19092.65268978149
Naugatuck School District,880011.0,2023,16735.0,304.703,1.056642041594602,17682.904566085665
Naugatuck School District,880011.0,2024,17922.0,313.698,1.026343808376209,18394.13373371842
Naugatuck School District,880011.0,2025,19251.0,321.962,1.0,19251.0
New Beginnings Inc Family Academy District,2800013.0,2007,11019.0,207.344,1.5527914962574272,17110.209497260592
New Beginnings Inc Family Academy District,2800013.0,2008,10371.0,215.254,1.4957306252148626,15512.22231410334
New Beginnings Inc Family Academy District,2800013.0,2009,10829.0,214.565,1.5005336378253675,16249.278764010904
New Beginnings Inc Family Academy District,2800013.0,2010,11348.0,218.076,1.4763752086428583,16753.905867679157
New Beginnings Inc Family Academy District,2800013.0,2011,10827.0,224.923,1.431432090093054,15498.115239437497
New Beginnings Inc Family Academy District,2800013.0,2012,10473.0,229.586,1.402359028860645,14686.906109257532
New Beginnings Inc Family Academy District,2800013.0,2013,10971.0,232.952,1.3820958824135443,15162.973925958995
New Beginnings Inc Family Academy District,2800013.0,2014,13571.0,236.715,1.3601250448851994,18458.25698413704
New Beginnings Inc Family Academy District,2800013.0,2016,13911.0,240.005,1.3414803858252953,18661.333647215684
New Beginnings Inc Family Academy District,2800013.0,2017,14527.0,245.121,1.3134819130143889,19080.951750360025
New Beginnings Inc Family Academy District,2800013.0,2018,13226.0,251.1,1.282206292313819,16958.460422142572
New Beginnings Inc Family Academy District,2800013.0,2019,12866.0,255.653,1.2593711006716135,16203.06858124098
New Beginnings Inc Family Academy District,2800013.0,2020,13505.0,258.856,1.2437880520443798,16797.357642859348
New Beginnings Inc Family Academy District,2800013.0,2021,14136.0,270.973,1.1881700390813843,16795.97167245445
New Beginnings Inc Family Academy District,2800013.0,2022,16654.0,292.626,1.1002508321201807,18323.57735812949
New Beginnings Inc Family Academy District,2800013.0,2023,17896.0,304.703,1.056642041594602,18909.665976377
New Beginnings Inc Family Academy District,2800013.0,2024,18485.0,313.698,1.026343808376209,18971.965297834224
New Beginnings Inc Family Academy District,2800013.0,2025,16926.0,321.962,1.0,16926.0
New Britain School District,890011.0,2007,11476.0,207.344,1.5527914962574272,17819.835211050235
New Britain School District,890011.0,2008,12534.0,215.254,1.4957306252148626,18747.48765644309
New Britain School District,890011.0,2009,12642.0,214.565,1.5005336378253675,18969.746249388296
New Britain School District,890011.0,2010,12936.0,218.076,1.4763752086428583,19098.38969900402
New Britain School District,890011.0,2011,13338.0,224.923,1.431432090093054,19092.441217661155
New Britain School District,890011.0,2012,12333.0,229.586,1.402359028860645,17295.29390293833
New Britain School District,890011.0,2013,12616.0,232.952,1.3820958824135443,17436.521652529274
New Britain School District,890011.0,2014,13579.0,236.715,1.3601250448851994,18469.137984496123
New Britain School District,890011.0,2015,13715.0,237.002,1.3584779875275312,18631.52559894009
New Britain School District,890011.0,2016,13738.0,240.005,1.3414803858252953,18429.25754046791
New Britain School District,890011.0,2017,13990.0,245.121,1.3134819130143889,18375.611963071296
New Britain School District,890011.0,2018,13569.0,251.1,1.282206292313819,17398.25718040621
New Britain School District,890011.0,2019,13785.0,255.653,1.2593711006716135,17360.43062275819
New Britain School District,890011.0,2020,14168.0,258.856,1.2437880520443798,17621.98912136477
New Britain School District,890011.0,2021,15801.0,270.973,1.1881700390813843,18774.27478752495
New Britain School District,890011.0,2022,18125.0,292.626,1.1002508321201807,19942.046332178277
New Britain School District,890011.0,2023,18409.0,304.703,1.056642041594602,19451.723343715028
New Britain School District,890011.0,2024,19901.0,313.698,1.026343808376209,20425.268130494936
New Britain School District,890011.0,2025,18064.0,321.962,1.0,18064.0
New Canaan School District,900011.0,2007,15711.0,207.344,1.5527914962574272,24395.90719770044
New Canaan School District,900011.0,2008,16942.0,215.254,1.4957306252148626,25340.6682523902
New Canaan School District,900011.0,2009,17639.0,214.565,1.5005336378253675,26467.912837601656
New Canaan School District,900011.0,2010,18058.0,218.076,1.4763752086428583,26660.38351767274
New Canaan School District,900011.0,2011,18132.0,224.923,1.431432090093054,25954.72665756725
New Canaan School District,900011.0,2012,18468.0,229.586,1.402359028860645,25898.766544998387
New Canaan School District,900011.0,2013,18758.0,232.952,1.3820958824135443,25925.354562313263
New Canaan School District,900011.0,2014,19312.0,236.715,1.3601250448851994,26266.73486682297
New Canaan School District,900011.0,2015,20138.0,237.002,1.3584779875275312,27357.029712829422
New Canaan School District,900011.0,2016,20603.0,240.005,1.3414803858252953,27638.52038915856
New Canaan School District,900011.0,2017,21135.0,245.121,1.3134819130143889,27760.440231559103
New Canaan School District,900011.0,2018,21480.0,251.1,1.282206292313819,27541.791158900836
New Canaan School District,900011.0,2019,22569.0,255.653,1.2593711006716135,28422.746371057645
New Canaan School District,900011.0,2020,21985.0,258.856,1.2437880520443798,27344.68032419569
New Canaan School District,900011.0,2021,22905.0,270.973,1.1881700390813843,27215.034745159108
New Canaan School District,900011.0,2022,23264.0,292.626,1.1002508321201807,25596.23535844388
New Canaan School District,900011.0,2023,24716.0,304.703,1.056642041594602,26115.964700052184
New Canaan School District,900011.0,2024,26175.0,313.698,1.026343808376209,26864.549184247277
New Canaan School District,900011.0,2025,27869.0,321.962,1.0,27869.0
New Fairfield School District,910011.0,2007,10522.0,207.344,1.5527914962574272,16338.47212362065
New Fairfield School District,910011.0,2008,11110.0,215.254,1.4957306252148626,16617.56724613712
New Fairfield School District,910011.0,2009,11312.0,214.565,1.5005336378253675,16974.036511080558
New Fairfield School District,910011.0,2010,12054.0,218.076,1.4763752086428583,17796.226764981016
New Fairfield School District,910011.0,2011,12974.0,224.923,1.431432090093054,18571.39993686728
New Fairfield School District,910011.0,2012,13242.0,229.586,1.402359028860645,18570.038260172656
New Fairfield School District,910011.0,2013,13420.0,232.952,1.3820958824135443,18547.726741989765
New Fairfield School District,910011.0,2014,13811.0,236.715,1.3601250448851994,18784.686994909487
New Fairfield School District,910011.0,2015,14915.0,237.002,1.3584779875275312,20261.699183973127
New Fairfield School District,910011.0,2016,15553.0,240.005,1.3414803858252953,20864.044440740818
New Fairfield School District,910011.0,2017,16551.0,245.121,1.3134819130143889,21739.439142301148
New Fairfield School District,910011.0,2018,17048.0,251.1,1.282206292313819,21859.052871365988
New Fairfield School District,910011.0,2019,18282.0,255.653,1.2593711006716135,23023.82246247844
New Fairfield School District,910011.0,2020,18709.0,258.856,1.2437880520443798,23270.0306656983
New Fairfield School District,910011.0,2021,20251.0,270.973,1.1881700390813843,24061.631461437115
New Fairfield School District,910011.0,2022,21504.0,292.626,1.1002508321201807,23659.793893912367
New Fairfield School District,910011.0,2023,22062.0,304.703,1.056642041594602,23311.63672166011
New Fairfield School District,910011.0,2024,22155.0,313.698,1.026343808376209,22738.647074574917
New Fairfield School District,910011.0,2025,23973.0,321.962,1.0,23973.0
New Hartford School District,920011.0,2007,11488.0,207.344,1.5527914962574272,17838.468709005323
New Hartford School District,920011.0,2008,11771.0,215.254,1.4957306252148626,17606.245189404148
New Hartford School District,920011.0,2009,12455.0,214.565,1.5005336378253675,18689.146459114952
New Hartford School District,920011.0,2010,13086.0,218.076,1.4763752086428583,19319.845980300448
New Hartford School District,920011.0,2011,13875.0,224.923,1.431432090093054,19861.120250041124
New Hartford School District,920011.0,2012,13529.0,229.586,1.402359028860645,18972.515301455664
New Hartford School District,920011.0,2013,14294.0,232.952,1.3820958824135443,19755.6785432192
New Hartford School District,920011.0,2014,14761.0,236.715,1.3601250448851994,20076.805787550427
New Hartford School District,920011.0,2015,15754.0,237.002,1.3584779875275312,21401.462215508727
New Hartford School District,920011.0,2016,16887.0,240.005,1.3414803858252953,22653.579275431763
New Hartford School District,920011.0,2017,17631.0,245.121,1.3134819130143889,23157.999608356688
New Hartford School District,920011.0,2018,16691.0,251.1,1.282206292313819,21401.305225009957
New Hartford School District,920011.0,2019,17674.0,255.653,1.2593711006716135,22258.124833270096
New Hartford School District,920011.0,2020,18612.0,258.856,1.2437880520443798,23149.38322465
New Hartford School District,920011.0,2021,20378.0,270.973,1.1881700390813843,24212.52905640045
New Hartford School District,920011.0,2022,20611.0,292.626,1.1002508321201807,22677.269900829044
New Hartford School District,920011.0,2023,20891.0,304.703,1.056642041594602,22074.30889095283
New Hartford School District,920011.0,2024,21588.0,313.698,1.026343808376209,22156.710135225603
New Hartford School District,920011.0,2025,24538.0,321.962,1.0,24538.0
New Haven School District,930011.0,2007,14516.0,207.344,1.5527914962574272,22540.321359672813
New Haven School District,930011.0,2008,15413.0,215.254,1.4957306252148626,23053.69612643668
New Haven School District,930011.0,2009,16015.0,214.565,1.5005336378253675,24031.04620977326
New Haven School District,930011.0,2010,16499.0,218.076,1.4763752086428583,24358.71456739852
New Haven School District,930011.0,2011,16996.0,224.923,1.431432090093054,24328.619803221543
New Haven School District,930011.0,2012,16221.0,229.586,1.402359028860645,22747.66580714852
New Haven School District,930011.0,2013,15520.0,232.952,1.3820958824135443,21450.128095058208
New Haven School District,930011.0,2014,15882.0,236.715,1.3601250448851994,21601.505962866737
New Haven School District,930011.0,2015,16062.0,237.002,1.3584779875275312,21819.873435667207
New Haven School District,930011.0,2016,17057.0,240.005,1.3414803858252953,22881.63094102206
New Haven School District,930011.0,2017,16893.0,245.121,1.3134819130143889,22188.649956552068
New Haven School District,930011.0,2018,16892.0,251.1,1.282206292313819,21659.028689765037
New Haven School District,930011.0,2019,16751.0,255.653,1.2593711006716135,21095.7253073502
New Haven School District,930011.0,2020,16929.0,258.856,1.2437880520443798,21056.087933059305
New Haven School District,930011.0,2021,17550.0,270.973,1.1881700390813843,20852.38418587829
New Haven School District,930011.0,2022,19514.0,292.626,1.1002508321201807,21470.294737993205
New Haven School District,930011.0,2023,20451.0,304.703,1.056642041594602,21609.38639265121
New Haven School District,930011.0,2024,21371.0,313.698,1.026343808376209,21933.993528807965
New Haven School District,930011.0,2025,21346.0,321.962,1.0,21346.0
New London School District,950011.0,2007,13070.0,207.344,1.5527914962574272,20294.98485608457
New London School District,950011.0,2008,13816.0,215.254,1.4957306252148626,20665.01431796854
New London School District,950011.0,2009,13624.0,214.565,1.5005336378253675,20443.270281732806
New London School District,950011.0,2010,13824.0,218.076,1.4763752086428583,20409.41088427888
New London School District,950011.0,2011,13505.0,224.923,1.431432090093054,19331.490376706693
New London School District,950011.0,2012,13946.0,229.586,1.402359028860645,19557.29901649055
New London School District,950011.0,2013,13353.0,232.952,1.3820958824135443,18455.126317868057
New London School District,950011.0,2014,14908.0,236.715,1.3601250448851994,20276.74416914855
New London School District,950011.0,2015,15134.0,237.002,1.3584779875275312,20559.20586324166
New London School District,950011.0,2016,16103.0,240.005,1.3414803858252953,21601.85865294473
New London School District,950011.0,2017,15897.0,245.121,1.3134819130143889,20880.42197118973
New London School District,950011.0,2018,15461.0,251.1,1.282206292313819,19824.19148546396
New London School District,950011.0,2019,15913.0,255.653,1.2593711006716135,20040.372324987387
New London School District,950011.0,2020,16498.0,258.856,1.2437880520443798,20520.015282628177
New London School District,950011.0,2021,17824.0,270.973,1.1881700390813843,21177.942776586595
New London School District,950011.0,2022,19729.0,292.626,1.1002508321201807,21706.848666899044
New London School District,950011.0,2023,22725.0,304.703,1.056642041594602,24012.19039523733
New London School District,950011.0,2024,23663.0,313.698,1.026343808376209,24286.37353760624
New London School District,950011.0,2025,23265.0,321.962,1.0,23265.0
New Milford School District,960011.0,2007,10928.0,207.344,1.5527914962574272,16968.905471101163
New Milford School District,960011.0,2008,11429.0,215.254,1.4957306252148626,17094.705315580664
New Milford School District,960011.0,2009,12193.0,214.565,1.5005336378253675,18296.006646004706
New Milford School District,960011.0,2010,12125.0,218.076,1.4763752086428583,17901.04940479466
New Milford School District,960011.0,2011,12956.0,224.923,1.431432090093054,18545.63415924561
New Milford School District,960011.0,2012,12750.0,229.586,1.402359028860645,17880.07761797322
New Milford School District,960011.0,2013,12970.0,232.952,1.3820958824135443,17925.78359490367
New Milford School District,960011.0,2014,13832.0,236.715,1.3601250448851994,18813.24962085208
New Milford School District,960011.0,2015,14574.0,237.002,1.3584779875275312,19798.45819022624
New Milford School District,960011.0,2016,14990.0,240.005,1.3414803858252953,20108.790983521176
New Milford School District,960011.0,2017,15272.0,245.121,1.3134819130143889,20059.495775555744
New Milford School District,960011.0,2018,15684.0,251.1,1.282206292313819,20110.12348864994
New Milford School District,960011.0,2019,16325.0,255.653,1.2593711006716135,20559.23321846409
New Milford School District,960011.0,2020,16089.0,258.856,1.2437880520443798,20011.305969342025
New Milford School District,960011.0,2021,17047.0,270.973,1.1881700390813843,20254.73465622036
New Milford School District,960011.0,2022,17815.0,292.626,1.1002508321201807,19600.96857422102
New Milford School District,960011.0,2023,19376.0,304.703,1.056642041594602,20473.49619793701
New Milford School District,960011.0,2024,20708.0,313.698,1.026343808376209,21253.52758385454
New Milford School District,960011.0,2025,21973.0,321.962,1.0,21973.0
Newington School District,940011.0,2007,11644.0,207.344,1.5527914962574272,18080.704182421483
Newington School District,940011.0,2008,12285.0,215.254,1.4957306252148626,18375.050730764586
Newington School District,940011.0,2009,12862.0,214.565,1.5005336378253675,19299.86364970988
Newington School District,940011.0,2010,13818.0,218.076,1.4763752086428583,20400.55263302702
Newington School District,940011.0,2011,14393.0,224.923,1.431432090093054,20602.602072709324
Newington School District,940011.0,2012,14784.0,229.586,1.402359028860645,20732.47588267577
Newington School District,940011.0,2013,14962.0,232.952,1.3820958824135443,20678.91859267145
Newington School District,940011.0,2014,15506.0,236.715,1.3601250448851994,21090.098945989903
Newington School District,940011.0,2015,16253.0,237.002,1.3584779875275312,22079.342731284964
Newington School District,940011.0,2016,16849.0,240.005,1.3414803858252953,22602.6030207704
Newington School District,940011.0,2017,17128.0,245.121,1.3134819130143889,22497.31820611045
Newington School District,940011.0,2018,17895.0,251.1,1.282206292313819,22945.081600955797
Newington School District,940011.0,2019,17770.0,255.653,1.2593711006716135,22379.02445893457
Newington School District,940011.0,2020,18117.0,258.856,1.2437880520443798,22533.70813888803
Newington School District,940011.0,2021,19325.0,270.973,1.1881700390813843,22961.38600524775
Newington School District,940011.0,2022,20120.0,292.626,1.1002508321201807,22137.04674225804
Newington School District,940011.0,2023,21046.0,304.703,1.056642041594602,22238.088407399995
Newington School District,940011.0,2024,21922.0,313.698,1.026343808376209,22499.508967223257
Newington School District,940011.0,2025,23083.0,321.962,1.0,23083.0
Newtown School District,970011.0,2007,10969.0,207.344,1.5527914962574272,17032.569922447718
Newtown School District,970011.0,2008,11591.0,215.254,1.4957306252148626,17337.01367686547
Newtown School District,970011.0,2009,12235.0,214.565,1.5005336378253675,18359.02905879337
Newtown School District,970011.0,2010,12633.0,218.076,1.4763752086428583,18651.04801078523
Newtown School District,970011.0,2011,12856.0,224.923,1.431432090093054,18402.4909502363
Newtown School District,970011.0,2012,13374.0,229.586,1.402359028860645,18755.14965198226
Newtown School District,970011.0,2013,13995.0,232.952,1.3820958824135443,19342.43187437755
Newtown School District,970011.0,2014,15695.0,236.715,1.3601250448851994,21347.162579473203
Newtown School District,970011.0,2015,16251.0,237.002,1.3584779875275312,22076.62577530991
Newtown School District,970011.0,2016,16685.0,240.005,1.3414803858252953,22382.60023749505
Newtown School District,970011.0,2017,17372.0,245.121,1.3134819130143889,22817.80779288596
Newtown School District,970011.0,2018,17592.0,251.1,1.282206292313819,22556.573094384705
Newtown School District,970011.0,2019,18488.0,255.653,1.2593711006716135,23283.25290921679
Newtown School District,970011.0,2020,19217.0,258.856,1.2437880520443798,23901.87499613685
Newtown School District,970011.0,2021,20503.0,270.973,1.1881700390813843,24361.050311285624
Newtown School District,970011.0,2022,20803.0,292.626,1.1002508321201807,22888.51806059612
Newtown School District,970011.0,2023,21714.0,304.703,1.056642041594602,22943.92529118519
Newtown School District,970011.0,2024,22491.0,313.698,1.026343808376209,23083.49859418932
Newtown School District,970011.0,2025,23196.0,321.962,1.0,23196.0
Norfolk School District,980011.0,2007,13352.0,207.344,1.5527914962574272,20732.872058029167
Norfolk School District,980011.0,2008,14880.0,215.254,1.4957306252148626,22256.47170319716
Norfolk School District,980011.0,2009,15856.0,214.565,1.5005336378253675,23792.461361359023
Norfolk School District,980011.0,2010,17768.0,218.076,1.4763752086428583,26232.23470716631
Norfolk School District,980011.0,2011,17869.0,224.923,1.431432090093054,25578.26001787278
Norfolk School District,980011.0,2012,20465.0,229.586,1.402359028860645,28699.277525633093
Norfolk School District,980011.0,2013,21364.0,232.952,1.3820958824135443,29527.09643188296
Norfolk School District,980011.0,2014,23327.0,236.715,1.3601250448851994,31727.636922037047
Norfolk School District,980011.0,2015,23250.0,237.002,1.3584779875275312,31584.6132100151
Norfolk School District,980011.0,2016,23863.0,240.005,1.3414803858252953,32011.746446949022
Norfolk School District,980011.0,2017,26409.0,245.121,1.3134819130143889,34687.74384079699
Norfolk School District,980011.0,2018,27291.0,251.1,1.282206292313819,34992.69192353644
Norfolk School District,980011.0,2019,26384.0,255.653,1.2593711006716135,33227.24712011985
Norfolk School District,980011.0,2020,32254.0,258.856,1.2437880520443798,40117.13983063943
Norfolk School District,980011.0,2021,29837.0,270.973,1.1881700390813843,35451.429456071266
Norfolk School District,980011.0,2022,36387.0,292.626,1.1002508321201807,40034.82702835702
Norfolk School District,980011.0,2023,37637.0,304.703,1.056642041594602,39768.83651949604
Norfolk School District,980011.0,2024,49304.0,313.698,1.026343808376209,50602.85512818061
Norfolk School District,980011.0,2025,46016.0,321.962,1.0,46016.0
North Branford School District,990011.0,2007,10612.0,207.344,1.5527914962574272,16478.223358283816
North Branford School District,990011.0,2008,11096.0,215.254,1.4957306252148626,16596.627017384115
North Branford School District,990011.0,2009,11561.0,214.565,1.5005336378253675,17347.669386899073
North Branford School District,990011.0,2010,12304.0,218.076,1.4763752086428583,18165.32056714173
North Branford School District,990011.0,2011,12893.0,224.923,1.431432090093054,18455.453937569742
North Branford School District,990011.0,2012,13424.0,229.586,1.402359028860645,18825.26760342529
North Branford School District,990011.0,2013,13897.0,232.952,1.3820958824135443,19206.986477901024
North Branford School District,990011.0,2014,14383.0,236.715,1.3601250448851994,19562.678520583824
North Branford School District,990011.0,2015,15242.0,237.002,1.3584779875275312,20705.921485894632
North Branford School District,990011.0,2016,16020.0,240.005,1.3414803858252953,21490.51578092123
North Branford School District,990011.0,2017,16470.0,245.121,1.3134819130143889,21633.04710734698
North Branford School District,990011.0,2018,17030.0,251.1,1.282206292313819,21835.973158104334
North Branford School District,990011.0,2019,18418.0,255.653,1.2593711006716135,23195.096932169778
North Branford School District,990011.0,2020,19031.0,258.856,1.2437880520443798,23670.530418456598
North Branford School District,990011.0,2021,20151.0,270.973,1.1881700390813843,23942.814457528973
North Branford School District,990011.0,2022,20717.0,292.626,1.1002508321201807,22793.896489033785
North Branford School District,990011.0,2023,22260.0,304.703,1.056642041594602,23520.85184589584
North Branford School District,990011.0,2024,23080.0,313.698,1.026343808376209,23688.015097322907
North Branford School District,990011.0,2025,22191.0,321.962,1.0,22191.0
North Canaan School District,1000011.0,2007,13722.0,207.344,1.5527914962574272,21307.40491164441
North Canaan School District,1000011.0,2008,14144.0,215.254,1.4957306252148626,21155.613963039017
North Canaan School District,1000011.0,2009,15880.0,214.565,1.5005336378253675,23828.474168666835
North Canaan School District,1000011.0,2010,16262.0,218.076,1.4763752086428583,24008.813642950165
North Canaan School District,1000011.0,2011,17059.0,224.923,1.431432090093054,24418.80002489741
North Canaan School District,1000011.0,2012,17762.0,229.586,1.402359028860645,24908.70107062277
North Canaan School District,1000011.0,2013,17381.0,232.952,1.3820958824135443,24022.20853222981
North Canaan School District,1000011.0,2014,18510.0,236.715,1.3601250448851994,25175.91458082504
North Canaan School District,1000011.0,2015,20149.0,237.002,1.3584779875275312,27371.972970692223
North Canaan School District,1000011.0,2016,22124.0,240.005,1.3414803858252953,29678.912055998837
North Canaan School District,1000011.0,2017,20320.0,245.121,1.3134819130143889,26689.952472452376
North Canaan School District,1000011.0,2018,20690.0,251.1,1.282206292313819,26528.84818797292
North Canaan School District,1000011.0,2019,22226.0,255.653,1.2593711006716135,27990.782083527283
North Canaan School District,1000011.0,2020,22150.0,258.856,1.2437880520443798,27549.90535278301
North Canaan School District,1000011.0,2021,22423.0,270.973,1.1881700390813843,26642.33678632188
North Canaan School District,1000011.0,2022,24596.0,292.626,1.1002508321201807,27061.76946682797
North Canaan School District,1000011.0,2023,24648.0,304.703,1.056642041594602,26044.11304122375
North Canaan School District,1000011.0,2024,25170.0,313.698,1.026343808376209,25833.073656829183
North Canaan School District,1000011.0,2025,25810.0,321.962,1.0,25810.0
North Haven School District,1010011.0,2007,10278.0,207.344,1.5527914962574272,15959.590998533837
North Haven School District,1010011.0,2008,10861.0,215.254,1.4957306252148626,16245.130320458622
North Haven School District,1010011.0,2009,11449.0,214.565,1.5005336378253675,17179.609619462633
North Haven School District,1010011.0,2010,12175.0,218.076,1.4763752086428583,17974.868165226802
North Haven School District,1010011.0,2011,12771.0,224.923,1.431432090093054,18280.819222578397
North Haven School District,1010011.0,2012,12990.0,229.586,1.402359028860645,18216.64378489977
North Haven School District,1010011.0,2013,13445.0,232.952,1.3820958824135443,18582.279139050104
North Haven School District,1010011.0,2014,14344.0,236.715,1.3601250448851994,19509.6336438333
North Haven School District,1010011.0,2015,15034.0,237.002,1.3584779875275312,20423.358064488904
North Haven School District,1010011.0,2016,15804.0,240.005,1.3414803858252953,21200.756017582968
North Haven School District,1010011.0,2017,16370.0,245.121,1.3134819130143889,21501.69891604554
North Haven School District,1010011.0,2018,16995.0,251.1,1.282206292313819,21791.09593787336
North Haven School District,1010011.0,2019,17594.0,255.653,1.2593711006716135,22157.375145216367
North Haven School District,1010011.0,2020,17547.0,258.856,1.2437880520443798,21824.74894922273
North Haven School District,1010011.0,2021,19184.0,270.973,1.1881700390813843,22793.854029737275
North Haven School District,1010011.0,2022,19543.0,292.626,1.1002508321201807,21502.202012124693
North Haven School District,1010011.0,2023,19676.0,304.703,1.056642041594602,20790.48881041539
North Haven School District,1010011.0,2024,19720.0,313.698,1.026343808376209,20239.49990117884
North Haven School District,1010011.0,2025,20718.0,321.962,1.0,20718.0
North Stonington School District,1020011.0,2007,14375.0,207.344,1.5527914962574272,22321.37775870052
North Stonington School District,1020011.0,2008,14574.0,215.254,1.4957306252148626,21798.77813188141
North Stonington School District,1020011.0,2009,14921.0,214.565,1.5005336378253675,22389.46240999231
North Stonington School District,1020011.0,2010,15309.0,218.076,1.4763752086428583,22601.82806911352
North Stonington School District,1020011.0,2011,15153.0,224.923,1.431432090093054,21690.490461180045
North Stonington School District,1020011.0,2012,15511.0,229.586,1.402359028860645,21751.99089665746
North Stonington School District,1020011.0,2013,15647.0,232.952,1.3820958824135443,21625.654272124728
North Stonington School District,1020011.0,2014,16701.0,236.715,1.3601250448851994,22715.448374627715
North Stonington School District,1020011.0,2015,16568.0,237.002,1.3584779875275312,22507.263297356138
North Stonington School District,1020011.0,2016,17089.0,240.005,1.3414803858252953,22924.55831336847
North Stonington School District,1020011.0,2017,17161.0,245.121,1.3134819130143889,22540.66310923992
North Stonington School District,1020011.0,2018,16819.0,251.1,1.282206292313819,21565.42763042612
North Stonington School District,1020011.0,2019,18117.0,255.653,1.2593711006716135,22816.02623086762
North Stonington School District,1020011.0,2020,17985.0,258.856,1.2437880520443798,22369.52811601817
North Stonington School District,1020011.0,2021,19727.0,270.973,1.1881700390813843,23439.03036095847
North Stonington School District,1020011.0,2022,18302.0,292.626,1.1002508321201807,20136.790729463548
North Stonington School District,1020011.0,2023,19441.0,304.703,1.056642041594602,20542.177930640657
North Stonington School District,1020011.0,2024,20659.0,313.698,1.026343808376209,21203.236737244104
North Stonington School District,1020011.0,2025,21126.0,321.962,1.0,21126.0
Norwalk School District,1030011.0,2007,13944.0,207.344,1.5527914962574272,21652.124623813565
Norwalk School District,1030011.0,2008,14853.0,215.254,1.4957306252148626,22216.086976316357
Norwalk School District,1030011.0,2009,15503.0,214.565,1.5005336378253675,23262.772987206677
Norwalk School District,1030011.0,2010,15727.0,218.076,1.4763752086428583,23218.95290632624
Norwalk School District,1030011.0,2011,15644.0,224.923,1.431432090093054,22393.323617415732
Norwalk School District,1030011.0,2012,15834.0,229.586,1.402359028860645,22204.952862979448
Norwalk School District,1030011.0,2013,15878.0,232.952,1.3820958824135443,21944.918420962254
Norwalk School District,1030011.0,2014,16839.0,236.715,1.3601250448851994,22903.145630821877
Norwalk School District,1030011.0,2015,17220.0,237.002,1.3584779875275312,23392.990945224086
Norwalk School District,1030011.0,2016,17548.0,240.005,1.3414803858252953,23540.29781046228
Norwalk School District,1030011.0,2017,17466.0,245.121,1.3134819130143889,22941.27509270931
Norwalk School District,1030011.0,2018,17977.0,251.1,1.282206292313819,23050.222516925525
Norwalk School District,1030011.0,2019,18488.0,255.653,1.2593711006716135,23283.25290921679
Norwalk School District,1030011.0,2020,18777.0,258.856,1.2437880520443798,23354.60825323732
Norwalk School District,1030011.0,2021,20048.0,270.973,1.1881700390813843,23820.43294350359
Norwalk School District,1030011.0,2022,21597.0,292.626,1.1002508321201807,23762.117221299544
Norwalk School District,1030011.0,2023,22279.0,304.703,1.056642041594602,23540.92804468614
Norwalk School District,1030011.0,2024,22245.0,313.698,1.026343808376209,22831.01801732877
Norwalk School District,1030011.0,2025,23147.0,321.962,1.0,23147.0
Norwich School District,1040011.0,2007,12497.0,207.344,1.5527914962574272,19405.235328729068
Norwich School District,1040011.0,2008,13797.0,215.254,1.4957306252148626,20636.595436089458
Norwich School District,1040011.0,2009,14430.0,214.565,1.5005336378253675,21652.70039382005
Norwich School District,1040011.0,2010,14677.0,218.076,1.4763752086428583,21668.758937251238
Norwich School District,1040011.0,2011,15135.0,224.923,1.431432090093054,21664.72468355837
Norwich School District,1040011.0,2012,14590.0,229.586,1.402359028860645,20460.418231076805
Norwich School District,1040011.0,2013,16212.0,232.952,1.3820958824135443,22406.53844568838
Norwich School District,1040011.0,2014,16812.0,236.715,1.3601250448851994,22866.42225460997
Norwich School District,1040011.0,2015,17111.0,237.002,1.3584779875275312,23244.916844583586
Norwich School District,1040011.0,2016,17850.0,240.005,1.3414803858252953,23945.42488698152
Norwich School District,1040011.0,2017,17942.0,245.121,1.3134819130143889,23566.49248330416
Norwich School District,1040011.0,2018,16610.0,251.1,1.282206292313819,21297.446515332536
Norwich School District,1040011.0,2019,17494.0,255.653,1.2593711006716135,22031.438035149207
Norwich School District,1040011.0,2020,17954.0,258.856,1.2437880520443798,22330.970686404795
Norwich School District,1040011.0,2021,20433.0,270.973,1.1881700390813843,24277.878408549925
Norwich School District,1040011.0,2022,21440.0,292.626,1.1002508321201807,23589.377840656674
Norwich School District,1040011.0,2023,23831.0,304.703,1.056642041594602,25180.83649324096
Norwich School District,1040011.0,2024,23566.0,313.698,1.026343808376209,24186.81818819374
Norwich School District,1040011.0,2025,23658.0,321.962,1.0,23658.0
Odyssey Community School District,2630013.0,2007,8094.0,207.344,1.5527914962574272,12568.294370707616
Odyssey Community School District,2630013.0,2008,8998.0,215.254,1.4957306252148626,13458.584165683333
Odyssey Community School District,2630013.0,2009,9997.0,214.565,1.5005336378253675,15000.834777340198
Odyssey Community School District,2630013.0,2010,10084.0,218.076,1.4763752086428583,14887.767603954586
Odyssey Community School District,2630013.0,2011,10290.0,224.923,1.431432090093054,14729.436207057524
Odyssey Community School District,2630013.0,2012,8706.0,229.586,1.402359028860645,12208.937705260772
Odyssey Community School District,2630013.0,2013,9539.0,232.952,1.3820958824135443,13183.8126223428
Odyssey Community School District,2630013.0,2014,10193.0,236.715,1.3601250448851994,13863.754582514835
Odyssey Community School District,2630013.0,2015,10411.0,237.002,1.3584779875275312,14143.114328149128
Odyssey Community School District,2630013.0,2016,10908.0,240.005,1.3414803858252953,14632.86804858232
Odyssey Community School District,2630013.0,2017,11861.0,245.121,1.3134819130143889,15579.208970263664
Odyssey Community School District,2630013.0,2018,12269.0,251.1,1.282206292313819,15731.389000398249
Odyssey Community School District,2630013.0,2019,13531.0,255.653,1.2593711006716135,17040.5503631876
Odyssey Community School District,2630013.0,2020,12740.0,258.856,1.2437880520443798,15845.859783045398
Odyssey Community School District,2630013.0,2021,13221.0,270.973,1.1881700390813843,15708.796086694982
Odyssey Community School District,2630013.0,2022,15514.0,292.626,1.1002508321201807,17069.291409512483
Odyssey Community School District,2630013.0,2023,14497.0,304.703,1.056642041594602,15318.139676996949
Odyssey Community School District,2630013.0,2024,15234.0,313.698,1.026343808376209,15635.32157680317
Odyssey Community School District,2630013.0,2025,14822.0,321.962,1.0,14822.0
Old Saybrook School District,1060011.0,2007,11855.0,207.344,1.5527914962574272,18408.3431881318
Old Saybrook School District,1060011.0,2008,12297.0,215.254,1.4957306252148626,18392.999498267163
Old Saybrook School District,1060011.0,2009,12723.0,214.565,1.5005336378253675,19091.28947405215
Old Saybrook School District,1060011.0,2010,13531.0,218.076,1.4763752086428583,19976.83294814652
Old Saybrook School District,1060011.0,2011,14268.0,224.923,1.431432090093054,20423.67306144769
Old Saybrook School District,1060011.0,2012,14670.0,229.586,1.402359028860645,20572.606953385657
Old Saybrook School District,1060011.0,2013,15855.0,232.952,1.3820958824135443,21913.130215666744
Old Saybrook School District,1060011.0,2014,17155.0,236.715,1.3601250448851994,23332.9451450056
Old Saybrook School District,1060011.0,2015,17855.0,237.002,1.3584779875275312,24255.62446730407
Old Saybrook School District,1060011.0,2016,19582.0,240.005,1.3414803858252953,26268.86891523093
Old Saybrook School District,1060011.0,2017,19862.0,245.121,1.3134819130143889,26088.377756291786
Old Saybrook School District,1060011.0,2018,20646.0,251.1,1.282206292313819,26472.43111111111
Old Saybrook School District,1060011.0,2019,21883.0,255.653,1.2593711006716135,27558.81779599692
Old Saybrook School District,1060011.0,2020,21416.0,258.856,1.2437880520443798,26636.96492258244
Old Saybrook School District,1060011.0,2021,24695.0,270.973,1.1881700390813843,29341.859115114785
Old Saybrook School District,1060011.0,2022,25260.0,292.626,1.1002508321201807,27792.336019355764
Old Saybrook School District,1060011.0,2023,26378.0,304.703,1.056642041594602,27872.10377318241
Old Saybrook School District,1060011.0,2024,27652.0,313.698,1.026343808376209,28380.45898921893
Old Saybrook School District,1060011.0,2025,28583.0,321.962,1.0,28583.0
Orange School District,1070011.0,2007,11586.0,207.344,1.5527914962574272,17990.64227563855
Orange School District,1070011.0,2008,12295.0,215.254,1.4957306252148626,18390.00803701673
Orange School District,1070011.0,2009,13752.0,214.565,1.5005336378253675,20635.338587374456
Orange School District,1070011.0,2010,13944.0,218.076,1.4763752086428583,20586.57590931602
Orange School District,1070011.0,2011,14464.0,224.923,1.431432090093054,20704.23375110593
Orange School District,1070011.0,2012,14600.0,229.586,1.402359028860645,20474.441821365413
Orange School District,1070011.0,2013,15041.0,232.952,1.3820958824135443,20788.10416738212
Orange School District,1070011.0,2014,15993.0,236.715,1.3601250448851994,21752.479842848992
Orange School District,1070011.0,2015,16985.0,237.002,1.3584779875275312,23073.74861815512
Orange School District,1070011.0,2016,17741.0,240.005,1.3414803858252953,23799.203524926565
Orange School District,1070011.0,2017,18683.0,245.121,1.3134819130143889,24539.782580847823
Orange School District,1070011.0,2018,17910.0,251.1,1.282206292313819,22964.3146953405
Orange School District,1070011.0,2019,17992.0,255.653,1.2593711006716135,22658.60484328367
Orange School District,1070011.0,2020,17553.0,258.856,1.2437880520443798,21832.211677535
Orange School District,1070011.0,2021,18304.0,270.973,1.1881700390813843,21748.264395345657
Orange School District,1070011.0,2022,18246.0,292.626,1.1002508321201807,20075.176682864814
Orange School District,1070011.0,2023,18838.0,304.703,1.056642041594602,19905.022779559116
Orange School District,1070011.0,2024,19558.0,313.698,1.026343808376209,20073.2322042219
Orange School District,1070011.0,2025,20523.0,321.962,1.0,20523.0
Oxford School District,1080011.0,2007,11481.0,207.344,1.5527914962574272,17827.59916853152
Oxford School District,1080011.0,2008,11226.0,215.254,1.4957306252148626,16791.071998662046
Oxford School District,1080011.0,2009,11923.0,214.565,1.5005336378253675,17890.862563791856
Oxford School District,1080011.0,2010,12019.0,218.076,1.4763752086428583,17744.553632678515
Oxford School District,1080011.0,2011,12267.0,224.923,1.431432090093054,17559.377449171494
Oxford School District,1080011.0,2012,12332.0,229.586,1.402359028860645,17293.89154390947
Oxford School District,1080011.0,2013,13262.0,232.952,1.3820958824135443,18329.355592568423
Oxford School District,1080011.0,2014,13980.0,236.715,1.3601250448851994,19014.548127495087
Oxford School District,1080011.0,2015,14372.0,237.002,1.3584779875275312,19524.04563674568
Oxford School District,1080011.0,2016,14536.0,240.005,1.3414803858252953,19499.758888356493
Oxford School District,1080011.0,2017,15249.0,245.121,1.3134819130143889,20029.28569155641
Oxford School District,1080011.0,2018,16125.0,251.1,1.282206292313819,20675.576463560334
Oxford School District,1080011.0,2019,17381.0,255.653,1.2593711006716135,21889.12910077332
Oxford School District,1080011.0,2020,18001.0,258.856,1.2437880520443798,22389.42872485088
Oxford School District,1080011.0,2021,19841.0,270.973,1.1881700390813843,23574.481745413745
Oxford School District,1080011.0,2022,19322.0,292.626,1.1002508321201807,21259.04657822613
Oxford School District,1080011.0,2023,20026.0,304.703,1.056642041594602,21160.313524973502
Oxford School District,1080011.0,2024,21221.0,313.698,1.026343808376209,21780.041957551533
Oxford School District,1080011.0,2025,22415.0,321.962,1.0,22415.0
Park City Prep Charter School District,2830013.0,2007,8586.0,207.344,1.5527914962574272,13332.26778686627
Park City Prep Charter School District,2830013.0,2008,8113.0,215.254,1.4957306252148626,12134.86256236818
Park City Prep Charter School District,2830013.0,2009,9093.0,214.565,1.5005336378253675,13644.352368746067
Park City Prep Charter School District,2830013.0,2010,10725.0,218.076,1.4763752086428583,15834.124112694655
Park City Prep Charter School District,2830013.0,2011,9932.0,224.923,1.431432090093054,14216.983518804213
Park City Prep Charter School District,2830013.0,2012,10069.0,229.586,1.402359028860645,14120.35306159783
Park City Prep Charter School District,2830013.0,2013,11130.0,232.952,1.3820958824135443,15382.727171262748
Park City Prep Charter School District,2830013.0,2014,12894.0,236.715,1.3601250448851994,17537.45232874976
Park City Prep Charter School District,2830013.0,2015,11902.0,237.002,1.3584779875275312,16168.605007552676
Park City Prep Charter School District,2830013.0,2016,10917.0,240.005,1.3414803858252953,14644.941372054747
Park City Prep Charter School District,2830013.0,2017,13172.0,245.121,1.3134819130143889,17301.18375822553
Park City Prep Charter School District,2830013.0,2018,11673.0,251.1,1.282206292313819,14967.19405017921
Park City Prep Charter School District,2830013.0,2019,12922.0,255.653,1.2593711006716135,16273.59336287859
Park City Prep Charter School District,2830013.0,2020,11395.0,258.856,1.2437880520443798,14172.964853045709
Park City Prep Charter School District,2830013.0,2021,13569.0,270.973,1.1881700390813843,16122.279260295303
Park City Prep Charter School District,2830013.0,2022,16517.0,292.626,1.1002508321201807,18172.842994129023
Park City Prep Charter School District,2830013.0,2023,16151.0,304.703,1.056642041594602,17065.82561379442
Park City Prep Charter School District,2830013.0,2024,16727.0,313.698,1.026343808376209,17167.652882708848
Park City Prep Charter School District,2830013.0,2025,15541.0,321.962,1.0,15541.0
Path Academy District,2930013.0,2015,14850.0,237.002,1.3584779875275312,20173.39811478384
Path Academy District,2930013.0,2016,13572.0,240.005,1.3414803858252953,18206.571796420907
Path Academy District,2930013.0,2017,13165.0,245.121,1.3134819130143889,17291.989384834425
Path Academy District,2930013.0,2018,10815.0,251.1,1.282206292313819,13867.061051373954
Plainfield School District,1090011.0,2007,11481.0,207.344,1.5527914962574272,17827.59916853152
Plainfield School District,1090011.0,2008,12095.0,215.254,1.4957306252148626,18090.861911973763
Plainfield School District,1090011.0,2009,12581.0,214.565,1.5005336378253675,18878.213697480947
Plainfield School District,1090011.0,2010,13452.0,218.076,1.4763752086428583,19860.199306663733
Plainfield School District,1090011.0,2011,13637.0,224.923,1.431432090093054,19520.43941259898
Plainfield School District,1090011.0,2012,12973.0,229.586,1.402359028860645,18192.803681409143
Plainfield School District,1090011.0,2013,13293.0,232.952,1.3820958824135443,18372.200564923245
Plainfield School District,1090011.0,2014,13951.0,236.715,1.3601250448851994,18975.10450119341
Plainfield School District,1090011.0,2015,14661.0,237.002,1.3584779875275312,19916.645775141136
Plainfield School District,1090011.0,2016,15210.0,240.005,1.3414803858252953,20403.91666840274
Plainfield School District,1090011.0,2017,15578.0,245.121,1.3134819130143889,20461.421240938147
Plainfield School District,1090011.0,2018,15215.0,251.1,1.282206292313819,19508.76873755476
Plainfield School District,1090011.0,2019,15926.0,255.653,1.2593711006716135,20056.744149296115
Plainfield School District,1090011.0,2020,16043.0,258.856,1.2437880520443798,19954.091718947984
Plainfield School District,1090011.0,2021,17837.0,270.973,1.1881700390813843,21193.38898709465
Plainfield School District,1090011.0,2022,19386.0,292.626,1.1002508321201807,21329.462631481823
Plainfield School District,1090011.0,2023,19064.0,304.703,1.056642041594602,20143.82388095949
Plainfield School District,1090011.0,2024,20655.0,313.698,1.026343808376209,21199.1313620106
Plainfield School District,1090011.0,2025,20864.0,321.962,1.0,20864.0
Plainville School District,1100011.0,2007,12071.0,207.344,1.5527914962574272,18743.746151323405
Plainville School District,1100011.0,2008,12665.0,215.254,1.4957306252148626,18943.428368346234
Plainville School District,1100011.0,2009,13357.0,214.565,1.5005336378253675,20042.627800433434
Plainville School District,1100011.0,2010,13447.0,218.076,1.4763752086428583,19852.81743062052
Plainville School District,1100011.0,2011,13814.0,224.923,1.431432090093054,19773.80289254545
Plainville School District,1100011.0,2012,14297.0,229.586,1.402359028860645,20049.52703562064
Plainville School District,1100011.0,2013,14605.0,232.952,1.3820958824135443,20185.510362649813
Plainville School District,1100011.0,2014,15212.0,236.715,1.3601250448851994,20690.22218279365
Plainville School District,1100011.0,2015,15034.0,237.002,1.3584779875275312,20423.358064488904
Plainville School District,1100011.0,2016,15357.0,240.005,1.3414803858252953,20601.11428511906
Plainville School District,1100011.0,2017,15880.0,245.121,1.3134819130143889,20858.09277866849
Plainville School District,1100011.0,2018,15945.0,251.1,1.282206292313819,20444.77933094385
Plainville School District,1100011.0,2019,17080.0,255.653,1.2593711006716135,21510.05839947116
Plainville School District,1100011.0,2020,16910.0,258.856,1.2437880520443798,21032.455960070463
Plainville School District,1100011.0,2021,18730.0,270.973,1.1881700390813843,22254.42483199433
Plainville School District,1100011.0,2022,19569.0,292.626,1.1002508321201807,21530.808533759817
Plainville School District,1100011.0,2023,20255.0,304.703,1.056642041594602,21402.284552498662
Plainville School District,1100011.0,2024,21283.0,313.698,1.026343808376209,21843.67527367086
Plainville School District,1100011.0,2025,22412.0,321.962,1.0,22412.0
Plymouth School District,1110011.0,2007,10771.0,207.344,1.5527914962574272,16725.11720618875
Plymouth School District,1110011.0,2008,11025.0,215.254,1.4957306252148626,16490.43014299386
Plymouth School District,1110011.0,2009,11741.0,214.565,1.5005336378253675,17617.76544170764
Plymouth School District,1110011.0,2010,12321.0,218.076,1.4763752086428583,18190.41894568866
Plymouth School District,1110011.0,2011,12757.0,224.923,1.431432090093054,18260.77917331709
Plymouth School District,1110011.0,2012,13512.0,229.586,1.402359028860645,18948.675197965036
Plymouth School District,1110011.0,2013,13618.0,232.952,1.3820958824135443,18821.381726707645
Plymouth School District,1110011.0,2014,14035.0,236.715,1.3601250448851994,19089.35500496377
Plymouth School District,1110011.0,2015,14330.0,237.002,1.3584779875275312,19466.98956126952
Plymouth School District,1110011.0,2016,14895.0,240.005,1.3414803858252953,19981.350346867774
Plymouth School District,1110011.0,2017,15145.0,245.121,1.3134819130143889,19892.68357260292
Plymouth School District,1110011.0,2018,15249.0,251.1,1.282206292313819,19552.363751493427
Plymouth School District,1110011.0,2019,15885.0,255.653,1.2593711006716135,20005.10993416858
Plymouth School District,1110011.0,2020,17034.0,258.856,1.2437880520443798,21186.685678523965
Plymouth School District,1110011.0,2021,18209.0,270.973,1.1881700390813843,21635.388241632925
Plymouth School District,1110011.0,2022,18870.0,292.626,1.1002508321201807,20761.73320210781
Plymouth School District,1110011.0,2023,20079.0,304.703,1.056642041594602,21216.31555317801
Plymouth School District,1110011.0,2024,20751.0,313.698,1.026343808376209,21297.660367614717
Plymouth School District,1110011.0,2025,21484.0,321.962,1.0,21484.0
Pomfret School District,1120011.0,2007,11234.0,207.344,1.5527914962574272,17444.059668955935
Pomfret School District,1120011.0,2008,11817.0,215.254,1.4957306252148626,17675.04879816403
Pomfret School District,1120011.0,2009,12501.0,214.565,1.5005336378253675,18758.17100645492
Pomfret School District,1120011.0,2010,14179.0,218.076,1.4763752086428583,20933.524083347093
Pomfret School District,1120011.0,2011,14963.0,224.923,1.431432090093054,21418.518364062365
Pomfret School District,1120011.0,2012,15013.0,229.586,1.402359028860645,21053.61610028486
Pomfret School District,1120011.0,2013,15526.0,232.952,1.3820958824135443,21458.42067035269
Pomfret School District,1120011.0,2014,18074.0,236.715,1.3601250448851994,24582.90006125509
Pomfret School District,1120011.0,2015,18513.0,237.002,1.3584779875275312,25149.502983097187
Pomfret School District,1120011.0,2016,19059.0,240.005,1.3414803858252953,25567.274673444303
Pomfret School District,1120011.0,2017,20198.0,245.121,1.3134819130143889,26529.70767906462
Pomfret School District,1120011.0,2018,18862.0,251.1,1.282206292313819,24184.975085623257
Pomfret School District,1120011.0,2019,18479.0,255.653,1.2593711006716135,23271.918569310747
Pomfret School District,1120011.0,2020,18459.0,258.856,1.2437880520443798,22959.083652687208
Pomfret School District,1120011.0,2021,21011.0,270.973,1.1881700390813843,24964.640691138964
Pomfret School District,1120011.0,2022,19518.0,292.626,1.1002508321201807,21474.695741321688
Pomfret School District,1120011.0,2023,20554.0,304.703,1.056642041594602,21718.22052293545
Pomfret School District,1120011.0,2024,22226.0,313.698,1.026343808376209,22811.517484969623
Pomfret School District,1120011.0,2025,23489.0,321.962,1.0,23489.0
Portland School District,1130011.0,2007,11753.0,207.344,1.5527914962574272,18249.95845551354
Portland School District,1130011.0,2008,12488.0,215.254,1.4957306252148626,18678.684047683204
Portland School District,1130011.0,2009,12671.0,214.565,1.5005336378253675,19013.261724885237
Portland School District,1130011.0,2010,12421.0,218.076,1.4763752086428583,18338.056466552945
Portland School District,1130011.0,2011,13068.0,224.923,1.431432090093054,18705.95455333603
Portland School District,1130011.0,2012,13329.0,229.586,1.402359028860645,18692.04349568353
Portland School District,1130011.0,2013,13485.0,232.952,1.3820958824135443,18637.562974346645
Portland School District,1130011.0,2014,13698.0,236.715,1.3601250448851994,18630.992864837463
Portland School District,1130011.0,2015,14624.0,237.002,1.3584779875275312,19866.38208960261
Portland School District,1130011.0,2016,14716.0,240.005,1.3414803858252953,19741.225357805044
Portland School District,1130011.0,2017,15076.0,245.121,1.3134819130143889,19802.05332060492
Portland School District,1130011.0,2018,15693.0,251.1,1.282206292313819,20121.66334528076
Portland School District,1130011.0,2019,16427.0,255.653,1.2593711006716135,20687.689070732595
Portland School District,1130011.0,2020,17014.0,258.856,1.2437880520443798,21161.80991748308
Portland School District,1130011.0,2021,17956.0,270.973,1.1881700390813843,21334.781221745336
Portland School District,1130011.0,2022,19200.0,292.626,1.1002508321201807,21124.81597670747
Portland School District,1130011.0,2023,20901.0,304.703,1.056642041594602,22084.875311368774
Portland School District,1130011.0,2024,21741.0,313.698,1.026343808376209,22313.740737907163
Portland School District,1130011.0,2025,21870.0,321.962,1.0,21870.0
Preston School District,1140011.0,2007,15681.0,207.344,1.5527914962574272,24349.323452812718
Preston School District,1140011.0,2008,15329.0,215.254,1.4957306252148626,22928.054753918623
Preston School District,1140011.0,2009,16747.0,214.565,1.5005336378253675,25129.43683266143
Preston School District,1140011.0,2010,19928.0,218.076,1.4763752086428583,29421.205157834884
Preston School District,1140011.0,2011,20326.0,224.923,1.431432090093054,29095.28866323141
Preston School District,1140011.0,2012,21334.0,229.586,1.402359028860645,29917.927521712994
Preston School District,1140011.0,2013,20860.0,232.952,1.3820958824135443,28830.52010714653
Preston School District,1140011.0,2014,20535.0,236.715,1.3601250448851994,27930.167796717567
Preston School District,1140011.0,2015,21005.0,237.002,1.3584779875275312,28534.830128015798
Preston School District,1140011.0,2016,20295.0,240.005,1.3414803858252953,27225.344430324367
Preston School District,1140011.0,2017,20948.0,245.121,1.3134819130143889,27514.81911382541
Preston School District,1140011.0,2018,17853.0,251.1,1.282206292313819,22891.228936678614
Preston School District,1140011.0,2019,18430.0,255.653,1.2593711006716135,23210.20938537784
Preston School District,1140011.0,2020,19118.0,258.856,1.2437880520443798,23778.739978984453
Preston School District,1140011.0,2021,21709.0,270.973,1.1881700390813843,25793.98337841777
Preston School District,1140011.0,2022,20977.0,292.626,1.1002508321201807,23079.96170538503
Preston School District,1140011.0,2023,22303.0,304.703,1.056642041594602,23566.28745368441
Preston School District,1140011.0,2024,23641.0,313.698,1.026343808376209,24263.79397382196
Preston School District,1140011.0,2025,25820.0,321.962,1.0,25820.0
Putnam School District,1160011.0,2007,12723.0,207.344,1.5527914962574272,19756.166206883245
Putnam School District,1160011.0,2008,13387.0,215.254,1.4957306252148626,20023.345879751367
Putnam School District,1160011.0,2009,14550.0,214.565,1.5005336378253675,21832.764430359097
Putnam School District,1160011.0,2010,15220.0,218.076,1.4763752086428583,22470.430675544307
Putnam School District,1160011.0,2011,14619.0,224.923,1.431432090093054,20926.10572507036
Putnam School District,1160011.0,2012,15354.0,229.586,1.402359028860645,21531.820529126337
Putnam School District,1160011.0,2013,16262.0,232.952,1.3820958824135443,22475.64323980906
Putnam School District,1160011.0,2014,16993.0,236.715,1.3601250448851994,23112.604887734196
Putnam School District,1160011.0,2015,17508.0,237.002,1.3584779875275312,23784.232605632016
Putnam School District,1160011.0,2016,17950.0,240.005,1.3414803858252953,24079.57292556405
Putnam School District,1160011.0,2017,18449.0,245.121,1.3134819130143889,24232.427813202456
Putnam School District,1160011.0,2018,17192.0,251.1,1.282206292313819,22043.69057745918
Putnam School District,1160011.0,2019,16589.0,255.653,1.2593711006716135,20891.7071890414
Putnam School District,1160011.0,2020,17358.0,258.856,1.2437880520443798,21589.673007386344
Putnam School District,1160011.0,2021,19746.0,270.973,1.1881700390813843,23461.605591701013
Putnam School District,1160011.0,2022,19764.0,292.626,1.1002508321201807,21745.35744602325
Putnam School District,1160011.0,2023,19433.0,304.703,1.056642041594602,20533.724794307906
Putnam School District,1160011.0,2024,19790.0,313.698,1.026343808376209,20311.343967765177
Putnam School District,1160011.0,2025,20671.0,321.962,1.0,20671.0
Redding School District,1170011.0,2007,14468.0,207.344,1.5527914962574272,22465.787367852456
Redding School District,1170011.0,2008,14918.0,215.254,1.4957306252148626,22313.30946695532
Redding School District,1170011.0,2009,16153.0,214.565,1.5005336378253675,24238.119851793163
Redding School District,1170011.0,2010,16664.0,218.076,1.4763752086428583,24602.316476824595
Redding School District,1170011.0,2011,17532.0,224.923,1.431432090093054,25095.86740351142
Redding School District,1170011.0,2012,18844.0,229.586,1.402359028860645,26426.05353984999
Redding School District,1170011.0,2013,20322.0,232.952,1.3820958824135443,28086.952522408046
Redding School District,1170011.0,2014,21350.0,236.715,1.3601250448851994,29038.669708299007
Redding School District,1170011.0,2015,22645.0,237.002,1.3584779875275312,30762.734027560942
Redding School District,1170011.0,2016,23439.0,240.005,1.3414803858252953,31442.958763359096
Redding School District,1170011.0,2017,23238.0,245.121,1.3134819130143889,30522.692694628364
Redding School District,1170011.0,2018,23210.0,251.1,1.282206292313819,29760.008044603743
Redding School District,1170011.0,2019,25051.0,255.653,1.2593711006716135,31548.50544292459
Redding School District,1170011.0,2020,26030.0,258.856,1.2437880520443798,32375.802994715206
Redding School District,1170011.0,2021,28627.0,270.973,1.1881700390813843,34013.743708782786
Redding School District,1170011.0,2022,28325.0,292.626,1.1002508321201807,31164.60481980412
Redding School District,1170011.0,2023,29232.0,304.703,1.056642041594602,30887.76015989341
Redding School District,1170011.0,2024,29247.0,313.698,1.026343808376209,30017.477363578982
Redding School District,1170011.0,2025,30448.0,321.962,1.0,30448.0
Regional School District 01,2010012.0,2007,16530.0,207.344,1.5527914962574272,25667.643433135272
Regional School District 01,2010012.0,2008,17223.0,215.254,1.4957306252148626,25760.96855807558
Regional School District 01,2010012.0,2009,18399.0,214.565,1.5005336378253675,27608.318402348938
Regional School District 01,2010012.0,2010,19811.0,218.076,1.4763752086428583,29248.46925842367
Regional School District 01,2010012.0,2011,20855.0,224.923,1.431432090093054,29852.51623889064
Regional School District 01,2010012.0,2012,22389.0,229.586,1.402359028860645,31397.416297160973
Regional School District 01,2010012.0,2013,23117.0,232.952,1.3820958824135443,31949.910513753905
Regional School District 01,2010012.0,2014,22664.0,236.715,1.3601250448851994,30825.87401727816
Regional School District 01,2010012.0,2015,26782.0,237.002,1.3584779875275312,36382.75746196234
Regional School District 01,2010012.0,2016,24914.0,240.005,1.3414803858252953,33421.6423324514
Regional School District 01,2010012.0,2017,25690.0,245.121,1.3134819130143889,33743.35034533965
Regional School District 01,2010012.0,2018,28408.0,251.1,1.282206292313819,36424.916352050976
Regional School District 01,2010012.0,2019,29420.0,255.653,1.2593711006716135,37050.69778175887
Regional School District 01,2010012.0,2020,29900.0,258.856,1.2437880520443798,37189.26275612696
Regional School District 01,2010012.0,2021,34374.0,270.973,1.1881700390813843,40842.1569233835
Regional School District 01,2010012.0,2022,31535.0,292.626,1.1002508321201807,34696.4099909099
Regional School District 01,2010012.0,2023,36960.0,304.703,1.056642041594602,39053.48985733649
Regional School District 01,2010012.0,2024,37138.0,313.698,1.026343808376209,38116.356355475655
Regional School District 01,2010012.0,2025,33860.0,321.962,1.0,33860.0
Regional School District 04,2040012.0,2007,13804.0,207.344,1.5527914962574272,21434.733814337524
Regional School District 04,2040012.0,2008,14396.0,215.254,1.4957306252148626,21532.53808059316
Regional School District 04,2040012.0,2009,15462.0,214.565,1.5005336378253675,23201.251108055832
Regional School District 04,2040012.0,2010,15184.0,218.076,1.4763752086428583,22417.281168033165
Regional School District 04,2040012.0,2011,15990.0,224.923,1.431432090093054,22888.599120587933
Regional School District 04,2040012.0,2012,15814.0,229.586,1.402359028860645,22176.905682402237
Regional School District 04,2040012.0,2013,15485.0,232.952,1.3820958824135443,21401.75473917373
Regional School District 04,2040012.0,2014,16413.0,236.715,1.3601250448851994,22323.73236170078
Regional School District 04,2040012.0,2015,16948.0,237.002,1.3584779875275312,23023.4849326166
Regional School District 04,2040012.0,2016,18073.0,240.005,1.3414803858252953,24244.57501302056
Regional School District 04,2040012.0,2017,18093.0,245.121,1.3134819130143889,23764.828252169333
Regional School District 04,2040012.0,2018,19560.0,251.1,1.282206292313819,25079.955077658306
Regional School District 04,2040012.0,2019,20348.0,255.653,1.2593711006716135,25625.68315646599
Regional School District 04,2040012.0,2020,20956.0,258.856,1.2437880520443798,26064.822418642023
Regional School District 04,2040012.0,2021,22071.0,270.973,1.1881700390813843,26224.100932565238
Regional School District 04,2040012.0,2022,23871.0,292.626,1.1002508321201807,26264.087613540836
Regional School District 04,2040012.0,2023,27347.0,304.703,1.056642041594602,28895.989911487584
Regional School District 04,2040012.0,2024,29496.0,313.698,1.026343808376209,30273.03697186466
Regional School District 04,2040012.0,2025,34045.0,321.962,1.0,34045.0
Regional School District 05,2050012.0,2007,13036.0,207.344,1.5527914962574272,20242.18994521182
Regional School District 05,2050012.0,2008,13591.0,215.254,1.4957306252148626,20328.4749272952
Regional School District 05,2050012.0,2009,14314.0,214.565,1.5005336378253675,21478.63849183231
Regional School District 05,2050012.0,2010,14327.0,218.076,1.4763752086428583,21152.027614226237
Regional School District 05,2050012.0,2011,14501.0,224.923,1.431432090093054,20757.196738439376
Regional School District 05,2050012.0,2012,15523.0,229.586,1.402359028860645,21768.819205003787
Regional School District 05,2050012.0,2013,15992.0,232.952,1.3820958824135443,22102.4773515574
Regional School District 05,2050012.0,2014,16663.0,236.715,1.3601250448851994,22663.76362292208
Regional School District 05,2050012.0,2015,17110.0,237.002,1.3584779875275312,23243.55836659606
Regional School District 05,2050012.0,2016,18133.0,240.005,1.3414803858252953,24325.06383617008
Regional School District 05,2050012.0,2017,18696.0,245.121,1.3134819130143889,24556.85784571701
Regional School District 05,2050012.0,2018,19051.0,251.1,1.282206292313819,24427.31207487057
Regional School District 05,2050012.0,2019,19439.0,255.653,1.2593711006716135,24480.914825955497
Regional School District 05,2050012.0,2020,19586.0,258.856,1.2437880520443798,24360.832787341224
Regional School District 05,2050012.0,2021,21416.0,270.973,1.1881700390813843,25445.849556966925
Regional School District 05,2050012.0,2022,21195.0,292.626,1.1002508321201807,23319.81638678723
Regional School District 05,2050012.0,2023,22558.0,304.703,1.056642041594602,23835.731174291035
Regional School District 05,2050012.0,2024,22897.0,313.698,1.026343808376209,23500.19418039006
Regional School District 05,2050012.0,2025,23694.0,321.962,1.0,23694.0
Regional School District 06,2060012.0,2007,13283.0,207.344,1.5527914962574272,20625.729444787405
Regional School District 06,2060012.0,2008,13767.0,215.254,1.4957306252148626,20591.72351733301
Regional School District 06,2060012.0,2009,14818.0,214.565,1.5005336378253675,22234.907445296296
Regional School District 06,2060012.0,2010,15224.0,218.076,1.4763752086428583,22476.33617637888
Regional School District 06,2060012.0,2011,15582.0,224.923,1.431432090093054,22304.574827829965
Regional School District 06,2060012.0,2012,15902.0,229.586,1.402359028860645,22300.31327694197
Regional School District 06,2060012.0,2013,16734.0,232.952,1.3820958824135443,23127.99249630825
Regional School District 06,2060012.0,2014,17360.0,236.715,1.3601250448851994,23611.77077920706
Regional School District 06,2060012.0,2015,18201.0,237.002,1.3584779875275312,24725.657850988595
Regional School District 06,2060012.0,2016,18488.0,240.005,1.3414803858252953,24801.289373138057
Regional School District 06,2060012.0,2017,18876.0,245.121,1.3134819130143889,24793.2845900596
Regional School District 06,2060012.0,2018,22152.0,251.1,1.282206292313819,28403.43378733572
Regional School District 06,2060012.0,2019,21554.0,255.653,1.2593711006716135,27144.48470387596
Regional School District 06,2060012.0,2020,20260.0,258.856,1.2437880520443798,25199.14593441913
Regional School District 06,2060012.0,2021,22103.0,270.973,1.1881700390813843,26262.12237381584
Regional School District 06,2060012.0,2022,23007.0,292.626,1.1002508321201807,25313.470894589
Regional School District 06,2060012.0,2023,23898.0,304.703,1.056642041594602,25251.6315100278
Regional School District 06,2060012.0,2024,24287.0,313.698,1.026343808376209,24926.81207403299
Regional School District 07,2070012.0,2007,13073.0,207.344,1.5527914962574272,20299.643230573347
Regional School District 07,2070012.0,2008,13796.0,215.254,1.4957306252148626,20635.099705464243
Regional School District 07,2070012.0,2009,13906.0,214.565,1.5005336378253675,20866.42076759956
Regional School District 07,2070012.0,2010,14239.0,218.076,1.4763752086428583,21022.10659586566
Regional School District 07,2070012.0,2011,14608.0,224.923,1.431432090093054,20910.35997207933
Regional School District 07,2070012.0,2012,15209.0,229.586,1.402359028860645,21328.478469941543
Regional School District 07,2070012.0,2013,15444.0,232.952,1.3820958824135443,21345.08880799478
Regional School District 07,2070012.0,2014,15947.0,236.715,1.3601250448851994,21689.914090784278
Regional School District 07,2070012.0,2015,17391.0,237.002,1.3584779875275312,23625.290681091297
Regional School District 07,2070012.0,2016,17496.0,240.005,1.3414803858252953,23470.540830399364
Regional School District 07,2070012.0,2017,17502.0,245.121,1.3134819130143889,22988.56044157783
Regional School District 07,2070012.0,2018,18976.0,251.1,1.282206292313819,24331.146602947032
Regional School District 07,2070012.0,2019,19264.0,255.653,1.2593711006716135,24260.524883337963
Regional School District 07,2070012.0,2020,20189.0,258.856,1.2437880520443798,25110.836982723984
Regional School District 07,2070012.0,2021,22117.0,270.973,1.1881700390813843,26278.756754362978
Regional School District 07,2070012.0,2022,23924.0,292.626,1.1002508321201807,26322.400907643205
Regional School District 07,2070012.0,2023,25464.0,304.703,1.056642041594602,26906.33294716495
Regional School District 07,2070012.0,2024,27204.0,313.698,1.026343808376209,27920.65696306639
Regional School District 07,2070012.0,2025,29305.0,321.962,1.0,29305.0
Regional School District 08,2080012.0,2007,11755.0,207.344,1.5527914962574272,18253.064038506054
Regional School District 08,2080012.0,2008,12310.0,215.254,1.4957306252148626,18412.44399639496
Regional School District 08,2080012.0,2009,12076.0,214.565,1.5005336378253675,18120.444210379137
Regional School District 08,2080012.0,2010,12326.0,218.076,1.4763752086428583,18197.800821731875
Regional School District 08,2080012.0,2011,12321.0,224.923,1.431432090093054,17636.674782036516
Regional School District 08,2080012.0,2012,12399.0,229.586,1.402359028860645,17387.849598843135
Regional School District 08,2080012.0,2013,12574.0,232.952,1.3820958824135443,17378.473625467905
Regional School District 08,2080012.0,2014,13525.0,236.715,1.3601250448851994,18395.69123207232
Regional School District 08,2080012.0,2015,14479.0,237.002,1.3584779875275312,19669.402781411125
Regional School District 08,2080012.0,2016,15261.0,240.005,1.3414803858252953,20472.332168079836
Regional School District 08,2080012.0,2017,16023.0,245.121,1.3134819130143889,21045.92069222955
Regional School District 08,2080012.0,2018,16972.0,251.1,1.282206292313819,21761.60519315014
Regional School District 08,2080012.0,2019,17889.0,255.653,1.2593711006716135,22528.88961991449
Regional School District 08,2080012.0,2020,18577.0,258.856,1.2437880520443798,23105.850642828445
Regional School District 08,2080012.0,2021,20178.0,270.973,1.1881700390813843,23974.89504858417
Regional School District 08,2080012.0,2022,21901.0,292.626,1.1002508321201807,24096.59347426408
Regional School District 08,2080012.0,2023,22687.0,304.703,1.056642041594602,23972.03799765674
Regional School District 08,2080012.0,2024,25449.0,313.698,1.026343808376209,26119.423579366143
Regional School District 08,2080012.0,2025,28330.0,321.962,1.0,28330.0
Regional School District 09,2090012.0,2007,16539.0,207.344,1.5527914962574272,25681.61855660159
Regional School District 09,2090012.0,2008,17672.0,215.254,1.4957306252148626,26432.55160879705
Regional School District 09,2090012.0,2009,18534.0,214.565,1.5005336378253675,27810.89044345536
Regional School District 09,2090012.0,2010,19091.0,218.076,1.4763752086428583,28185.47910820081
Regional School District 09,2090012.0,2011,19538.0,224.923,1.431432090093054,27967.32017623809
Regional School District 09,2090012.0,2012,19277.0,229.586,1.402359028860645,27033.27499934665
Regional School District 09,2090012.0,2013,19522.0,232.952,1.3820958824135443,26981.275816477213
Regional School District 09,2090012.0,2014,19269.0,236.715,1.3601250448851994,26208.249489892907
Regional School District 09,2090012.0,2015,19731.0,237.002,1.3584779875275312,26804.12917190572
Regional School District 09,2090012.0,2016,20546.0,240.005,1.3414803858252953,27562.05600716652
Regional School District 09,2090012.0,2017,22519.0,245.121,1.3134819130143889,29578.29919917102
Regional School District 09,2090012.0,2018,24176.0,251.1,1.282206292313819,30998.61932297889
Regional School District 09,2090012.0,2019,24759.0,255.653,1.2593711006716135,31180.76908152848
Regional School District 09,2090012.0,2020,23264.0,258.856,1.2437880520443798,28935.485242760453
Regional School District 09,2090012.0,2021,26067.0,270.973,1.1881700390813843,30972.028408734444
Regional School District 09,2090012.0,2022,27691.0,292.626,1.1002508321201807,30467.04579223993
Regional School District 09,2090012.0,2023,30608.0,304.703,1.056642041594602,32341.69960912758
Regional School District 09,2090012.0,2024,30920.0,313.698,1.026343808376209,31734.550554992384
Regional School District 09,2090012.0,2025,33549.0,321.962,1.0,33549.0
Regional School District 10,2100012.0,2007,10762.0,207.344,1.5527914962574272,16711.142082722432
Regional School District 10,2100012.0,2008,11246.0,215.254,1.4957306252148626,16820.986611166343
Regional School District 10,2100012.0,2009,11761.0,214.565,1.5005336378253675,17647.776114464148
Regional School District 10,2100012.0,2010,11991.0,218.076,1.4763752086428583,17703.215126836516
Regional School District 10,2100012.0,2011,12010.0,224.923,1.431432090093054,17191.499402017576
Regional School District 10,2100012.0,2012,12939.0,229.586,1.402359028860645,18145.12347442788
Regional School District 10,2100012.0,2013,13341.0,232.952,1.3820958824135443,18438.54116727909
Regional School District 10,2100012.0,2014,13813.0,236.715,1.3601250448851994,18787.40724499926
Regional School District 10,2100012.0,2015,14402.0,237.002,1.3584779875275312,19564.799976371505
Regional School District 10,2100012.0,2016,15179.0,240.005,1.3414803858252953,20362.330776442155
Regional School District 10,2100012.0,2017,15590.0,245.121,1.3134819130143889,20477.18302389432
Regional School District 10,2100012.0,2018,15823.0,251.1,1.282206292313819,20288.35016328156
Regional School District 10,2100012.0,2019,16434.0,255.653,1.2593711006716135,20696.504668437297
Regional School District 10,2100012.0,2020,16934.0,258.856,1.2437880520443798,21062.30687331953
Regional School District 10,2100012.0,2021,17653.0,270.973,1.1881700390813843,20974.76569990368
Regional School District 10,2100012.0,2022,18540.0,292.626,1.1002508321201807,20398.65042750815
Regional School District 10,2100012.0,2023,19343.0,304.703,1.056642041594602,20438.62701056439
Regional School District 10,2100012.0,2024,20164.0,313.698,1.026343808376209,20695.19655209788
Regional School District 10,2100012.0,2025,21006.0,321.962,1.0,21006.0
Regional School District 11,2110012.0,2007,18872.0,207.344,1.5527914962574272,29304.281117370167
Regional School District 11,2110012.0,2008,18864.0,215.254,1.4957306252148626,28215.462514053168
Regional School District 11,2110012.0,2009,18077.0,214.565,1.5005336378253675,27125.14657096917
Regional School District 11,2110012.0,2010,19411.0,218.076,1.4763752086428583,28657.91917496653
Regional School District 11,2110012.0,2011,20166.0,224.923,1.431432090093054,28866.259528816525
Regional School District 11,2110012.0,2012,19565.0,229.586,1.402359028860645,27437.154399658517
Regional School District 11,2110012.0,2013,19865.0,232.952,1.3820958824135443,27455.334704145054
Regional School District 11,2110012.0,2014,20042.0,236.715,1.3601250448851994,27259.626149589167
Regional School District 11,2110012.0,2015,20501.0,237.002,1.3584779875275312,27850.15722230192
Regional School District 11,2110012.0,2016,22595.0,240.005,1.3414803858252953,30310.749317722548
Regional School District 11,2110012.0,2017,21983.0,245.121,1.3134819130143889,28874.272893795307
Regional School District 11,2110012.0,2018,23424.0,251.1,1.282206292313819,30034.4001911589
Regional School District 11,2110012.0,2019,24953.0,255.653,1.2593711006716135,31425.08707505877
Regional School District 11,2110012.0,2020,24664.0,258.856,1.2437880520443798,30676.788515622586
Regional School District 11,2110012.0,2021,27213.0,270.973,1.1881700390813843,32333.67127352171
Regional School District 11,2110012.0,2022,27042.0,292.626,1.1002508321201807,29752.983002193927
Regional School District 11,2110012.0,2023,27425.0,304.703,1.056642041594602,28978.40799073196
Regional School District 11,2110012.0,2024,29861.0,313.698,1.026343808376209,30647.652461921974
Regional School District 11,2110012.0,2025,33152.0,321.962,1.0,33152.0
Regional School District 12,2120012.0,2007,16920.0,207.344,1.5527914962574272,26273.232116675663
Regional School District 12,2120012.0,2008,18198.0,215.254,1.4957306252148626,27219.30591766007
Regional School District 12,2120012.0,2009,19546.0,214.565,1.5005336378253675,29329.430484934637
Regional School District 12,2120012.0,2010,20734.0,218.076,1.4763752086428583,30611.16357600103
Regional School District 12,2120012.0,2011,21720.0,224.923,1.431432090093054,31090.70499682113
Regional School District 12,2120012.0,2012,22820.0,229.586,1.402359028860645,32001.83303859991
Regional School District 12,2120012.0,2013,24481.0,232.952,1.3820958824135443,33835.08929736598
Regional School District 12,2120012.0,2014,27099.0,236.715,1.3601250448851994,36858.02859134402
Regional School District 12,2120012.0,2015,28917.0,237.002,1.3584779875275312,39283.10796533362
Regional School District 12,2120012.0,2016,29737.0,240.005,1.3414803858252953,39891.60223328681
Regional School District 12,2120012.0,2017,30081.0,245.121,1.3134819130143889,39510.84942538582
Regional School District 12,2120012.0,2018,28547.0,251.1,1.282206292313819,36603.14302668259
Regional School District 12,2120012.0,2019,30285.0,255.653,1.2593711006716135,38140.053783839816
Regional School District 12,2120012.0,2020,27862.0,258.856,1.2437880520443798,34654.42270606051
Regional School District 12,2120012.0,2021,31948.0,270.973,1.1881700390813843,37959.65640857207
Regional School District 12,2120012.0,2022,29347.0,292.626,1.1002508321201807,32289.061170230943
Regional School District 12,2120012.0,2023,29022.0,304.703,1.056642041594602,30665.86533115854
Regional School District 12,2120012.0,2024,31218.0,313.698,1.026343808376209,32040.401009888494
Regional School District 12,2120012.0,2025,32551.0,321.962,1.0,32551.0
Regional School District 13,2130012.0,2007,12256.0,207.344,1.5527914962574272,19031.012578131027
Regional School District 13,2130012.0,2008,13020.0,215.254,1.4957306252148626,19474.41274029751
Regional School District 13,2130012.0,2009,14164.0,214.565,1.5005336378253675,21253.558446158502
Regional School District 13,2130012.0,2010,14838.0,218.076,1.4763752086428583,21906.455345842736
Regional School District 13,2130012.0,2011,15605.0,224.923,1.431432090093054,22337.497765902102
Regional School District 13,2130012.0,2012,15861.0,229.586,1.402359028860645,22242.816556758684
Regional School District 13,2130012.0,2013,16832.0,232.952,1.3820958824135443,23263.43789278478
Regional School District 13,2130012.0,2014,17968.0,236.715,1.3601250448851994,24438.726806497263
Regional School District 13,2130012.0,2015,18583.0,237.002,1.3584779875275312,25244.596442224112
Regional School District 13,2130012.0,2016,20089.0,240.005,1.3414803858252953,26948.99947084436
Regional School District 13,2130012.0,2017,19542.0,245.121,1.3134819130143889,25668.063544127184
Regional School District 13,2130012.0,2018,20127.0,251.1,1.282206292313819,25806.96604540024
Regional School District 13,2130012.0,2019,21109.0,255.653,1.2593711006716135,26584.06456407709
Regional School District 13,2130012.0,2020,22654.0,258.856,1.2437880520443798,28176.77453101338
Regional School District 13,2130012.0,2021,25087.0,270.973,1.1881700390813843,29807.62177043469
Regional School District 13,2130012.0,2022,26396.0,292.626,1.1002508321201807,29042.22096464429
Regional School District 13,2130012.0,2023,27232.0,304.703,1.056642041594602,28774.476076704203
Regional School District 13,2130012.0,2024,28300.0,313.698,1.026343808376209,29045.52977704672
Regional School District 13,2130012.0,2025,30387.0,321.962,1.0,30387.0
Regional School District 14,2140012.0,2007,11887.0,207.344,1.5527914962574272,18458.03251601204
Regional School District 14,2140012.0,2008,12953.0,215.254,1.4957306252148626,19374.198788408117
Regional School District 14,2140012.0,2009,13696.0,214.565,1.5005336378253675,20551.308703656232
Regional School District 14,2140012.0,2010,14328.0,218.076,1.4763752086428583,21153.50398943488
Regional School District 14,2140012.0,2011,14350.0,224.923,1.431432090093054,20541.05049283533
Regional School District 14,2140012.0,2012,15135.0,229.586,1.402359028860645,21224.703901805857
Regional School District 14,2140012.0,2013,16021.0,232.952,1.3820958824135443,22142.558132147395
Regional School District 14,2140012.0,2014,16931.0,236.715,1.3601250448851994,23028.27713495131
Regional School District 14,2140012.0,2015,18082.0,237.002,1.3584779875275312,24563.99897047282
Regional School District 14,2140012.0,2016,18737.0,240.005,1.3414803858252953,25135.31798920856
Regional School District 14,2140012.0,2017,18586.0,245.121,1.3134819130143889,24412.374835285427
Regional School District 14,2140012.0,2018,19196.0,251.1,1.282206292313819,24613.231987256077
Regional School District 14,2140012.0,2019,20159.0,255.653,1.2593711006716135,25387.662018439056
Regional School District 14,2140012.0,2020,21262.0,258.856,1.2437880520443798,26445.421562567604
Regional School District 14,2140012.0,2021,21870.0,270.973,1.1881700390813843,25985.278754709874
Regional School District 14,2140012.0,2022,22637.0,292.626,1.1002508321201807,24906.37808670453
Regional School District 14,2140012.0,2023,22796.0,304.703,1.056642041594602,24087.21198019055
Regional School District 14,2140012.0,2024,24147.0,313.698,1.026343808376209,24783.12394086032
Regional School District 14,2140012.0,2025,25412.0,321.962,1.0,25412.0
Regional School District 15,2150012.0,2007,11349.0,207.344,1.5527914962574272,17622.63069102554
Regional School District 15,2150012.0,2008,11886.0,215.254,1.4957306252148626,17778.254211303858
Regional School District 15,2150012.0,2009,12562.0,214.565,1.5005336378253675,18849.703558362267
Regional School District 15,2150012.0,2010,13002.0,218.076,1.4763752086428583,19195.830462774447
Regional School District 15,2150012.0,2011,13587.0,224.923,1.431432090093054,19448.867808094325
Regional School District 15,2150012.0,2012,14190.0,229.586,1.402359028860645,19899.47461953255
Regional School District 15,2150012.0,2013,14824.0,232.952,1.3820958824135443,20488.18936089838
Regional School District 15,2150012.0,2014,15260.0,236.715,1.3601250448851994,20755.508184948143
Regional School District 15,2150012.0,2015,16431.0,237.002,1.3584779875275312,22321.151813064866
Regional School District 15,2150012.0,2016,17285.0,240.005,1.3414803858252953,23187.48846899023
Regional School District 15,2150012.0,2017,17921.0,245.121,1.3134819130143889,23538.90936313086
Regional School District 15,2150012.0,2018,18491.0,251.1,1.282206292313819,23709.27655117483
Regional School District 15,2150012.0,2019,19102.0,255.653,1.2593711006716135,24056.50676502916
Regional School District 15,2150012.0,2020,19521.0,258.856,1.2437880520443798,24279.986563958337
Regional School District 15,2150012.0,2021,20896.0,270.973,1.1881700390813843,24828.001136644605
Regional School District 15,2150012.0,2022,21683.0,292.626,1.1002508321201807,23856.73879286188
Regional School District 15,2150012.0,2023,23154.0,304.703,1.056642041594602,24465.489831081417
Regional School District 15,2150012.0,2024,24519.0,313.698,1.026343808376209,25164.92383757627
Regional School District 15,2150012.0,2025,25887.0,321.962,1.0,25887.0
Regional School District 16,2160012.0,2007,10503.0,207.344,1.5527914962574272,16308.969085191758
Regional School District 16,2160012.0,2008,11230.0,215.254,1.4957306252148626,16797.054921162908
Regional School District 16,2160012.0,2009,12285.0,214.565,1.5005336378253675,18434.05574068464
Regional School District 16,2160012.0,2010,12956.0,218.076,1.4763752086428583,19127.91720317688
Regional School District 16,2160012.0,2011,13939.0,224.923,1.431432090093054,19952.73190380708
Regional School District 16,2160012.0,2012,13592.0,229.586,1.402359028860645,19060.86392027388
Regional School District 16,2160012.0,2013,13921.0,232.952,1.3820958824135443,19240.15677907895
Regional School District 16,2160012.0,2014,14496.0,236.715,1.3601250448851994,19716.37265065585
Regional School District 16,2160012.0,2015,15598.0,237.002,1.3584779875275312,21189.539649454437
Regional School District 16,2160012.0,2016,15885.0,240.005,1.3414803858252953,21309.415928834816
Regional School District 16,2160012.0,2017,15922.0,245.121,1.3134819130143889,20913.25901901509
Regional School District 16,2160012.0,2018,16249.0,251.1,1.282206292313819,20834.570043807245
Regional School District 16,2160012.0,2019,17001.0,255.653,1.2593711006716135,21410.5680825181
Regional School District 16,2160012.0,2020,17443.0,258.856,1.2437880520443798,21695.39499181012
Regional School District 16,2160012.0,2021,19310.0,270.973,1.1881700390813843,22943.56345466153
Regional School District 16,2160012.0,2022,19407.0,292.626,1.1002508321201807,21352.567898956346
Regional School District 16,2160012.0,2023,20158.0,304.703,1.056642041594602,21299.790274463987
Regional School District 16,2160012.0,2024,20848.0,313.698,1.026343808376209,21397.215717027208
Regional School District 16,2160012.0,2025,21735.0,321.962,1.0,21735.0
Regional School District 17,2170012.0,2007,12433.0,207.344,1.5527914962574272,19305.85667296859
Regional School District 17,2170012.0,2008,12834.0,215.254,1.4957306252148626,19196.206844007545
Regional School District 17,2170012.0,2009,13192.0,214.565,1.5005336378253675,19795.03975019225
Regional School District 17,2170012.0,2010,13752.0,218.076,1.4763752086428583,20303.11186925659
Regional School District 17,2170012.0,2011,14492.0,224.923,1.431432090093054,20744.31384962854
Regional School District 17,2170012.0,2012,15254.0,229.586,1.402359028860645,21391.584626240277
Regional School District 17,2170012.0,2013,15619.0,232.952,1.3820958824135443,21586.95558741715
Regional School District 17,2170012.0,2014,16175.0,236.715,1.3601250448851994,22000.0226010181
Regional School District 17,2170012.0,2015,17220.0,237.002,1.3584779875275312,23392.990945224086
Regional School District 17,2170012.0,2016,18347.0,240.005,1.3414803858252953,24612.14063873669
Regional School District 17,2170012.0,2017,18571.0,245.121,1.3134819130143889,24392.67260659021
Regional School District 17,2170012.0,2018,18995.0,251.1,1.282206292313819,24355.508522500997
Regional School District 17,2170012.0,2019,19556.0,255.653,1.2593711006716135,24628.261244734076
Regional School District 17,2170012.0,2020,20345.0,258.856,1.2437880520443798,25304.86791884291
Regional School District 17,2170012.0,2021,21536.0,270.973,1.1881700390813843,25588.429961656693
Regional School District 17,2170012.0,2022,23429.0,292.626,1.1002508321201807,25777.776745743715
Regional School District 17,2170012.0,2023,24145.0,304.703,1.056642041594602,25512.622094301667
Regional School District 17,2170012.0,2024,25947.0,313.698,1.026343808376209,26630.542795937497
Regional School District 17,2170012.0,2025,28369.0,321.962,1.0,28369.0
Regional School District 18,2180012.0,2007,15753.0,207.344,1.5527914962574272,24461.12444054325
Regional School District 18,2180012.0,2008,16144.0,215.254,1.4957306252148626,24147.075213468743
Regional School District 18,2180012.0,2009,17981.0,214.565,1.5005336378253675,26981.09534173793
Regional School District 18,2180012.0,2010,17312.0,218.076,1.4763752086428583,25559.00761202517
Regional School District 18,2180012.0,2011,17768.0,224.923,1.431432090093054,25433.68537677338
Regional School District 18,2180012.0,2012,18323.0,229.586,1.402359028860645,25695.424485813597
Regional School District 18,2180012.0,2013,18297.0,232.952,1.3820958824135443,25288.20836052062
Regional School District 18,2180012.0,2014,18844.0,236.715,1.3601250448851994,25630.196345816697
Regional School District 18,2180012.0,2015,19910.0,237.002,1.3584779875275312,27047.29673167315
Regional School District 18,2180012.0,2016,20619.0,240.005,1.3414803858252953,27659.98407533176
Regional School District 18,2180012.0,2017,21305.0,245.121,1.3134819130143889,27983.73215677155
Regional School District 18,2180012.0,2018,22554.0,251.1,1.282206292313819,28918.88071684588
Regional School District 18,2180012.0,2019,23629.0,255.653,1.2593711006716135,29757.679737769555
Regional School District 18,2180012.0,2020,22897.0,258.856,1.2437880520443798,28479.015027660163
Regional School District 18,2180012.0,2021,23778.0,270.973,1.1881700390813843,28252.307189277155
Regional School District 18,2180012.0,2022,23905.0,292.626,1.1002508321201807,26301.49614183292
Regional School District 18,2180012.0,2023,24303.0,304.703,1.056642041594602,25679.571536873613
Regional School District 18,2180012.0,2024,24634.0,313.698,1.026343808376209,25282.95337553953
Regional School District 18,2180012.0,2025,26038.0,321.962,1.0,26038.0
Regional School District 19,2190012.0,2007,13711.0,207.344,1.5527914962574272,21290.324205185585
Regional School District 19,2190012.0,2008,14768.0,215.254,1.4957306252148626,22088.94987317309
Regional School District 19,2190012.0,2009,15613.0,214.565,1.5005336378253675,23427.831687367463
Regional School District 19,2190012.0,2010,15562.0,218.076,1.4763752086428583,22975.350996900164
Regional School District 19,2190012.0,2011,15980.0,224.923,1.431432090093054,22874.284799687
Regional School District 19,2190012.0,2012,15840.0,229.586,1.402359028860645,22213.36701715261
Regional School District 19,2190012.0,2013,16000.0,232.952,1.3820958824135443,22113.53411861671
Regional School District 19,2190012.0,2014,16486.0,236.715,1.3601250448851994,22423.0214899774
Regional School District 19,2190012.0,2015,17351.0,237.002,1.3584779875275312,23570.951561590195
Regional School District 19,2190012.0,2016,17968.0,240.005,1.3414803858252953,24103.719572508904
Regional School District 19,2190012.0,2017,18408.0,245.121,1.3134819130143889,24178.575054768866
Regional School District 19,2190012.0,2018,18530.0,251.1,1.282206292313819,23759.282596575067
Regional School District 19,2190012.0,2019,19474.0,255.653,1.2593711006716135,24524.992814479003
Regional School District 19,2190012.0,2020,19681.0,258.856,1.2437880520443798,24478.99265228544
Regional School District 19,2190012.0,2021,19749.0,270.973,1.1881700390813843,23465.170101818258
Regional School District 19,2190012.0,2022,19802.0,292.626,1.1002508321201807,21787.166977643818
Regional School District 19,2190012.0,2023,21115.0,304.703,1.056642041594602,22310.996708270024
Regional School District 19,2190012.0,2024,22736.0,313.698,1.026343808376209,23334.95282724149
Regional School District 19,2190012.0,2025,24196.0,321.962,1.0,24196.0
Regional School District 20,2200012.0,2025,26590.0,321.962,1.0,26590.0
Ridgefield School District,1180011.0,2007,12660.0,207.344,1.5527914962574272,19658.340342619027
Ridgefield School District,1180011.0,2008,13457.0,215.254,1.4957306252148626,20128.047023516407
Ridgefield School District,1180011.0,2009,13906.0,214.565,1.5005336378253675,20866.42076759956
Ridgefield School District,1180011.0,2010,14555.0,218.076,1.4763752086428583,21488.641161796804
Ridgefield School District,1180011.0,2011,15065.0,224.923,1.431432090093054,21564.524437251857
Ridgefield School District,1180011.0,2012,15243.0,229.586,1.402359028860645,21376.158676922805
Ridgefield School District,1180011.0,2013,16004.0,232.952,1.3820958824135443,22119.062502146364
Ridgefield School District,1180011.0,2014,16329.0,236.715,1.3601250448851994,22209.48185793042
Ridgefield School District,1180011.0,2015,17130.0,237.002,1.3584779875275312,23270.72792634661
Ridgefield School District,1180011.0,2016,17653.0,240.005,1.3414803858252953,23681.153250973937
Ridgefield School District,1180011.0,2017,18634.0,245.121,1.3134819130143889,24475.42196711012
Ridgefield School District,1180011.0,2018,19258.0,251.1,1.282206292313819,24692.72877737953
Ridgefield School District,1180011.0,2019,20130.0,255.653,1.2593711006716135,25351.14025651958
Ridgefield School District,1180011.0,2020,21019.0,258.856,1.2437880520443798,26143.18106592082
Ridgefield School District,1180011.0,2021,22355.0,270.973,1.1881700390813843,26561.541223664342
Ridgefield School District,1180011.0,2022,22793.0,292.626,1.1002508321201807,25078.01721651528
Ridgefield School District,1180011.0,2023,23827.0,304.703,1.056642041594602,25176.609925074583
Ridgefield School District,1180011.0,2024,25292.0,313.698,1.026343808376209,25958.28760145108
Ridgefield School District,1180011.0,2025,26267.0,321.962,1.0,26267.0
Rocky Hill School District,1190011.0,2007,11046.0,207.344,1.5527914962574272,17152.13486765954
Rocky Hill School District,1190011.0,2008,11678.0,215.254,1.4957306252148626,17467.142241259164
Rocky Hill School District,1190011.0,2009,11965.0,214.565,1.5005336378253675,17953.88497658052
Rocky Hill School District,1190011.0,2010,12451.0,218.076,1.4763752086428583,18382.347722812232
Rocky Hill School District,1190011.0,2011,12984.0,224.923,1.431432090093054,18585.714257768213
Rocky Hill School District,1190011.0,2012,13231.0,229.586,1.402359028860645,18554.61231085519
Rocky Hill School District,1190011.0,2013,13713.0,232.952,1.3820958824135443,18952.68083553693
Rocky Hill School District,1190011.0,2014,14668.0,236.715,1.3601250448851994,19950.314158376103
Rocky Hill School District,1190011.0,2015,14847.0,237.002,1.3584779875275312,20169.322680821257
Rocky Hill School District,1190011.0,2016,14880.0,240.005,1.3414803858252953,19961.228141080395
Rocky Hill School District,1190011.0,2017,15388.0,245.121,1.3134819130143889,20211.85967746541
Rocky Hill School District,1190011.0,2018,15423.0,251.1,1.282206292313819,19775.46764635603
Rocky Hill School District,1190011.0,2019,15770.0,255.653,1.2593711006716135,19860.282257591345
Rocky Hill School District,1190011.0,2020,16358.0,258.856,1.2437880520443798,20345.884955341964
Rocky Hill School District,1190011.0,2021,17269.0,270.973,1.1881700390813843,20518.508404896427
Rocky Hill School District,1190011.0,2022,19065.0,292.626,1.1002508321201807,20976.282114371246
Rocky Hill School District,1190011.0,2023,19869.0,304.703,1.056642041594602,20994.42072444315
Rocky Hill School District,1190011.0,2024,20343.0,313.698,1.026343808376209,20878.912093797226
Rocky Hill School District,1190011.0,2025,21151.0,321.962,1.0,21151.0
Salem School District,1210011.0,2007,13162.0,207.344,1.5527914962574272,20437.84167374025
Salem School District,1210011.0,2008,14457.0,215.254,1.4957306252148626,21623.77764873127
Salem School District,1210011.0,2009,14731.0,214.565,1.5005336378253675,22104.361018805488
Salem School District,1210011.0,2010,16096.0,218.076,1.4763752086428583,23763.73535831545
Salem School District,1210011.0,2011,16436.0,224.923,1.431432090093054,23527.017832769438
Salem School District,1210011.0,2012,16839.0,229.586,1.402359028860645,23614.3236869844
Salem School District,1210011.0,2013,17751.0,232.952,1.3820958824135443,24533.584008722824
Salem School District,1210011.0,2014,20807.0,236.715,1.3601250448851994,28300.121808926346
Salem School District,1210011.0,2015,20291.0,237.002,1.3584779875275312,27564.87684492113
Salem School District,1210011.0,2016,20688.0,240.005,1.3414803858252953,27752.546221953708
Salem School District,1210011.0,2017,19498.0,245.121,1.3134819130143889,25610.27033995455
Salem School District,1210011.0,2018,17374.0,251.1,1.282206292313819,22277.05212266029
Salem School District,1210011.0,2019,17845.0,255.653,1.2593711006716135,22473.47729148494
Salem School District,1210011.0,2020,17109.0,258.856,1.2437880520443798,21279.96978242729
Salem School District,1210011.0,2021,19481.0,270.973,1.1881700390813843,23146.740531344447
Salem School District,1210011.0,2022,19951.0,292.626,1.1002508321201807,21951.104351629725
Salem School District,1210011.0,2023,20212.0,304.703,1.056642041594602,21356.8489447101
Salem School District,1210011.0,2024,20816.0,313.698,1.026343808376209,21364.37271515917
Salem School District,1210011.0,2025,21747.0,321.962,1.0,21747.0
Salisbury School District,1220011.0,2007,16461.0,207.344,1.5527914962574272,25560.50081989351
Salisbury School District,1220011.0,2008,17815.0,215.254,1.4957306252148626,26646.441088202777
Salisbury School District,1220011.0,2009,18395.0,214.565,1.5005336378253675,27602.31626779764
Salisbury School District,1220011.0,2010,19252.0,218.076,1.4763752086428583,28423.17551679231
Salisbury School District,1220011.0,2011,20277.0,224.923,1.431432090093054,29025.148490816853
Salisbury School District,1220011.0,2012,20483.0,229.586,1.402359028860645,28724.519988152584
Salisbury School District,1220011.0,2013,20212.0,232.952,1.3820958824135443,27934.92197534256
Salisbury School District,1220011.0,2014,23220.0,236.715,1.3601250448851994,31582.10354223433
Salisbury School District,1220011.0,2015,24526.0,237.002,1.3584779875275312,33318.031122100234
Salisbury School District,1220011.0,2016,24610.0,240.005,1.3414803858252953,33013.832295160515
Salisbury School District,1220011.0,2017,25805.0,245.121,1.3134819130143889,33894.4007653363
Salisbury School District,1220011.0,2018,22909.0,251.1,1.282206292313819,29374.06395061728
Salisbury School District,1220011.0,2019,24428.0,255.653,1.2593711006716135,30763.917247206176
Salisbury School District,1220011.0,2020,25096.0,258.856,1.2437880520443798,31214.104954105755
Salisbury School District,1220011.0,2021,24239.0,270.973,1.1881700390813843,28800.053577293675
Salisbury School District,1220011.0,2022,25885.0,292.626,1.1002508321201807,28479.99278943088
Salisbury School District,1220011.0,2023,28116.0,304.703,1.056642041594602,29708.547641473837
Salisbury School District,1220011.0,2024,27587.0,313.698,1.026343808376209,28313.74664167448
Salisbury School District,1220011.0,2025,30989.0,321.962,1.0,30989.0
Scotland School District,1230011.0,2007,11955.0,207.344,1.5527914962574272,18563.62233775754
Scotland School District,1230011.0,2008,12435.0,215.254,1.4957306252148626,18599.41032454681
Scotland School District,1230011.0,2009,13627.0,214.565,1.5005336378253675,20447.771882646284
Scotland School District,1230011.0,2010,15781.0,218.076,1.4763752086428583,23298.677167592952
Scotland School District,1230011.0,2011,17578.0,224.923,1.431432090093054,25161.7132796557
Scotland School District,1230011.0,2012,19055.0,229.586,1.402359028860645,26721.951294939583
Scotland School District,1230011.0,2013,20333.0,232.952,1.3820958824135443,28102.1555771146
Scotland School District,1230011.0,2014,19700.0,236.715,1.3601250448851994,26794.46338423843
Scotland School District,1230011.0,2015,20373.0,237.002,1.3584779875275312,27676.272039898395
Scotland School District,1230011.0,2016,21931.0,240.005,1.3414803858252953,29420.00634153455
Scotland School District,1230011.0,2017,20963.0,245.121,1.3134819130143889,27534.52134252063
Scotland School District,1230011.0,2018,20618.0,251.1,1.282206292313819,26436.529334926323
Scotland School District,1230011.0,2019,22720.0,255.653,1.2593711006716135,28612.91140725906
Scotland School District,1230011.0,2020,22162.0,258.856,1.2437880520443798,27564.830809407544
Scotland School District,1230011.0,2021,27754.0,270.973,1.1881700390813843,32976.47126466474
Scotland School District,1230011.0,2022,25188.0,292.626,1.1002508321201807,27713.117959443112
Scotland School District,1230011.0,2023,26551.0,304.703,1.056642041594602,28054.90284637828
Scotland School District,1230011.0,2024,24010.0,313.698,1.026343808376209,24642.51483911278
Scotland School District,1230011.0,2025,26826.0,321.962,1.0,26826.0
Seymour School District,1240011.0,2007,10153.0,207.344,1.5527914962574272,15765.492061501658
Seymour School District,1240011.0,2008,10911.0,215.254,1.4957306252148626,16319.916851719365
Seymour School District,1240011.0,2009,11443.0,214.565,1.5005336378253675,17170.60641763568
Seymour School District,1240011.0,2010,12176.0,218.076,1.4763752086428583,17976.344540435446
Seymour School District,1240011.0,2011,12179.0,224.923,1.431432090093054,17433.411425243303
Seymour School District,1240011.0,2012,13216.0,229.586,1.402359028860645,18533.57692542228
Seymour School District,1240011.0,2013,13377.0,232.952,1.3820958824135443,18488.29661904598
Seymour School District,1240011.0,2014,13712.0,236.715,1.3601250448851994,18650.03461546585
Seymour School District,1240011.0,2015,14362.0,237.002,1.3584779875275312,19510.4608568704
Seymour School District,1240011.0,2016,15055.0,240.005,1.3414803858252953,20195.98720859982
Seymour School District,1240011.0,2017,15448.0,245.121,1.3134819130143889,20290.668592246275
Seymour School District,1240011.0,2018,15409.0,251.1,1.282206292313819,19757.51675826364
Seymour School District,1240011.0,2019,15897.0,255.653,1.2593711006716135,20020.22238737664
Seymour School District,1240011.0,2020,15956.0,258.856,1.2437880520443798,19845.882158420125
Seymour School District,1240011.0,2021,17395.0,270.973,1.1881700390813843,20668.21782982068
Seymour School District,1240011.0,2022,18133.0,292.626,1.1002508321201807,19950.84833883524
Seymour School District,1240011.0,2023,18691.0,304.703,1.056642041594602,19749.696399444707
Seymour School District,1240011.0,2024,18869.0,313.698,1.026343808376209,19366.08132025069
Seymour School District,1240011.0,2025,19784.0,321.962,1.0,19784.0
Sharon School District,1250011.0,2007,16970.0,207.344,1.5527914962574272,26350.87169148854
Sharon School District,1250011.0,2008,19427.0,215.254,1.4957306252148626,29057.55885604913
Sharon School District,1250011.0,2009,22591.0,214.565,1.5005336378253675,33898.55541211288
Sharon School District,1250011.0,2010,21392.0,218.076,1.4763752086428583,31582.61846328803
Sharon School District,1250011.0,2011,22966.0,224.923,1.431432090093054,32874.26938107708
Sharon School District,1250011.0,2012,23521.0,229.586,1.402359028860645,32984.88671783122
Sharon School District,1250011.0,2013,24424.0,232.952,1.3820958824135443,33756.30983206841
Sharon School District,1250011.0,2014,27350.0,236.715,1.3601250448851994,37199.4199776102
Sharon School District,1250011.0,2015,27682.0,237.002,1.3584779875275312,37605.38765073712
Sharon School District,1250011.0,2016,30904.0,240.005,1.3414803858252953,41457.10984354493
Sharon School District,1250011.0,2017,33108.0,245.121,1.3134819130143889,43486.75917608038
Sharon School District,1250011.0,2018,35721.0,251.1,1.282206292313819,45801.69096774193
Sharon School District,1250011.0,2019,43273.0,255.653,1.2593711006716135,54496.76563936273
Sharon School District,1250011.0,2020,46735.0,258.856,1.2437880520443798,58128.43461229409
Sharon School District,1250011.0,2021,45587.0,270.973,1.1881700390813843,54165.10757160307
Sharon School District,1250011.0,2022,60918.0,292.626,1.1002508321201807,67025.08019109716
Sharon School District,1250011.0,2023,51470.0,304.703,1.056642041594602,54385.36588087417
Sharon School District,1250011.0,2024,47607.0,313.698,1.026343808376209,48861.14968536619
Sharon School District,1250011.0,2025,48747.0,321.962,1.0,48747.0
Shelton School District,1260011.0,2007,10816.0,207.344,1.5527914962574272,16794.992823520333
Shelton School District,1260011.0,2008,11346.0,215.254,1.4957306252148626,16970.55967368783
Shelton School District,1260011.0,2009,12036.0,214.565,1.5005336378253675,18060.422864866123
Shelton School District,1260011.0,2010,12105.0,218.076,1.4763752086428583,17871.521900621803
Shelton School District,1260011.0,2011,12379.0,224.923,1.431432090093054,17719.697843261914
Shelton School District,1260011.0,2012,12617.0,229.586,1.402359028860645,17693.563867134755
Shelton School District,1260011.0,2013,12969.0,232.952,1.3820958824135443,17924.401499021256
Shelton School District,1260011.0,2014,13503.0,236.715,1.3601250448851994,18365.768481084848
Shelton School District,1260011.0,2015,13793.0,237.002,1.3584779875275312,18737.48688196724
Shelton School District,1260011.0,2016,13973.0,240.005,1.3414803858252953,18744.50543113685
Shelton School District,1260011.0,2017,14477.0,245.121,1.3134819130143889,19015.277654709305
Shelton School District,1260011.0,2018,15437.0,251.1,1.282206292313819,19793.418534448425
Shelton School District,1260011.0,2019,15824.0,255.653,1.2593711006716135,19928.28829702761
Shelton School District,1260011.0,2020,15773.0,258.856,1.2437880520443798,19618.268944896005
Shelton School District,1260011.0,2021,17402.0,270.973,1.1881700390813843,20676.53502009425
Shelton School District,1260011.0,2022,18210.0,292.626,1.1002508321201807,20035.56765290849
Shelton School District,1260011.0,2023,17911.0,304.703,1.056642041594602,18925.51560700092
Shelton School District,1260011.0,2024,19042.0,313.698,1.026343808376209,19543.63879909977
Shelton School District,1260011.0,2025,20097.0,321.962,1.0,20097.0
Sherman School District,1270011.0,2007,10669.0,207.344,1.5527914962574272,16566.73247357049
Sherman School District,1270011.0,2008,11888.0,215.254,1.4957306252148626,17781.245672554287
Sherman School District,1270011.0,2009,12613.0,214.565,1.5005336378253675,18926.23077389136
Sherman School District,1270011.0,2010,12787.0,218.076,1.4763752086428583,18878.40979291623
Sherman School District,1270011.0,2011,14473.0,224.923,1.431432090093054,20717.11663991677
Sherman School District,1270011.0,2012,14068.0,229.586,1.402359028860645,19728.38681801155
Sherman School District,1270011.0,2013,17169.0,232.952,1.3820958824135443,23729.20420515814
Sherman School District,1270011.0,2014,18025.0,236.715,1.3601250448851994,24516.25393405572
Sherman School District,1270011.0,2015,19992.0,237.002,1.3584779875275312,27158.691926650405
Sherman School District,1270011.0,2016,20567.0,240.005,1.3414803858252953,27590.22709526885
Sherman School District,1270011.0,2017,22399.0,245.121,1.3134819130143889,29420.68136960929
Sherman School District,1270011.0,2018,20339.0,251.1,1.282206292313819,26078.793779370768
Sherman School District,1270011.0,2019,22354.0,255.653,1.2593711006716135,28151.98158441325
Sherman School District,1270011.0,2020,23008.0,258.856,1.2437880520443798,28617.07550143709
Sherman School District,1270011.0,2021,24842.0,270.973,1.1881700390813843,29516.52011085975
Sherman School District,1270011.0,2022,24893.0,292.626,1.1002508321201807,27388.54396396766
Sherman School District,1270011.0,2023,25082.0,304.703,1.056642041594602,26502.69568727581
Sherman School District,1270011.0,2024,27183.0,313.698,1.026343808376209,27899.10374309049
Sherman School District,1270011.0,2025,29686.0,321.962,1.0,29686.0
Side By Side Charter School District,2700013.0,2007,9795.0,207.344,1.5527914962574272,15209.5927058415
Side By Side Charter School District,2700013.0,2008,10813.0,215.254,1.4957306252148626,16173.335250448308
Side By Side Charter School District,2700013.0,2009,11174.0,214.565,1.5005336378253675,16766.962869060655
Side By Side Charter School District,2700013.0,2010,10599.0,218.076,1.4763752086428583,15648.100836405658
Side By Side Charter School District,2700013.0,2011,11040.0,224.923,1.431432090093054,15803.010274627317
Side By Side Charter School District,2700013.0,2012,11722.0,229.586,1.402359028860645,16438.452536304478
Side By Side Charter School District,2700013.0,2013,11739.0,232.952,1.3820958824135443,16224.423563652595
Side By Side Charter School District,2700013.0,2014,12104.0,236.715,1.3601250448851994,16462.953543290452
Side By Side Charter School District,2700013.0,2015,11899.0,237.002,1.3584779875275312,16164.529573590096
Side By Side Charter School District,2700013.0,2016,14412.0,240.005,1.3414803858252953,19333.41532051416
Side By Side Charter School District,2700013.0,2017,12265.0,245.121,1.3134819130143889,16109.855663121476
Side By Side Charter School District,2700013.0,2018,12518.0,251.1,1.282206292313819,16050.658367184387
Side By Side Charter School District,2700013.0,2019,13451.0,255.653,1.2593711006716135,16939.800675133873
Side By Side Charter School District,2700013.0,2020,12546.0,258.856,1.2437880520443798,15604.56490094879
Side By Side Charter School District,2700013.0,2021,13505.0,270.973,1.1881700390813843,16046.236377794095
Side By Side Charter School District,2700013.0,2022,14729.0,292.626,1.1002508321201807,16205.59450629814
Side By Side Charter School District,2700013.0,2023,14735.0,304.703,1.056642041594602,15569.620482896462
Side By Side Charter School District,2700013.0,2024,16296.0,313.698,1.026343808376209,16725.298701298703
Side By Side Charter School District,2700013.0,2025,15744.0,321.962,1.0,15744.0
Simsbury School District,1280011.0,2007,11426.0,207.344,1.5527914962574272,17742.195636237364
Simsbury School District,1280011.0,2008,11917.0,215.254,1.4957306252148626,17824.62186068552
Simsbury School District,1280011.0,2009,12414.0,214.565,1.5005336378253675,18627.62457996411
Simsbury School District,1280011.0,2010,13072.0,218.076,1.4763752086428583,19299.176727379447
Simsbury School District,1280011.0,2011,13221.0,224.923,1.431432090093054,18924.963663120267
Simsbury School District,1280011.0,2012,13769.0,229.586,1.402359028860645,19309.081468382217
Simsbury School District,1280011.0,2013,14256.0,232.952,1.3820958824135443,19703.15889968749
Simsbury School District,1280011.0,2014,15234.0,236.715,1.3601250448851994,20720.14493378113
Simsbury School District,1280011.0,2015,15527.0,237.002,1.3584779875275312,21093.087712339977
Simsbury School District,1280011.0,2016,16174.0,240.005,1.3414803858252953,21697.103760338327
Simsbury School District,1280011.0,2017,16725.0,245.121,1.3134819130143889,21967.98499516565
Simsbury School District,1280011.0,2018,17117.0,251.1,1.282206292313819,21947.52510553564
Simsbury School District,1280011.0,2019,17338.0,255.653,1.2593711006716135,21834.976143444437
Simsbury School District,1280011.0,2020,17992.0,258.856,1.2437880520443798,22378.23463238248
Simsbury School District,1280011.0,2021,19222.0,270.973,1.1881700390813843,22839.004491222368
Simsbury School District,1280011.0,2022,19472.0,292.626,1.1002508321201807,21424.08420304416
Simsbury School District,1280011.0,2023,20177.0,304.703,1.056642041594602,21319.86647325429
Simsbury School District,1280011.0,2024,20807.0,313.698,1.026343808376209,21355.135620883782
Simsbury School District,1280011.0,2025,22059.0,321.962,1.0,22059.0
Somers School District,1290011.0,2007,10312.0,207.344,1.5527914962574272,16012.385909406588
Somers School District,1290011.0,2008,11049.0,215.254,1.4957306252148626,16526.327677999016
Somers School District,1290011.0,2009,11646.0,214.565,1.5005336378253675,17475.21474611423
Somers School District,1290011.0,2010,12043.0,218.076,1.4763752086428583,17779.986637685946
Somers School District,1290011.0,2011,12689.0,224.923,1.431432090093054,18163.44179119076
Somers School District,1290011.0,2012,12788.0,229.586,1.402359028860645,17933.367261069925
Somers School District,1290011.0,2013,13151.0,232.952,1.3820958824135443,18175.942949620523
Somers School District,1290011.0,2014,14025.0,236.715,1.3601250448851994,19075.75375451492
Somers School District,1290011.0,2015,14533.0,237.002,1.3584779875275312,19742.76059273761
Somers School District,1290011.0,2016,15367.0,240.005,1.3414803858252953,20614.529088977317
Somers School District,1290011.0,2017,16032.0,245.121,1.3134819130143889,21057.74202944668
Somers School District,1290011.0,2018,16007.0,251.1,1.282206292313819,20524.2761210673
Somers School District,1290011.0,2019,16839.0,255.653,1.2593711006716135,21206.5499642093
Somers School District,1290011.0,2020,17794.0,258.856,1.2437880520443798,22131.96459807769
Somers School District,1290011.0,2021,19363.0,270.973,1.1881700390813843,23006.536466732843
Somers School District,1290011.0,2022,19417.0,292.626,1.1002508321201807,21363.570407277548
Somers School District,1290011.0,2023,20674.0,304.703,1.056642041594602,21845.017567926803
Somers School District,1290011.0,2024,21032.0,313.698,1.026343808376209,21586.06297776843
Somers School District,1290011.0,2025,21773.0,321.962,1.0,21773.0
South Windsor School District,1320011.0,2007,10986.0,207.344,1.5527914962574272,17058.967377884095
South Windsor School District,1320011.0,2008,11704.0,215.254,1.4957306252148626,17506.03123751475
South Windsor School District,1320011.0,2009,12527.0,214.565,1.5005336378253675,18797.184881038374
South Windsor School District,1320011.0,2010,13180.0,218.076,1.4763752086428583,19458.625249912875
South Windsor School District,1320011.0,2011,14144.0,224.923,1.431432090093054,20246.175482276158
South Windsor School District,1320011.0,2012,15168.0,229.586,1.402359028860645,21270.98174975826
South Windsor School District,1320011.0,2013,15462.0,232.952,1.3820958824135443,21369.96653387822
South Windsor School District,1320011.0,2014,16061.0,236.715,1.3601250448851994,21844.968345901187
South Windsor School District,1320011.0,2015,16401.0,237.002,1.3584779875275312,22280.39747343904
South Windsor School District,1320011.0,2016,17195.0,240.005,1.3414803858252953,23066.75523426595
South Windsor School District,1320011.0,2017,17324.0,245.121,1.3134819130143889,22754.760661061267
South Windsor School District,1320011.0,2018,16794.0,251.1,1.282206292313819,21533.37247311828
South Windsor School District,1320011.0,2019,17012.0,255.653,1.2593711006716135,21424.421164625488
South Windsor School District,1320011.0,2020,16601.0,258.856,1.2437880520443798,20648.125451988748
South Windsor School District,1320011.0,2021,16867.0,270.973,1.1881700390813843,20040.864049185708
South Windsor School District,1320011.0,2022,16601.0,292.626,1.1002508321201807,18265.26406402712
South Windsor School District,1320011.0,2023,17234.0,304.703,1.056642041594602,18210.16894484137
South Windsor School District,1320011.0,2024,18218.0,313.698,1.026343808376209,18697.931500997776
South Windsor School District,1320011.0,2025,18815.0,321.962,1.0,18815.0
Southington School District,1310011.0,2007,10894.0,207.344,1.5527914962574272,16916.11056022841
Southington School District,1310011.0,2008,11332.0,215.254,1.4957306252148626,16949.619444934822
Southington School District,1310011.0,2009,11833.0,214.565,1.5005336378253675,17755.814536387574
Southington School District,1310011.0,2010,12374.0,218.076,1.4763752086428583,18268.66683174673
Southington School District,1310011.0,2011,12284.0,224.923,1.431432090093054,17583.711794703075
Southington School District,1310011.0,2012,12500.0,229.586,1.402359028860645,17529.487860758058
Southington School District,1310011.0,2013,12763.0,232.952,1.3820958824135443,17639.689747244065
Southington School District,1310011.0,2014,13193.0,236.715,1.3601250448851994,17944.129717170435
Southington School District,1310011.0,2015,13580.0,237.002,1.3584779875275312,18448.131070623876
Southington School District,1310011.0,2016,14086.0,240.005,1.3414803858252953,18896.09271473511
Southington School District,1310011.0,2017,14492.0,245.121,1.3134819130143889,19034.97988340452
Southington School District,1310011.0,2018,14656.0,251.1,1.282206292313819,18792.01542015133
Southington School District,1310011.0,2019,15378.0,255.653,1.2593711006716135,19366.608786128072
Southington School District,1310011.0,2020,15706.0,258.856,1.2437880520443798,19534.93514540903
Southington School District,1310011.0,2021,16988.0,270.973,1.1881700390813843,20184.63262391456
Southington School District,1310011.0,2022,17251.0,292.626,1.1002508321201807,18980.42710490524
Southington School District,1310011.0,2023,17952.0,304.703,1.056642041594602,18968.837930706297
Southington School District,1310011.0,2024,18965.0,313.698,1.026343808376209,19464.610325854806
Southington School District,1310011.0,2025,19961.0,321.962,1.0,19961.0
Sprague School District,1330011.0,2007,13742.0,207.344,1.5527914962574272,21338.460741569565
Sprague School District,1330011.0,2008,13267.0,215.254,1.4957306252148626,19843.85820472558
Sprague School District,1330011.0,2009,13698.0,214.565,1.5005336378253675,20554.309770931883
Sprague School District,1330011.0,2010,13907.0,218.076,1.4763752086428583,20531.950026596234
Sprague School District,1330011.0,2011,14015.0,224.923,1.431432090093054,20061.52074265415
Sprague School District,1330011.0,2012,14299.0,229.586,1.402359028860645,20052.33175367836
Sprague School District,1330011.0,2013,13772.0,232.952,1.3820958824135443,19034.224492599333
Sprague School District,1330011.0,2014,14370.0,236.715,1.3601250448851994,19544.996895000317
Sprague School District,1330011.0,2015,13885.0,237.002,1.3584779875275312,18862.46685681977
Sprague School District,1330011.0,2016,14128.0,240.005,1.3414803858252953,18952.43489093977
Sprague School District,1330011.0,2017,15396.0,245.121,1.3134819130143889,20222.367532769527
Sprague School District,1330011.0,2018,15068.0,251.1,1.282206292313819,19320.284412584628
Sprague School District,1330011.0,2019,14467.0,255.653,1.2593711006716135,18219.321713416237
Sprague School District,1330011.0,2020,16378.0,258.856,1.2437880520443798,20370.76071638285
Sprague School District,1330011.0,2021,18512.0,270.973,1.1881700390813843,21995.403763474587
Sprague School District,1330011.0,2022,18780.0,292.626,1.1002508321201807,20662.710627216995
Sprague School District,1330011.0,2023,19268.0,304.703,1.056642041594602,20359.378857444797
Sprague School District,1330011.0,2024,19606.0,313.698,1.026343808376209,20122.496707023955
Sprague School District,1330011.0,2025,21209.0,321.962,1.0,21209.0
Stafford School District,1340011.0,2007,11615.0,207.344,1.5527914962574272,18035.673229030017
Stafford School District,1340011.0,2008,12904.0,215.254,1.4957306252148626,19300.907987772585
Stafford School District,1340011.0,2009,13467.0,214.565,1.5005336378253675,20207.686500594224
Stafford School District,1340011.0,2010,14109.0,218.076,1.4763752086428583,20830.17781874209
Stafford School District,1340011.0,2011,14051.0,224.923,1.431432090093054,20113.052297897502
Stafford School District,1340011.0,2012,14518.0,229.586,1.402359028860645,20359.44838099884
Stafford School District,1340011.0,2013,15741.0,232.952,1.3820958824135443,21755.5712850716
Stafford School District,1340011.0,2014,17219.0,236.715,1.3601250448851994,23419.99314787825
Stafford School District,1340011.0,2015,17335.0,237.002,1.3584779875275312,23549.215913789754
Stafford School District,1340011.0,2016,17932.0,240.005,1.3414803858252953,24055.426278619198
Stafford School District,1340011.0,2017,18023.0,245.121,1.3134819130143889,23672.884518258328
Stafford School District,1340011.0,2018,17929.0,251.1,1.282206292313819,22988.676614894463
Stafford School District,1340011.0,2019,18593.0,255.653,1.2593711006716135,23415.48687478731
Stafford School District,1340011.0,2020,19570.0,258.856,1.2437880520443798,24340.932178508512
Stafford School District,1340011.0,2021,21511.0,270.973,1.1881700390813843,25558.725710679657
Stafford School District,1340011.0,2022,22546.0,292.626,1.1002508321201807,24806.255260981598
Stafford School District,1340011.0,2023,22633.0,304.703,1.056642041594602,23914.979327410627
Stafford School District,1340011.0,2024,23428.0,313.698,1.026343808376209,24045.182742637822
Stafford School District,1340011.0,2025,25044.0,321.962,1.0,25044.0
Stamford Academy District,2820013.0,2007,19370.0,207.344,1.5527914962574272,30077.571282506364
Stamford Academy District,2820013.0,2008,18408.0,215.254,1.4957306252148626,27533.40934895519
Stamford Academy District,2820013.0,2009,21622.0,214.565,1.5005336378253675,32444.538317060094
Stamford Academy District,2820013.0,2010,20368.0,218.076,1.4763752086428583,30070.810249637743
Stamford Academy District,2820013.0,2011,24521.0,224.923,1.431432090093054,35100.14628117178
Stamford Academy District,2820013.0,2012,22103.0,229.586,1.402359028860645,30996.34161490683
Stamford Academy District,2820013.0,2013,22761.0,232.952,1.3820958824135443,31457.884379614683
Stamford Academy District,2820013.0,2014,20133.0,236.715,1.3601250448851994,27383.39752867372
Stamford Academy District,2820013.0,2015,21182.0,237.002,1.3584779875275312,28775.280731808165
Stamford Academy District,2820013.0,2016,21038.0,240.005,1.3414803858252953,28222.064356992563
Stamford Academy District,2820013.0,2017,19739.0,245.121,1.3134819130143889,25926.819480991016
Stamford Academy District,2820013.0,2018,17822.0,251.1,1.282206292313819,22851.48054161689
Stamford Academy District,2820013.0,2019,21962.0,255.653,1.2593711006716135,27658.308112949977
Stamford Academy District,2820013.0,2020,21533.0,258.856,1.2437880520443798,26782.488124671632
Stamford Charter School for Excellence District,2960013.0,2016,18254.0,240.005,1.3414803858252953,24487.38296285494
Stamford Charter School for Excellence District,2960013.0,2017,8554.0,245.121,1.3134819130143889,11235.52428392508
Stamford Charter School for Excellence District,2960013.0,2018,8537.0,251.1,1.282206292313819,10946.195117483074
Stamford Charter School for Excellence District,2960013.0,2019,11189.0,255.653,1.2593711006716135,14091.103245414684
Stamford Charter School for Excellence District,2960013.0,2020,10385.0,258.856,1.2437880520443798,12916.738920480884
Stamford Charter School for Excellence District,2960013.0,2021,11201.0,270.973,1.1881700390813843,13308.692607750583
Stamford Charter School for Excellence District,2960013.0,2022,10597.0,292.626,1.1002508321201807,11659.358067977557
Stamford Charter School for Excellence District,2960013.0,2023,10994.0,304.703,1.056642041594602,11616.722605291056
Stamford Charter School for Excellence District,2960013.0,2024,11220.0,313.698,1.026343808376209,11515.577529981068
Stamford Charter School for Excellence District,2960013.0,2025,11837.0,321.962,1.0,11837.0
Stamford School District,1350011.0,2007,14856.0,207.344,1.5527914962574272,23068.270468400337
Stamford School District,1350011.0,2008,15591.0,215.254,1.4957306252148626,23319.93617772492
Stamford School District,1350011.0,2009,16283.0,214.565,1.5005336378253675,24433.18922471046
Stamford School District,1350011.0,2010,16375.0,218.076,1.4763752086428583,24175.644041526808
Stamford School District,1350011.0,2011,16448.0,224.923,1.431432090093054,23544.19501785055
Stamford School District,1350011.0,2012,16472.0,229.586,1.402359028860645,23099.65792339254
Stamford School District,1350011.0,2013,16566.0,232.952,1.3820958824135443,22895.800388062777
Stamford School District,1350011.0,2014,17242.0,236.715,1.3601250448851994,23451.276023910606
Stamford School District,1350011.0,2015,17585.0,237.002,1.3584779875275312,23888.83541067164
Stamford School District,1350011.0,2016,18305.0,240.005,1.3414803858252953,24555.79846253203
Stamford School District,1350011.0,2017,18756.0,245.121,1.3134819130143889,24635.666760497872
Stamford School District,1350011.0,2018,19011.0,251.1,1.282206292313819,24376.023823178017
Stamford School District,1350011.0,2019,19340.0,255.653,1.2593711006716135,24356.237086989004
Stamford School District,1350011.0,2020,18789.0,258.856,1.2437880520443798,23369.53370986185
Stamford School District,1350011.0,2021,19625.0,270.973,1.1881700390813843,23317.837016972167
Stamford School District,1350011.0,2022,21454.0,292.626,1.1002508321201807,23604.78135230636
Stamford School District,1350011.0,2023,22321.0,304.703,1.056642041594602,23585.307010433116
Stamford School District,1350011.0,2024,23201.0,313.698,1.026343808376209,23812.20269813643
Stamford School District,1350011.0,2025,24176.0,321.962,1.0,24176.0
Sterling School District,1360011.0,2007,11488.0,207.344,1.5527914962574272,17838.468709005323
Sterling School District,1360011.0,2008,12386.0,215.254,1.4957306252148626,18526.11952391129
Sterling School District,1360011.0,2009,12473.0,214.565,1.5005336378253675,18716.15606459581
Sterling School District,1360011.0,2010,12620.0,218.076,1.4763752086428583,18631.855133072877
Sterling School District,1360011.0,2011,15238.0,224.923,1.431432090093054,21812.16218883796
Sterling School District,1360011.0,2012,14943.0,229.586,1.402359028860645,20955.450968264613
Sterling School District,1360011.0,2013,12912.0,232.952,1.3820958824135443,17845.622033723685
Sterling School District,1360011.0,2014,13197.0,236.715,1.3601250448851994,17949.570217349978
Sterling School District,1360011.0,2015,12783.0,237.002,1.3584779875275312,17365.42411456443
Sterling School District,1360011.0,2016,14577.0,240.005,1.3414803858252953,19554.75958417533
Sterling School District,1360011.0,2017,15042.0,245.121,1.3134819130143889,19757.394935562435
Sterling School District,1360011.0,2018,15502.0,251.1,1.282206292313819,19876.761943448822
Sterling School District,1360011.0,2019,16024.0,255.653,1.2593711006716135,20180.16251716193
Sterling School District,1360011.0,2020,16189.0,258.856,1.2437880520443798,20135.684774546466
Sterling School District,1360011.0,2021,17890.0,270.973,1.1881700390813843,21256.361999165965
Sterling School District,1360011.0,2022,18666.0,292.626,1.1002508321201807,20537.28203235529
Sterling School District,1360011.0,2023,19662.0,304.703,1.056642041594602,20775.695821833066
Sterling School District,1360011.0,2024,20211.0,313.698,1.026343808376209,20743.43471109156
Sterling School District,1360011.0,2025,21100.0,321.962,1.0,21100.0
Stonington School District,1370011.0,2007,11439.0,207.344,1.5527914962574272,17762.38192568871
Stonington School District,1370011.0,2008,12227.0,215.254,1.4957306252148626,18288.298354502123
Stonington School District,1370011.0,2009,12623.0,214.565,1.5005336378253675,18941.236110269616
Stonington School District,1370011.0,2010,13039.0,218.076,1.4763752086428583,19250.456345494236
Stonington School District,1370011.0,2011,13192.0,224.923,1.431432090093054,18883.45213250757
Stonington School District,1370011.0,2012,13776.0,229.586,1.402359028860645,19318.89798158424
Stonington School District,1370011.0,2013,14455.0,232.952,1.3820958824135443,19978.195980287783
Stonington School District,1370011.0,2014,15178.0,236.715,1.3601250448851994,20643.97793126756
Stonington School District,1370011.0,2015,16029.0,237.002,1.3584779875275312,21775.0436620788
Stonington School District,1370011.0,2016,16865.0,240.005,1.3414803858252953,22624.06670694361
Stonington School District,1370011.0,2017,17788.0,245.121,1.3134819130143889,23364.216268699947
Stonington School District,1370011.0,2018,18121.0,251.1,1.282206292313819,23234.86022301872
Stonington School District,1370011.0,2019,19284.0,255.653,1.2593711006716135,24285.712305351397
Stonington School District,1370011.0,2020,19638.0,258.856,1.2437880520443798,24425.50976604753
Stonington School District,1370011.0,2021,20537.0,270.973,1.1881700390813843,24401.448092614388
Stonington School District,1370011.0,2022,21863.0,292.626,1.1002508321201807,24054.78394264351
Stonington School District,1370011.0,2023,22693.0,304.703,1.056642041594602,23978.377849906305
Stonington School District,1370011.0,2024,25567.0,313.698,1.026343808376209,26240.532148754537
Stonington School District,1370011.0,2025,26407.0,321.962,1.0,26407.0
Stratford School District,1380011.0,2007,11353.0,207.344,1.5527914962574272,17628.84185701057
Stratford School District,1380011.0,2008,11827.0,215.254,1.4957306252148626,17690.00610441618
Stratford School District,1380011.0,2009,12432.0,214.565,1.5005336378253675,18654.634185444967
Stratford School District,1380011.0,2010,12889.0,218.076,1.4763752086428583,19029.000064197804
Stratford School District,1380011.0,2011,13522.0,224.923,1.431432090093054,19355.824722238274
Stratford School District,1380011.0,2012,13570.0,229.586,1.402359028860645,19030.012021638948
Stratford School District,1380011.0,2013,13744.0,232.952,1.3820958824135443,18995.525807891758
Stratford School District,1380011.0,2014,13683.0,236.715,1.3601250448851994,18610.590989164182
Stratford School District,1380011.0,2015,14630.0,237.002,1.3584779875275312,19874.532957527783
Stratford School District,1380011.0,2016,15172.0,240.005,1.3414803858252953,20352.94041374138
Stratford School District,1380011.0,2017,16498.0,245.121,1.3134819130143889,21669.824600911383
Stratford School District,1380011.0,2018,15979.0,251.1,1.282206292313819,20488.374344882515
Stratford School District,1380011.0,2019,16861.0,255.653,1.2593711006716135,21234.25612842408
Stratford School District,1380011.0,2020,16970.0,258.856,1.2437880520443798,21107.083243193127
Stratford School District,1380011.0,2021,18417.0,270.973,1.1881700390813843,21882.52760976185
Stratford School District,1380011.0,2022,18940.0,292.626,1.1002508321201807,20838.750760356223
Stratford School District,1380011.0,2023,20037.0,304.703,1.056642041594602,21171.93658743104
Stratford School District,1380011.0,2024,20911.0,313.698,1.026343808376209,21461.875376954908
Stratford School District,1380011.0,2025,22091.0,321.962,1.0,22091.0
Suffield School District,1390011.0,2007,10334.0,207.344,1.5527914962574272,16046.547322324252
Suffield School District,1390011.0,2008,11140.0,215.254,1.4957306252148626,16662.439164893567
Suffield School District,1390011.0,2009,12045.0,214.565,1.5005336378253675,18073.927667606556
Suffield School District,1390011.0,2010,12361.0,218.076,1.4763752086428583,18249.473954034373
Suffield School District,1390011.0,2011,12681.0,224.923,1.431432090093054,18151.990334470014
Suffield School District,1390011.0,2012,13068.0,229.586,1.402359028860645,18326.027789150903
Suffield School District,1390011.0,2013,13495.0,232.952,1.3820958824135443,18651.38393317078
Suffield School District,1390011.0,2014,14114.0,236.715,1.3601250448851994,19196.804883509703
Suffield School District,1390011.0,2015,14643.0,237.002,1.3584779875275312,19892.19317136564
Suffield School District,1390011.0,2016,15898.0,240.005,1.3414803858252953,21326.855173850545
Suffield School District,1390011.0,2017,16371.0,245.121,1.3134819130143889,21503.012397958555
Suffield School District,1390011.0,2018,16697.0,251.1,1.282206292313819,21408.99846276384
Suffield School District,1390011.0,2019,17535.0,255.653,1.2593711006716135,22083.072250276746
Suffield School District,1390011.0,2020,17369.0,258.856,1.2437880520443798,21603.35467595883
Suffield School District,1390011.0,2021,18530.0,270.973,1.1881700390813843,22016.79082417805
Suffield School District,1390011.0,2022,19090.0,292.626,1.1002508321201807,21003.788385174248
Suffield School District,1390011.0,2023,19675.0,304.703,1.056642041594602,20789.432168373794
Suffield School District,1390011.0,2024,20794.0,313.698,1.026343808376209,21341.79315137489
Suffield School District,1390011.0,2025,20973.0,321.962,1.0,20973.0
The Bridge Academy District,2690013.0,2007,9452.0,207.344,1.5527914962574272,14676.985222625202
The Bridge Academy District,2690013.0,2008,10057.0,215.254,1.4957306252148626,15042.562897785872
The Bridge Academy District,2690013.0,2009,10729.0,214.565,1.5005336378253675,16099.225400228368
The Bridge Academy District,2690013.0,2010,10277.0,218.076,1.4763752086428583,15172.708019222657
The Bridge Academy District,2690013.0,2011,10815.0,224.923,1.431432090093054,15480.938054356378
The Bridge Academy District,2690013.0,2012,10712.0,229.586,1.402359028860645,15022.069917155226
The Bridge Academy District,2690013.0,2013,11745.0,232.952,1.3820958824135443,16232.716138947078
The Bridge Academy District,2690013.0,2014,12443.0,236.715,1.3601250448851994,16924.035933506537
The Bridge Academy District,2690013.0,2015,12903.0,237.002,1.3584779875275312,17528.441473067734
The Bridge Academy District,2690013.0,2016,12760.0,240.005,1.3414803858252953,17117.28972313077
The Bridge Academy District,2690013.0,2017,12978.0,245.121,1.3134819130143889,17046.368267100737
The Bridge Academy District,2690013.0,2018,13059.0,251.1,1.282206292313819,16744.331971326163
The Bridge Academy District,2690013.0,2019,13544.0,255.653,1.2593711006716135,17056.922187496333
The Bridge Academy District,2690013.0,2020,13058.0,258.856,1.2437880520443798,16241.384383595512
The Bridge Academy District,2690013.0,2021,13681.0,270.973,1.1881700390813843,16255.35430467242
The Bridge Academy District,2690013.0,2022,16322.0,292.626,1.1002508321201807,17958.294081865588
The Bridge Academy District,2690013.0,2023,16552.0,304.703,1.056642041594602,17489.539072473854
The Bridge Academy District,2690013.0,2024,18035.0,313.698,1.026343808376209,18510.11058406493
The Bridge Academy District,2690013.0,2025,16955.0,321.962,1.0,16955.0
Thomaston School District,1400011.0,2007,10609.0,207.344,1.5527914962574272,16473.564983795044
Thomaston School District,1400011.0,2008,10685.0,215.254,1.4957306252148626,15981.881730420806
Thomaston School District,1400011.0,2009,11312.0,214.565,1.5005336378253675,16974.036511080558
Thomaston School District,1400011.0,2010,11740.0,218.076,1.4763752086428583,17332.644949467158
Thomaston School District,1400011.0,2011,12140.0,224.923,1.431432090093054,17377.585573729673
Thomaston School District,1400011.0,2012,12867.0,229.586,1.402359028860645,18044.153624349918
Thomaston School District,1400011.0,2013,13402.0,232.952,1.3820958824135443,18522.84901610632
Thomaston School District,1400011.0,2014,15459.0,236.715,1.3601250448851994,21026.173068880296
Thomaston School District,1400011.0,2015,14516.0,237.002,1.3584779875275312,19719.66646694964
Thomaston School District,1400011.0,2016,15464.0,240.005,1.3414803858252953,20744.652686402365
Thomaston School District,1400011.0,2017,15607.0,245.121,1.3134819130143889,20499.512216415565
Thomaston School District,1400011.0,2018,16125.0,251.1,1.282206292313819,20675.576463560334
Thomaston School District,1400011.0,2019,16621.0,255.653,1.2593711006716135,20932.00706426289
Thomaston School District,1400011.0,2020,16721.0,258.856,1.2437880520443798,20797.380018234075
Thomaston School District,1400011.0,2021,18022.0,270.973,1.1881700390813843,21413.200444324702
Thomaston School District,1400011.0,2022,18144.0,292.626,1.1002508321201807,19962.95109798856
Thomaston School District,1400011.0,2023,19926.0,304.703,1.056642041594602,21054.64932081404
Thomaston School District,1400011.0,2024,21747.0,313.698,1.026343808376209,22319.89880075742
Thomaston School District,1400011.0,2025,22567.0,321.962,1.0,22567.0
Thompson School District,1410011.0,2007,10429.0,207.344,1.5527914962574272,16194.062514468707
Thompson School District,1410011.0,2008,11169.0,215.254,1.4957306252148626,16705.8153530248
Thompson School District,1410011.0,2009,12242.0,214.565,1.5005336378253675,18369.53279425815
Thompson School District,1410011.0,2010,12659.0,218.076,1.4763752086428583,18689.433766209942
Thompson School District,1410011.0,2011,13236.0,224.923,1.431432090093054,18946.435144471663
Thompson School District,1410011.0,2012,14166.0,229.586,1.402359028860645,19865.818002839893
Thompson School District,1410011.0,2013,14623.0,232.952,1.3820958824135443,20210.38808853326
Thompson School District,1410011.0,2014,15641.0,236.715,1.3601250448851994,21273.715827049404
Thompson School District,1410011.0,2015,16145.0,237.002,1.3584779875275312,21932.62710863199
Thompson School District,1410011.0,2016,17516.0,240.005,1.3414803858252953,23497.37043811587
Thompson School District,1410011.0,2017,18089.0,245.121,1.3134819130143889,23759.57432451728
Thompson School District,1410011.0,2018,18124.0,251.1,1.282206292313819,23238.70684189566
Thompson School District,1410011.0,2019,18920.0,255.653,1.2593711006716135,23827.301224706927
Thompson School District,1410011.0,2020,19811.0,258.856,1.2437880520443798,24640.685099051207
Thompson School District,1410011.0,2021,20918.0,270.973,1.1881700390813843,24854.1408775044
Thompson School District,1410011.0,2022,22316.0,292.626,1.1002508321201807,24553.197569593955
Thompson School District,1410011.0,2023,22498.0,304.703,1.056642041594602,23772.33265179536
Thompson School District,1410011.0,2024,24079.0,313.698,1.026343808376209,24713.33256189074
Thompson School District,1410011.0,2025,27518.0,321.962,1.0,27518.0
Tolland School District,1420011.0,2007,10166.0,207.344,1.5527914962574272,15785.678350953003
Tolland School District,1420011.0,2008,10563.0,215.254,1.4957306252148626,15799.402594144593
Tolland School District,1420011.0,2009,11057.0,214.565,1.5005336378253675,16591.40043343509
Tolland School District,1420011.0,2010,11133.0,218.076,1.4763752086428583,16436.485197820944
Tolland School District,1420011.0,2011,11525.0,224.923,1.431432090093054,16497.254838322446
Tolland School District,1420011.0,2012,12273.0,229.586,1.402359028860645,17211.152361206692
Tolland School District,1420011.0,2013,12900.0,232.952,1.3820958824135443,17829.036883134722
Tolland School District,1420011.0,2014,13733.0,236.715,1.3601250448851994,18678.597241408443
Tolland School District,1420011.0,2015,14205.0,237.002,1.3584779875275312,19297.17981282858
Tolland School District,1420011.0,2016,15130.0,240.005,1.3414803858252953,20296.59823753672
Tolland School District,1420011.0,2017,15872.0,245.121,1.3134819130143889,20847.58492336438
Tolland School District,1420011.0,2018,15696.0,251.1,1.282206292313819,20125.509964157704
Tolland School District,1420011.0,2019,16798.0,255.653,1.2593711006716135,21154.915749081763
Tolland School District,1420011.0,2020,17026.0,258.856,1.2437880520443798,21176.73537410761
Tolland School District,1420011.0,2021,17507.0,270.973,1.1881700390813843,20801.2928741978
Tolland School District,1420011.0,2022,18674.0,292.626,1.1002508321201807,20546.08403901225
Tolland School District,1420011.0,2023,18686.0,304.703,1.056642041594602,19744.413189236733
Tolland School District,1420011.0,2024,20365.0,313.698,1.026343808376209,20901.491657581497
Tolland School District,1420011.0,2025,20860.0,321.962,1.0,20860.0
Torrington School District,1430011.0,2007,11585.0,207.344,1.5527914962574272,17989.089484142292
Torrington School District,1430011.0,2008,12520.0,215.254,1.4957306252148626,18726.54742769008
Torrington School District,1430011.0,2009,13521.0,214.565,1.5005336378253675,20288.715317036796
Torrington School District,1430011.0,2010,13878.0,218.076,1.4763752086428583,20489.13514554559
Torrington School District,1430011.0,2011,14296.0,224.923,1.431432090093054,20463.7531599703
Torrington School District,1430011.0,2012,14515.0,229.586,1.402359028860645,20355.24130391226
Torrington School District,1430011.0,2013,15159.0,232.952,1.3820958824135443,20951.19148150692
Torrington School District,1430011.0,2014,16286.0,236.715,1.3601250448851994,22150.99648100036
Torrington School District,1430011.0,2015,16675.0,237.002,1.3584779875275312,22652.620442021584
Torrington School District,1430011.0,2016,17018.0,240.005,1.3414803858252953,22829.313205974875
Torrington School District,1430011.0,2017,17334.0,245.121,1.3134819130143889,22767.89548019141
Torrington School District,1430011.0,2018,17998.0,251.1,1.282206292313819,23077.14884906412
Torrington School District,1430011.0,2019,18324.0,255.653,1.2593711006716135,23076.716048706647
Torrington School District,1430011.0,2020,18600.0,258.856,1.2437880520443798,23134.457768025462
Torrington School District,1430011.0,2021,20314.0,270.973,1.1881700390813843,24136.48617389924
Torrington School District,1430011.0,2022,21309.0,292.626,1.1002508321201807,23445.24498164893
Torrington School District,1430011.0,2023,21108.0,304.703,1.056642041594602,22303.60021397886
Torrington School District,1430011.0,2024,21305.0,313.698,1.026343808376209,21866.254837455133
Torrington School District,1430011.0,2025,21772.0,321.962,1.0,21772.0
Trailblazers Academy District,2780013.0,2007,18239.0,207.344,1.5527914962574272,28321.36410023921
Trailblazers Academy District,2780013.0,2008,19700.0,215.254,1.4957306252148626,29465.893316732792
Trailblazers Academy District,2780013.0,2009,21924.0,214.565,1.5005336378253675,32897.69947568336
Trailblazers Academy District,2780013.0,2010,24670.0,218.076,1.4763752086428583,36422.17639721932
Trailblazers Academy District,2780013.0,2011,27331.0,224.923,1.431432090093054,39122.470454333255
Trailblazers Academy District,2780013.0,2012,25341.0,229.586,1.402359028860645,35537.1801503576
Trailblazers Academy District,2780013.0,2013,25859.0,232.952,1.3820958824135443,35739.617423331845
Trailblazers Academy District,2780013.0,2014,26759.0,236.715,1.3601250448851994,36395.58607608305
Trailblazers Academy District,2780013.0,2015,34512.0,237.002,1.3584779875275312,46883.79230555016
Trailblazers Academy District,2780013.0,2016,31797.0,240.005,1.3414803858252953,42655.05182808692
Trailblazers Academy District,2780013.0,2017,31923.0,245.121,1.3134819130143889,41930.28310915833
Trailblazers Academy District,2780013.0,2018,33933.0,251.1,1.282206292313819,43509.106117084826
Trailblazers Academy District,2780013.0,2019,33672.0,255.653,1.2593711006716135,42405.54370181457
Trumbull School District,1440011.0,2007,11270.0,207.344,1.5527914962574272,17499.960162821204
Trumbull School District,1440011.0,2008,11847.0,215.254,1.4957306252148626,17719.92071692048
Trumbull School District,1440011.0,2009,12487.0,214.565,1.5005336378253675,18737.163535525364
Trumbull School District,1440011.0,2010,12952.0,218.076,1.4763752086428583,19122.011702342304
Trumbull School District,1440011.0,2011,12989.0,224.923,1.431432090093054,18592.87141821868
Trumbull School District,1440011.0,2012,13403.0,229.586,1.402359028860645,18795.81806381922
Trumbull School District,1440011.0,2013,14138.0,232.952,1.3820958824135443,19540.071585562688
Trumbull School District,1440011.0,2014,14688.0,236.715,1.3601250448851994,19977.51665927381
Trumbull School District,1440011.0,2015,15187.0,237.002,1.3584779875275312,20631.205196580617
Trumbull School District,1440011.0,2016,15600.0,240.005,1.3414803858252953,20927.094018874606
Trumbull School District,1440011.0,2017,16156.0,245.121,1.3134819130143889,21220.613786660462
Trumbull School District,1440011.0,2018,16031.0,251.1,1.282206292313819,20555.049072082835
Trumbull School District,1440011.0,2019,16661.0,255.653,1.2593711006716135,20982.381908289757
Trumbull School District,1440011.0,2020,16953.0,258.856,1.2437880520443798,21085.93884630837
Trumbull School District,1440011.0,2021,17385.0,270.973,1.1881700390813843,20656.336129429867
Trumbull School District,1440011.0,2022,17703.0,292.626,1.1002508321201807,19477.74048102356
Trumbull School District,1440011.0,2023,18553.0,304.703,1.056642041594602,19603.87979770465
Trumbull School District,1440011.0,2024,19452.0,313.698,1.026343808376209,19964.43976053402
Trumbull School District,1440011.0,2025,20027.0,321.962,1.0,20027.0
Union School District,1450011.0,2007,11628.0,207.344,1.5527914962574272,18055.859518481364
Union School District,1450011.0,2008,12968.0,215.254,1.4957306252148626,19396.63474778634
Union School District,1450011.0,2009,13151.0,214.565,1.5005336378253675,19733.517871041407
Union School District,1450011.0,2010,14115.0,218.076,1.4763752086428583,20839.03606999395
Union School District,1450011.0,2011,14708.0,224.923,1.431432090093054,21053.50318108864
Union School District,1450011.0,2012,15854.0,229.586,1.402359028860645,22233.00004355666
Union School District,1450011.0,2013,15556.0,232.952,1.3820958824135443,21499.88354682509
Union School District,1450011.0,2014,14848.0,236.715,1.3601250448851994,20195.13666645544
Union School District,1450011.0,2015,21172.0,237.002,1.3584779875275312,28761.69595193289
Union School District,1450011.0,2016,20388.0,240.005,1.3414803858252953,27350.10210620612
Union School District,1450011.0,2017,23706.0,245.121,1.3134819130143889,31137.4022299191
Union School District,1450011.0,2018,23156.0,251.1,1.282206292313819,29690.7689048188
Union School District,1450011.0,2019,23102.0,255.653,1.2593711006716135,29093.991167715616
Union School District,1450011.0,2020,25198.0,258.856,1.2437880520443798,31340.971335414284
Union School District,1450011.0,2021,24892.0,270.973,1.1881700390813843,29575.92861281382
Union School District,1450011.0,2022,28433.0,292.626,1.1002508321201807,31283.431909673094
Union School District,1450011.0,2023,24906.0,304.703,1.056642041594602,26316.72668795516
Union School District,1450011.0,2024,25429.0,313.698,1.026343808376209,26098.89670319862
Union School District,1450011.0,2025,26736.0,321.962,1.0,26736.0
Vernon School District,1460011.0,2007,11949.0,207.344,1.5527914962574272,18554.30558878
Vernon School District,1460011.0,2008,12555.0,215.254,1.4957306252148626,18778.8979995726
Vernon School District,1460011.0,2009,13105.0,214.565,1.5005336378253675,19664.49332370144
Vernon School District,1460011.0,2010,12655.0,218.076,1.4763752086428583,18683.52826537537
Vernon School District,1460011.0,2011,13803.0,224.923,1.431432090093054,19758.057139554425
Vernon School District,1460011.0,2012,13224.0,229.586,1.402359028860645,18544.795797653165
Vernon School District,1460011.0,2013,13664.0,232.952,1.3820958824135443,18884.95813729867
Vernon School District,1460011.0,2014,14491.0,236.715,1.3601250448851994,19709.572025431426
Vernon School District,1460011.0,2015,15118.0,237.002,1.3584779875275312,20537.47021544122
Vernon School District,1460011.0,2016,15858.0,240.005,1.3414803858252953,21273.19595841753
Vernon School District,1460011.0,2017,16041.0,245.121,1.3134819130143889,21069.56336666381
Vernon School District,1460011.0,2018,16860.0,251.1,1.282206292313819,21617.99808841099
Vernon School District,1460011.0,2019,16668.0,255.653,1.2593711006716135,20991.197505994453
Vernon School District,1460011.0,2020,17007.0,258.856,1.2437880520443798,21153.10340111877
Vernon School District,1460011.0,2021,18361.0,270.973,1.1881700390813843,21815.990087573296
Vernon School District,1460011.0,2022,18050.0,292.626,1.1002508321201807,19859.52751976926
Vernon School District,1460011.0,2023,19042.0,304.703,1.056642041594602,20120.57775604441
Vernon School District,1460011.0,2024,19243.0,313.698,1.026343808376209,19749.93390458339
Vernon School District,1460011.0,2025,19595.0,321.962,1.0,19595.0
Voluntown School District,1470011.0,2007,13984.0,207.344,1.5527914962574272,21714.23628366386
Voluntown School District,1470011.0,2008,15877.0,215.254,1.4957306252148626,23747.71513653637
Voluntown School District,1470011.0,2009,16573.0,214.565,1.5005336378253675,24868.343979679816
Voluntown School District,1470011.0,2010,16757.0,218.076,1.4763752086428583,24739.619371228386
Voluntown School District,1470011.0,2011,16004.0,224.923,1.431432090093054,22908.63916984924
Voluntown School District,1470011.0,2012,15560.0,229.586,1.402359028860645,21820.706489071632
Voluntown School District,1470011.0,2013,16250.0,232.952,1.3820958824135443,22459.058089220096
Voluntown School District,1470011.0,2014,17303.0,236.715,1.3601250448851994,23534.243651648605
Voluntown School District,1470011.0,2015,17136.0,237.002,1.3584779875275312,23278.87879427177
Voluntown School District,1470011.0,2016,21038.0,240.005,1.3414803858252953,28222.064356992563
Voluntown School District,1470011.0,2017,19758.0,245.121,1.3134819130143889,25951.77563733829
Voluntown School District,1470011.0,2018,18219.0,251.1,1.282206292313819,23360.51643966547
Voluntown School District,1470011.0,2019,20028.0,255.653,1.2593711006716135,25222.684404251075
Voluntown School District,1470011.0,2020,19534.0,258.856,1.2437880520443798,24296.155808634918
Voluntown School District,1470011.0,2021,20961.0,270.973,1.1881700390813843,24905.23218918489
Voluntown School District,1470011.0,2022,21018.0,292.626,1.1002508321201807,23125.07198950196
Voluntown School District,1470011.0,2023,21624.0,304.703,1.056642041594602,22848.827507441674
Voluntown School District,1470011.0,2024,23596.0,313.698,1.026343808376209,24217.60850244503
Voluntown School District,1470011.0,2025,25110.0,321.962,1.0,25110.0
Wallingford School District,1480011.0,2007,11484.0,207.344,1.5527914962574272,17832.257543020292
Wallingford School District,1480011.0,2008,12243.0,215.254,1.4957306252148626,18312.230044505563
Wallingford School District,1480011.0,2009,12755.0,214.565,1.5005336378253675,19139.306550462563
Wallingford School District,1480011.0,2010,13226.0,218.076,1.4763752086428583,19526.538509510447
Wallingford School District,1480011.0,2011,13744.0,224.923,1.431432090093054,19673.60264623893
Wallingford School District,1480011.0,2012,15013.0,229.586,1.402359028860645,21053.61610028486
Wallingford School District,1480011.0,2013,15361.0,232.952,1.3820958824135443,21230.37484975445
Wallingford School District,1480011.0,2014,17245.0,236.715,1.3601250448851994,23455.356399045264
Wallingford School District,1480011.0,2015,16060.0,237.002,1.3584779875275312,21817.156479692152
Wallingford School District,1480011.0,2016,17520.0,240.005,1.3414803858252953,23502.73635965917
Wallingford School District,1480011.0,2017,17772.0,245.121,1.3134819130143889,23343.200558091718
Wallingford School District,1480011.0,2018,18285.0,251.1,1.282206292313819,23445.14205495818
Wallingford School District,1480011.0,2019,18792.0,255.653,1.2593711006716135,23666.10172382096
Wallingford School District,1480011.0,2020,18924.0,258.856,1.2437880520443798,23537.445096887845
Wallingford School District,1480011.0,2021,20852.0,270.973,1.1881700390813843,24775.721654925022
Wallingford School District,1480011.0,2022,21567.0,292.626,1.1002508321201807,23729.109696335938
Wallingford School District,1480011.0,2023,22692.0,304.703,1.056642041594602,23977.32120786471
Wallingford School District,1480011.0,2024,23520.0,313.698,1.026343808376209,24139.60637300844
Wallingford School District,1480011.0,2025,24427.0,321.962,1.0,24427.0
Waterbury School District,1510011.0,2007,12035.0,207.344,1.5527914962574272,18687.845657458136
Waterbury School District,1510011.0,2008,12650.0,215.254,1.4957306252148626,18920.99240896801
Waterbury School District,1510011.0,2009,12904.0,214.565,1.5005336378253675,19362.886062498543
Waterbury School District,1510011.0,2010,14122.0,218.076,1.4763752086428583,20849.370696454447
Waterbury School District,1510011.0,2011,14483.0,224.923,1.431432090093054,20731.4309608177
Waterbury School District,1510011.0,2012,14535.0,229.586,1.402359028860645,20383.28848448947
Waterbury School District,1510011.0,2013,14349.0,232.952,1.3820958824135443,19831.693816751947
Waterbury School District,1510011.0,2014,14594.0,236.715,1.3601250448851994,19849.6649050546
Waterbury School District,1510011.0,2015,14870.0,237.002,1.3584779875275312,20200.567674534388
Waterbury School District,1510011.0,2016,15248.0,240.005,1.3414803858252953,20454.8929230641
Waterbury School District,1510011.0,2017,15350.0,245.121,1.3134819130143889,20161.947364770866
Waterbury School District,1510011.0,2018,15423.0,251.1,1.282206292313819,19775.46764635603
Waterbury School District,1510011.0,2019,15859.0,255.653,1.2593711006716135,19972.36628555112
Waterbury School District,1510011.0,2020,15274.0,258.856,1.2437880520443798,18997.618706925856
Waterbury School District,1510011.0,2021,16551.0,270.973,1.1881700390813843,19665.402316835996
Waterbury School District,1510011.0,2022,16464.0,292.626,1.1002508321201807,18114.52970002665
Waterbury School District,1510011.0,2023,18405.0,304.703,1.056642041594602,19447.49677554865
Waterbury School District,1510011.0,2024,20266.0,313.698,1.026343808376209,20799.883620552253
Waterbury School District,1510011.0,2025,18654.0,321.962,1.0,18654.0
Waterford School District,1520011.0,2007,11925.0,207.344,1.5527914962574272,18517.03859286982
Waterford School District,1520011.0,2008,12393.0,215.254,1.4957306252148626,18536.58963828779
Waterford School District,1520011.0,2009,12916.0,214.565,1.5005336378253675,19380.892466152447
Waterford School District,1520011.0,2010,13303.0,218.076,1.4763752086428583,19640.21940057595
Waterford School District,1520011.0,2011,14132.0,224.923,1.431432090093054,20228.99829719504
Waterford School District,1520011.0,2012,14937.0,229.586,1.402359028860645,20947.03681409145
Waterford School District,1520011.0,2013,15571.0,232.952,1.3820958824135443,21520.6149850613
Waterford School District,1520011.0,2014,15878.0,236.715,1.3601250448851994,21596.065462687195
Waterford School District,1520011.0,2015,16306.0,237.002,1.3584779875275312,22151.342064623925
Waterford School District,1520011.0,2016,16562.0,240.005,1.3414803858252953,22217.59815003854
Waterford School District,1520011.0,2017,16687.0,245.121,1.3134819130143889,21918.072682471106
Waterford School District,1520011.0,2018,17978.0,251.1,1.282206292313819,23051.50472321784
Waterford School District,1520011.0,2019,18889.0,255.653,1.2593711006716135,23788.260720586102
Waterford School District,1520011.0,2020,19458.0,258.856,1.2437880520443798,24201.627916679543
Waterford School District,1520011.0,2021,20852.0,270.973,1.1881700390813843,24775.721654925022
Waterford School District,1520011.0,2022,21903.0,292.626,1.1002508321201807,24098.79397592832
Waterford School District,1520011.0,2023,22800.0,304.703,1.056642041594602,24091.438548356928
Waterford School District,1520011.0,2024,23838.0,313.698,1.026343808376209,24465.983704072078
Waterford School District,1520011.0,2025,26308.0,321.962,1.0,26308.0
Watertown School District,1530011.0,2007,9255.0,207.344,1.5527914962574272,14371.085297862488
Watertown School District,1530011.0,2008,10151.0,215.254,1.4957306252148626,15183.16157655607
Watertown School District,1530011.0,2009,10696.0,214.565,1.5005336378253675,16049.707790180131
Watertown School District,1530011.0,2010,11624.0,218.076,1.4763752086428583,17161.385425264587
Watertown School District,1530011.0,2011,11691.0,224.923,1.431432090093054,16734.872565277892
Watertown School District,1530011.0,2012,12441.0,229.586,1.402359028860645,17446.74867805528
Watertown School District,1530011.0,2013,13234.0,232.952,1.3820958824135443,18290.656907860845
Watertown School District,1530011.0,2014,13776.0,236.715,1.3601250448851994,18737.082618338507
Watertown School District,1530011.0,2015,14476.0,237.002,1.3584779875275312,19665.327347448543
Watertown School District,1530011.0,2016,14814.0,240.005,1.3414803858252953,19872.690435615925
Watertown School District,1530011.0,2017,15966.0,245.121,1.3134819130143889,20971.05222318773
Watertown School District,1530011.0,2018,16157.0,251.1,1.282206292313819,20716.607064914377
Watertown School District,1530011.0,2019,16446.0,255.653,1.2593711006716135,20711.617121645355
Watertown School District,1530011.0,2020,16978.0,258.856,1.2437880520443798,21117.03354760948
Watertown School District,1530011.0,2021,19250.0,270.973,1.1881700390813843,22872.27325231665
Watertown School District,1530011.0,2022,19402.0,292.626,1.1002508321201807,21347.066644795745
Watertown School District,1530011.0,2023,20249.0,304.703,1.056642041594602,21395.944700249096
Watertown School District,1530011.0,2024,20737.0,313.698,1.026343808376209,21283.291554297448
Watertown School District,1530011.0,2025,22439.0,321.962,1.0,22439.0
West Hartford School District,1550011.0,2007,11652.0,207.344,1.5527914962574272,18093.12651439154
West Hartford School District,1550011.0,2008,12130.0,215.254,1.4957306252148626,18143.21248385628
West Hartford School District,1550011.0,2009,12591.0,214.565,1.5005336378253675,18893.2190338592
West Hartford School District,1550011.0,2010,12701.0,218.076,1.4763752086428583,18751.441524972943
West Hartford School District,1550011.0,2011,13140.0,224.923,1.431432090093054,18809.017663822728
West Hartford School District,1550011.0,2012,13494.0,229.586,1.402359028860645,18923.432735445534
West Hartford School District,1550011.0,2013,13996.0,232.952,1.3820958824135443,19343.81397025997
West Hartford School District,1550011.0,2014,14394.0,236.715,1.3601250448851994,19577.63989607756
West Hartford School District,1550011.0,2015,15041.0,237.002,1.3584779875275312,20432.8674104016
West Hartford School District,1550011.0,2016,15482.0,240.005,1.3414803858252953,20768.799333347222
West Hartford School District,1550011.0,2017,16230.0,245.121,1.3134819130143889,21317.81144822353
West Hartford School District,1550011.0,2018,16582.0,251.1,1.282206292313819,21261.54473914775
West Hartford School District,1550011.0,2019,17245.0,255.653,1.2593711006716135,21717.854631081977
West Hartford School District,1550011.0,2020,17865.0,258.856,1.2437880520443798,22220.273549772846
West Hartford School District,1550011.0,2021,19286.0,270.973,1.1881700390813843,22915.047373723577
West Hartford School District,1550011.0,2022,20203.0,292.626,1.1002508321201807,22228.36756132401
West Hartford School District,1550011.0,2023,20704.0,304.703,1.056642041594602,21876.71682917464
West Hartford School District,1550011.0,2024,21708.0,313.698,1.026343808376209,22279.871392230747
West Hartford School District,1550011.0,2025,22971.0,321.962,1.0,22971.0
West Haven School District,1560011.0,2007,10777.0,207.344,1.5527914962574272,16734.433955166292
West Haven School District,1560011.0,2008,11531.0,215.254,1.4957306252148626,17247.26983935258
West Haven School District,1560011.0,2009,12012.0,214.565,1.5005336378253675,18024.410057558314
West Haven School District,1560011.0,2010,12901.0,218.076,1.4763752086428583,19046.71656670152
West Haven School District,1560011.0,2011,12938.0,224.923,1.431432090093054,18519.86838162393
West Haven School District,1560011.0,2012,12291.0,229.586,1.402359028860645,17236.394823726183
West Haven School District,1560011.0,2013,12689.0,232.952,1.3820958824135443,17537.414651945463
West Haven School District,1560011.0,2014,13013.0,236.715,1.3601250448851994,17699.3072090911
West Haven School District,1560011.0,2015,13592.0,237.002,1.3584779875275312,18464.432806474204
West Haven School District,1560011.0,2016,14416.0,240.005,1.3414803858252953,19338.781242057456
West Haven School District,1560011.0,2017,14533.0,245.121,1.3134819130143889,19088.83264183811
West Haven School District,1560011.0,2018,14859.0,251.1,1.282206292313819,19052.30329749104
West Haven School District,1560011.0,2019,15027.0,255.653,1.2593711006716135,18924.569529792338
West Haven School District,1560011.0,2020,15396.0,258.856,1.2437880520443798,19149.360849275272
West Haven School District,1560011.0,2021,16605.0,270.973,1.1881700390813843,19729.563498946387
West Haven School District,1560011.0,2022,17825.0,292.626,1.1002508321201807,19611.971082542223
West Haven School District,1560011.0,2023,17401.0,304.703,1.056642041594602,18386.62816578767
West Haven School District,1560011.0,2024,18600.0,313.698,1.026343808376209,19089.99483579749
West Haven School District,1560011.0,2025,18666.0,321.962,1.0,18666.0
Westbrook School District,1540011.0,2007,12068.0,207.344,1.5527914962574272,18739.087776834636
Westbrook School District,1540011.0,2008,12990.0,215.254,1.4957306252148626,19429.540821541064
Westbrook School District,1540011.0,2009,13903.0,214.565,1.5005336378253675,20861.91916668609
Westbrook School District,1540011.0,2010,14315.0,218.076,1.4763752086428583,21134.31111172252
Westbrook School District,1540011.0,2011,15325.0,224.923,1.431432090093054,21936.69678067605
Westbrook School District,1540011.0,2012,15984.0,229.586,1.402359028860645,22415.306717308544
Westbrook School District,1540011.0,2013,18081.0,232.952,1.3820958824135443,24989.675649919296
Westbrook School District,1540011.0,2014,19847.0,236.715,1.3601250448851994,26994.401765836552
Westbrook School District,1540011.0,2015,20527.0,237.002,1.3584779875275312,27885.477649977634
Westbrook School District,1540011.0,2016,23089.0,240.005,1.3414803858252953,30973.440628320244
Westbrook School District,1540011.0,2017,23521.0,245.121,1.3134819130143889,30894.408076011438
Westbrook School District,1540011.0,2018,24832.0,251.1,1.282206292313819,31839.74665073676
Westbrook School District,1540011.0,2019,26903.0,255.653,1.2593711006716135,33880.860721368415
Westbrook School District,1540011.0,2020,27065.0,258.856,1.2437880520443798,33663.12362858114
Westbrook School District,1540011.0,2021,28784.0,270.973,1.1881700390813843,34200.28640491857
Westbrook School District,1540011.0,2022,30742.0,292.626,1.1002508321201807,33823.9110810386
Westbrook School District,1540011.0,2023,31330.0,304.703,1.056642041594602,33104.59516315888
Westbrook School District,1540011.0,2024,33851.0,313.698,1.026343808376209,34742.76425734306
Westbrook School District,1540011.0,2025,35908.0,321.962,1.0,35908.0
Weston School District,1570011.0,2007,15694.0,207.344,1.5527914962574272,24369.50974226406
Weston School District,1570011.0,2008,16658.0,215.254,1.4957306252148626,24915.88075482918
Weston School District,1570011.0,2009,17569.0,214.565,1.5005336378253675,26362.87548295388
Weston School District,1570011.0,2010,17837.0,218.076,1.4763752086428583,26334.10459656267
Weston School District,1570011.0,2011,18299.0,224.923,1.431432090093054,26193.775816612797
Weston School District,1570011.0,2012,18728.0,229.586,1.402359028860645,26263.379892502155
Weston School District,1570011.0,2013,19452.0,232.952,1.3820958824135443,26884.529104708265
Weston School District,1570011.0,2014,19919.0,236.715,1.3601250448851994,27092.330769068285
Weston School District,1570011.0,2015,20482.0,237.002,1.3584779875275312,27824.34614053889
Weston School District,1570011.0,2016,21253.0,240.005,1.3414803858252953,28510.482639945
Weston School District,1570011.0,2017,21379.0,245.121,1.3134819130143889,28080.92981833461
Weston School District,1570011.0,2018,22708.0,251.1,1.282206292313819,29116.340485862205
Weston School District,1570011.0,2019,23170.0,255.653,1.2593711006716135,29179.628402561284
Weston School District,1570011.0,2020,23592.0,258.856,1.2437880520443798,29343.44772383101
Weston School District,1570011.0,2021,24065.0,270.973,1.1881700390813843,28593.311990493512
Weston School District,1570011.0,2022,24715.0,292.626,1.1002508321201807,27192.699315850263
Weston School District,1570011.0,2023,26281.0,304.703,1.056642041594602,27769.60949514773
Weston School District,1570011.0,2024,27531.0,313.698,1.026343808376209,28256.271388405414
Weston School District,1570011.0,2025,29348.0,321.962,1.0,29348.0
Westport School District,1580011.0,2007,15409.0,207.344,1.5527914962574272,23926.964165830694
Westport School District,1580011.0,2008,16336.0,215.254,1.4957306252148626,24434.255493509994
Westport School District,1580011.0,2009,16959.0,214.565,1.5005336378253675,25447.549963880407
Westport School District,1580011.0,2010,17454.0,218.076,1.4763752086428583,25768.65289165245
Westport School District,1580011.0,2011,17826.0,224.923,1.431432090093054,25516.70843799878
Westport School District,1580011.0,2012,18097.0,229.586,1.402359028860645,25378.491345291088
Westport School District,1580011.0,2013,18619.0,232.952,1.3820958824135443,25733.24323465778
Westport School District,1580011.0,2014,19320.0,236.715,1.3601250448851994,26277.61586718205
Westport School District,1580011.0,2015,20217.0,237.002,1.3584779875275312,27464.3494738441
Westport School District,1580011.0,2016,20541.0,240.005,1.3414803858252953,27555.348605237392
Westport School District,1580011.0,2017,21175.0,245.121,1.3134819130143889,27812.97950807968
Westport School District,1580011.0,2018,21843.0,251.1,1.282206292313819,28007.23204301075
Westport School District,1580011.0,2019,22774.0,255.653,1.2593711006716135,28680.917446695326
Westport School District,1580011.0,2020,22790.0,258.856,1.2437880520443798,28345.92970609141
Westport School District,1580011.0,2021,23869.0,270.973,1.1881700390813843,28360.43066283356
Westport School District,1580011.0,2022,24869.0,292.626,1.1002508321201807,27362.13794399677
Westport School District,1580011.0,2023,25576.0,304.703,1.056642041594602,27024.67685582354
Westport School District,1580011.0,2024,26864.0,313.698,1.026343808376209,27571.70006821848
Westport School District,1580011.0,2025,28601.0,321.962,1.0,28601.0
Wethersfield School District,1590011.0,2007,11551.0,207.344,1.5527914962574272,17936.29457326954
Wethersfield School District,1590011.0,2008,12209.0,215.254,1.4957306252148626,18261.37520324825
Wethersfield School District,1590011.0,2009,13024.0,214.565,1.5005336378253675,19542.950099037585
Wethersfield School District,1590011.0,2010,13368.0,218.076,1.4763752086428583,19736.183789137733
Wethersfield School District,1590011.0,2011,13610.0,224.923,1.431432090093054,19481.790746166465
Wethersfield School District,1590011.0,2012,13759.0,229.586,1.402359028860645,19295.05787809361
Wethersfield School District,1590011.0,2013,13961.0,232.952,1.3820958824135443,19295.440614375493
Wethersfield School District,1590011.0,2014,14297.0,236.715,1.3601250448851994,19445.70776672369
Wethersfield School District,1590011.0,2015,14977.0,237.002,1.3584779875275312,20345.924819199838
Wethersfield School District,1590011.0,2016,15442.0,240.005,1.3414803858252953,20715.14011791421
Wethersfield School District,1590011.0,2017,15871.0,245.121,1.3134819130143889,20846.27144145136
Wethersfield School District,1590011.0,2018,15912.0,251.1,1.282206292313819,20402.46652329749
Wethersfield School District,1590011.0,2019,16441.0,255.653,1.2593711006716135,20705.320266142
Wethersfield School District,1590011.0,2020,16755.0,258.856,1.2437880520443798,20839.668812003583
Wethersfield School District,1590011.0,2021,17611.0,270.973,1.1881700390813843,20924.86255826226
Wethersfield School District,1590011.0,2022,17828.0,292.626,1.1002508321201807,19615.27183503858
Wethersfield School District,1590011.0,2023,18723.0,304.703,1.056642041594602,19783.50894477573
Wethersfield School District,1590011.0,2024,19741.0,313.698,1.026343808376209,20261.053121154742
Wethersfield School District,1590011.0,2025,21197.0,321.962,1.0,21197.0
Willington School District,1600011.0,2007,12352.0,207.344,1.5527914962574272,19180.08056177174
Willington School District,1600011.0,2008,12874.0,215.254,1.4957306252148626,19256.03606901614
Willington School District,1600011.0,2009,13690.0,214.565,1.5005336378253675,20542.30550182928
Willington School District,1600011.0,2010,14675.0,218.076,1.4763752086428583,21665.80618683395
Willington School District,1600011.0,2011,15619.0,224.923,1.431432090093054,22357.53781516341
Willington School District,1600011.0,2012,16246.0,229.586,1.402359028860645,22782.724782870035
Willington School District,1600011.0,2013,16912.0,232.952,1.3820958824135443,23374.00556337786
Willington School District,1600011.0,2014,18351.0,236.715,1.3601250448851994,24959.654698688293
Willington School District,1600011.0,2015,18903.0,237.002,1.3584779875275312,25679.309398232923
Willington School District,1600011.0,2016,19059.0,240.005,1.3414803858252953,25567.274673444303
Willington School District,1600011.0,2017,19637.0,245.121,1.3134819130143889,25792.84432586355
Willington School District,1600011.0,2018,19227.0,251.1,1.282206292313819,24652.9803823178
Willington School District,1600011.0,2019,20124.0,255.653,1.2593711006716135,25343.58402991555
Willington School District,1600011.0,2020,19959.0,258.856,1.2437880520443798,24824.765730753777
Willington School District,1600011.0,2021,23686.0,270.973,1.1881700390813843,28142.995545681668
Willington School District,1600011.0,2022,24513.0,292.626,1.1002508321201807,26970.44864776199
Willington School District,1600011.0,2023,24707.0,304.703,1.056642041594602,26106.454921677832
Willington School District,1600011.0,2024,27211.0,313.698,1.026343808376209,27927.841369725025
Willington School District,1600011.0,2025,28966.0,321.962,1.0,28966.0
Wilton School District,1610011.0,2007,14013.0,207.344,1.5527914962574272,21759.267237055326
Wilton School District,1610011.0,2008,15129.0,215.254,1.4957306252148626,22628.90862887565
Wilton School District,1610011.0,2009,15978.0,214.565,1.5005336378253675,23975.526465173723
Wilton School District,1610011.0,2010,16411.0,218.076,1.4763752086428583,24228.793549037957
Wilton School District,1610011.0,2011,16428.0,224.923,1.431432090093054,23515.56637604869
Wilton School District,1610011.0,2012,17297.0,229.586,1.402359028860645,24256.60412220257
Wilton School District,1610011.0,2013,17699.0,232.952,1.3820958824135443,24461.71502283732
Wilton School District,1610011.0,2014,18348.0,236.715,1.3601250448851994,24955.57432355364
Wilton School District,1610011.0,2015,19253.0,237.002,1.3584779875275312,26154.77669386756
Wilton School District,1610011.0,2016,20040.0,240.005,1.3414803858252953,26883.26693193892
Wilton School District,1610011.0,2017,20667.0,245.121,1.3134819130143889,27145.73069626837
Wilton School District,1610011.0,2018,20957.0,251.1,1.282206292313819,26871.197268020707
Wilton School District,1610011.0,2019,21914.0,255.653,1.2593711006716135,27597.85830011774
Wilton School District,1610011.0,2020,22234.0,258.856,1.2437880520443798,27654.38354915474
Wilton School District,1610011.0,2021,23295.0,270.973,1.1881700390813843,27678.421060400848
Wilton School District,1610011.0,2022,23874.0,292.626,1.1002508321201807,26267.388366037198
Wilton School District,1610011.0,2023,24229.0,304.703,1.056642041594602,25601.380025795614
Wilton School District,1610011.0,2024,24558.0,313.698,1.026343808376209,25204.951246102944
Wilton School District,1610011.0,2025,25819.0,321.962,1.0,25819.0
Winchester School District,1620011.0,2007,12773.0,207.344,1.5527914962574272,19833.80578169612
Winchester School District,1620011.0,2008,13745.0,215.254,1.4957306252148626,20558.81744357829
Winchester School District,1620011.0,2009,13535.0,214.565,1.5005336378253675,20309.722787966348
Winchester School District,1620011.0,2010,14958.0,218.076,1.4763752086428583,22083.62037087988
Winchester School District,1620011.0,2011,14496.0,224.923,1.431432090093054,20750.03957798891
Winchester School District,1620011.0,2012,17277.0,229.586,1.402359028860645,24228.55694162536
Winchester School District,1620011.0,2013,18619.0,232.952,1.3820958824135443,25733.24323465778
Winchester School District,1620011.0,2016,20541.0,240.005,1.3414803858252953,27555.348605237392
Winchester School District,1620011.0,2017,24408.0,245.121,1.3134819130143889,32059.4665328552
Winchester School District,1620011.0,2018,20352.0,251.1,1.282206292313819,26095.46246117085
Winchester School District,1620011.0,2019,20851.0,255.653,1.2593711006716135,26259.14682010381
Winchester School District,1620011.0,2020,21233.0,258.856,1.2437880520443798,26409.351709058315
Winchester School District,1620011.0,2021,21738.0,270.973,1.1881700390813843,25828.440309551133
Winchester School District,1620011.0,2022,22479.0,292.626,1.1002508321201807,24732.538455229544
Winchester School District,1620011.0,2023,22293.0,304.703,1.056642041594602,23555.721033268463
Winchester School District,1620011.0,2024,23080.0,313.698,1.026343808376209,23688.015097322907
Winchester School District,1620011.0,2025,23264.0,321.962,1.0,23264.0
Windham School District,1630011.0,2007,12630.0,207.344,1.5527914962574272,19611.756597731302
Windham School District,1630011.0,2008,13500.0,215.254,1.4957306252148626,20192.363440400644
Windham School District,1630011.0,2009,13993.0,214.565,1.5005336378253675,20996.967194090368
Windham School District,1630011.0,2010,14116.0,218.076,1.4763752086428583,20840.512445202592
Windham School District,1630011.0,2011,14934.0,224.923,1.431432090093054,21377.00683344967
Windham School District,1630011.0,2012,16053.0,229.586,1.402359028860645,22512.069490299928
Windham School District,1630011.0,2013,16097.0,232.952,1.3820958824135443,22247.597419210822
Windham School District,1630011.0,2014,16849.0,236.715,1.3601250448851994,22916.746881270723
Windham School District,1630011.0,2015,18678.0,237.002,1.3584779875275312,25373.651851039227
Windham School District,1630011.0,2016,18668.0,240.005,1.3414803858252953,25042.75584258661
Windham School District,1630011.0,2017,18212.0,245.121,1.3134819130143889,23921.132599818047
Windham School District,1630011.0,2018,18327.0,251.1,1.282206292313819,23498.99471923536
Windham School District,1630011.0,2019,18071.0,255.653,1.2593711006716135,22758.095160236728
Windham School District,1630011.0,2020,17925.0,258.856,1.2437880520443798,22294.90083289551
Windham School District,1630011.0,2021,19059.0,270.973,1.1881700390813843,22645.332774852104
Windham School District,1630011.0,2022,20793.0,292.626,1.1002508321201807,22877.51555227492
Windham School District,1630011.0,2023,22599.0,304.703,1.056642041594602,23879.05349799641
Windham School District,1630011.0,2024,23352.0,313.698,1.026343808376209,23967.180613201235
Windham School District,1630011.0,2025,23635.0,321.962,1.0,23635.0
Windsor Locks School District,1650011.0,2007,12948.0,207.344,1.5527914962574272,20105.544293541167
Windsor Locks School District,1650011.0,2008,13719.0,215.254,1.4957306252148626,20519.928447322694
Windsor Locks School District,1650011.0,2009,14433.0,214.565,1.5005336378253675,21657.20199473353
Windsor Locks School District,1650011.0,2010,15241.0,218.076,1.4763752086428583,22501.434554925807
Windsor Locks School District,1650011.0,2011,15502.0,224.923,1.431432090093054,22190.06026062252
Windsor Locks School District,1650011.0,2012,15594.0,229.586,1.402359028860645,21868.38669605289
Windsor Locks School District,1650011.0,2013,16661.0,232.952,1.3820958824135443,23027.09949689206
Windsor Locks School District,1650011.0,2014,17774.0,236.715,1.3601250448851994,24174.862547789533
Windsor Locks School District,1650011.0,2015,18420.0,237.002,1.3584779875275312,25023.164530257127
Windsor Locks School District,1650011.0,2016,19049.0,240.005,1.3414803858252953,25553.85986958605
Windsor Locks School District,1650011.0,2017,19366.0,245.121,1.3134819130143889,25436.89072743665
Windsor Locks School District,1650011.0,2018,19893.0,251.1,1.282206292313819,25506.929772998803
Windsor Locks School District,1650011.0,2019,20293.0,255.653,1.2593711006716135,25556.41774592905
Windsor Locks School District,1650011.0,2020,20558.0,258.856,1.2437880520443798,25569.79477392836
Windsor Locks School District,1650011.0,2021,22435.0,270.973,1.1881700390813843,26656.594826790857
Windsor Locks School District,1650011.0,2022,23004.0,292.626,1.1002508321201807,25310.17014209264
Windsor Locks School District,1650011.0,2023,23010.0,304.703,1.056642041594602,24313.333377091792
Windsor Locks School District,1650011.0,2024,23662.0,313.698,1.026343808376209,24285.34719379786
Windsor Locks School District,1650011.0,2025,24793.0,321.962,1.0,24793.0
Windsor School District,1640011.0,2007,12540.0,207.344,1.5527914962574272,19472.005363068136
Windsor School District,1640011.0,2008,13192.0,215.254,1.4957306252148626,19731.678407834468
Windsor School District,1640011.0,2009,14119.0,214.565,1.5005336378253675,21186.034432456363
Windsor School District,1640011.0,2010,15186.0,218.076,1.4763752086428583,22420.23391845045
Windsor School District,1640011.0,2011,15778.0,224.923,1.431432090093054,22585.135517488205
Windsor School District,1640011.0,2012,16456.0,229.586,1.402359028860645,23077.22017893077
Windsor School District,1640011.0,2013,16569.0,232.952,1.3820958824135443,22899.946675710016
Windsor School District,1640011.0,2014,17380.0,236.715,1.3601250448851994,23638.973280104765
Windsor School District,1640011.0,2015,18195.0,237.002,1.3584779875275312,24717.50698306343
Windsor School District,1640011.0,2016,18314.0,240.005,1.3414803858252953,24567.871786004456
Windsor School District,1640011.0,2017,18559.0,245.121,1.3134819130143889,24376.91082363404
Windsor School District,1640011.0,2018,19233.0,251.1,1.282206292313819,24660.673620071684
Windsor School District,1640011.0,2019,19520.0,255.653,1.2593711006716135,24582.923885109896
Windsor School District,1640011.0,2020,18557.0,258.856,1.2437880520443798,23080.974881787555
Windsor School District,1640011.0,2021,20069.0,270.973,1.1881700390813843,23845.3845143243
Windsor School District,1640011.0,2022,21473.0,292.626,1.1002508321201807,23625.68611811664
Windsor School District,1640011.0,2023,21646.0,304.703,1.056642041594602,22872.07363235676
Windsor School District,1640011.0,2024,22687.0,313.698,1.026343808376209,23284.661980631052
Windsor School District,1640011.0,2025,24003.0,321.962,1.0,24003.0
Wolcott School District,1660011.0,2007,9797.0,207.344,1.5527914962574272,15212.698288834014
Wolcott School District,1660011.0,2008,10216.0,215.254,1.4957306252148626,15280.384067195037
Wolcott School District,1660011.0,2009,10924.0,214.565,1.5005336378253675,16391.829459604316
Wolcott School District,1660011.0,2010,11300.0,218.076,1.4763752086428583,16683.039857664302
Wolcott School District,1660011.0,2011,11512.0,224.923,1.431432090093054,16478.646221151237
Wolcott School District,1660011.0,2012,11955.0,229.586,1.402359028860645,16765.202190029006
Wolcott School District,1660011.0,2013,12381.0,232.952,1.3820958824135443,17111.729120162094
Wolcott School District,1660011.0,2014,12885.0,236.715,1.3601250448851994,17525.211203345792
Wolcott School District,1660011.0,2015,13821.0,237.002,1.3584779875275312,18775.52426561801
Wolcott School District,1660011.0,2016,14251.0,240.005,1.3414803858252953,19117.436978396283
Wolcott School District,1660011.0,2017,14786.0,245.121,1.3134819130143889,19421.14356583075
Wolcott School District,1660011.0,2018,15036.0,251.1,1.282206292313819,19279.253811230585
Wolcott School District,1660011.0,2019,15667.0,255.653,1.2593711006716135,19730.567034222167
Wolcott School District,1660011.0,2020,15649.0,258.856,1.2437880520443798,19464.0392264425
Wolcott School District,1660011.0,2021,16152.0,270.973,1.1881700390813843,19191.32247124252
Wolcott School District,1660011.0,2022,16721.0,292.626,1.1002508321201807,18397.294163881543
Wolcott School District,1660011.0,2023,18138.0,304.703,1.056642041594602,19165.373350442893
Wolcott School District,1660011.0,2024,18475.0,313.698,1.026343808376209,18961.70185975046
Wolcott School District,1660011.0,2025,19433.0,321.962,1.0,19433.0
Woodbridge School District,1670011.0,2007,13503.0,207.344,1.5527914962574272,20967.34357396404
Woodbridge School District,1670011.0,2008,14615.0,215.254,1.4957306252148626,21860.103087515217
Woodbridge School District,1670011.0,2009,15627.0,214.565,1.5005336378253675,23448.839158297014
Woodbridge School District,1670011.0,2010,16196.0,218.076,1.4763752086428583,23911.372879179737
Woodbridge School District,1670011.0,2011,16399.0,224.923,1.431432090093054,23474.054845435992
Woodbridge School District,1670011.0,2012,16980.0,229.586,1.402359028860645,23812.056310053747
Woodbridge School District,1670011.0,2013,17244.0,232.952,1.3820958824135443,23832.86139633916
Woodbridge School District,1670011.0,2014,17301.0,236.715,1.3601250448851994,23531.52340155884
Woodbridge School District,1670011.0,2015,16488.0,237.002,1.3584779875275312,22398.585058353936
Woodbridge School District,1670011.0,2016,18558.0,240.005,1.3414803858252953,24895.19300014583
Woodbridge School District,1670011.0,2017,17922.0,245.121,1.3134819130143889,23540.222845043874
Woodbridge School District,1670011.0,2018,17467.0,251.1,1.282206292313819,22396.29730784548
Woodbridge School District,1670011.0,2019,17666.0,255.653,1.2593711006716135,22248.049864464723
Woodbridge School District,1670011.0,2020,17911.0,258.856,1.2437880520443798,22277.487800166888
Woodbridge School District,1670011.0,2021,18393.0,270.973,1.1881700390813843,21854.011528823903
Woodbridge School District,1670011.0,2022,18738.0,292.626,1.1002508321201807,20616.500092267943
Woodbridge School District,1670011.0,2023,19918.0,304.703,1.056642041594602,21046.196184481283
Woodbridge School District,1670011.0,2024,20283.0,313.698,1.026343808376209,20817.33146529465
Woodbridge School District,1670011.0,2025,20768.0,321.962,1.0,20768.0
Woodstock School District,1690011.0,2007,10106.0,207.344,1.5527914962574272,15692.51086117756
Woodstock School District,1690011.0,2008,11039.0,215.254,1.4957306252148626,16511.370371746867
Woodstock School District,1690011.0,2009,11401.0,214.565,1.5005336378253675,17107.584004847016
Woodstock School District,1690011.0,2010,11524.0,218.076,1.4763752086428583,17013.7479044003
Woodstock School District,1690011.0,2011,11563.0,224.923,1.431432090093054,16551.649257745983
Woodstock School District,1690011.0,2012,12530.0,229.586,1.402359028860645,17571.558631623877
Woodstock School District,1690011.0,2013,12389.0,232.952,1.3820958824135443,17122.785887221402
Woodstock School District,1690011.0,2014,13013.0,236.715,1.3601250448851994,17699.3072090911
Woodstock School District,1690011.0,2015,13333.0,237.002,1.3584779875275312,18112.587007704573
Woodstock School District,1690011.0,2016,14358.0,240.005,1.3414803858252953,19260.97537967959
Woodstock School District,1690011.0,2017,14880.0,245.121,1.3134819130143889,19544.610865654104
Woodstock School District,1690011.0,2018,14296.0,251.1,1.282206292313819,18330.42115491836
Woodstock School District,1690011.0,2019,14958.0,255.653,1.2593711006716135,18837.672923846
Woodstock School District,1690011.0,2020,15676.0,258.856,1.2437880520443798,19497.6215038477
Woodstock School District,1690011.0,2021,16698.0,270.973,1.1881700390813843,19840.063312580955
Woodstock School District,1690011.0,2022,17446.0,292.626,1.1002508321201807,19194.976017168672
Woodstock School District,1690011.0,2023,18413.0,304.703,1.056642041594602,19455.94991188141
Woodstock School District,1690011.0,2024,19818.0,313.698,1.026343808376209,20340.08159439971
Woodstock School District,1690011.0,2025,20916.0,321.962,1.0,20916.0
