"Per Pupil Expenditures by Function (School), 2023-24"
"All Districts, All Schools"
"Notes:"
"Expenditures exclude food services not funded by local funds, debt, capital (other than equipment), adult education, community services, and state contributions to Teachers' Retirement."
"All amounts include regular and special education."
"This report is based upon data reported by school districts; questions concerning report data should be addressed to the school district."

"",,,,"School",,"Pupils",,"School-Level Per Pupil Expenditures (PPE)",,,,,,,,,,
"District","District Code","School/Category","School Code","Low Grade","High Grade","Enrollment","% High Needs","Instruction","Support services - students","Improvement of instruction","Library and media services","Support services - instruction","Support services - school based administration","Operation and maintenance of plant","Transportation other than to/from home","Enterprise Operations","Minor school construction","Total"
"Achievement First Bridgeport Academy District","=""2850013""","Achievement First Bridgeport Academy","=""2850113""","K",12,1098,"77.3%","$8,370","$1,075","$10","$0","$236","$2,007","$682","$12","$0","N/A","$12,394"
"Achievement First Hartford Academy District","=""2880013""","Achievement First Hartford Academy","=""2880113""","K",12,961,"81.5%","$9,938","$1,478","$75","$0","$428","$3,009","$133","$36","$0","N/A","$15,098"
"Amistad Academy District","=""2790013""","Amistad Academy","=""2795113""","K",12,1125,"81.6%","$8,358","$1,136","$57","$0","$202","$2,041","$743","$20","$0","N/A","$12,558"
"Andover School District","=""0010011""","Andover Elementary School","=""0010111""","PK",6,205,"34.1%","$14,583","$971","$31","$278","$690","$1,032","$2,322","$0","$30","N/A","$19,936"
"Ansonia School District","=""0020011""","Ansonia High School","=""0026111""",9,12,593,"66.4%","$14,187","$953","$150","$0","$37","$1,388","$1,364","$88","$510","N/A","$18,677"
"Ansonia School District","=""0020011""","Ansonia Middle School","=""0025111""",6,8,571,"72.0%","$11,732","$928","$150","$0","$8","$1,114","$1,227","$12","$43","N/A","$15,213"
"Ansonia School District","=""0020011""","Mead School","=""0020311""","PK",5,570,"73.5%","$11,517","$931","$150","$0","$8","$965","$1,135","$2","$10","N/A","$14,717"
"Ansonia School District","=""0020011""","Prendergast School","=""0020811""","PK",5,600,"66.8%","$13,555","$1,091","$150","$0","$8","$917","$1,043","$2","$7","N/A","$16,774"
"Area Cooperative Educational Services","=""2440014""","ACES Chase Academy","=""2445114""",6,8,567,"51.1%","$10,915","$3,293","$448","$0","$48","$1,292","$3,583","$0","$0","N/A","$19,578"
"Area Cooperative Educational Services","=""2440014""","The Bridge at ACES","=""2440614""",6,12,33,"93.9%","$17,459","$4,715","$443","$0","$282","$12,641","$2,390","$0","$0","N/A","$37,930"
"Area Cooperative Educational Services","=""2440014""","Wintergreen Interdistrict Magnet School","=""2440314""","K",8,550,"56.2%","$12,071","$2,800","$448","$0","$48","$1,351","$2,653","$0","$0","N/A","$19,371"
"Ashford School District","=""0030011""","Ashford School","=""0030111""","PK",8,354,"42.4%","$14,580","$1,612","$275","$3","$368","$1,823","$2,364","$36","$0","N/A","$21,061"
"Avon School District","=""0040011""","Avon High School","=""0046111""",9,12,941,"20.9%","$13,753","$1,931","$112","$213","$6","$1,019","$1,820","$169","$1,303","N/A","$20,326"
"Avon School District","=""0040011""","Avon Middle School","=""0045111""",7,8,510,"24.9%","$12,574","$1,665","$111","$209","$6","$1,074","$1,713","$36","$195","N/A","$17,582"
"Avon School District","=""0040011""","Pine Grove School","=""0040411""","K",4,667,"25.5%","$11,355","$960","$102","$233","$6","$775","$1,270","$26","$15","N/A","$14,742"
"Avon School District","=""0040011""","Roaring Brook School","=""0040311""","PK",4,472,"18.2%","$13,849","$1,260","$100","$405","$6","$1,081","$1,648","$26","$12","N/A","$18,388"
"Avon School District","=""0040011""","Thompson Brook School","=""0040511""",5,6,440,"23.0%","$13,357","$1,571","$102","$351","$6","$1,430","$1,976","$28","$25","N/A","$18,845"
"Barkhamsted School District","=""0050011""","Barkhamsted Elementary School","=""0050111""","PK",6,194,"40.2%","$10,378","$3","$10","$562","$637","$1,477","$265","$0","$0","N/A","$13,332"
"Berlin School District","=""0070011""","Berlin High School","=""0076111""",9,12,835,"32.7%","$11,097","$1,125","$61","$207","$0","$1,291","$1,019","$123","$823","N/A","$15,746"
"Berlin School District","=""0070011""","Catherine M. McGee Middle School","=""0075111""",6,8,590,"33.6%","$11,232","$971","$0","$348","$0","$1,125","$771","$21","$164","N/A","$14,632"
"Berlin School District","=""0070011""","Emma Hart Willard School","=""0070411""","PK",5,452,"46.5%","$13,137","$503","$0","$285","$0","$1,044","$563","$0","$0","N/A","$15,531"
"Berlin School District","=""0070011""","Mary E. Griswold School","=""0070511""","K",5,522,"33.0%","$10,289","$413","$0","$219","$0","$753","$698","$0","$0","N/A","$12,373"
"Berlin School District","=""0070011""","Richard D. Hubbard School","=""0070111""","K",5,223,"41.7%","$11,473","$484","$9","$371","$0","$1,213","$1,206","$0","$15","N/A","$14,771"
"Bethany School District","=""0080011""","Bethany Community School","=""0080111""","PK",6,445,"33.3%","$11,671","$1,199","$594","$161","$129","$1,025","$0","$0","$0","N/A","$14,779"
"Bethel School District","=""0090011""","Anna H. Rockwell School","=""0090411""","K",2,302,"48.0%","$10,688","$902","$318","$489","$917","$1,060","$1,940","$1","$0","N/A","$16,315"
"Bethel School District","=""0090011""","Bethel High School","=""0096111""",9,12,1083,"41.5%","$9,657","$1,110","$318","$243","$922","$898","$1,643","$85","$0","N/A","$14,875"
"Bethel School District","=""0090011""","Bethel Middle School","=""0095111""",6,8,766,"44.1%","$9,711","$776","$318","$229","$917","$1,043","$1,686","$9","$0","N/A","$14,690"
"Bethel School District","=""0090011""","Frank A. Berry School","=""0090111""","PK",2,387,"47.5%","$11,048","$790","$318","$363","$917","$845","$1,832","$1","$0","N/A","$16,113"
"Bethel School District","=""0090011""","Ralph M. T. Johnson School","=""0090511""",3,5,673,"44.4%","$9,335","$649","$318","$217","$917","$760","$1,692","$1","$0","N/A","$13,889"
"Bloomfield School District","=""0110011""","Bloomfield High School","=""0116111""",9,12,509,"67.2%","$11,761","$2,252","$691","$0","$0","$2,183","$2,092","$172","$996","N/A","$20,147"
"Bloomfield School District","=""0110011""","Carmen Arace Intermediate School","=""0110711""",5,6,215,"68.4%","$10,200","$1,658","$2","$131","$3","$2,419","$2,388","$17","$10","N/A","$16,828"
"Bloomfield School District","=""0110011""","Carmen Arace Middle School","=""0115211""",7,8,216,"68.1%","$14,638","$1,642","$0","$128","$0","$2,416","$2,369","$15","$53","N/A","$21,263"
"Bloomfield School District","=""0110011""","Global Experience Magnet School","=""0116311""",6,12,189,"65.6%","$14,653","$1,501","$1","$0","$0","$2,087","$1,575","$260","$700","N/A","$20,778"
"Bloomfield School District","=""0110011""","Laurel Literacy Academy","=""0110611""","PK",2,301,"68.1%","$14,461","$1,137","$4","$184","$0","$1,342","$1,085","$0","$0","N/A","$18,213"
"Bloomfield School District","=""0110011""","Metacomet School","=""0110511""",3,4,196,"70.9%","$13,587","$1,436","$3","$253","$0","$2,067","$1,855","$0","$0","N/A","$19,201"
"Bloomfield School District","=""0110011""","Wintonbury Early Childhood Magnet School","=""0110811""","PK","PK",315,"43.5%","$13,752","$1,037","$5","$0","$0","$1,039","$1,447","$304","$0","N/A","$17,584"
"Bolton School District","=""0120011""","Bolton Center School","=""0120111""","PK",8,481,"31.2%","$11,642","$1,246","$549","$250","$0","$1,500","$1,602","$1","$67","N/A","$16,857"
"Bolton School District","=""0120011""","Bolton High School","=""0126111""",9,12,215,"29.8%","$14,723","$2,480","$617","$722","$0","$2,716","$2,918","$1","$844","N/A","$25,021"
"Booker T. Washington Academy District","=""2950013""","Booker T. Washington Academy","=""2950113""","K",8,384,"90.6%","$11,585","$1,497","$917","$0","$0","$2,477","$2,989","$0","$0","N/A","$19,464"
"Bozrah School District","=""0130011""","Fields Memorial School","=""0130111""","PK",8,167,"46.1%","$15,659","$5,542","$0","$364","$0","$1,344","$3,774","$22","$90","N/A","$26,796"
"Branford School District","=""0140011""","Branford High School","=""0146111""",9,12,784,"41.5%","$10,519","$2,622","$223","$371","$2,764","$578","$1,790","$136","$214","N/A","$19,215"
"Branford School District","=""0140011""","Francis Walsh Intermediate School","=""0145111""",5,8,795,"46.4%","$9,451","$2,576","$209","$364","$3,626","$360","$1,675","$22","$214","N/A","$18,497"
"Branford School District","=""0140011""","John B. Sliney School","=""0141611""","PK",4,257,"50.2%","$10,366","$1,398","$360","$627","$4,671","$442","$1,280","$3","$214","N/A","$19,361"
"Branford School District","=""0140011""","Mary R. Tisko School","=""0141511""","PK",4,345,"28.7%","$10,062","$1,701","$303","$546","$2,932","$315","$1,126","$1","$214","N/A","$17,199"
"Branford School District","=""0140011""","Mary T. Murphy School","=""0141411""","PK",4,349,"57.9%","$9,022","$1,707","$331","$552","$3,395","$317","$1,211","$0","$214","N/A","$16,750"
"Brass City Charter School District","=""2900013""","Brass City Charter School","=""2900113""","PK",8,363,"74.7%","$9,470","$1,087","$69","$0","$248","$1,190","$1,353","$19","$0","N/A","$13,436"
"Bridgeport School District","=""0150011""","A.B. Skane Center","=""0154411""","PK","K",190,"94.2%","$18,132","$3,803","$3","$1","$8","$1,558","$2,003","$0","$0","N/A","$25,508"
"Bridgeport School District","=""0150011""","Aerospace/Hydrospace, Engineering and Physical Sciences Magnet High School","=""0150811""",9,12,330,"73.0%","$11,664","$1,071","$3","$1","$0","$940","$1,571","$0","$53","N/A","$15,302"
"Bridgeport School District","=""0150011""","Barnum School","=""0150111""","PK",8,587,"98.3%","$13,345","$1,217","$3","$189","$2","$1,042","$1,307","$4","$0","N/A","$17,109"
"Bridgeport School District","=""0150011""","Bassick High School","=""0156111""",9,12,1033,"97.1%","$10,043","$1,049","$3","$1","$1","$1,241","$1,597","$0","$242","N/A","$14,178"
"Bridgeport School District","=""0150011""","Beardsley School","=""0150211""","PK",6,302,"92.7%","$12,877","$601","$3","$318","$0","$835","$1,246","$0","$0","N/A","$15,880"
"Bridgeport School District","=""0150011""","Biotechnology, Research & Zoological Studies Magnet High School","=""0150611""",9,12,366,"79.0%","$10,544","$1,581","$3","$1","$0","$850","$1,571","$0","$66","N/A","$14,616"
"Bridgeport School District","=""0150011""","Black Rock School","=""0150311""","PK",8,439,"85.2%","$13,053","$665","$3","$1","$0","$935","$1,374","$0","$0","N/A","$16,031"
"Bridgeport School District","=""0150011""","Blackham School","=""0154011""","PK",8,1046,"90.0%","$10,386","$799","$3","$79","$1","$810","$1,121","$0","$0","N/A","$13,200"
"Bridgeport School District","=""0150011""","Bridgeport Military Academy","=""0151611""",9,12,296,"90.5%","$13,354","$789","$3","$1","$0","$1,247","$2,024","$0","$71","N/A","$17,489"
"Bridgeport School District","=""0150011""","Bryant School","=""0150411""","PK",6,304,"96.1%","$12,606","$930","$3","$1","$0","$813","$1,624","$0","$0","N/A","$15,975"
"Bridgeport School District","=""0150011""","Central High School","=""0156211""",9,12,1704,"86.9%","$9,161","$899","$3","$6","$0","$835","$1,410","$0","$241","N/A","$12,554"
"Bridgeport School District","=""0150011""","Cesar Batalla School","=""0151411""","PK",8,1020,"98.1%","$11,343","$726","$3","$95","$1","$702","$1,231","$0","$0","N/A","$14,101"
"Bridgeport School District","=""0150011""","Classical Studies Academy","=""0152111""","PK",8,385,"89.1%","$10,526","$1,166","$3","$283","$0","$1,192","$1,842","$0","$0","N/A","$15,011"
"Bridgeport School District","=""0150011""","Columbus School","=""0150511""","PK",8,538,"100.0%","$11,519","$457","$3","$215","$0","$1,010","$1,379","$0","$0","N/A","$14,583"
"Bridgeport School District","=""0150011""","Edison School","=""0150711""","K",6,193,"95.9%","$12,110","$354","$3","$1","$0","$1,408","$1,399","$0","$0","N/A","$15,275"
"Bridgeport School District","=""0150011""","Geraldine Claytor Magnet Academy","=""0153111""","PK",8,435,"94.5%","$8,882","$530","$3","$1","$0","$1,367","$1,528","$0","$0","N/A","$12,312"
"Bridgeport School District","=""0150011""","Geraldine Johnson School","=""0153211""","PK",8,802,"96.6%","$10,604","$689","$3","$144","$0","$1,021","$1,185","$0","$0","N/A","$13,646"
"Bridgeport School District","=""0150011""","Hall School","=""0151111""","K",6,175,"95.4%","$11,925","$888","$3","$660","$0","$1,526","$1,370","$0","$0","N/A","$16,372"
"Bridgeport School District","=""0150011""","Hallen School","=""0151211""","PK",6,278,"89.2%","$12,693","$310","$3","$343","$0","$1,042","$1,587","$0","$0","N/A","$15,978"
"Bridgeport School District","=""0150011""","High Horizons Magnet School","=""0154511""","PK",8,442,"88.9%","$12,215","$684","$3","$1","$0","$691","$2,039","$0","$0","N/A","$15,632"
"Bridgeport School District","=""0150011""","Information Technology & Software Engineering Magnet High School","=""0151511""",9,12,404,"72.8%","$9,709","$965","$3","$1","$0","$1,178","$1,620","$1","$47","N/A","$13,523"
"Bridgeport School District","=""0150011""","Interdistrict Discovery Magnet School","=""0153711""","PK",8,482,"70.3%","$11,904","$474","$3","$1","$0","$571","$1,301","$0","$0","N/A","$14,253"
"Bridgeport School District","=""0150011""","James J. Curiale School","=""0154211""","K",8,513,"99.2%","$12,438","$616","$3","$50","$0","$1,016","$1,467","$0","$0","N/A","$15,589"
"Bridgeport School District","=""0150011""","Jettie S. Tisdale School","=""0152211""","PK",8,577,"96.4%","$13,987","$785","$3","$1","$0","$901","$1,301","$0","$0","N/A","$16,977"
"Bridgeport School District","=""0150011""","John Winthrop School","=""0153611""","PK",8,601,"85.2%","$10,626","$861","$3","$200","$0","$784","$1,297","$0","$0","N/A","$13,772"
"Bridgeport School District","=""0150011""","Luis Munoz Marin School","=""0151011""","PK",8,710,"95.6%","$11,286","$620","$3","$159","$0","$972","$1,292","$0","$0","N/A","$14,332"
"Bridgeport School District","=""0150011""","Madison School","=""0152011""","PK",6,448,"95.8%","$13,066","$497","$3","$1","$3","$720","$1,326","$0","$0","N/A","$15,616"
"Bridgeport School District","=""0150011""","Multicultural Magnet School","=""0154611""","K",8,422,"91.0%","$11,952","$808","$3","$1","$0","$672","$811","$0","$0","N/A","$14,246"
"Bridgeport School District","=""0150011""","Park City Magnet School","=""0151711""","PK",8,477,"83.0%","$10,465","$870","$3","$210","$0","$703","$1,051","$0","$0","N/A","$13,302"
"Bridgeport School District","=""0150011""","Paul Laurence Dunbar School","=""0154111""","PK",8,394,"96.4%","$12,663","$893","$3","$248","$1","$1,648","$1,481","$0","$0","N/A","$16,937"
"Bridgeport School District","=""0150011""","Read School","=""0152511""","PK",8,793,"94.2%","$9,809","$926","$3","$151","$2","$895","$1,115","$0","$0","N/A","$12,900"
"Bridgeport School District","=""0150011""","Roosevelt School","=""0152611""","PK",8,474,"98.3%","$11,727","$645","$3","$218","$0","$989","$1,466","$0","$0","N/A","$15,048"
"Bridgeport School District","=""0150011""","Thomas Hooker School","=""0151311""","PK",8,252,"80.2%","$14,687","$1,057","$3","$1","$0","$1,332","$1,849","$0","$0","N/A","$18,928"
"Bridgeport School District","=""0150011""","Waltersville School","=""0153011""","PK",8,428,"98.8%","$12,899","$1,153","$3","$219","$0","$777","$1,521","$0","$0","N/A","$16,571"
"Bridgeport School District","=""0150011""","Warren Harding High School","=""0156311""",9,12,1201,"92.1%","$9,791","$736","$3","$110","$3","$1,243","$1,497","$0","$248","N/A","$13,630"
"Bridgeport School District","=""0150011""","Wilbur Cross School","=""0153911""","PK",8,310,"91.6%","$11,693","$781","$3","$1","$0","$1,922","$1,768","$0","$0","N/A","$16,168"
"Bristol School District","=""0170011""","Bristol Arts and Innovation Magnet School","=""0174011""",6,12,271,"63.1%","$10,415","$784","$0","$165","$112","$1,602","$2,095","$0","$6","N/A","$15,180"
"Bristol School District","=""0170011""","Bristol Central High School","=""0176111""",9,12,1172,"58.4%","$9,565","$1,132","$0","$248","$170","$891","$806","$16","$694","N/A","$13,523"
"Bristol School District","=""0170011""","Bristol Eastern High School","=""0176211""",9,12,1041,"56.1%","$10,214","$1,160","$0","$262","$182","$921","$855","$10","$699","N/A","$14,303"
"Bristol School District","=""0170011""","Chippens Hill Middle School","=""0175111""",6,8,563,"65.0%","$10,623","$1,197","$0","$399","$202","$1,454","$1,391","$0","$197","N/A","$15,463"
"Bristol School District","=""0170011""","Edgewood Pre-K Academy","=""0170411""","PK","PK",246,"63.4%","$7,063","$2,071","$0","$209","$137","$23","$693","$0","$1","N/A","$10,197"
"Bristol School District","=""0170011""","Ellen P. Hubbell School","=""0171411""","K",5,346,"76.9%","$8,626","$882","$0","$163","$155","$885","$965","$0","$16","N/A","$11,693"
"Bristol School District","=""0170011""","Greene-Hills School","=""0170511""","K",8,908,"67.6%","$8,869","$546","$0","$180","$121","$744","$537","$0","$197","N/A","$11,194"
"Bristol School District","=""0170011""","Ivy Drive School","=""0171911""","K",5,372,"59.1%","$10,184","$719","$0","$201","$171","$988","$658","$0","$15","N/A","$12,936"
"Bristol School District","=""0170011""","Mountain View School","=""0171711""","K",5,342,"64.9%","$9,777","$751","$0","$162","$158","$822","$649","$0","$15","N/A","$12,334"
"Bristol School District","=""0170011""","Northeast Middle School","=""0175211""",6,8,343,"56.9%","$11,180","$1,231","$0","$152","$249","$1,286","$1,118","$0","$182","N/A","$15,396"
"Bristol School District","=""0170011""","South Side School","=""0171111""","K",5,506,"68.8%","$7,870","$591","$0","$368","$134","$646","$566","$0","$15","N/A","$10,190"
"Bristol School District","=""0170011""","Stafford School","=""0171211""","K",5,353,"59.5%","$7,796","$802","$0","$264","$121","$720","$682","$1","$15","N/A","$10,401"
"Bristol School District","=""0170011""","West Bristol School","=""0172011""","K",8,842,"67.8%","$8,140","$555","$0","$171","$135","$742","$561","$0","$198","N/A","$10,502"
"Brookfield School District","=""0180011""","Brookfield High School","=""0186111""",9,12,871,"33.4%","$10,500","$1,747","$48","$360","$234","$1,470","$791","$221","$937","N/A","$16,309"
"Brookfield School District","=""0180011""","Candlewood Lake Elementary School","=""0180111""","PK",5,1107,"36.1%","$10,897","$996","$51","$278","$234","$853","$603","$0","$17","N/A","$13,930"
"Brookfield School District","=""0180011""","Whisconier Middle School","=""0185311""",5,8,591,"33.2%","$12,272","$1,771","$36","$301","$234","$1,366","$697","$5","$130","N/A","$16,813"
"Brooklyn School District","=""0190011""","Brooklyn Elementary School","=""0190111""","PK",4,502,"47.4%","$11,412","$1,751","$259","$2","$84","$886","$0","$1","$0","N/A","$14,396"
"Brooklyn School District","=""0190011""","Brooklyn Middle School","=""0195111""",5,8,372,"43.3%","$12,652","$1,289","$17","$1","$132","$1,178","$5","$28","$135","N/A","$15,436"
"Canaan School District","=""0210011""","Lee H. Kellogg School","=""0210111""","K",8,80,"42.5%","$21,404","$1,250","$663","$559","$101","$3,095","$3,535","$88","$0","N/A","$30,694"
"Canterbury School District","=""0220011""","Canterbury Elementary School","=""0220211""","PK",4,279,"39.4%","$12,277","$1,265","$0","$134","$0","$1,072","$1,201","$0","$3","N/A","$15,953"
"Canterbury School District","=""0220011""","Dr. Helen Baldwin Middle School","=""0225111""",5,8,198,"40.4%","$13,140","$1,516","$0","$186","$1","$1,447","$1,673","$0","$130","N/A","$18,092"
"Canton School District","=""0230011""","Canton High School","=""0236111""",9,12,455,"28.4%","$12,144","$2,350","$792","$201","$420","$1,483","$1,978","$7","$1,074","N/A","$20,449"
"Canton School District","=""0230011""","Canton Intermediate School","=""0230311""",4,6,338,"33.4%","$11,721","$2,290","$794","$379","$420","$1,282","$1,800","$7","$282","N/A","$18,974"
"Canton School District","=""0230011""","Canton Middle School","=""0235111""",7,8,240,"30.4%","$11,161","$1,916","$795","$510","$420","$1,327","$1,183","$36","$303","N/A","$17,651"
"Canton School District","=""0230011""","Cherry Brook Primary School","=""0230211""","PK",3,450,"28.9%","$9,222","$2,021","$795","$193","$420","$1,092","$1,599","$4","$145","N/A","$15,489"
"Capital Preparatory Harbor School District","=""2970013""","Capital Preparatory Harbor School","=""2970113""","K",12,781,"73.4%","$5,393","$466","$185","$0","$239","$1,843","$1,979","$95","$0","N/A","$10,201"
"Capitol Region Education Council","=""2410014""","Academy of Aerospace and Engineering","=""2415114""",6,12,775,"58.8%","$11,695","$1,514","$609","$164","$0","$2,057","$2,664","$210","$0","N/A","$18,913"
"Capitol Region Education Council","=""2410014""","Academy of Aerospace and Engineering Elementary","=""2410714""","PK",5,582,"58.2%","$11,042","$1,199","$733","$0","$0","$969","$2,355","$25","$0","N/A","$16,322"
"Capitol Region Education Council","=""2410014""","Academy of Computer Science and Engineering","=""2415214""",9,12,529,"77.5%","$13,153","$1,799","$475","$220","$0","$2,053","$3,617","$298","$0","N/A","$21,615"
"Capitol Region Education Council","=""2410014""","Academy of Computer Science and Engineering Middle School","=""2415014""",6,8,607,"76.6%","$13,431","$1,782","$397","$0","$0","$1,812","$3,085","$134","$0","N/A","$20,640"
"Capitol Region Education Council","=""2410014""","Academy of International Studies 6-12","=""2416114""",6,12,688,"66.1%","$11,605","$1,997","$566","$181","$0","$2,095","$3,974","$152","$0","N/A","$20,572"
"Capitol Region Education Council","=""2410014""","Academy of International Studies Elementary School","=""2410414""","PK",5,486,"66.3%","$10,707","$1,838","$772","$252","$0","$1,133","$2,718","$9","$0","N/A","$17,429"
"Capitol Region Education Council","=""2410014""","Academy of Science and Innovation","=""2416514""",6,12,740,"64.9%","$12,315","$1,551","$370","$0","$0","$1,958","$2,854","$209","$0","N/A","$19,258"
"Capitol Region Education Council","=""2410014""","Ana Grace Academy of the Arts","=""2410614""","PK",8,856,"69.4%","$12,292","$1,871","$658","$0","$0","$1,696","$2,367","$64","$0","N/A","$18,949"
"Capitol Region Education Council","=""2410014""","CREC Preschool at Progress Drive","=""2412114""","PK","PK",118,"52.5%","$10,580","$2,187","$393","$0","$0","$3,479","$3,677","$0","$0","N/A","$20,316"
"Capitol Region Education Council","=""2410014""","Discovery Academy","=""2418114""","PK",5,522,"56.5%","$10,959","$1,758","$675","$255","$0","$995","$2,419","$28","$0","N/A","$17,088"
"Capitol Region Education Council","=""2410014""","Glastonbury/East Hartford Magnet School","=""2410114""","PK",5,460,"67.4%","$12,543","$1,872","$1,072","$299","$0","$1,264","$1,622","$12","$0","N/A","$18,684"
"Capitol Region Education Council","=""2410014""","Greater Hartford Academy of the Arts High School - Full Day","=""2416414""",9,12,388,"64.9%","$14,935","$1,905","$620","$0","$0","$3,198","$8,698","$98","$0","N/A","$29,456"
"Capitol Region Education Council","=""2410014""","Montessori Magnet School","=""2413114""","PK",6,353,"66.9%","$12,704","$2,016","$583","$0","$0","$2,309","$3,771","$18","$0","N/A","$21,402"
"Capitol Region Education Council","=""2410014""","Museum Academy","=""2410514""","PK",5,508,"64.0%","$10,822","$1,597","$505","$0","$0","$1,395","$2,592","$7","$0","N/A","$16,917"
"Capitol Region Education Council","=""2410014""","Reggio Magnet School of the Arts","=""2410314""","PK",5,511,"65.0%","$11,727","$1,810","$571","$0","$0","$1,091","$2,263","$21","$0","N/A","$17,484"
"Capitol Region Education Council","=""2410014""","University of Hartford Magnet School","=""2410214""","PK",5,470,"60.9%","$12,467","$1,184","$444","$310","$0","$1,312","$3,220","$46","$0","N/A","$18,984"
"Chaplin School District","=""0240011""","Chaplin Elementary School","=""0240211""","PK",6,154,"49.4%","$15,073","$1,711","$0","$1,213","$2,281","$1,387","$2,841","$0","$0","N/A","$24,507"
"Cheshire School District","=""0250011""","Chapman School","=""0250111""","K",6,369,"22.0%","$9,999","$1,538","$217","$631","$68","$846","$1,589","$0","$20","N/A","$14,907"
"Cheshire School District","=""0250011""","Cheshire High School","=""0256111""",9,12,1183,"25.7%","$13,612","$2,092","$142","$396","$65","$1,356","$2,338","$246","$976","N/A","$21,223"
"Cheshire School District","=""0250011""","Darcey School","=""0250211""","PK","K",145,"42.8%","$23,202","$3,104","$217","$462","$68","$1,394","$2,397","$0","$20","N/A","$30,864"
"Cheshire School District","=""0250011""","Dodd Middle School","=""0255111""",7,8,630,"28.3%","$12,151","$1,670","$363","$507","$67","$1,093","$1,929","$60","$102","N/A","$17,941"
"Cheshire School District","=""0250011""","Doolittle School","=""0250611""","K",6,525,"33.1%","$10,599","$1,513","$217","$623","$68","$996","$1,698","$0","$20","N/A","$15,734"
"Cheshire School District","=""0250011""","Highland School","=""0250411""","K",6,866,"27.4%","$11,118","$1,634","$217","$606","$52","$743","$1,670","$0","$20","N/A","$16,060"
"Cheshire School District","=""0250011""","Norton School","=""0250511""","K",6,428,"24.1%","$10,111","$1,509","$217","$701","$68","$758","$1,633","$0","$20","N/A","$15,017"
"Chester School District","=""0260011""","Chester Elementary School","=""0260111""","PK",6,207,"33.3%","$17,733","$2,059","$0","$525","$82","$2,258","$2,508","$44","$0","N/A","$25,209"
"Clinton School District","=""0270011""","Jared Eliot School","=""0275111""",5,8,431,"53.1%","$13,533","$3,197","$0","$666","$343","$1,114","$987","$45","$0","N/A","$19,886"
"Clinton School District","=""0270011""","Lewin G. Joel Jr. School","=""0270311""","PK",4,546,"50.0%","$13,231","$1,292","$0","$331","$33","$875","$1,016","$2","$0","N/A","$16,779"
"Clinton School District","=""0270011""","The Morgan School","=""0276111""",9,12,477,"43.4%","$13,486","$1,910","$0","$372","$0","$1,150","$1,218","$236","$0","N/A","$18,373"
"Colchester School District","=""0280011""","Bacon Academy","=""0286111""",9,12,604,"35.4%","$11,834","$2,021","$43","$268","$0","$1,522","$1,884","$204","$874","N/A","$18,650"
"Colchester School District","=""0280011""","Colchester Elementary School","=""0280411""","PK",2,606,"42.6%","$10,070","$1,356","$43","$238","$0","$989","$1,301","$0","$52","N/A","$14,050"
"Colchester School District","=""0280011""","Jack Jackter Intermediate School","=""0280211""",3,5,462,"35.5%","$10,843","$1,554","$43","$300","$0","$1,298","$1,907","$1","$75","N/A","$16,022"
"Colchester School District","=""0280011""","William J. Johnston Middle School","=""0285111""",6,8,470,"35.1%","$12,585","$1,543","$43","$305","$0","$1,283","$1,682","$0","$202","N/A","$17,643"
"Colebrook School District","=""0290011""","Colebrook Consolidated School","=""0290111""","K",6,66,"50.0%","$22,627","$1,111","$1","$362","$299","$2,368","$4,163","$0","$0","N/A","$30,931"
"Columbia School District","=""0300011""","Horace W. Porter School","=""0300111""","PK",8,475,"31.4%","$10,593","$4,573","$0","$279","$0","$1,150","$1,502","$0","$915","N/A","$19,010"
"Common Ground High School District","=""2680013""","Common Ground High School","=""2686113""",9,12,223,"75.8%","$8,925","$7,591","$437","$236","$11","$2,914","$2,059","$84","$0","N/A","$22,257"
"Connecticut Technical Education and Career System","=""9000016""","A. I. Prince Technical High School","=""9001516""",9,12,718,"76.7%","$18,627","$3,554","$30","$557","$0","$3,016","$3,731","$6","$584","N/A","$30,104"
"Connecticut Technical Education and Career System","=""9000016""","Bullard-Havens Technical High School","=""9001116""",9,12,818,"75.3%","$14,912","$2,627","$59","$274","$3","$3,140","$2,897","$11","$597","N/A","$24,520"
"Connecticut Technical Education and Career System","=""9000016""","E. C. Goodwin Technical High School","=""9001916""",9,12,657,"63.9%","$15,775","$3,490","$33","$474","$1","$2,647","$3,714","$5","$434","N/A","$26,573"
"Connecticut Technical Education and Career System","=""9000016""","Eli Whitney Technical High School","=""9001416""",9,12,582,"75.8%","$16,528","$3,246","$49","$180","$0","$3,968","$3,729","$16","$436","N/A","$28,153"
"Connecticut Technical Education and Career System","=""9000016""","Ella T. Grasso Technical High School","=""9002716""",9,12,674,"59.9%","$15,247","$2,048","$27","$794","$1","$2,476","$3,125","$0","$670","N/A","$24,388"
"Connecticut Technical Education and Career System","=""9000016""","Emmett O'Brien Technical High School","=""9002516""",9,12,652,"50.5%","$15,821","$2,340","$18","$201","$7","$2,110","$3,314","$0","$485","N/A","$24,297"
"Connecticut Technical Education and Career System","=""9000016""","H. C. Wilcox Technical High School","=""9001716""",9,12,738,"55.0%","$16,875","$3,048","$23","$281","$2","$2,289","$3,116","$6","$599","N/A","$26,237"
"Connecticut Technical Education and Career System","=""9000016""","H. H. Ellis Technical High School","=""9001316""",9,12,650,"46.9%","$15,143","$3,136","$18","$200","$2","$2,461","$3,457","$4","$624","N/A","$25,046"
"Connecticut Technical Education and Career System","=""9000016""","Henry Abbott Technical High School","=""9001216""",9,12,692,"47.8%","$14,898","$2,970","$18","$309","$4","$1,807","$3,286","$0","$416","N/A","$23,708"
"Connecticut Technical Education and Career System","=""9000016""","Howell Cheney Technical High School","=""9001616""",9,12,669,"54.9%","$14,439","$2,747","$20","$812","$7","$1,652","$3,274","$10","$688","N/A","$23,649"
"Connecticut Technical Education and Career System","=""9000016""","J. M. Wright Technical High School","=""9002116""",9,12,451,"71.6%","$14,657","$3,451","$38","$1,115","$1","$2,543","$4,866","$41","$495","N/A","$27,206"
"Connecticut Technical Education and Career System","=""9000016""","Norwich Technical High School","=""9002016""",9,12,642,"43.1%","$16,436","$2,692","$22","$233","$2","$2,016","$3,895","$0","$693","N/A","$25,988"
"Connecticut Technical Education and Career System","=""9000016""","Oliver Wolcott Technical High School","=""9002216""",9,12,648,"48.3%","$15,764","$3,014","$23","$186","$3","$1,971","$2,864","$0","$649","N/A","$24,475"
"Connecticut Technical Education and Career System","=""9000016""","Platt Technical High School","=""9002616""",9,12,780,"56.4%","$16,869","$2,828","$44","$232","$0","$2,263","$2,895","$13","$659","N/A","$25,803"
"Connecticut Technical Education and Career System","=""9000016""","Vinal Technical High School","=""9001816""",9,12,547,"51.9%","$17,521","$3,376","$22","$380","$7","$2,727","$2,927","$5","$596","N/A","$27,562"
"Connecticut Technical Education and Career System","=""9000016""","W. F. Kaynor Technical High School","=""9002316""",9,12,785,"58.7%","$15,847","$2,624","$44","$173","$11","$2,753","$2,861","$0","$433","N/A","$24,746"
"Connecticut Technical Education and Career System","=""9000016""","Windham Technical High School","=""9002416""",9,12,491,"49.9%","$17,762","$2,999","$31","$304","$8","$2,387","$3,659","$10","$811","N/A","$27,972"
"Cooperative Educational Services","=""2430014""","Six-Six Magnet School","=""2430114""","PK",8,447,"57.3%","$18,567","$316","$0","$0","$65","$976","$0","$0","$0","N/A","$19,924"
"Cornwall School District","=""0310011""","Cornwall Consolidated School","=""0310111""","K",8,97,"41.2%","$21,235","$964","$588","$337","$558","$3,115","$3,588","$0","$412","N/A","$30,796"
"Coventry School District","=""0320011""","Capt. Nathan Hale School","=""0325111""",6,8,381,"36.5%","$12,434","$1,494","$260","$14","$0","$1,355","$1,974","$14","$0","N/A","$17,546"
"Coventry School District","=""0320011""","Coventry Grammar School","=""0320211""","K",2,360,"35.6%","$10,219","$955","$218","$27","$0","$877","$1,754","$0","$0","N/A","$14,048"
"Coventry School District","=""0320011""","Coventry High School","=""0326111""",9,12,406,"29.1%","$14,384","$1,487","$217","$52","$0","$1,516","$2,053","$142","$0","N/A","$19,850"
"Coventry School District","=""0320011""","George Hersey Robertson School","=""0320411""",3,5,350,"34.6%","$9,980","$912","$224","$18","$0","$964","$1,764","$0","$0","N/A","$13,863"
"Cromwell School District","=""0330011""","Cromwell High School","=""0336111""",9,12,523,"35.8%","$11,595","$2,118","$329","$95","$128","$1,947","$2,254","$185","$748","N/A","$19,400"
"Cromwell School District","=""0330011""","Cromwell Middle School","=""0335111""",6,8,471,"33.1%","$10,864","$1,817","$329","$6","$128","$1,235","$1,486","$25","$231","N/A","$16,121"
"Cromwell School District","=""0330011""","Edna C. Stevens School","=""0330211""","PK",2,450,"41.8%","$10,998","$1,388","$329","$10","$134","$1,108","$1,340","$0","$0","N/A","$15,306"
"Cromwell School District","=""0330011""","Woodside Intermediate School","=""0330311""",3,5,439,"39.2%","$8,886","$1,565","$329","$13","$128","$1,136","$1,964","$0","$7","N/A","$14,030"
"Danbury School District","=""0340011""","Broadview Middle School","=""0345111""",6,8,1098,"79.7%","$11,874","$390","$3","$28","$0","$777","$830","$0","$0","N/A","$13,902"
"Danbury School District","=""0340011""","DPS Early Childhood Center","=""0340111""","PK","K",56,"83.9%","$30,207","$2,533","$3","$29","$0","$1,189","$340","$0","$0","N/A","$34,301"
"Danbury School District","=""0340011""","DPS Early Childhood Center at Granville","=""0340411""","PK","PK",167,"83.8%","$9,334","$13","$3","$0","$0","$0","$340","$0","$0","N/A","$9,691"
"Danbury School District","=""0340011""","Danbury High School","=""0346111""",9,12,3603,"71.4%","$14,652","$538","$3","$4","$37","$0","$902","$0","$0","N/A","$16,137"
"Danbury School District","=""0340011""","Ellsworth Avenue School","=""0341411""","PK",5,507,"83.6%","$10,717","$191","$3","$0","$0","$0","$675","$0","$0","N/A","$11,586"
"Danbury School District","=""0340011""","Great Plain School","=""0341111""","K",5,264,"62.5%","$11,529","$520","$3","$0","$0","$1,003","$381","$0","$0","N/A","$13,437"
"Danbury School District","=""0340011""","Hayestown Avenue School","=""0340211""","K",5,447,"83.4%","$10,314","$204","$3","$0","$0","$446","$742","$0","$0","N/A","$11,709"
"Danbury School District","=""0340011""","King Street Intermediate School","=""0341711""",4,5,353,"68.0%","$10,576","$339","$3","$0","$0","$581","$348","$0","$0","N/A","$11,847"
"Danbury School District","=""0340011""","King Street Primary School","=""0341311""","K",3,404,"73.5%","$10,985","$214","$3","$0","$0","$494","$900","$0","$0","N/A","$12,596"
"Danbury School District","=""0340011""","Mill Ridge Primary School","=""0340511""","K",3,341,"45.7%","$10,166","$243","$7","$33","$0","$0","$824","$0","$0","N/A","$11,273"
"Danbury School District","=""0340011""","Morris Street School","=""0340611""","K",5,362,"83.4%","$11,254","$13","$3","$36","$0","$694","$772","$0","$0","N/A","$12,772"
"Danbury School District","=""0340011""","Park Avenue School","=""0340811""","K",5,599,"87.1%","$10,809","$205","$3","$0","$0","$333","$607","$0","$0","N/A","$11,958"
"Danbury School District","=""0340011""","Pembroke School","=""0341511""","K",5,380,"75.5%","$12,368","$380","$3","$7","$0","$527","$967","$0","$0","N/A","$14,251"
"Danbury School District","=""0340011""","Rogers Park Middle School","=""0345211""",6,8,878,"82.1%","$13,497","$325","$3","$204","$0","$7","$1,075","$0","$0","N/A","$15,111"
"Danbury School District","=""0340011""","Shelter Rock School","=""0341211""","K",5,550,"67.3%","$10,637","$308","$3","$0","$0","$338","$749","$0","$0","N/A","$12,035"
"Danbury School District","=""0340011""","South Street School","=""0341011""","K",5,377,"72.1%","$10,732","$13","$3","$0","$0","$529","$736","$0","$0","N/A","$12,013"
"Danbury School District","=""0340011""","Stadley Rough School","=""0341611""","K",5,520,"66.9%","$10,232","$215","$3","$0","$0","$383","$798","$0","$0","N/A","$11,631"
"Danbury School District","=""0340011""","Western CT Academy of International Studies Elementary Magnet School","=""0341911""","K",5,357,"42.9%","$8,622","$13","$8","$0","$0","$0","$1,000","$0","$0","N/A","$9,642"
"Danbury School District","=""0340011""","Westside Middle School Academy","=""0340311""",6,8,745,"56.1%","$10,458","$13","$8","$2","$0","$601","$672","$0","$0","N/A","$11,755"
"Darien School District","=""0350011""","Darien High School","=""0356111""",9,12,1398,"22.7%","$12,930","$2,487","$163","$213","$6","$1,638","$1,701","$233","$1,694","N/A","$21,065"
"Darien School District","=""0350011""","Hindley Elementary School","=""0350211""","PK",5,420,"16.9%","$13,468","$1,212","$319","$280","$0","$1,762","$1,331","$0","$35","N/A","$18,407"
"Darien School District","=""0350011""","Holmes Elementary School","=""0350711""","PK",5,430,"17.7%","$11,467","$1,113","$318","$235","$0","$1,827","$1,268","$0","$36","N/A","$16,263"
"Darien School District","=""0350011""","Middlesex Middle School","=""0355111""",6,8,1047,"21.4%","$14,108","$1,868","$149","$166","$0","$1,240","$1,239","$0","$162","N/A","$18,933"
"Darien School District","=""0350011""","Ox Ridge Elementary School","=""0351311""","PK",5,598,"28.6%","$15,012","$1,408","$672","$271","$0","$1,266","$1,424","$0","$22","N/A","$20,075"
"Darien School District","=""0350011""","Royle Elementary School","=""0350511""","PK",5,331,"23.0%","$14,243","$2,392","$335","$370","$0","$2,193","$1,554","$0","$39","N/A","$21,126"
"Darien School District","=""0350011""","Tokeneke Elementary School","=""0350611""","PK",5,428,"21.0%","$11,664","$1,542","$319","$240","$0","$1,739","$1,583","$0","$26","N/A","$17,114"
"Deep River School District","=""0360011""","Deep River Elementary School","=""0360111""","PK",6,195,"44.1%","$18,840","$2,114","$0","$478","$27","$2,800","$2,889","$0","$0","N/A","$27,148"
"Derby School District","=""0370011""","Bradley School","=""0370611""","K",5,272,"58.8%","$12,761","$1,534","$0","$82","$5","$1,345","$1,020","$0","$0","N/A","$16,746"
"Derby School District","=""0370011""","Derby High School","=""0376111""",9,12,370,"64.3%","$13,259","$1,108","$0","$264","$7","$1,759","$1,664","$0","$1,407","N/A","$19,468"
"Derby School District","=""0370011""","Derby Middle School","=""0375011""",6,8,282,"74.1%","$15,990","$2,099","$0","$0","$8","$2,075","$2,249","$0","$163","N/A","$22,585"
"Derby School District","=""0370011""","Irving School","=""0370411""","K",5,329,"73.3%","$14,335","$694","$0","$110","$6","$1,176","$1,294","$0","$0","N/A","$17,615"
"Derby School District","=""0370011""","Little Raiders University","=""0370111""","PK","PK",59,"52.5%","$7,517","$92","$0","$0","$1","$76","$1","$0","$0","N/A","$7,687"
"East Granby School District","=""0400011""","Allgrove School","=""0400111""","PK",2,195,"20.5%","$14,075","$1,624","$292","$543","$0","$1,431","$1,134","$0","$155","N/A","$19,255"
"East Granby School District","=""0400011""","East Granby High School","=""0406111""",9,12,239,"27.6%","$13,104","$986","$240","$558","$0","$2,270","$1,099","$0","$855","N/A","$19,112"
"East Granby School District","=""0400011""","East Granby Middle School","=""0405111""",6,8,204,"29.9%","$12,440","$741","$235","$317","$0","$1,381","$871","$0","$58","N/A","$16,044"
"East Granby School District","=""0400011""","R. Dudley Seymour School","=""0400211""",3,5,179,"24.0%","$14,744","$1,982","$242","$431","$6","$1,427","$1,656","$0","$0","N/A","$20,487"
"East Haddam School District","=""0410011""","East Haddam Elementary School","=""0410111""","PK",3,354,"35.3%","$10,768","$1,616","$51","$455","$66","$858","$2,524","$22","$0","N/A","$16,360"
"East Haddam School District","=""0410011""","Nathan Hale-Ray High School","=""0416111""",9,12,264,"36.7%","$15,742","$2,103","$51","$707","$401","$1,930","$3,867","$224","$0","N/A","$25,025"
"East Haddam School District","=""0410011""","Nathan Hale-Ray Middle School","=""0415111""",4,8,371,"32.9%","$13,546","$1,949","$51","$353","$254","$1,269","$2,556","$56","$0","N/A","$20,033"
"East Hampton School District","=""0420011""","Center School","=""0420311""",4,5,250,"35.2%","$13,719","$1,729","$0","$208","$1","$1,195","$1,442","$0","$0","N/A","$18,293"
"East Hampton School District","=""0420011""","East Hampton High School","=""0426111""",9,12,507,"25.4%","$13,711","$1,606","$0","$290","$6","$1,095","$1,603","$1","$0","N/A","$18,313"
"East Hampton School District","=""0420011""","East Hampton Middle School","=""0425111""",6,8,427,"35.1%","$13,477","$1,468","$0","$73","$1","$1,231","$1,564","$0","$0","N/A","$17,814"
"East Hampton School District","=""0420011""","Memorial School","=""0420111""","PK",3,542,"32.3%","$14,132","$1,508","$0","$329","$0","$928","$1,144","$0","$0","N/A","$18,041"
"East Hartford School District","=""0430011""","Anna E. Norris School","=""0430911""","K",5,255,"83.9%","$14,274","$507","$0","$17","$133","$1,835","$1,311","$2","$0","N/A","$18,079"
"East Hartford School District","=""0430011""","Connecticut IB Academy","=""0436311""",9,12,188,"44.7%","$12,871","$1,768","$128","$0","$1","$1,957","$972","$164","$0","N/A","$17,861"
"East Hartford School District","=""0430011""","Dr. Franklin H. Mayberry School","=""0430611""","K",5,322,"89.1%","$11,664","$508","$0","$12","$226","$1,915","$826","$2","$0","N/A","$15,151"
"East Hartford School District","=""0430011""","Dr. John A. Langford School","=""0432211""","K",5,313,"83.1%","$11,911","$373","$0","$19","$312","$1,536","$1,316","$2","$0","N/A","$15,468"
"East Hartford School District","=""0430011""","Dr. Thomas S. O'Connell School","=""0431011""","K",5,523,"65.4%","$10,259","$314","$0","$0","$261","$1,757","$831","$2","$0","N/A","$13,424"
"East Hartford School District","=""0430011""","East Hartford High School","=""0436211""",9,12,1723,"71.0%","$9,696","$1,717","$22","$30","$101","$1,396","$1,953","$82","$0","N/A","$14,998"
"East Hartford School District","=""0430011""","East Hartford Middle School","=""0435111""",6,8,918,"80.3%","$11,259","$1,875","$0","$0","$139","$1,539","$1,620","$18","$0","N/A","$16,450"
"East Hartford School District","=""0430011""","Governor William Pitkin School","=""0432011""","K",5,332,"63.9%","$11,843","$183","$0","$201","$78","$1,416","$935","$2","$0","N/A","$14,658"
"East Hartford School District","=""0430011""","Joseph O. Goodwin School","=""0430411""","K",5,337,"75.1%","$12,331","$668","$0","$14","$106","$1,079","$897","$2","$0","N/A","$15,097"
"East Hartford School District","=""0430011""","Robert J. O'Brien School","=""0431811""","K",5,339,"81.4%","$10,528","$192","$0","$201","$288","$1,549","$1,112","$2","$0","N/A","$13,873"
"East Hartford School District","=""0430011""","Silver Lane School","=""0431211""","PK",5,220,"87.3%","$11,845","$788","$0","$18","$328","$2,393","$1,274","$2","$0","N/A","$16,647"
"East Hartford School District","=""0430011""","Sunset Ridge Middle School","=""0432411""",6,8,322,"53.1%","$10,762","$583","$0","$10","$366","$1,690","$1,258","$2","$0","N/A","$14,670"
"East Haven School District","=""0440011""","Carbone School/East Haven Academy","=""0441711""",1,8,357,"53.2%","$7,461","$1,072","$350","$37","$0","$688","$726","$0","$0","N/A","$10,334"
"East Haven School District","=""0440011""","Deer Run School","=""0440111""","PK",2,221,"62.9%","$16,115","$1,915","$822","$53","$0","$1,002","$1,044","$8","$0","N/A","$20,960"
"East Haven School District","=""0440011""","Dominick H. Ferrara School","=""0441311""",3,5,178,"70.8%","$8,665","$1,383","$480","$57","$0","$1,309","$1,031","$0","$0","N/A","$12,924"
"East Haven School District","=""0440011""","East Haven High School","=""0446111""",9,12,878,"61.7%","$8,190","$928","$637","$142","$0","$870","$1,404","$0","$0","N/A","$12,172"
"East Haven School District","=""0440011""","Grove J. Tuttle School","=""0441011""","K",5,279,"71.7%","$7,138","$1,373","$530","$43","$0","$888","$803","$0","$0","N/A","$10,775"
"East Haven School District","=""0440011""","Joseph Melillo Middle School","=""0445111""",6,8,475,"71.4%","$9,744","$1,490","$1,057","$215","$0","$907","$1,384","$12","$0","N/A","$14,810"
"East Haven School District","=""0440011""","Momauguin School","=""0440711""","K",5,308,"75.3%","$7,448","$1,354","$550","$0","$0","$747","$957","$16","$0","N/A","$11,073"
"East Haven School District","=""0440011""","Overbrook Early Learning Center","=""0441811""","PK","PK",171,"35.7%","$11,393","$5,754","$204","$0","$0","$152","$383","$4","$0","N/A","$17,889"
"East Lyme School District","=""0450011""","East Lyme High School","=""0456111""",9,12,927,"33.7%","$12,098","$1,938","$357","$241","$328","$1,424","$2,955","$132","$1,370","N/A","$20,842"
"East Lyme School District","=""0450011""","East Lyme Middle School","=""0455111""",5,8,693,"41.0%","$10,844","$2,027","$493","$277","$1","$1,373","$2,252","$0","$128","N/A","$17,393"
"East Lyme School District","=""0450011""","Flanders School","=""0450111""","K",4,266,"36.8%","$12,214","$1,733","$575","$459","$1","$1,490","$2,441","$0","$0","N/A","$18,914"
"East Lyme School District","=""0450011""","Lillie B. Haynes School","=""0450411""","K",4,349,"43.8%","$12,185","$2,091","$520","$432","$6","$1,131","$2,302","$0","$5","N/A","$18,672"
"East Lyme School District","=""0450011""","Niantic Center School","=""0450211""","K",4,190,"34.7%","$13,832","$1,667","$782","$622","$0","$2,085","$2,618","$0","$10","N/A","$21,616"
"East Windsor School District","=""0470011""","Broad Brook Elementary School","=""0470111""","PK",4,480,"61.5%","$14,362","$2,320","$112","$32","$297","$2,338","$1,703","$0","$0","N/A","$21,165"
"East Windsor School District","=""0470011""","East Windsor High School","=""0476111""",9,12,257,"69.6%","$19,745","$2,475","$112","$31","$297","$3,561","$1,723","$9","$694","N/A","$28,647"
"East Windsor School District","=""0470011""","East Windsor Middle School","=""0475411""",5,8,300,"67.7%","$18,826","$2,266","$112","$4","$297","$2,819","$1,858","$5","$49","N/A","$26,237"
"Eastern Connecticut Regional Educational Service Center (EASTCONN)","=""2530014""","Arts at the Capitol Theater Magnet School (ACT)","=""2536014""",9,12,115,"53.9%","$18,942","$0","$0","$0","$0","$0","$950","$0","$0","N/A","$19,892"
"Eastern Connecticut Regional Educational Service Center (EASTCONN)","=""2530014""","Quinebaug Middle College","=""2536114""",9,12,152,"53.3%","$11,776","$0","$0","$0","$0","$0","$0","$0","$0","N/A","$11,776"
"Eastford School District","=""0390011""","Eastford Elementary School","=""0390111""","PK",8,173,"36.4%","$13,740","$1,651","$52","$318","$271","$1,214","$1,490","$28","$0","N/A","$18,764"
"Easton School District","=""0460011""","Helen Keller Middle School","=""0465111""",6,8,285,"19.6%","$14,966","$1,503","$0","$850","$0","$2,210","$2,636","$0","$0","N/A","$22,166"
"Easton School District","=""0460011""","Samuel Staples Elementary School","=""0460111""","PK",5,618,"25.9%","$14,543","$650","$0","$316","$0","$1,783","$1,472","$0","$0","N/A","$18,765"
"Ellington School District","=""0480011""","Center School","=""0480111""","K",6,456,"28.5%","$9,121","$1,438","$92","$61","$173","$685","$1,037","$0","$0","N/A","$12,606"
"Ellington School District","=""0480011""","Crystal Lake School","=""0480211""","PK",6,309,"31.7%","$8,706","$1,518","$94","$125","$173","$994","$1,336","$0","$0","N/A","$12,947"
"Ellington School District","=""0480011""","Ellington High School","=""0486111""",9,12,716,"31.0%","$12,477","$2,162","$69","$48","$129","$1,236","$1,353","$143","$592","N/A","$18,210"
"Ellington School District","=""0480011""","Ellington Middle School","=""0485111""",7,8,371,"32.3%","$12,906","$1,548","$76","$83","$157","$1,436","$1,293","$0","$249","N/A","$17,747"
"Ellington School District","=""0480011""","Windermere School","=""0480611""","PK",6,651,"33.9%","$11,162","$1,545","$92","$66","$173","$831","$888","$0","$0","N/A","$14,757"
"Elm City College Preparatory School District","=""2890013""","Elm City College Preparatory School","=""2890113""","K",12,775,"81.8%","$9,552","$1,179","$0","$0","$243","$2,536","$523","$7","$0","N/A","$14,040"
"Elm City Montessori School District","=""2910013""","Elm City Montessori School","=""2910113""","PK",8,305,"44.6%","$10,368","$1,434","$392","$0","$48","$2,264","$2,200","$0","$0","N/A","$16,706"
"Enfield School District","=""0490011""","Edgar H. Parkman School","=""0491311""",3,5,253,"56.5%","$11,643","$279","$0","$144","$141","$1,369","$74","$0","$0","N/A","$13,650"
"Enfield School District","=""0490011""","Eli Whitney School","=""0491611""",3,5,329,"56.2%","$12,085","$179","$0","$144","$141","$1,047","$74","$0","$0","N/A","$13,671"
"Enfield School District","=""0490011""","Enfield High School","=""0496111""",9,12,1481,"50.5%","$10,522","$150","$0","$83","$196","$998","$21","$7","$406","N/A","$12,383"
"Enfield School District","=""0490011""","Enfield Street School","=""0490211""","K",2,270,"62.2%","$11,158","$256","$0","$144","$141","$1,361","$74","$0","$0","N/A","$13,135"
"Enfield School District","=""0490011""","Hazardville Memorial School","=""0490411""","K",2,325,"52.6%","$9,903","$177","$0","$144","$141","$975","$74","$0","$0","N/A","$11,415"
"Enfield School District","=""0490011""","Henry Barnard School","=""0491811""","K",2,369,"58.5%","$12,976","$307","$0","$144","$141","$969","$74","$0","$0","N/A","$14,612"
"Enfield School District","=""0490011""","John F. Kennedy Middle School","=""0495211""",6,8,1068,"57.8%","$11,110","$125","$0","$116","$141","$844","$19","$4","$78","N/A","$12,437"
"Enfield School District","=""0490011""","Prudence Crandall School","=""0491511""",3,5,325,"59.4%","$12,575","$149","$0","$144","$141","$1,145","$74","$0","$0","N/A","$14,228"
"Essex School District","=""0500011""","Essex Elementary School","=""0500111""","PK",6,299,"39.1%","$17,550","$1,271","$7","$429","$24","$1,983","$2,627","$0","$0","N/A","$23,891"
"Explorations District","=""2720013""","Explorations","=""2726113""",9,12,88,"75.0%","$8,983","$1,936","$154","$0","$0","$4,669","$2,328","$0","$0","N/A","$18,070"
"Fairfield School District","=""0510011""","Burr Elementary School","=""0510211""","K",5,357,"24.9%","$12,981","$1,688","$335","$544","$340","$1,440","$2,007","$7","$2","N/A","$19,344"
"Fairfield School District","=""0510011""","Dwight Elementary School","=""0510111""","K",5,231,"23.8%","$13,811","$1,905","$461","$810","$279","$2,062","$1,182","$5","$2","N/A","$20,517"
"Fairfield School District","=""0510011""","Fairfield Ludlowe High School","=""0516011""",9,12,1489,"26.9%","$11,835","$1,784","$384","$299","$282","$1,910","$1,464","$61","$950","N/A","$18,967"
"Fairfield School District","=""0510011""","Fairfield Warde High School","=""0516211""",9,12,1370,"36.1%","$13,604","$2,035","$410","$331","$284","$1,999","$1,508","$55","$954","N/A","$21,182"
"Fairfield School District","=""0510011""","Fairfield Woods Middle School","=""0515211""",6,8,742,"28.3%","$14,475","$1,946","$524","$220","$285","$1,623","$1,419","$9","$100","N/A","$20,601"
"Fairfield School District","=""0510011""","Holland Hill School","=""0510411""","K",5,379,"38.3%","$10,807","$2,078","$348","$486","$283","$1,466","$1,149","$6","$2","N/A","$16,623"
"Fairfield School District","=""0510011""","Jennings School","=""0511711""","K",5,280,"35.4%","$16,046","$1,995","$424","$581","$286","$1,872","$1,097","$2","$2","N/A","$22,305"
"Fairfield School District","=""0510011""","McKinley School","=""0510611""","K",5,470,"62.6%","$11,768","$2,256","$323","$331","$283","$1,266","$1,518","$4","$2","N/A","$17,750"
"Fairfield School District","=""0510011""","Mill Hill School","=""0510711""","K",5,402,"26.1%","$12,373","$1,580","$486","$619","$279","$1,307","$1,093","$5","$2","N/A","$17,743"
"Fairfield School District","=""0510011""","North Stratfield School","=""0511611""","K",5,414,"24.4%","$10,341","$1,447","$341","$381","$279","$1,392","$1,106","$4","$2","N/A","$15,292"
"Fairfield School District","=""0510011""","Osborn Hill School","=""0511811""","K",5,444,"21.6%","$12,787","$1,620","$367","$435","$279","$1,263","$1,317","$2","$2","N/A","$18,072"
"Fairfield School District","=""0510011""","Riverfield School","=""0511211""","K",5,398,"20.4%","$10,631","$2,021","$359","$511","$281","$1,298","$1,159","$3","$2","N/A","$16,265"
"Fairfield School District","=""0510011""","Roger Ludlowe Middle School","=""0515311""",6,8,760,"21.1%","$13,974","$2,087","$528","$158","$340","$1,547","$2,195","$4","$90","N/A","$20,923"
"Fairfield School District","=""0510011""","Sherman School","=""0511311""","K",5,373,"23.3%","$11,766","$1,376","$389","$503","$280","$1,360","$1,065","$4","$2","N/A","$16,745"
"Fairfield School District","=""0510011""","Stratfield School","=""0511411""","PK",5,339,"27.4%","$13,177","$1,197","$386","$578","$288","$1,020","$1,558","$5","$2","N/A","$18,211"
"Fairfield School District","=""0510011""","Tomlinson Middle School","=""0515111""",6,8,590,"39.8%","$15,451","$2,180","$579","$288","$283","$1,756","$1,772","$13","$106","N/A","$22,427"
"Farmington School District","=""0520011""","East Farms School","=""0520411""","K",4,502,"30.5%","$8,413","$1,142","$255","$341","$89","$1,051","$1,102","$0","$0","N/A","$12,393"
"Farmington School District","=""0520011""","Farmington High School","=""0526111""",9,12,1287,"28.0%","$11,682","$2,679","$257","$374","$161","$1,190","$1,668","$126","$0","N/A","$18,137"
"Farmington School District","=""0520011""","Irving A. Robbins Middle School","=""0525111""",7,8,625,"31.4%","$11,293","$2,031","$257","$269","$89","$1,208","$1,669","$17","$0","N/A","$16,832"
"Farmington School District","=""0520011""","Noah Wallace School","=""0520211""","K",4,337,"38.6%","$10,053","$1,244","$258","$455","$89","$1,405","$1,439","$0","$0","N/A","$14,943"
"Farmington School District","=""0520011""","Union School","=""0520111""","K",4,314,"36.9%","$11,508","$1,235","$259","$367","$89","$1,428","$1,420","$0","$0","N/A","$16,306"
"Farmington School District","=""0520011""","West District School","=""0520311""","K",4,375,"29.1%","$9,260","$1,206","$256","$276","$89","$1,275","$1,157","$0","$0","N/A","$13,518"
"Farmington School District","=""0520011""","West Woods Upper Elementary School","=""0520511""",5,6,630,"30.3%","$11,610","$1,527","$256","$306","$89","$1,400","$1,680","$1","$0","N/A","$16,869"
"Franklin School District","=""0530011""","Franklin Elementary School","=""0530111""","PK",8,191,"31.9%","$10,548","$1,073","$138","$0","$31","$242","$1,835","$0","$4","N/A","$13,872"
"Glastonbury School District","=""0540011""","Buttonball Lane School","=""0540211""","K",5,452,"26.1%","$13,078","$1,095","$431","$393","$0","$787","$1,764","$6","$28","N/A","$17,581"
"Glastonbury School District","=""0540011""","Gideon Welles School","=""0540811""",5,6,605,"24.1%","$10,930","$1,142","$431","$393","$0","$787","$1,764","$8","$77","N/A","$15,532"
"Glastonbury School District","=""0540011""","Glastonbury High School","=""0546111""",9,12,1780,"22.0%","$13,538","$1,974","$469","$238","$0","$1,034","$2,437","$50","$1,065","N/A","$20,804"
"Glastonbury School District","=""0540011""","Hebron Avenue School","=""0540411""","K",5,463,"15.6%","$12,446","$1,131","$431","$387","$0","$787","$1,764","$3","$14","N/A","$16,963"
"Glastonbury School District","=""0540011""","Hopewell School","=""0540611""","K",4,471,"16.8%","$11,495","$1,171","$431","$389","$0","$787","$1,764","$5","$8","N/A","$16,049"
"Glastonbury School District","=""0540011""","Naubuc School","=""0540711""","K",5,349,"40.1%","$14,231","$1,364","$431","$392","$0","$789","$1,764","$7","$17","N/A","$18,994"
"Glastonbury School District","=""0540011""","Nayaug Elementary School","=""0540911""","K",5,539,"21.7%","$12,169","$1,009","$431","$387","$0","$787","$1,764","$9","$11","N/A","$16,568"
"Glastonbury School District","=""0540011""","Smith Middle School","=""0545211""",7,8,841,"21.8%","$12,236","$1,604","$335","$267","$0","$1,196","$2,271","$0","$76","N/A","$17,984"
"Goodwin University Educational Services (GUES)","=""2310018""","Connecticut River Academy at Goodwin University","=""2310118""",6,12,730,"72.1%","$12,812","$74","$0","$0","$380","$4,491","$2,575","$0","$0","N/A","$20,331"
"Goodwin University Educational Services (GUES)","=""2310018""","Riverside Magnet School at Goodwin University","=""2310218""","PK",5,483,"74.1%","$10,411","$0","$0","$0","$259","$2,041","$1,640","$0","$0","N/A","$14,351"
"Granby School District","=""0560011""","Granby Memorial High School","=""0566111""",9,12,563,"27.4%","$11,825","$2,239","$484","$306","$61","$1,796","$2,326","$218","$1,207","N/A","$20,463"
"Granby School District","=""0560011""","Granby Memorial Middle School","=""0565111""",6,8,393,"29.8%","$10,741","$1,869","$480","$351","$61","$1,592","$2,091","$15","$242","N/A","$17,441"
"Granby School District","=""0560011""","Kelly Lane Primary School","=""0560411""","PK",2,391,"26.1%","$11,583","$1,630","$476","$82","$71","$990","$1,870","$1","$0","N/A","$16,703"
"Granby School District","=""0560011""","Wells Road Intermediate School","=""0560311""",3,5,379,"31.1%","$11,790","$1,523","$475","$67","$68","$1,121","$1,949","$0","$51","N/A","$17,044"
"Great Oaks Charter School District","=""2940013""","Great Oaks Charter School","=""2940113""",6,12,659,"67.2%","$5,474","$235","$436","$141","$0","$5,275","$3,632","$0","$0","N/A","$15,193"
"Greenwich School District","=""0570011""","Central Middle School","=""0575111""",6,8,503,"33.4%","$15,952","$2,208","$23","$654","$0","$1,459","$1,129","$0","$0","N/A","$21,424"
"Greenwich School District","=""0570011""","Cos Cob School","=""0570211""","K",5,340,"31.2%","$16,859","$1,342","$2","$942","$0","$1,534","$1,123","$0","$0","N/A","$21,802"
"Greenwich School District","=""0570011""","Eastern Middle School","=""0575211""",6,8,793,"18.0%","$13,482","$1,610","$0","$593","$0","$1,071","$803","$0","$0","N/A","$17,560"
"Greenwich School District","=""0570011""","Glenville School","=""0570411""","K",5,415,"27.5%","$13,175","$998","$29","$805","$0","$1,102","$932","$0","$0","N/A","$17,042"
"Greenwich School District","=""0570011""","Greenwich High School","=""0576111""",9,12,2633,"33.0%","$14,001","$1,979","$85","$448","$2","$1,378","$973","$0","$0","N/A","$18,866"
"Greenwich School District","=""0570011""","Hamilton Avenue School","=""0570511""","PK",5,298,"71.8%","$18,290","$1,469","$1","$832","$0","$1,598","$1,288","$0","$0","N/A","$23,479"
"Greenwich School District","=""0570011""","International School At Dundee","=""0571311""","K",5,325,"25.2%","$14,384","$701","$74","$1,025","$0","$1,232","$625","$0","$0","N/A","$18,040"
"Greenwich School District","=""0570011""","Julian Curtiss School","=""0570311""","PK",5,246,"52.0%","$16,740","$1,299","$0","$1,388","$0","$1,992","$1,566","$0","$0","N/A","$22,985"
"Greenwich School District","=""0570011""","New Lebanon School","=""0570611""","PK",5,342,"64.9%","$15,828","$845","$469","$875","$0","$1,458","$1,182","$0","$0","N/A","$20,658"
"Greenwich School District","=""0570011""","North Mianus School","=""0570711""","K",5,475,"17.1%","$13,314","$490","$15","$704","$0","$965","$823","$0","$0","N/A","$16,310"
"Greenwich School District","=""0570011""","North Street School","=""0570811""","PK",5,396,"15.7%","$12,150","$1,137","$6","$869","$0","$1,167","$772","$0","$0","N/A","$16,101"
"Greenwich School District","=""0570011""","Old Greenwich School","=""0570911""","PK",5,406,"18.7%","$13,023","$0","$80","$798","$0","$1,157","$929","$0","$0","N/A","$15,988"
"Greenwich School District","=""0570011""","Parkway School","=""0571111""","K",5,244,"19.7%","$14,946","$470","$6","$1,289","$0","$1,929","$1,190","$0","$0","N/A","$19,830"
"Greenwich School District","=""0570011""","Riverside School","=""0571011""","K",5,473,"11.6%","$11,824","$446","$3","$730","$0","$880","$990","$0","$0","N/A","$14,874"
"Greenwich School District","=""0570011""","Western Middle School","=""0575311""",6,8,611,"54.7%","$14,801","$1,824","$0","$496","$0","$1,343","$859","$0","$0","N/A","$19,322"
"Griswold School District","=""0580011""","Griswold Elementary School","=""0580311""","PK",4,665,"62.7%","$10,194","$623","$0","$140","$13","$797","$2,166","$0","$0","N/A","$13,933"
"Griswold School District","=""0580011""","Griswold High School","=""0586211""",9,12,578,"58.1%","$10,286","$1,792","$0","$178","$6","$1,056","$458","$0","$0","N/A","$13,776"
"Griswold School District","=""0580011""","Griswold Middle School","=""0585111""",5,8,506,"59.1%","$9,015","$683","$0","$200","$37","$979","$765","$0","$0","N/A","$11,680"
"Griswold School District","=""0580011""","Griswold Soule Street Academy","=""0580111""",7,12,11,"100.0%","$28,029","$8,086","$0","$0","$36","$23","$741","$0","$0","N/A","$36,915"
"Groton School District","=""0590011""","Catherine Kolnaski Magnet School","=""0592011""","K",5,369,"60.7%","$10,255","$2,162","$117","$321","$0","$1,068","$1,421","$2","$0","N/A","$15,346"
"Groton School District","=""0590011""","Charles Barnum Magnet School","=""0591811""","K",5,332,"56.9%","$10,580","$2,291","$38","$328","$0","$1,222","$1,324","$16","$0","N/A","$15,798"
"Groton School District","=""0590011""","Groton Middle School","=""0591111""",6,8,898,"64.4%","$9,654","$6,069","$246","$362","$7","$1,192","$1,138","$9","$0","N/A","$18,677"
"Groton School District","=""0590011""","Mystic River Magnet School","=""0591311""","PK",5,511,"64.6%","$12,344","$2,142","$112","$212","$0","$931","$1,021","$4","$0","N/A","$16,765"
"Groton School District","=""0590011""","Northeast Academy Magnet School","=""0591911""","K",5,392,"47.2%","$9,467","$3,290","$49","$212","$0","$1,021","$1,162","$5","$0","N/A","$15,208"
"Groton School District","=""0590011""","Robert E. Fitch High School","=""0596111""",9,12,1019,"64.4%","$11,259","$2,159","$28","$240","$8","$1,223","$1,582","$138","$0","N/A","$16,637"
"Groton School District","=""0590011""","Thames River Magnet School","=""0591711""","PK",5,531,"61.8%","$9,039","$2,684","$55","$178","$0","$1,251","$911","$15","$0","N/A","$14,134"
"Guilford School District","=""0600011""","A. Baldwin Middle School","=""0600711""",5,6,483,"25.7%","$12,795","$1,504","$0","$355","$158","$1,596","$1,853","$0","$0","N/A","$18,261"
"Guilford School District","=""0600011""","A. W. Cox School","=""0600611""","K",4,260,"24.6%","$12,255","$1,483","$0","$471","$157","$1,595","$2,118","$0","$0","N/A","$18,079"
"Guilford School District","=""0600011""","Calvin Leete School","=""0600411""","K",4,218,"19.3%","$13,558","$1,364","$0","$114","$158","$1,631","$2,775","$0","$0","N/A","$19,600"
"Guilford School District","=""0600011""","E. C. Adams Middle School","=""0605111""",7,8,482,"22.2%","$12,180","$1,661","$0","$390","$166","$1,493","$2,281","$1","$0","N/A","$18,171"
"Guilford School District","=""0600011""","Guilford High School","=""0606111""",9,12,1026,"24.0%","$11,566","$1,671","$0","$272","$166","$1,561","$2,040","$0","$431","N/A","$17,706"
"Guilford School District","=""0600011""","Guilford Lakes School","=""0600211""","PK",4,348,"32.2%","$13,009","$1,413","$0","$378","$157","$1,601","$2,294","$0","$0","N/A","$18,852"
"Guilford School District","=""0600011""","Melissa Jones School","=""0600311""","K",4,278,"27.7%","$12,263","$1,358","$0","$374","$157","$1,595","$3,434","$0","$0","N/A","$19,182"
"Hamden School District","=""0620011""","Bear Path School","=""0621211""","K",6,385,"40.5%","$10,883","$1,803","$360","$0","$0","$993","$474","$0","$998","N/A","$15,512"
"Hamden School District","=""0620011""","Church Street School","=""0620211""","PK",6,290,"80.3%","$10,126","$1,857","$405","$0","$0","$1,113","$548","$0","$971","N/A","$15,021"
"Hamden School District","=""0620011""","Dunbar Hill School","=""0620311""","PK",6,271,"67.2%","$10,421","$1,830","$380","$0","$0","$1,222","$653","$0","$844","N/A","$15,350"
"Hamden School District","=""0620011""","Hamden High School","=""0626111""",9,12,1661,"53.9%","$9,907","$1,906","$247","$0","$0","$1,113","$841","$0","$1,334","N/A","$15,348"
"Hamden School District","=""0620011""","Hamden Middle School","=""0625211""",7,8,814,"58.0%","$11,408","$1,911","$382","$0","$0","$1,449","$889","$0","$1,105","N/A","$17,144"
"Hamden School District","=""0620011""","Helen Street School","=""0620411""","PK",6,300,"73.0%","$10,676","$2,528","$459","$0","$0","$1,155","$502","$0","$871","N/A","$16,191"
"Hamden School District","=""0620011""","Ridge Hill School","=""0621111""","PK",6,307,"64.5%","$10,391","$1,759","$295","$0","$0","$1,127","$718","$0","$909","N/A","$15,199"
"Hamden School District","=""0620011""","Shepherd Glen School","=""0620111""","K",6,302,"72.8%","$10,374","$2,075","$411","$0","$0","$1,140","$705","$0","$963","N/A","$15,667"
"Hamden School District","=""0620011""","Spring Glen School","=""0621011""","K",6,367,"30.5%","$10,876","$1,915","$375","$0","$0","$1,045","$480","$0","$946","N/A","$15,637"
"Hamden School District","=""0620011""","West Woods School","=""0621411""","K",6,305,"40.3%","$12,240","$1,561","$377","$0","$0","$1,215","$695","$0","$1,080","N/A","$17,168"
"Hampton School District","=""0630011""","Hampton Elementary School","=""0630111""","PK",6,73,"56.2%","$15,657","$2,929","$0","$7","$0","$3,190","$3,790","$6","$0","N/A","$25,579"
"Hartford School District","=""0640011""","Betances Learning Lab Magnet School","=""0642811""","PK",4,411,"61.6%","$9,291","$967","$40","$270","$63","$1,302","$1,008","$7","$0","N/A","$12,948"
"Hartford School District","=""0640011""","Betances STEM Magnet School","=""0643811""",5,8,212,"82.1%","$9,643","$2,048","$0","$0","$29","$2,372","$1,112","$37","$0","N/A","$15,240"
"Hartford School District","=""0640011""","Breakthrough Magnet School, North","=""0643511""","PK",5,318,"69.2%","$9,990","$1,421","$27","$0","$30","$1,569","$1,135","$9","$0","N/A","$14,181"
"Hartford School District","=""0640011""","Breakthrough Magnet School, South","=""0643311""","PK",8,322,"73.3%","$9,131","$1,606","$3","$20","$16","$1,625","$1,618","$15","$0","N/A","$14,035"
"Hartford School District","=""0640011""","Bulkeley High School","=""0647111""",9,12,592,"95.6%","$10,225","$3,072","$57","$202","$59","$1,940","$1,811","$149","$0","N/A","$17,516"
"Hartford School District","=""0640011""","Burns Latino Studies Academy","=""0640611""","PK",5,228,"98.2%","$14,370","$2,807","$222","$3","$40","$2,296","$2,597","$70","$0","N/A","$22,405"
"Hartford School District","=""0640011""","Burr Middle School","=""0642311""",6,8,307,"97.7%","$9,175","$2,547","$126","$0","$53","$2,101","$2,448","$32","$0","N/A","$16,481"
"Hartford School District","=""0640011""","Capital Preparatory Magnet School","=""0646911""","PK",12,533,"80.7%","$9,412","$1,590","$4","$0","$16","$1,402","$1,932","$117","$0","N/A","$14,473"
"Hartford School District","=""0640011""","Classical Magnet School","=""0646411""",6,12,472,"83.3%","$10,217","$1,886","$95","$0","$12","$1,177","$1,790","$153","$0","N/A","$15,332"
"Hartford School District","=""0640011""","Dwight-Bellizzi Dual Language Academy","=""0640711""","PK",8,643,"93.9%","$8,182","$1,105","$85","$0","$1","$1,048","$2,568","$1","$0","N/A","$12,990"
"Hartford School District","=""0640011""","Environmental Sciences Magnet at Hooker School","=""0640911""","PK",8,567,"78.1%","$7,790","$905","$25","$196","$146","$1,001","$1,352","$7","$0","N/A","$11,421"
"Hartford School District","=""0640011""","Expeditionary Learning Academy at Moylan School","=""0643211""","PK",5,379,"95.0%","$11,738","$1,690","$80","$0","$34","$1,177","$1,772","$7","$0","N/A","$16,498"
"Hartford School District","=""0640011""","Global Communications Academy","=""0643611""","K",8,437,"94.5%","$9,056","$1,877","$4","$291","$36","$1,220","$1,848","$0","$0","N/A","$14,332"
"Hartford School District","=""0640011""","Great Path Academy at CT State Manchester","=""0647911""",9,12,303,"80.2%","$9,167","$2,272","$38","$0","$9","$3,417","$333","$89","$0","N/A","$15,325"
"Hartford School District","=""0640011""","Hartford Magnet Trinity College Academy","=""0645411""",6,12,934,"80.7%","$9,195","$1,695","$7","$3","$13","$1,082","$2,162","$42","$0","N/A","$14,199"
"Hartford School District","=""0640011""","Hartford PreKindergarten Magnet School: North Campus","=""0641311""","PK","PK",119,"42.0%","$7,168","$828","$0","$0","$50","$1,418","$526","$0","$0","N/A","$9,990"
"Hartford School District","=""0640011""","Hartford PreKindergarten Magnet School: South Campus","=""0641610""","PK","PK",117,"38.5%","$7,214","$623","$0","$0","$0","$1,262","$723","$0","$0","N/A","$9,822"
"Hartford School District","=""0640011""","Hartford Public High School","=""0646211""",9,12,721,"95.0%","$14,356","$3,918","$33","$153","$7","$1,932","$3,093","$62","$0","N/A","$23,554"
"Hartford School District","=""0640011""","Kennelly School","=""0641011""","PK",8,650,"93.8%","$9,436","$1,259","$21","$0","$14","$1,122","$905","$25","$0","N/A","$12,782"
"Hartford School District","=""0640011""","Kinsella Magnet School of Performing Arts: High School Campus","=""0641710""",9,12,118,"89.8%","$10,557","$3,044","$2","$0","$0","$4,718","$82","$24","$0","N/A","$18,427"
"Hartford School District","=""0640011""","Kinsella Magnet School of Performing Arts: PK-8 Campus","=""0641111""","PK",8,436,"80.7%","$11,552","$1,510","$41","$0","$14","$883","$1,933","$6","$0","N/A","$15,939"
"Hartford School District","=""0640011""","M. D. Fox School","=""0640811""","PK",5,531,"95.9%","$9,839","$1,681","$34","$0","$4","$1,407","$1,351","$11","$0","N/A","$14,325"
"Hartford School District","=""0640011""","M. L. King, Jr. Middle School","=""0641611""",6,8,187,"93.0%","$15,420","$6,069","$84","$0","$0","$3,439","$3,018","$37","$0","N/A","$28,069"
"Hartford School District","=""0640011""","McDonough Middle School","=""0641211""",6,8,346,"97.7%","$8,304","$2,539","$582","$50","$44","$1,883","$1,637","$15","$0","N/A","$15,053"
"Hartford School District","=""0640011""","Milner Middle School","=""0641911""",6,8,278,"96.8%","$13,108","$3,702","$287","$0","$8","$2,267","$2,009","$28","$0","N/A","$21,409"
"Hartford School District","=""0640011""","Montessori Magnet at Batchelder School","=""0640511""","PK",6,366,"70.5%","$8,529","$752","$91","$0","$0","$1,231","$1,495","$21","$0","N/A","$12,120"
"Hartford School District","=""0640011""","Montessori Magnet at Fisher School","=""0643711""","PK",8,353,"67.1%","$8,333","$701","$26","$0","$18","$1,643","$961","$44","$0","N/A","$11,726"
"Hartford School District","=""0640011""","Naylor/CCSU Leadership Academy","=""0641411""","PK",5,370,"94.6%","$13,027","$1,668","$56","$0","$11","$1,327","$1,908","$32","$0","N/A","$18,029"
"Hartford School District","=""0640011""","Parkville Community School","=""0641511""","PK",5,375,"97.3%","$12,608","$1,747","$31","$0","$21","$1,287","$2,719","$21","$0","N/A","$18,434"
"Hartford School District","=""0640011""","Pathways Academy of Technology and Design","=""0646611""",9,12,390,"82.8%","$8,280","$2,001","$7","$0","$22","$1,369","$2,214","$30","$0","N/A","$13,924"
"Hartford School District","=""0640011""","Rawson School","=""0641711""","PK",5,209,"91.9%","$17,822","$2,433","$5","$0","$71","$2,439","$5,044","$10","$0","N/A","$27,823"
"Hartford School District","=""0640011""","Renzulli Gifted and Talented Academy","=""0644011""",4,8,116,"61.2%","$9,941","$1,570","$14","$77","$43","$2,384","$809","$70","$0","N/A","$14,908"
"Hartford School District","=""0640011""","SAND School","=""0640111""","PK",5,273,"95.6%","$12,030","$2,047","$71","$0","$45","$2,085","$2,022","$47","$0","N/A","$18,348"
"Hartford School District","=""0640011""","STEM Magnet at Annie Fisher School","=""0642511""","K",8,373,"67.8%","$8,664","$1,280","$38","$5","$20","$1,201","$985","$6","$0","N/A","$12,198"
"Hartford School District","=""0640011""","Sanchez School","=""0643011""","PK",5,332,"96.4%","$10,146","$1,739","$139","$0","$58","$1,559","$1,619","$4","$0","N/A","$15,264"
"Hartford School District","=""0640011""","Sport and Medical Sciences Academy","=""0646511""",6,12,450,"87.1%","$10,554","$2,206","$14","$0","$0","$1,587","$1,692","$73","$0","N/A","$16,127"
"Hartford School District","=""0640011""","University High School of Science and Engineering","=""0646711""",9,12,400,"70.0%","$9,256","$1,384","$23","$0","$11","$1,334","$2,108","$39","$0","N/A","$14,155"
"Hartford School District","=""0640011""","Weaver High School","=""0646311""",9,12,690,"91.9%","$8,289","$2,611","$149","$0","$8","$1,263","$2,339","$91","$0","N/A","$14,750"
"Hartford School District","=""0640011""","Webster Micro Society Magnet School","=""0642011""","PK",8,631,"70.7%","$8,379","$982","$2","$193","$6","$964","$1,462","$20","$0","N/A","$12,007"
"Hartford School District","=""0640011""","West Middle School","=""0642111""","PK",5,306,"95.1%","$11,868","$2,395","$14","$0","$15","$1,599","$2,196","$4","$0","N/A","$18,092"
"Hartford School District","=""0640011""","Wish Museum School","=""0642211""","PK",5,299,"93.6%","$14,909","$2,483","$59","$379","$76","$1,746","$1,829","$127","$0","N/A","$21,607"
"Hartland School District","=""0650011""","Hartland School","=""0650111""","PK",8,109,"29.4%","$17,744","$5,390","$999","$281","$0","$2,669","$2,916","$0","$1,369","N/A","$31,367"
"Hebron School District","=""0670011""","Gilead Hill School","=""0670211""","PK",2,338,"30.2%","$11,048","$1,488","$185","$590","$568","$932","$1,231","$2","$0","N/A","$16,046"
"Hebron School District","=""0670011""","Hebron Elementary School","=""0670111""",3,6,363,"27.5%","$10,117","$1,566","$352","$261","$375","$793","$1,144","$3","$0","N/A","$14,611"
"Highville Charter School District","=""2860013""","Highville Charter School","=""2860113""","PK",12,504,"74.6%","$7,251","$1,683","$812","$0","$0","$1,394","$2,050","$0","$-0","N/A","$13,189"
"Integrated Day Charter School District","=""2640013""","Integrated Day Charter School","=""2640113""","PK",8,362,"51.1%","$8,010","$1,889","$0","$49","$0","$1,484","$1,788","$62","$0","N/A","$13,283"
"Interdistrict School for Arts and Comm District","=""2650013""","Interdistrict School For Arts And Communication","=""2655113""",6,8,279,"75.6%","$8,944","$1,586","$27","$0","$1,200","$1,614","$1,499","$105","$0","N/A","$14,974"
"Jumoke Academy District","=""2610013""","Jumoke Academy","=""2610113""","PK",12,619,"97.1%","$7,429","$925","$0","$0","$1,832","$4,239","$2,649","$0","$0","N/A","$17,074"
"Kent School District","=""0680011""","Kent Center School","=""0680111""","PK",8,191,"38.2%","$21,227","$966","$190","$129","$74","$1,717","$2,894","$166","$236","N/A","$27,600"
"Killingly School District","=""0690011""","Killingly Central School","=""0690111""","PK",1,326,"63.5%","$11,389","$2,635","$236","$283","$56","$1,204","$1,775","$11","$0","N/A","$17,589"
"Killingly School District","=""0690011""","Killingly High School","=""0696111""",9,12,762,"48.6%","$10,681","$1,196","$179","$198","$104","$1,098","$2,656","$151","$0","N/A","$16,264"
"Killingly School District","=""0690011""","Killingly Intermediate School","=""0695211""",5,8,698,"59.3%","$8,910","$885","$169","$213","$82","$976","$1,637","$18","$0","N/A","$12,889"
"Killingly School District","=""0690011""","Killingly Memorial School","=""0690311""",2,4,485,"59.8%","$9,507","$1,784","$203","$123","$62","$1,070","$1,687","$2","$0","N/A","$14,438"
"Learn","=""2450014""","Marine Science Magnet High School","=""2456114""",9,12,271,"40.6%","$10,028","$1,022","$0","$0","$0","$405","$1,003","$0","$0","N/A","$12,458"
"Learn","=""2450014""","Regional Multicultural Magnet School","=""2450114""","K",5,495,"72.5%","$14,268","$2,234","$0","$0","$0","$197","$0","$0","$0","N/A","$16,699"
"Learn","=""2450014""","The Friendship School","=""2450214""","PK","PK",459,"63.8%","$11,534","$46","$0","$0","$0","$532","$135","$0","$0","N/A","$12,247"
"Learn","=""2450014""","Three Rivers Middle College Magnet School","=""2456214""",11,12,81,"61.7%","$15,358","$9,495","$0","$0","$0","$3,627","$11","$0","$0","N/A","$28,492"
"Lebanon School District","=""0710011""","Lebanon Elementary School","=""0710111""","PK",4,367,"37.6%","$12,450","$192","$68","$96","$0","$746","$1,526","$0","$0","N/A","$15,079"
"Lebanon School District","=""0710011""","Lebanon Middle School","=""0715111""",5,8,272,"41.5%","$13,043","$578","$184","$420","$0","$1,025","$1,634","$64","$1","N/A","$16,950"
"Lebanon School District","=""0710011""","Lyman Memorial High School","=""0716211""",9,12,340,"41.5%","$13,467","$1,176","$321","$323","$0","$1,578","$1,922","$235","$5","N/A","$19,027"
"Ledyard School District","=""0720011""","Gales Ferry School","=""0720211""","K",2,225,"39.1%","$10,433","$3,183","$390","$40","$245","$1,224","$0","$0","$0","N/A","$15,515"
"Ledyard School District","=""0720011""","Gallup Hill School","=""0720411""","PK",5,636,"48.3%","$9,004","$1,970","$41","$304","$202","$726","$0","$0","$0","N/A","$12,247"
"Ledyard School District","=""0720011""","Juliet W. Long School","=""0720311""",3,5,255,"38.8%","$9,565","$1,910","$79","$35","$200","$1,185","$0","$0","$0","N/A","$12,974"
"Ledyard School District","=""0720011""","Ledyard High School","=""0726111""",9,12,746,"43.3%","$10,869","$1,912","$40","$301","$260","$1,453","$0","$0","$498","N/A","$15,332"
"Ledyard School District","=""0720011""","Ledyard Middle School","=""0725111""",6,8,560,"44.3%","$8,525","$1,915","$40","$230","$200","$1,050","$0","$21","$90","N/A","$12,070"
"Lisbon School District","=""0730011""","Lisbon Central School","=""0730111""","PK",8,434,"49.5%","$10,748","$2,013","$102","$200","$0","$749","$1,512","$37","$194","N/A","$15,556"
"Litchfield School District","=""0740011""","Center School","=""0740211""","PK",3,263,"33.8%","$11,499","$3,031","$228","$507","$0","$1,285","$1,605","$0","$94","N/A","$18,248"
"Litchfield School District","=""0740011""","Litchfield High School","=""0746111""",9,12,230,"34.8%","$18,961","$4,060","$97","$1,293","$0","$2,788","$2,560","$296","$1,988","N/A","$32,042"
"Litchfield School District","=""0740011""","Litchfield Intermediate School","=""0740311""",4,6,175,"38.9%","$10,802","$3,434","$9","$1,687","$0","$1,840","$2,544","$0","$64","N/A","$20,380"
"Litchfield School District","=""0740011""","Litchfield Middle School","=""0746011""",7,8,147,"39.5%","$3,237","$2,247","$219","$144","$0","$32","$1,052","$0","$527","N/A","$7,457"
"Madison School District","=""0760011""","Daniel Hand High School","=""0766111""",9,12,776,"17.8%","$14,856","$2,619","$199","$78","$473","$1,469","$989","$67","$1,003","N/A","$21,753"
"Madison School District","=""0760011""","Dr. Robert H. Brown Elementary School","=""0760611""",4,5,345,"20.3%","$13,814","$1,288","$169","$88","$486","$1,114","$1,167","$1","$92","N/A","$18,220"
"Madison School District","=""0760011""","J. Milton Jeffrey Elementary School","=""0760111""","K",3,383,"14.6%","$13,053","$1,370","$180","$63","$229","$824","$327","$0","$41","N/A","$16,086"
"Madison School District","=""0760011""","Kathleen H. Ryerson Elementary School","=""0760311""","K",3,323,"17.6%","$12,866","$1,162","$180","$98","$257","$729","$282","$2","$210","N/A","$15,787"
"Madison School District","=""0760011""","Walter C. Polson Middle School","=""0765211""",6,8,537,"17.3%","$14,520","$1,999","$185","$48","$247","$1,160","$500","$1","$113","N/A","$18,773"
"Manchester School District","=""0770011""","Bowers School","=""0770111""","K",4,303,"68.0%","$13,502","$1,948","$3,681","$97","$0","$1,112","$1,253","$4","$0","N/A","$21,597"
"Manchester School District","=""0770011""","Buckley School","=""0770311""","K",4,284,"57.0%","$12,108","$2,711","$3,681","$64","$0","$1,249","$1,253","$4","$0","N/A","$21,071"
"Manchester School District","=""0770011""","Elisabeth M. Bennet Academy","=""0771711""",5,6,849,"67.7%","$11,146","$2,105","$3,566","$75","$0","$1,378","$1,588","$4","$57","N/A","$19,919"
"Manchester School District","=""0770011""","Highland Park School","=""0770411""","K",4,329,"60.8%","$9,897","$2,160","$3,681","$28","$0","$1,094","$1,063","$4","$0","N/A","$17,926"
"Manchester School District","=""0770011""","Illing Middle School","=""0775311""",7,8,790,"65.2%","$10,595","$2,553","$3,566","$76","$0","$1,247","$1,689","$21","$187","N/A","$19,934"
"Manchester School District","=""0770011""","Keeney School","=""0770611""","PK",4,310,"64.5%","$9,771","$1,766","$3,681","$66","$0","$1,089","$1,042","$4","$0","N/A","$17,418"
"Manchester School District","=""0770011""","Manchester High School","=""0776111""",9,12,1739,"63.6%","$10,191","$1,958","$3,889","$63","$0","$1,231","$1,663","$54","$661","N/A","$19,709"
"Manchester School District","=""0770011""","Martin School","=""0771611""","PK",4,217,"70.0%","$12,789","$3,867","$3,681","$130","$0","$1,738","$1,154","$4","$0","N/A","$23,363"
"Manchester School District","=""0770011""","Verplanck School","=""0771211""","K",4,453,"81.9%","$10,961","$1,988","$3,681","$32","$0","$792","$989","$5","$0","N/A","$18,448"
"Manchester School District","=""0770011""","Waddell School","=""0771311""","K",4,509,"77.8%","$10,310","$1,667","$3,681","$95","$0","$704","$838","$4","$0","N/A","$17,298"
"Mansfield School District","=""0780011""","Mansfield Elementary School","=""0780111""","PK",4,580,"41.6%","$14,382","$1,427","$308","$323","$185","$1,743","$541","$0","$0","N/A","$18,909"
"Mansfield School District","=""0780011""","Mansfield Middle School","=""0785111""",5,8,421,"39.2%","$15,809","$2,052","$307","$730","$185","$2,871","$1,571","$0","$184","N/A","$23,710"
"Marlborough School District","=""0790011""","Elmer Thienes-Mary Hall Elementary School","=""0790111""","PK",6,445,"29.2%","$12,334","$1,334","$0","$521","$0","$1,477","$1,749","$0","$0","N/A","$17,416"
"Meriden School District","=""0800011""","Benjamin Franklin School","=""0800111""","PK",5,350,"76.9%","$9,560","$1,267","$7","$384","$0","$884","$2,314","$1","$9","N/A","$14,425"
"Meriden School District","=""0800011""","Casimir Pulaski School","=""0801111""","PK",5,578,"90.1%","$8,659","$718","$7","$0","$0","$794","$1,405","$2","$8","N/A","$11,594"
"Meriden School District","=""0800011""","Edison Middle School","=""0802711""",6,8,777,"78.2%","$9,219","$1,003","$12","$1","$0","$876","$1,879","$8","$89","N/A","$13,087"
"Meriden School District","=""0800011""","Francis T. Maloney High School","=""0806111""",9,12,1301,"77.1%","$9,312","$949","$7","$103","$0","$650","$1,929","$66","$391","N/A","$13,407"
"Meriden School District","=""0800011""","Hanover School","=""0800311""","PK",5,468,"81.8%","$9,045","$1,134","$10","$5","$0","$1,024","$2,692","$2","$8","N/A","$13,921"
"Meriden School District","=""0800011""","Israel Putnam School","=""0800411""","PK",5,482,"83.4%","$8,751","$666","$8","$4","$0","$949","$1,845","$1","$8","N/A","$12,232"
"Meriden School District","=""0800011""","John Barry School","=""0800511""","PK",5,451,"90.5%","$8,572","$1,123","$7","$0","$0","$1,167","$2,302","$1","$8","N/A","$13,180"
"Meriden School District","=""0800011""","Lincoln Middle School","=""0805211""",6,8,662,"88.4%","$9,580","$1,276","$7","$186","$0","$926","$1,882","$12","$93","N/A","$13,963"
"Meriden School District","=""0800011""","Nathan Hale School","=""0800711""","PK",5,504,"81.2%","$9,232","$707","$7","$0","$0","$863","$1,505","$1","$8","N/A","$12,322"
"Meriden School District","=""0800011""","Orville H. Platt High School","=""0806211""",9,12,1184,"85.3%","$8,854","$1,404","$8","$107","$0","$701","$2,010","$71","$438","N/A","$13,594"
"Meriden School District","=""0800011""","Roger Sherman School","=""0800811""","PK",5,478,"89.1%","$8,348","$1,110","$7","$3","$0","$893","$1,505","$1","$8","N/A","$11,875"
"Meriden School District","=""0800011""","Thomas Hooker School","=""0801011""","PK",5,338,"76.0%","$9,635","$1,063","$7","$4","$0","$1,014","$2,003","$1","$9","N/A","$13,736"
"Meriden School District","=""0800011""","Washington Middle School","=""0805411""",6,8,556,"87.2%","$10,269","$1,475","$10","$179","$0","$997","$2,378","$21","$104","N/A","$15,434"
"Middletown School District","=""0830011""","Beman Middle School","=""0835411""",6,8,985,"52.9%","$11,543","$2,276","$497","$106","$0","$1,377","$1,200","$21","$99","N/A","$17,120"
"Middletown School District","=""0830011""","Bielefield School","=""0830211""","PK",5,237,"71.7%","$14,621","$2,814","$1,382","$548","$4","$1,691","$1,364","$0","$0","N/A","$22,423"
"Middletown School District","=""0830011""","Farm Hill School","=""0830511""","K",5,276,"65.6%","$13,414","$4,233","$826","$485","$0","$1,488","$1,521","$0","$0","N/A","$21,967"
"Middletown School District","=""0830011""","Lawrence School","=""0831311""","K",5,321,"47.0%","$9,859","$2,505","$1,258","$302","$-0","$1,207","$1,262","$0","$0","N/A","$16,392"
"Middletown School District","=""0830011""","Macdonough School","=""0830911""","K",5,226,"71.7%","$11,531","$2,593","$1,548","$170","$0","$1,679","$1,336","$0","$0","N/A","$18,857"
"Middletown School District","=""0830011""","Middletown High School","=""0836211""",9,12,1220,"53.9%","$13,174","$3,004","$512","$221","$0","$1,252","$1,818","$118","$913","N/A","$21,012"
"Middletown School District","=""0830011""","Moody School","=""0831211""","K",5,214,"32.7%","$13,915","$2,967","$1,119","$473","$0","$1,783","$1,652","$0","$0","N/A","$21,909"
"Middletown School District","=""0830011""","Snow School","=""0831111""","PK",5,344,"66.9%","$12,259","$2,056","$849","$389","$1","$1,107","$1,152","$0","$0","N/A","$17,811"
"Middletown School District","=""0830011""","Spencer School","=""0830111""","PK",5,254,"66.9%","$12,941","$3,118","$985","$364","$0","$1,568","$1,624","$0","$0","N/A","$20,599"
"Middletown School District","=""0830011""","Wesley School","=""0831411""","K",5,231,"40.7%","$10,259","$3,029","$1,256","$611","$0","$1,459","$1,606","$0","$0","N/A","$18,219"
"Milford School District","=""0840011""","Calf Pen Meadow School","=""0840111""","K",5,260,"37.3%","$17,832","$772","$1","$555","$0","$2,129","$2,226","$0","$24","N/A","$23,539"
"Milford School District","=""0840011""","East Shore Middle School","=""0845111""",6,8,366,"35.8%","$18,132","$1,016","$1","$432","$0","$2,487","$2,271","$0","$92","N/A","$24,432"
"Milford School District","=""0840011""","Harborside Middle School","=""0845211""",6,8,396,"39.4%","$18,354","$915","$1","$394","$0","$2,374","$2,219","$0","$92","N/A","$24,349"
"Milford School District","=""0840011""","J. F. Kennedy School","=""0841911""","PK",5,318,"52.8%","$15,358","$451","$1","$335","$0","$1,854","$2,088","$0","$24","N/A","$20,112"
"Milford School District","=""0840011""","Jonathan Law High School","=""0846211""",9,12,829,"41.3%","$14,546","$1,220","$1","$192","$0","$2,369","$2,699","$149","$965","N/A","$22,141"
"Milford School District","=""0840011""","Joseph A. Foran High School","=""0846311""",9,12,729,"36.4%","$15,149","$1,113","$1","$189","$0","$2,709","$3,396","$161","$1,006","N/A","$23,725"
"Milford School District","=""0840011""","Live Oaks School","=""0841611""","PK",5,276,"45.7%","$17,778","$451","$1","$558","$0","$2,041","$2,349","$0","$24","N/A","$23,203"
"Milford School District","=""0840011""","Mathewson School","=""0841711""","K",5,323,"40.9%","$18,079","$451","$1","$477","$0","$1,869","$2,201","$0","$24","N/A","$23,104"
"Milford School District","=""0840011""","Meadowside School","=""0840711""","K",5,267,"47.6%","$14,972","$710","$1","$484","$0","$2,094","$2,229","$0","$24","N/A","$20,515"
"Milford School District","=""0840011""","Orange Avenue School","=""0840811""","PK",5,414,"34.8%","$14,932","$577","$1","$387","$0","$1,636","$1,795","$0","$24","N/A","$19,354"
"Milford School District","=""0840011""","Orchard Hills School","=""0841811""","PK",5,361,"35.2%","$16,674","$451","$1","$335","$0","$1,737","$1,907","$0","$24","N/A","$21,131"
"Milford School District","=""0840011""","Pumpkin Delight School","=""0841011""","PK",5,245,"42.4%","$15,055","$588","$1","$394","$0","$2,203","$2,293","$0","$24","N/A","$20,557"
"Milford School District","=""0840011""","West Shore Middle School","=""0845311""",6,8,419,"43.7%","$16,538","$814","$1","$361","$0","$2,282","$2,195","$0","$92","N/A","$22,283"
"Monroe School District","=""0850011""","Fawn Hollow Elementary School","=""0850511""","K",5,700,"24.3%","$9,775","$895","$164","$92","$0","$757","$740","$0","$0","N/A","$12,423"
"Monroe School District","=""0850011""","Jockey Hollow School","=""0855211""",6,8,759,"32.4%","$12,195","$1,253","$193","$290","$49","$1,369","$833","$2","$35","N/A","$16,219"
"Monroe School District","=""0850011""","Masuk High School","=""0856111""",9,12,1057,"18.8%","$11,580","$1,287","$162","$186","$81","$2,255","$1,774","$136","$446","N/A","$17,907"
"Monroe School District","=""0850011""","Monroe Elementary School","=""0850111""","PK",5,407,"34.9%","$13,747","$1,520","$159","$405","$0","$1,052","$1,194","$0","$26","N/A","$18,103"
"Monroe School District","=""0850011""","Stepney Elementary School","=""0850311""","K",5,521,"31.9%","$10,733","$819","$161","$171","$0","$877","$955","$0","$0","N/A","$13,715"
"Montville School District","=""0860011""","Dr. Charles E. Murphy School","=""0860711""","K",5,288,"54.9%","$12,836","$1,491","$57","$422","$0","$1,102","$2,276","$0","$112","N/A","$18,297"
"Montville School District","=""0860011""","Leonard J. Tyl Middle School","=""0865111""",6,8,512,"58.4%","$12,293","$1,698","$54","$108","$0","$1,094","$2,047","$0","$173","N/A","$17,466"
"Montville School District","=""0860011""","Mohegan School","=""0860111""","K",5,299,"59.9%","$14,683","$1,495","$51","$287","$0","$1,155","$2,086","$0","$14","N/A","$19,770"
"Montville School District","=""0860011""","Montville High School","=""0866111""",9,12,500,"49.2%","$16,495","$1,577","$50","$343","$0","$1,263","$2,804","$0","$1,077","N/A","$23,608"
"Montville School District","=""0860011""","Oakdale School","=""0860511""","K",5,304,"44.1%","$10,914","$1,571","$41","$324","$0","$1,203","$2,403","$0","$31","N/A","$16,486"
"Naugatuck School District","=""0880011""","Andrew Avenue School","=""0880811""","K",4,258,"82.9%","$7,119","$1,351","$0","$73","$0","$1,322","$1,335","$0","$0","N/A","$11,200"
"Naugatuck School District","=""0880011""","City Hill Middle School","=""0885111""",7,8,636,"68.6%","$8,425","$1,116","$0","$217","$0","$1,484","$1,121","$0","$0","N/A","$12,363"
"Naugatuck School District","=""0880011""","Cross Street Intermediate School","=""0880211""",5,6,331,"66.2%","$8,563","$1,500","$0","$198","$0","$1,348","$1,168","$0","$0","N/A","$12,778"
"Naugatuck School District","=""0880011""","Hillside Intermediate School","=""0880411""",5,6,272,"78.7%","$8,902","$1,406","$0","$236","$0","$1,563","$1,449","$0","$0","N/A","$13,556"
"Naugatuck School District","=""0880011""","Hop Brook Elementary School","=""0880511""","K",4,312,"74.7%","$8,408","$1,405","$0","$228","$0","$1,188","$1,163","$0","$0","N/A","$12,392"
"Naugatuck School District","=""0880011""","Maple Hill School","=""0880311""","K",4,434,"59.9%","$10,364","$1,414","$0","$4","$0","$1,011","$1,069","$0","$0","N/A","$13,863"
"Naugatuck School District","=""0880011""","Naugatuck High School","=""0886111""",9,12,1272,"65.2%","$9,453","$1,479","$0","$93","$9","$1,407","$1,793","$0","$0","N/A","$14,234"
"Naugatuck School District","=""0880011""","Salem School","=""0880611""","K",4,237,"80.2%","$8,020","$1,606","$0","$484","$0","$1,466","$1,200","$0","$0","N/A","$12,774"
"Naugatuck School District","=""0880011""","Western School","=""0880711""","K",4,269,"58.7%","$7,065","$304","$0","$6","$0","$1,337","$1,108","$0","$0","N/A","$9,820"
"New Beginnings Inc Family Academy District","=""2800013""","New Beginnings Inc Family Academy","=""2800113""","PK",8,392,"86.7%","$11,434","$974","$0","$0","$0","$1,063","$1,381","$12","$0","N/A","$14,863"
"New Britain School District","=""0890011""","Chamberlain Elementary School","=""0890311""","K",5,396,"91.2%","$15,446","$998","$338","$38","$504","$1,337","$2,532","$3","$65","N/A","$21,261"
"New Britain School District","=""0890011""","DiLoreto Elementary & Middle School","=""0891111""","K",8,824,"81.3%","$11,668","$350","$171","$14","$374","$681","$2,205","$1","$65","N/A","$15,528"
"New Britain School District","=""0890011""","Gaffney Elementary School","=""0890511""","PK",5,429,"79.0%","$18,038","$667","$171","$38","$373","$889","$2,291","$1","$65","N/A","$22,532"
"New Britain School District","=""0890011""","Holmes Elementary School","=""0890611""","K",5,464,"79.1%","$12,919","$662","$171","$36","$599","$848","$2,233","$3","$65","N/A","$17,535"
"New Britain School District","=""0890011""","House of Arts Letters and Science (HALS) Academy","=""0895411""",6,8,136,"51.5%","$11,716","$381","$171","$100","$373","$795","$2,047","$5","$65","N/A","$15,654"
"New Britain School District","=""0890011""","Jefferson Elementary School","=""0890711""","K",5,397,"84.4%","$11,162","$726","$171","$0","$615","$967","$2,293","$4","$65","N/A","$16,003"
"New Britain School District","=""0890011""","Lincoln Elementary School","=""0890811""","K",5,548,"85.6%","$15,536","$443","$172","$26","$382","$690","$2,371","$2","$65","N/A","$19,688"
"New Britain School District","=""0890011""","New Britain High School","=""0896111""",9,12,2398,"78.6%","$12,483","$907","$171","$63","$457","$653","$2,653","$2","$65","N/A","$17,455"
"New Britain School District","=""0890011""","Northend Elementary School","=""0890911""","K",5,210,"90.0%","$15,964","$1,486","$344","$78","$619","$941","$2,941","$2","$65","N/A","$22,441"
"New Britain School District","=""0890011""","Pulaski Middle School","=""0895311""",6,8,872,"87.6%","$13,358","$788","$483","$17","$434","$621","$2,452","$6","$65","N/A","$18,224"
"New Britain School District","=""0890011""","Slade Middle School","=""0895211""",6,8,692,"84.7%","$16,448","$1,342","$546","$14","$604","$1,032","$2,946","$2","$65","N/A","$22,999"
"New Britain School District","=""0890011""","Smalley Elementary School","=""0891211""","K",5,633,"94.0%","$12,725","$513","$832","$25","$541","$600","$2,202","$18","$65","N/A","$17,520"
"New Britain School District","=""0890011""","Smith Elementary School","=""0891311""","K",5,469,"83.2%","$13,863","$826","$171","$34","$596","$829","$2,306","$1","$65","N/A","$18,691"
"New Britain School District","=""0890011""","Vance Elementary School","=""0891511""","K",5,457,"81.8%","$12,335","$431","$171","$37","$491","$843","$2,326","$5","$65","N/A","$16,705"
"New Canaan School District","=""0900011""","East School","=""0900411""","K",4,570,"13.5%","$12,222","$1,779","$103","$561","$336","$1,009","$1,922","$0","$18","N/A","$17,951"
"New Canaan School District","=""0900011""","New Canaan High School","=""0906111""",9,12,1257,"13.8%","$13,847","$2,649","$103","$541","$300","$1,333","$1,887","$360","$1,591","N/A","$22,610"
"New Canaan School District","=""0900011""","Saxe Middle School","=""0905111""",5,8,1261,"14.5%","$13,992","$2,213","$103","$398","$283","$1,101","$2,102","$0","$192","N/A","$20,385"
"New Canaan School District","=""0900011""","South School","=""0900211""","K",4,507,"11.8%","$14,265","$1,775","$103","$719","$336","$1,463","$1,749","$0","$32","N/A","$20,442"
"New Canaan School District","=""0900011""","West School","=""0900311""","PK",4,499,"15.4%","$12,940","$2,167","$103","$639","$336","$1,317","$1,929","$0","$28","N/A","$19,459"
"New Fairfield School District","=""0910011""","Consolidated School","=""0910111""","PK",2,504,"30.8%","$9,657","$2,259","$296","$224","$560","$1,244","$1,784","$0","$0","N/A","$16,024"
"New Fairfield School District","=""0910011""","New Fairfield Elementary School","=""0910211""",3,5,435,"33.6%","$12,826","$2,318","$296","$298","$561","$1,436","$2,158","$1","$0","N/A","$19,893"
"New Fairfield School District","=""0910011""","New Fairfield High School","=""0916111""",9,12,688,"26.6%","$13,194","$2,682","$296","$195","$572","$1,429","$2,159","$137","$0","N/A","$20,663"
"New Fairfield School District","=""0910011""","New Fairfield Middle School","=""0915211""",6,8,506,"31.6%","$12,278","$2,860","$296","$0","$555","$1,202","$1,989","$0","$0","N/A","$19,181"
"New Hartford School District","=""0920011""","Ann Antolini School","=""0920311""",3,6,247,"38.5%","$13,571","$402","$155","$20","$359","$1,242","$1,979","$0","$0","N/A","$17,729"
"New Hartford School District","=""0920011""","Bakerville Consolidated School","=""0920111""","K",2,106,"17.0%","$12,988","$402","$154","$16","$360","$1,257","$1,949","$0","$0","N/A","$17,125"
"New Hartford School District","=""0920011""","New Hartford Elementary School","=""0920211""","PK",2,99,"40.4%","$13,194","$402","$155","$13","$359","$1,300","$2,128","$0","$0","N/A","$17,549"
"New Haven School District","=""0930011""","Augusta Lewis Troup School","=""0931511""","PK",8,393,"94.1%","$12,653","$1,141","$250","$7","$3","$930","$1,520","$19","$39","N/A","$16,562"
"New Haven School District","=""0930011""","Barack H. Obama Magnet University School","=""0932811""","PK",4,313,"89.1%","$12,850","$1,067","$182","$7","$3","$1,188","$1,897","$19","$39","N/A","$17,252"
"New Haven School District","=""0930011""","Barnard Environmental Magnet School","=""0930211""","PK",8,501,"81.4%","$12,345","$730","$235","$7","$3","$439","$1,357","$19","$39","N/A","$15,173"
"New Haven School District","=""0930011""","Beecher School","=""0930311""","PK",8,473,"79.9%","$10,194","$968","$109","$7","$3","$1,230","$1,542","$19","$39","N/A","$14,110"
"New Haven School District","=""0930011""","Benjamin Jepson Magnet School","=""0931811""","PK",8,402,"86.3%","$13,627","$1,012","$179","$7","$3","$1,670","$1,605","$19","$39","N/A","$18,162"
"New Haven School District","=""0930011""","Betsy Ross Arts and Design Academy","=""0935511""",5,8,334,"76.9%","$14,936","$1,271","$130","$7","$3","$2,415","$1,384","$19","$39","N/A","$20,204"
"New Haven School District","=""0930011""","Bishop Woods Architecture and Design Magnet School","=""0934311""","K",8,431,"86.3%","$14,307","$1,165","$162","$7","$3","$1,220","$1,712","$19","$39","N/A","$18,633"
"New Haven School District","=""0930011""","Brennan Rogers School","=""0932111""","PK",8,202,"93.6%","$13,017","$2,888","$352","$7","$3","$2,272","$2,562","$19","$39","N/A","$21,158"
"New Haven School District","=""0930011""","Celentano BioTech, Health and Medical Magnet School","=""0934811""","PK",8,362,"88.7%","$11,519","$1,299","$293","$7","$202","$1,304","$1,589","$19","$39","N/A","$16,272"
"New Haven School District","=""0930011""","Clinton Avenue School","=""0930611""","K",8,452,"95.8%","$11,279","$918","$172","$7","$3","$902","$1,507","$19","$39","N/A","$14,846"
"New Haven School District","=""0930011""","Conte/West Hills Magnet School","=""0933111""","PK",8,553,"87.9%","$11,189","$1,160","$187","$7","$3","$1,321","$1,583","$19","$39","N/A","$15,508"
"New Haven School District","=""0930011""","Cooperative High School - Inter-District Magnet","=""0936411""",9,12,548,"72.1%","$13,401","$907","$124","$7","$221","$1,677","$1,305","$19","$39","N/A","$17,700"
"New Haven School District","=""0930011""","Davis Academy for Arts & Design Innovation","=""0930911""","PK",8,489,"66.9%","$11,910","$733","$152","$7","$3","$798","$1,460","$19","$39","N/A","$15,120"
"New Haven School District","=""0930011""","East Rock Community Magnet School","=""0934611""","PK",8,445,"84.9%","$14,202","$1,623","$188","$7","$3","$1,060","$1,481","$19","$39","N/A","$18,623"
"New Haven School District","=""0930011""","Edgewood School","=""0931211""","K",8,407,"67.1%","$12,820","$733","$134","$7","$3","$774","$1,563","$19","$39","N/A","$16,092"
"New Haven School District","=""0930011""","Engineering - Science University Magnet School","=""0931711""",6,12,600,"54.0%","$13,937","$737","$124","$7","$3","$830","$1,442","$19","$39","N/A","$17,137"
"New Haven School District","=""0930011""","Fair Haven School","=""0931611""","PK",8,713,"96.6%","$11,580","$1,066","$218","$7","$117","$909","$1,505","$19","$39","N/A","$15,460"
"New Haven School District","=""0930011""","Family Academy of Multilingual Exploration","=""0934111""","PK",8,462,"95.9%","$9,919","$895","$280","$7","$3","$1,052","$1,499","$19","$39","N/A","$13,713"
"New Haven School District","=""0930011""","High School In The Community","=""0936611""",9,12,279,"87.5%","$15,779","$1,467","$200","$7","$3","$739","$1,916","$19","$39","N/A","$20,169"
"New Haven School District","=""0930011""","Hill Central Music Academy","=""0930711""","PK",8,413,"97.3%","$11,964","$984","$303","$7","$3","$826","$1,415","$19","$39","N/A","$15,560"
"New Haven School District","=""0930011""","Hill Regional Career High School","=""0936311""",9,12,638,"83.7%","$15,342","$958","$173","$7","$3","$1,764","$1,286","$19","$39","N/A","$19,591"
"New Haven School District","=""0930011""","James Hillhouse High School","=""0936211""",9,12,1101,"88.4%","$12,493","$1,207","$197","$7","$111","$1,255","$2,443","$19","$39","N/A","$17,772"
"New Haven School District","=""0930011""","John C. Daniels","=""0931311""","PK",8,513,"81.5%","$16,627","$730","$1,953","$7","$3","$650","$1,597","$19","$39","N/A","$21,624"
"New Haven School District","=""0930011""","John S. Martinez Sea and Sky STEM School","=""0930811""","PK",8,483,"94.8%","$9,683","$1,145","$386","$7","$3","$749","$1,607","$19","$39","N/A","$13,638"
"New Haven School District","=""0930011""","King/Robinson Magnet School","=""0933011""","PK",8,436,"82.8%","$11,699","$956","$462","$7","$3","$1,530","$1,589","$19","$39","N/A","$16,304"
"New Haven School District","=""0930011""","Lincoln-Bassett School","=""0932011""","PK",6,229,"93.9%","$14,002","$1,087","$110","$7","$3","$1,968","$2,339","$19","$39","N/A","$19,574"
"New Haven School District","=""0930011""","Mauro-Sheridan Magnet School","=""0931911""","PK",8,502,"74.7%","$12,428","$730","$128","$7","$3","$1,470","$1,475","$19","$39","N/A","$16,299"
"New Haven School District","=""0930011""","Metropolitan Business Academy","=""0936011""",9,12,400,"83.5%","$11,725","$730","$170","$7","$268","$1,769","$1,555","$19","$39","N/A","$16,282"
"New Haven School District","=""0930011""","Nathan Hale School","=""0931411""","PK",8,523,"69.2%","$13,800","$989","$446","$7","$3","$744","$1,540","$19","$39","N/A","$17,586"
"New Haven School District","=""0930011""","New Haven Academy","=""0937011""",9,12,330,"70.9%","$12,701","$1,166","$127","$7","$3","$1,332","$1,610","$19","$39","N/A","$17,003"
"New Haven School District","=""0930011""","Roberto Clemente Leadership Academy for Global Awareness","=""0934211""","K",8,406,"95.6%","$11,978","$1,167","$123","$7","$297","$1,108","$1,533","$19","$39","N/A","$16,272"
"New Haven School District","=""0930011""","Ross/Woodward School","=""0931011""","PK",8,569,"82.8%","$13,039","$1,186","$743","$7","$3","$1,178","$1,567","$19","$39","N/A","$17,781"
"New Haven School District","=""0930011""","Sound School","=""0936711""",9,12,336,"65.5%","$20,059","$1,131","$127","$7","$3","$877","$1,885","$19","$39","N/A","$24,146"
"New Haven School District","=""0930011""","Truman School","=""0932911""","PK",8,462,"95.7%","$11,122","$1,009","$205","$7","$3","$947","$1,647","$19","$39","N/A","$14,997"
"New Haven School District","=""0930011""","Wexler/Grant - Lincoln/Bassett Community School","=""0933211""","PK",8,217,"95.4%","$13,222","$1,829","$438","$7","$3","$2,008","$2,162","$19","$39","N/A","$19,727"
"New Haven School District","=""0930011""","Wilbur Cross High School","=""0936111""",9,12,1721,"86.2%","$12,149","$1,050","$160","$7","$3","$810","$1,322","$19","$39","N/A","$15,558"
"New Haven School District","=""0930011""","Worthington Hooker School","=""0933811""","K",8,413,"46.5%","$10,188","$793","$185","$7","$3","$1,306","$2,087","$19","$39","N/A","$14,627"
"New London School District","=""0950011""","Bennie Dover Jackson Middle School","=""0955111""",6,8,330,"97.0%","$14,027","$2,833","$672","$0","$191","$1,542","$1,951","$13","$105","N/A","$21,335"
"New London School District","=""0950011""","C.B. Jennings International Elementary Magnet","=""0950311""","K",5,463,"94.2%","$10,813","$1,972","$360","$0","$293","$1,240","$2,385","$0","$92","N/A","$17,154"
"New London School District","=""0950011""","Nathan Hale Arts Magnet School","=""0950911""","K",5,471,"86.2%","$12,187","$2,192","$357","$0","$299","$1,150","$1,542","$1","$92","N/A","$17,820"
"New London School District","=""0950011""","New London High School","=""0956111""",9,12,593,"93.8%","$9,977","$2,503","$191","$0","$258","$1,643","$2,568","$16","$655","N/A","$17,811"
"New London School District","=""0950011""","New London Visual and Performing Arts Magnet Pathway","=""0951411""",6,12,234,"90.2%","$12,002","$2,668","$431","$0","$225","$1,593","$2,260","$14","$380","N/A","$19,573"
"New London School District","=""0950011""","Science and Technology Magnet Pathway for High School Grades","=""0951311""",9,12,165,"80.0%","$9,977","$2,503","$191","$0","$258","$1,643","$2,568","$16","$655","N/A","$17,811"
"New London School District","=""0950011""","Science and Technology Magnet Pathway for Middle Grades","=""0951211""",6,8,99,"88.9%","$14,027","$2,833","$672","$0","$191","$1,542","$1,951","$13","$105","N/A","$21,335"
"New London School District","=""0950011""","Winthrop STEM Elementary Magnet School","=""0950811""","K",5,479,"80.6%","$11,255","$1,599","$490","$140","$281","$1,166","$1,665","$1","$112","N/A","$16,710"
"New Milford School District","=""0960011""","Hill And Plain School","=""0960511""","PK",2,382,"48.7%","$9,234","$1,409","$11","$351","$109","$1,117","$1,242","$0","$0","N/A","$13,474"
"New Milford School District","=""0960011""","New Milford High School","=""0966111""",9,12,1207,"41.3%","$10,043","$1,268","$11","$131","$43","$888","$1,106","$230","$872","N/A","$14,592"
"New Milford School District","=""0960011""","Northville Elementary School","=""0960811""","PK",2,444,"37.8%","$9,769","$1,439","$11","$233","$5","$690","$1,258","$0","$3","N/A","$13,407"
"New Milford School District","=""0960011""","Sarah Noble Intermediate School","=""0960911""",3,5,754,"51.2%","$10,252","$1,153","$11","$205","$71","$1,319","$1,087","$0","$83","N/A","$14,181"
"New Milford School District","=""0960011""","Schaghticoke Middle School","=""0965211""",6,8,777,"49.9%","$11,141","$1,370","$11","$183","$322","$1,332","$1,004","$45","$170","N/A","$15,577"
"Newington School District","=""0940011""","Anna Reynolds School","=""0940611""","PK",4,376,"48.9%","$13,136","$1,548","$98","$353","$0","$1,242","$2,345","$0","$21","N/A","$18,744"
"Newington School District","=""0940011""","Elizabeth Green School","=""0940211""","PK",4,269,"56.1%","$14,906","$1,625","$98","$537","$0","$1,652","$2,565","$0","$20","N/A","$21,401"
"Newington School District","=""0940011""","John Paterson School","=""0940811""","PK",4,454,"51.3%","$12,157","$1,571","$98","$238","$0","$1,143","$1,615","$0","$20","N/A","$16,842"
"Newington School District","=""0940011""","John Wallace Middle School","=""0945311""",5,8,595,"46.2%","$13,127","$1,409","$98","$13","$0","$1,140","$1,954","$0","$55","N/A","$17,796"
"Newington School District","=""0940011""","Martin Kellogg Middle School","=""0945111""",5,8,567,"47.6%","$12,971","$1,423","$98","$242","$0","$1,317","$2,062","$0","$67","N/A","$18,180"
"Newington School District","=""0940011""","Newington High School","=""0946111""",9,12,1284,"43.4%","$12,143","$1,481","$107","$185","$0","$1,589","$2,490","$0","$633","N/A","$18,628"
"Newington School District","=""0940011""","Ruth Chaffee School","=""0940711""","PK",4,315,"48.3%","$12,373","$1,743","$98","$490","$0","$1,384","$2,104","$0","$22","N/A","$18,214"
"Newtown School District","=""0970011""","Hawley Elementary School","=""0970111""","K",4,289,"23.2%","$12,032","$1,602","$328","$545","$0","$1,676","$2,346","$1","$26","N/A","$18,555"
"Newtown School District","=""0970011""","Head O'Meadow Elementary School","=""0970411""","K",4,319,"21.6%","$11,790","$2,219","$313","$427","$0","$1,506","$2,394","$1","$9","N/A","$18,658"
"Newtown School District","=""0970011""","Middle Gate Elementary School","=""0970311""","K",4,416,"23.6%","$10,788","$2,254","$331","$381","$0","$1,182","$1,599","$3","$20","N/A","$16,558"
"Newtown School District","=""0970011""","Newtown High School","=""0976111""",9,12,1276,"23.4%","$11,153","$2,735","$334","$296","$0","$967","$2,557","$140","$924","N/A","$19,106"
"Newtown School District","=""0970011""","Newtown Middle School","=""0975111""",7,8,610,"27.5%","$11,298","$2,344","$333","$344","$0","$1,114","$2,421","$7","$223","N/A","$18,085"
"Newtown School District","=""0970011""","Reed Intermediate School","=""0970511""",5,6,581,"29.1%","$11,719","$2,794","$329","$308","$0","$1,067","$2,453","$0","$92","N/A","$18,763"
"Newtown School District","=""0970011""","Sandy Hook Elementary School","=""0970211""","K",4,353,"23.5%","$11,981","$1,694","$326","$360","$0","$1,396","$2,374","$1","$13","N/A","$18,145"
"Norfolk School District","=""0980011""","Botelle Elementary School","=""0980111""","PK",6,56,"42.9%","$20,769","$1,027","$124","$1,966","$0","$4,420","$4,886","$33","$0","N/A","$33,226"
"North Branford School District","=""0990011""","Jerome Harrison School","=""0990411""","PK",2,396,"32.3%","$11,838","$1,049","$16","$109","$8","$970","$1,612","$2","$0","N/A","$15,603"
"North Branford School District","=""0990011""","North Branford High School","=""0996111""",9,12,439,"35.3%","$13,853","$2,129","$20","$333","$27","$2,019","$2,678","$236","$0","N/A","$21,295"
"North Branford School District","=""0990011""","North Branford Intermediate School","=""0995111""",6,8,355,"33.8%","$12,029","$1,522","$19","$397","$8","$1,188","$2,011","$14","$0","N/A","$17,188"
"North Branford School District","=""0990011""","Totoket Valley Elementary School","=""0990611""",3,5,337,"35.0%","$9,600","$1,261","$15","$454","$8","$1,016","$1,451","$10","$0","N/A","$13,815"
"North Canaan School District","=""1000011""","North Canaan Elementary School","=""1000111""","PK",8,244,"52.0%","$17,421","$300","$240","$19","$167","$1,297","$3,217","$73","$112","N/A","$22,847"
"North Haven School District","=""1010011""","Clintonville Elementary School","=""1010811""","K",5,342,"33.3%","$9,466","$2,341","$148","$318","$71","$1,144","$1,738","$3","$3","N/A","$15,233"
"North Haven School District","=""1010011""","Green Acres Elementary School","=""1010711""","PK",5,422,"42.7%","$10,885","$1,837","$127","$310","$62","$947","$1,658","$3","$3","N/A","$15,833"
"North Haven School District","=""1010011""","Montowese Elementary School","=""1010211""","K",5,303,"41.3%","$11,391","$1,796","$114","$389","$72","$1,237","$1,777","$3","$3","N/A","$16,783"
"North Haven School District","=""1010011""","North Haven High School","=""1016111""",9,12,957,"35.1%","$11,779","$1,800","$126","$292","$177","$1,806","$1,465","$17","$829","N/A","$18,292"
"North Haven School District","=""1010011""","North Haven Middle School","=""1015211""",6,8,750,"34.5%","$10,681","$1,387","$117","$240","$170","$1,357","$1,438","$2","$123","N/A","$15,513"
"North Haven School District","=""1010011""","Ridge Road Elementary School","=""1010311""","K",5,436,"31.0%","$10,386","$1,663","$122","$218","$65","$992","$1,509","$6","$3","N/A","$14,964"
"North Stonington School District","=""1020011""","North Stonington Elementary School","=""1020111""","PK",6,406,"31.0%","$10,376","$1,406","$45","$248","$0","$693","$317","$0","$0","N/A","$13,086"
"North Stonington School District","=""1020011""","Wheeler High School","=""1026111""",7,12,330,"29.1%","$15,937","$1,960","$45","$349","$0","$1,821","$585","$212","$0","N/A","$20,910"
"Norwalk School District","=""1030011""","Brien McMahon High School","=""1036211""",9,12,1766,"64.4%","$11,996","$1,836","$87","$1","$861","$780","$3,075","$0","$0","N/A","$18,635"
"Norwalk School District","=""1030011""","Brookside Elementary School","=""1030211""","PK",5,398,"74.9%","$15,389","$1,706","$75","$85","$693","$1,050","$2,797","$0","$0","N/A","$21,794"
"Norwalk School District","=""1030011""","Center for Global Studies","=""1030511""",9,12,284,"41.5%","$12,608","$1,955","$72","$0","$776","$1,805","$1,980","$0","$0","N/A","$19,196"
"Norwalk School District","=""1030011""","Concord Magnet School","=""1030311""","K",8,362,"47.5%","$14,698","$1,690","$72","$3","$693","$1,222","$2,139","$0","$0","N/A","$20,517"
"Norwalk School District","=""1030011""","Cranbury Elementary School","=""1030411""","PK",5,420,"49.8%","$15,440","$1,802","$80","$81","$693","$1,020","$2,586","$0","$0","N/A","$21,704"
"Norwalk School District","=""1030011""","Fox Run Elementary School","=""1032011""","PK",5,370,"62.4%","$18,169","$2,023","$76","$11","$693","$1,143","$2,908","$0","$0","N/A","$25,023"
"Norwalk School District","=""1030011""","Jefferson Marine Science Elementary School","=""1030711""","PK",5,465,"83.9%","$14,177","$1,791","$105","$0","$693","$1,202","$2,388","$0","$0","N/A","$20,356"
"Norwalk School District","=""1030011""","Kendall College & Career Academy","=""1030811""","PK",5,378,"78.3%","$15,079","$1,693","$98","$73","$693","$1,106","$2,444","$0","$0","N/A","$21,186"
"Norwalk School District","=""1030011""","Marvin Elementary School","=""1032211""","K",5,402,"67.4%","$14,862","$1,870","$116","$91","$783","$1,059","$2,552","$0","$0","N/A","$21,332"
"Norwalk School District","=""1030011""","Naramake Elementary School","=""1032111""","PK",5,366,"63.7%","$15,190","$2,083","$76","$0","$707","$1,145","$3,060","$0","$0","N/A","$22,260"
"Norwalk School District","=""1030011""","Nathan Hale Middle School","=""1035211""",6,8,524,"63.7%","$14,594","$2,008","$78","$13","$781","$866","$2,837","$0","$0","N/A","$21,178"
"Norwalk School District","=""1030011""","Norwalk Early Childhood Center","=""1030111""","PK","PK",150,"88.0%","$15,001","$3,889","$129","$0","$693","$1,284","$2,170","$0","$0","N/A","$23,166"
"Norwalk School District","=""1030011""","Norwalk High School","=""1036111""",9,12,1547,"69.0%","$12,147","$1,829","$89","$17","$803","$750","$3,099","$0","$0","N/A","$18,735"
"Norwalk School District","=""1030011""","P-TECH Norwalk","=""1030911""",9,12,380,"55.0%","$10,918","$2,165","$72","$18","$693","$999","$2,372","$0","$0","N/A","$17,239"
"Norwalk School District","=""1030011""","Ponus Ridge STEAM Academy","=""1035311""",6,8,622,"73.5%","$15,531","$2,133","$72","$6","$759","$750","$2,582","$0","$0","N/A","$21,833"
"Norwalk School District","=""1030011""","Roton Middle School","=""1035511""",6,8,453,"60.3%","$15,510","$2,193","$74","$30","$950","$925","$3,369","$0","$0","N/A","$23,050"
"Norwalk School District","=""1030011""","Rowayton School","=""1031311""","K",5,435,"40.5%","$15,444","$1,796","$77","$78","$693","$941","$2,532","$0","$0","N/A","$21,561"
"Norwalk School District","=""1030011""","Silvermine Dual Language Magnet School","=""1032311""","K",5,427,"71.2%","$13,978","$1,741","$83","$9","$804","$992","$2,678","$0","$0","N/A","$20,285"
"Norwalk School District","=""1030011""","South Norwalk Elementary School","=""1031511""","PK",5,133,"88.0%","$11,975","$1,830","$436","$0","$919","$1,641","$3,089","$0","$0","N/A","$19,889"
"Norwalk School District","=""1030011""","Tracey Magnet School","=""1031411""","PK",5,464,"76.1%","$13,678","$1,773","$117","$73","$851","$909","$2,154","$0","$0","N/A","$19,555"
"Norwalk School District","=""1030011""","West Rocks Middle School","=""1035411""",6,8,701,"70.6%","$14,025","$1,625","$209","$49","$693","$766","$2,566","$0","$0","N/A","$19,932"
"Norwalk School District","=""1030011""","Wolfpit Integrated Arts Elementary School","=""1032411""","PK",5,357,"52.1%","$14,865","$1,693","$112","$0","$819","$1,119","$2,121","$0","$0","N/A","$20,730"
"Norwich School District","=""1040011""","John B. Stanton School","=""1041411""","K",5,384,"86.7%","$15,210","$1,267","$340","$0","$48","$101","$460","$0","$0","N/A","$17,426"
"Norwich School District","=""1040011""","Kelly STEAM Magnet Middle School","=""1045111""",6,8,548,"79.4%","$13,782","$1,062","$412","$0","$1","$907","$715","$0","$0","N/A","$16,878"
"Norwich School District","=""1040011""","Moriarty Magnet School","=""1042011""","PK",5,461,"79.2%","$12,724","$900","$337","$0","$2","$528","$468","$0","$0","N/A","$14,960"
"Norwich School District","=""1040011""","Samuel Huntington School","=""1040811""","PK",5,299,"74.9%","$15,765","$1,711","$342","$0","$1","$771","$532","$0","$0","N/A","$19,122"
"Norwich School District","=""1040011""","Teachers' Memorial Middle School","=""1045211""",6,8,486,"88.9%","$15,028","$1,601","$418","$0","$1","$862","$474","$0","$0","N/A","$18,384"
"Norwich School District","=""1040011""","Thomas W. Mahan School","=""1041711""","PK",5,255,"80.0%","$16,148","$1,551","$341","$0","$1","$974","$408","$0","$0","N/A","$19,423"
"Norwich School District","=""1040011""","Uncas Elementary School","=""1041911""","K",5,242,"90.1%","$15,331","$1,104","$343","$0","$1","$1,123","$583","$0","$0","N/A","$18,485"
"Norwich School District","=""1040011""","Veterans' Memorial School","=""1041811""","PK",5,291,"82.5%","$13,251","$1,194","$340","$0","$9","$836","$349","$0","$0","N/A","$15,979"
"Norwich School District","=""1040011""","Wequonnoc Magnet School","=""1041511""","K",5,220,"92.3%","$15,962","$1,300","$340","$0","$1","$926","$443","$0","$0","N/A","$18,972"
"Odyssey Community School District","=""2630013""","Odyssey Community School","=""2635113""","PK",8,370,"54.1%","$9,222","$1,546","$106","$121","$0","$1,609","$1,869","$0","$0","N/A","$14,474"
"Old Saybrook School District","=""1060011""","Kathleen E. Goodwin School","=""1060211""","PK",4,380,"32.1%","$13,019","$1,303","$752","$406","$543","$1,262","$1,641","$3","$0","N/A","$18,930"
"Old Saybrook School District","=""1060011""","Old Saybrook Middle School","=""1065211""",5,8,301,"40.5%","$17,176","$2,161","$613","$192","$520","$1,765","$3,403","$98","$0","N/A","$25,928"
"Old Saybrook School District","=""1060011""","Old Saybrook Senior High School","=""1066111""",9,12,345,"34.5%","$15,752","$2,480","$611","$421","$495","$1,813","$3,549","$384","$0","N/A","$25,505"
"Orange School District","=""1070011""","Mary L. Tracy School","=""1070211""","PK","K",226,"21.7%","$8,418","$4,094","$0","$0","$349","$1,012","$2,602","$0","$0","N/A","$16,475"
"Orange School District","=""1070011""","Peck Place School","=""1070511""",1,6,366,"24.3%","$10,706","$3,085","$0","$0","$653","$724","$1,766","$0","$0","N/A","$16,935"
"Orange School District","=""1070011""","Race Brook School","=""1070311""",1,6,383,"29.0%","$10,958","$2,759","$0","$0","$662","$684","$1,801","$0","$0","N/A","$16,863"
"Orange School District","=""1070011""","Turkey Hill School","=""1070411""",1,6,306,"23.9%","$11,621","$3,114","$0","$0","$752","$873","$1,997","$0","$0","N/A","$18,356"
"Oxford School District","=""1080011""","Great Oak Elementary School","=""1080111""",3,5,358,"27.4%","$8,928","$959","$179","$237","$335","$1,256","$1,141","$0","$0","N/A","$13,035"
"Oxford School District","=""1080011""","Oxford High School","=""1086011""",9,12,500,"24.2%","$12,400","$1,587","$75","$0","$174","$1,444","$1,195","$137","$879","N/A","$17,892"
"Oxford School District","=""1080011""","Oxford Middle School","=""1085111""",6,8,378,"30.2%","$11,739","$1,014","$0","$48","$217","$1,510","$777","$10","$169","N/A","$15,485"
"Oxford School District","=""1080011""","Quaker Farms School","=""1080311""","PK",2,413,"30.3%","$9,814","$944","$179","$275","$287","$1,266","$1,054","$0","$0","N/A","$13,819"
"Park City Prep Charter School District","=""2830013""","Park City Prep Charter School","=""2835113""",5,8,403,"81.4%","$10,532","$554","$0","$126","$44","$0","$3,481","$0","$0","N/A","$14,736"
"Plainfield School District","=""1090011""","Moosup Elementary School","=""1090111""","PK",3,293,"67.2%","$8,995","$1,270","$358","$144","$0","$1,133","$1,515","$0","$0","N/A","$13,416"
"Plainfield School District","=""1090011""","Plainfield Central School","=""1095111""",6,8,445,"62.9%","$11,023","$1,386","$221","$100","$0","$1,186","$1,528","$0","$214","N/A","$15,658"
"Plainfield School District","=""1090011""","Plainfield High School","=""1096111""",9,12,507,"60.2%","$11,339","$2,013","$221","$83","$0","$1,343","$2,780","$0","$883","N/A","$18,662"
"Plainfield School District","=""1090011""","Plainfield Memorial School","=""1090311""",4,5,268,"67.5%","$9,287","$1,787","$221","$157","$0","$1,192","$1,753","$0","$52","N/A","$14,450"
"Plainfield School District","=""1090011""","Shepard Hill Elementary School","=""1090411""","PK",3,284,"72.2%","$10,117","$1,522","$361","$144","$0","$1,060","$1,832","$0","$0","N/A","$15,036"
"Plainville School District","=""1100011""","Frank T. Wheeler School","=""1100411""","PK",5,276,"56.9%","$12,204","$271","$38","$854","$2,931","$1,169","$1,585","$22","$0","N/A","$19,073"
"Plainville School District","=""1100011""","Linden Street School","=""1100211""","PK",5,395,"55.4%","$10,834","$271","$38","$614","$2,931","$936","$1,489","$9","$0","N/A","$17,122"
"Plainville School District","=""1100011""","Louis Toffolon School","=""1100511""","PK",5,365,"44.9%","$12,437","$271","$38","$696","$2,931","$827","$1,484","$21","$0","N/A","$18,705"
"Plainville School District","=""1100011""","Middle School of Plainville","=""1105211""",6,8,507,"49.9%","$13,674","$527","$38","$440","$2,931","$1,212","$1,527","$27","$0","N/A","$20,377"
"Plainville School District","=""1100011""","Plainville High School","=""1106111""",9,12,688,"49.0%","$13,588","$1,165","$38","$720","$2,931","$820","$1,720","$117","$0","N/A","$21,099"
"Plymouth School District","=""1110011""","Eli Terry Jr. Middle School","=""1115111""",6,8,276,"61.6%","$12,886","$1,045","$0","$240","$0","$1,745","$2,347","$37","$0","N/A","$18,301"
"Plymouth School District","=""1110011""","Harry S. Fisher Elementary School","=""1110411""",3,5,293,"61.4%","$9,805","$1,520","$0","$337","$0","$881","$1,646","$2","$0","N/A","$14,192"
"Plymouth School District","=""1110011""","Plymouth Center School","=""1110211""","PK",2,327,"59.3%","$10,323","$1,508","$0","$344","$0","$777","$1,714","$2","$0","N/A","$14,668"
"Plymouth School District","=""1110011""","Terryville High School","=""1116111""",9,12,370,"55.1%","$12,952","$1,229","$0","$240","$0","$1,277","$2,338","$119","$0","N/A","$18,155"
"Pomfret School District","=""1120011""","Pomfret Community School","=""1120111""","PK",8,347,"32.6%","$11,502","$1,551","$70","$350","$744","$1,462","$1,717","$0","$0","N/A","$17,396"
"Portland School District","=""1130011""","Brownstone Intermediate School","=""1130511""",5,6,210,"41.0%","$10,724","$1,517","$0","$0","$391","$1,402","$2,062","$0","$53","N/A","$16,148"
"Portland School District","=""1130011""","Gildersleeve School","=""1130411""",2,4,269,"42.0%","$10,442","$1,517","$0","$0","$1,519","$1,059","$1,866","$0","$0","N/A","$16,404"
"Portland School District","=""1130011""","Portland High School","=""1136111""",9,12,305,"38.4%","$13,784","$1,786","$0","$0","$540","$1,982","$2,791","$250","$1,246","N/A","$22,380"
"Portland School District","=""1130011""","Portland Middle School","=""1135111""",7,8,211,"42.7%","$9,548","$351","$0","$0","$550","$1,764","$2,106","$92","$0","N/A","$14,411"
"Portland School District","=""1130011""","Valley View School","=""1130211""","PK",1,228,"39.0%","$10,676","$1,517","$0","$0","$566","$1,396","$2,068","$0","$3","N/A","$16,227"
"Preston School District","=""1140011""","Preston Plains School","=""1145111""",6,8,130,"41.5%","$9,996","$7,417","$34","$312","$827","$1,352","$2,667","$0","$0","N/A","$22,604"
"Preston School District","=""1140011""","Preston Veterans' Memorial School","=""1140411""","PK",5,314,"40.4%","$9,990","$4,185","$34","$312","$815","$939","$2,084","$30","$0","N/A","$18,388"
"Putnam School District","=""1160011""","Putnam Elementary School","=""1160311""","PK",4,558,"65.9%","$10,445","$1,748","$692","$93","$169","$1,065","$1,838","$5","$0","N/A","$16,053"
"Putnam School District","=""1160011""","Putnam High School","=""1166111""",9,12,271,"66.1%","$11,137","$2,084","$211","$202","$0","$2,110","$1,838","$312","$871","N/A","$18,766"
"Putnam School District","=""1160011""","Putnam Middle School","=""1165111""",5,8,335,"63.9%","$10,100","$1,276","$211","$279","$0","$1,676","$1,838","$21","$221","N/A","$15,621"
"Redding School District","=""1170011""","John Read Middle School","=""1175111""",5,8,353,"25.8%","$20,358","$1,950","$0","$624","$0","$1,861","$3,713","$0","$0","N/A","$28,506"
"Redding School District","=""1170011""","Redding Elementary School","=""1170111""","PK",4,511,"21.5%","$19,054","$1,239","$0","$490","$0","$1,292","$2,678","$0","$0","N/A","$24,752"
"Regional School District 01","=""2010012""","Housatonic Valley Regional High School","=""2016112""",9,12,308,"39.9%","$19,991","$1,921","$238","$610","$1,614","$2,429","$5,134","$246","$507","N/A","$32,690"
"Regional School District 04","=""2040012""","John Winthrop Middle School","=""2045112""",7,8,223,"39.0%","$14,744","$2,654","$0","$406","$35","$2,778","$6,384","$0","$0","N/A","$27,001"
"Regional School District 04","=""2040012""","Valley Regional High School","=""2046112""",9,12,483,"38.7%","$13,602","$2,255","$0","$317","$24","$2,013","$2,804","$0","$0","N/A","$21,016"
"Regional School District 05","=""2050012""","Amity Middle School: Bethany","=""2055112""",7,8,352,"24.7%","$11,931","$2,710","$462","$461","$330","$2,097","$2,284","$44","$154","N/A","$20,473"
"Regional School District 05","=""2050012""","Amity Middle School: Orange","=""2055212""",7,8,359,"23.1%","$10,468","$3,039","$461","$452","$330","$1,990","$1,822","$44","$151","N/A","$18,759"
"Regional School District 05","=""2050012""","Amity Regional High School","=""2056112""",9,12,1364,"23.7%","$10,815","$2,571","$452","$224","$330","$1,748","$1,768","$131","$760","N/A","$18,798"
"Regional School District 06","=""2060012""","Goshen Center School","=""2060112""","PK",5,144,"38.2%","$10,285","$2,996","$206","$45","$1,379","$1,691","$1,977","$0","$0","N/A","$18,579"
"Regional School District 06","=""2060012""","James Morris School","=""2060212""","PK",5,111,"43.2%","$14,151","$2,753","$190","$43","$1,379","$1,168","$1,883","$0","$0","N/A","$21,568"
"Regional School District 06","=""2060012""","Wamogo Regional High School","=""2066112""",9,12,379,"36.1%","$14,596","$1,720","$101","$47","$1,452","$1,291","$2,469","$1","$1,213","N/A","$22,890"
"Regional School District 06","=""2060012""","Wamogo Regional Middle School","=""2060512""",6,8,152,"32.9%","$6,235","$1,690","$0","$0","$0","$137","$1,555","$0","$0","N/A","$9,617"
"Regional School District 06","=""2060012""","Warren Elementary School","=""2060312""","PK",5,54,"40.7%","$16,221","$2,761","$196","$58","$1,379","$2,469","$3,698","$0","$135","N/A","$26,917"
"Regional School District 07","=""2070012""","Northwestern Regional High School","=""2076112""",9,12,521,"35.9%","$16,402","$1,402","$45","$146","$-0","$1,953","$3,497","$111","$791","N/A","$24,346"
"Regional School District 07","=""2070012""","Northwestern Regional Middle School","=""2075112""",7,8,235,"37.4%","$16,990","$1,490","$14","$111","$-0","$1,569","$3,497","$39","$422","N/A","$24,132"
"Regional School District 08","=""2080012""","RHAM High School","=""2086112""",9,12,779,"26.8%","$11,895","$2,224","$152","$188","$275","$1,194","$2,874","$147","$988","N/A","$19,938"
"Regional School District 08","=""2080012""","RHAM Middle School","=""2085112""",7,8,369,"26.0%","$12,437","$2,737","$152","$247","$364","$1,537","$2,883","$44","$579","N/A","$20,981"
"Regional School District 09","=""2090012""","Joel Barlow High School","=""2096112""",9,12,737,"25.0%","$17,052","$1,383","$0","$733","$0","$1,752","$4,901","$150","$0","N/A","$25,970"
"Regional School District 10","=""2100012""","Har-Bur Middle School","=""2105112""",5,8,660,"29.7%","$10,784","$1,475","$362","$364","$0","$784","$1,721","$8","$0","N/A","$15,499"
"Regional School District 10","=""2100012""","Harwinton Consolidated School","=""2100312""","PK",4,368,"34.8%","$11,405","$1,190","$124","$874","$0","$910","$1,799","$0","$0","N/A","$16,302"
"Regional School District 10","=""2100012""","Lake Garda Elementary School","=""2100212""","PK",4,453,"26.5%","$9,932","$919","$125","$510","$0","$759","$1,356","$0","$0","N/A","$13,601"
"Regional School District 10","=""2100012""","Lewis S. Mills High School","=""2106112""",9,12,627,"23.0%","$11,852","$1,750","$482","$318","$0","$1,287","$2,323","$192","$0","N/A","$18,203"
"Regional School District 11","=""2110012""","Parish Hill High School","=""2116112""",7,12,205,"50.2%","$14,092","$1,678","$0","$336","$856","$2,452","$4,174","$1","$1,590","N/A","$25,180"
"Regional School District 12","=""2120012""","Booth Free School","=""2120212""","K",5,85,"28.2%","$19,131","$2,660","$1,382","$0","$61","$2,146","$3,190","$44","$118","N/A","$28,732"
"Regional School District 12","=""2120012""","Shepaug Valley School","=""2120312""",6,12,496,"30.2%","$15,673","$2,617","$1,086","$0","$80","$1,761","$3,979","$193","$994","N/A","$26,384"
"Regional School District 12","=""2120012""","The Burnham School","=""2120112""","K",5,72,"26.4%","$21,217","$2,682","$1,350","$0","$0","$2,515","$3,277","$54","$149","N/A","$31,244"
"Regional School District 12","=""2120012""","Washington Primary School","=""2120412""","PK",5,139,"31.7%","$16,530","$2,292","$966","$7","$0","$2,161","$3,629","$30","$90","N/A","$25,705"
"Regional School District 13","=""2130012""","Coginchaug Regional High School","=""2136112""",9,12,359,"31.5%","$16,829","$2,883","$144","$302","$145","$1,835","$4,075","$227","$0","N/A","$26,439"
"Regional School District 13","=""2130012""","Frank Ward Strong School","=""2135112""",6,8,310,"37.7%","$13,044","$2,317","$936","$207","$641","$1,136","$3,193","$54","$0","N/A","$21,528"
"Regional School District 13","=""2130012""","Frederick Brewster School","=""2130112""","PK",2,230,"29.1%","$12,660","$4,270","$701","$464","$1,522","$1,586","$3,046","$27","$0","N/A","$24,277"
"Regional School District 13","=""2130012""","John Lyman School","=""2130512""","K",4,174,"28.2%","$13,171","$2,927","$844","$468","$1,600","$1,943","$3,412","$16","$0","N/A","$24,381"
"Regional School District 13","=""2130012""","Middlefield Memorial School","=""2130412""",3,5,245,"34.7%","$11,467","$2,653","$669","$323","$1,467","$1,207","$3,194","$10","$0","N/A","$20,991"
"Regional School District 14","=""2140012""","Bethlehem Elementary School","=""2140112""","PK",5,280,"35.7%","$12,971","$2,756","$397","$402","$594","$1,102","$2,621","$9","$0","N/A","$20,851"
"Regional School District 14","=""2140012""","Mitchell Elementary School","=""2140212""","PK",5,327,"41.9%","$12,427","$2,424","$416","$374","$597","$942","$2,474","$16","$0","N/A","$19,670"
"Regional School District 14","=""2140012""","Nonnewaug High School","=""2146112""",9,12,652,"33.1%","$13,451","$1,798","$404","$233","$723","$1,490","$2,734","$13","$0","N/A","$20,847"
"Regional School District 14","=""2140012""","Woodbury Middle School","=""2145112""",6,8,313,"39.3%","$12,531","$2,497","$405","$403","$1,058","$1,494","$3,103","$2","$0","N/A","$21,492"
"Regional School District 15","=""2150012""","Gainfield Elementary School","=""2150412""","PK",5,347,"29.7%","$12,434","$1,363","$168","$542","$2","$1,324","$1,870","$1","$18","N/A","$17,722"
"Regional School District 15","=""2150012""","Long Meadow Elementary School","=""2150712""","PK",5,528,"31.3%","$12,041","$2,290","$274","$356","$2","$1,406","$2,190","$1","$7","N/A","$18,567"
"Regional School District 15","=""2150012""","Memorial Middle School","=""2155212""",6,8,408,"25.7%","$11,748","$1,469","$225","$409","$2","$1,643","$2,155","$83","$489","N/A","$18,224"
"Regional School District 15","=""2150012""","Middlebury Elementary School","=""2150612""","PK",5,320,"37.2%","$13,375","$1,623","$203","$589","$2","$1,430","$2,077","$1","$15","N/A","$19,316"
"Regional School District 15","=""2150012""","Pomperaug Elementary School","=""2150512""","PK",5,422,"28.0%","$12,254","$1,987","$303","$465","$2","$1,178","$1,710","$1","$15","N/A","$17,915"
"Regional School District 15","=""2150012""","Pomperaug Regional High School","=""2156212""",9,12,995,"29.2%","$13,281","$1,560","$222","$346","$0","$1,605","$2,577","$93","$908","N/A","$20,592"
"Regional School District 15","=""2150012""","Rochambeau Middle School","=""2155112""",6,8,387,"29.2%","$12,715","$1,549","$206","$431","$2","$1,716","$2,242","$83","$468","N/A","$19,412"
"Regional School District 16","=""2160012""","Laurel Ledge School","=""2160112""","K",5,295,"44.7%","$11,813","$1,260","$152","$967","$0","$964","$2,700","$0","$0","N/A","$17,857"
"Regional School District 16","=""2160012""","Long River Middle School","=""2165112""",6,8,434,"40.3%","$11,895","$1,537","$152","$873","$0","$875","$1,808","$0","$101","N/A","$17,242"
"Regional School District 16","=""2160012""","Prospect Elementary School","=""2160512""","PK",5,605,"37.4%","$10,912","$1,220","$153","$587","$0","$851","$1,266","$0","$0","N/A","$14,990"
"Regional School District 16","=""2160012""","Woodland Regional High School","=""2166012""",9,12,590,"29.5%","$11,511","$1,566","$154","$1,159","$0","$1,708","$2,323","$0","$874","N/A","$19,296"
"Regional School District 17","=""2170012""","Burr District Elementary School","=""2170212""","K",3,297,"29.6%","$9,635","$2,262","$16","$485","$1","$915","$1,438","$0","$0","N/A","$14,753"
"Regional School District 17","=""2170012""","Haddam-Killingworth High School","=""2176112""",9,12,518,"24.7%","$14,213","$2,200","$20","$488","$1","$1,094","$3,272","$112","$0","N/A","$21,400"
"Regional School District 17","=""2170012""","Haddam-Killingworth Intermediate School","=""2170512""",4,5,280,"27.9%","$13,285","$787","$28","$281","$1","$784","$44","$0","$0","N/A","$15,210"
"Regional School District 17","=""2170012""","Haddam-Killingworth Middle School","=""2175112""",6,8,395,"27.1%","$13,503","$1,517","$44","$236","$1","$1,236","$2,931","$27","$0","N/A","$19,494"
"Regional School District 17","=""2170012""","Killingworth Elementary School","=""2170312""","PK",3,269,"29.7%","$9,823","$5,593","$17","$496","$1","$1,016","$1,876","$0","$0","N/A","$18,823"
"Regional School District 18","=""2180012""","Center School","=""2180312""","PK","PK",99,"15.2%","$12,206","$1,523","$325","$2","$591","$412","$5,188","$0","$0","N/A","$20,247"
"Regional School District 18","=""2180012""","Lyme Consolidated School","=""2180112""","K",5,215,"33.0%","$12,186","$1,380","$325","$194","$487","$1,815","$2,603","$33","$0","N/A","$19,022"
"Regional School District 18","=""2180012""","Lyme-Old Lyme High School","=""2186112""",9,12,392,"26.3%","$13,083","$1,904","$325","$452","$692","$2,203","$3,832","$526","$0","N/A","$23,017"
"Regional School District 18","=""2180012""","Lyme-Old Lyme Middle School","=""2185112""",6,8,272,"23.9%","$13,966","$1,748","$325","$324","$927","$2,020","$3,964","$109","$0","N/A","$23,383"
"Regional School District 18","=""2180012""","Mile Creek School","=""2180212""","K",5,311,"26.4%","$11,083","$1,334","$325","$522","$418","$1,345","$2,132","$25","$0","N/A","$17,186"
"Regional School District 19","=""2190012""","E. O. Smith High School","=""2196112""",9,12,1033,"36.5%","$12,894","$1,517","$24","$174","$0","$1,416","$323","$160","$1,026","N/A","$17,534"
"Ridgefield School District","=""1180011""","Barlow Mountain Elementary School","=""1180811""","PK",5,377,"30.5%","$13,251","$0","$954","$404","$523","$1,557","$2,478","$0","$0","N/A","$19,167"
"Ridgefield School District","=""1180011""","Branchville Elementary School","=""1180611""","PK",5,335,"23.6%","$14,190","$0","$954","$408","$523","$1,563","$1,998","$0","$0","N/A","$19,636"
"Ridgefield School District","=""1180011""","East Ridge Middle School","=""1185111""",6,8,481,"23.9%","$15,190","$99","$954","$333","$523","$1,349","$2,872","$0","$1","N/A","$21,322"
"Ridgefield School District","=""1180011""","Farmingville Elementary School","=""1180411""","PK",5,321,"19.9%","$14,216","$0","$954","$408","$523","$1,563","$1,768","$0","$0","N/A","$19,431"
"Ridgefield School District","=""1180011""","Ridgebury Elementary School","=""1180311""","PK",5,351,"26.8%","$13,962","$0","$954","$408","$523","$1,563","$2,389","$0","$0","N/A","$19,799"
"Ridgefield School District","=""1180011""","Ridgefield High School","=""1186111""",9,12,1420,"20.3%","$14,762","$1,242","$976","$135","$532","$1,199","$3,262","$161","$1,016","N/A","$23,284"
"Ridgefield School District","=""1180011""","Scotland Elementary School","=""1180511""","PK",5,333,"19.8%","$14,612","$0","$954","$409","$523","$1,561","$1,941","$0","$0","N/A","$19,999"
"Ridgefield School District","=""1180011""","Scotts Ridge Middle School","=""1185211""",6,8,527,"22.6%","$14,685","$93","$954","$293","$523","$1,230","$3,200","$0","$5","N/A","$20,983"
"Ridgefield School District","=""1180011""","Veterans Park Elementary School","=""1180211""","PK",5,241,"23.7%","$14,772","$0","$954","$408","$523","$1,563","$2,046","$0","$0","N/A","$20,266"
"Rocky Hill School District","=""1190011""","Albert D. Griswold Middle School","=""1195111""",6,8,614,"34.0%","$12,029","$1,020","$277","$260","$319","$1,129","$1,565","$19","$0","N/A","$16,617"
"Rocky Hill School District","=""1190011""","Moser School","=""1190611""",4,5,382,"38.5%","$11,585","$1,323","$172","$460","$402","$1,099","$1,526","$0","$0","N/A","$16,567"
"Rocky Hill School District","=""1190011""","Myrtle H. Stevens School","=""1190411""","PK",3,401,"48.4%","$12,301","$1,987","$170","$360","$392","$1,078","$1,558","$0","$0","N/A","$17,846"
"Rocky Hill School District","=""1190011""","Rocky Hill High School","=""1196111""",9,12,717,"33.1%","$13,686","$1,574","$180","$268","$345","$1,146","$2,304","$99","$0","N/A","$19,600"
"Rocky Hill School District","=""1190011""","West Hill School","=""1190511""","PK",3,400,"40.3%","$12,009","$1,788","$172","$289","$358","$1,067","$1,455","$0","$0","N/A","$17,137"
"Salem School District","=""1210011""","Salem Elementary School","=""1210111""","PK",8,383,"33.2%","$9,280","$2,606","$25","$160","$367","$1,724","$2,248","$33","$0","N/A","$16,443"
"Salisbury School District","=""1220011""","Salisbury Central School","=""1220111""","PK",8,303,"31.4%","$18,199","$292","$306","$382","$589","$1,902","$3,040","$97","$0","N/A","$24,806"
"Scotland School District","=""1230011""","Scotland Elementary School","=""1230111""","PK",6,103,"57.3%","$17,098","$1,404","$25","$8","$437","$1,526","$1,897","$6","$0","N/A","$22,400"
"Seymour School District","=""1240011""","Bungay School","=""1240111""","PK",5,480,"53.5%","$10,076","$789","$89","$211","$0","$1,314","$1,347","$1","$0","N/A","$13,826"
"Seymour School District","=""1240011""","Chatfield-LoPresti School","=""1240211""","K",5,536,"59.5%","$9,860","$1,343","$62","$230","$0","$1,303","$1,726","$0","$0","N/A","$14,524"
"Seymour School District","=""1240011""","Seymour High School","=""1246111""",9,12,598,"51.0%","$10,501","$1,185","$114","$12","$451","$1,415","$1,881","$10","$1,087","N/A","$16,657"
"Seymour School District","=""1240011""","Seymour Middle School","=""1245111""",6,8,472,"53.6%","$10,742","$1,351","$55","$20","$446","$1,660","$2,144","$11","$88","N/A","$16,518"
"Sharon School District","=""1250011""","Sharon Center School","=""1250111""","PK",8,106,"50.9%","$27,673","$2,126","$1,352","$95","$597","$3,890","$8,608","$0","$0","N/A","$44,341"
"Shelton School District","=""1260011""","Booth Hill School","=""1261011""","K",4,283,"37.5%","$9,109","$2,140","$66","$381","$7","$1,026","$2,045","$0","$0","N/A","$14,774"
"Shelton School District","=""1260011""","Elizabeth Shelton School","=""1260511""","K",4,425,"40.7%","$8,710","$4,047","$66","$255","$7","$753","$1,733","$0","$0","N/A","$15,571"
"Shelton School District","=""1260011""","Intermediate School","=""1265111""",7,8,752,"47.7%","$10,472","$2,074","$66","$131","$7","$937","$2,309","$0","$0","N/A","$15,996"
"Shelton School District","=""1260011""","Long Hill School","=""1260811""","PK",4,319,"53.9%","$10,710","$2,425","$646","$337","$7","$973","$2,012","$0","$0","N/A","$17,111"
"Shelton School District","=""1260011""","Mohegan School","=""1260911""","PK",4,337,"42.7%","$7,684","$4,051","$66","$198","$7","$881","$1,899","$0","$0","N/A","$14,785"
"Shelton School District","=""1260011""","Perry Hill Elementary School","=""1261111""",5,6,701,"48.8%","$10,258","$2,786","$646","$167","$7","$866","$3,123","$0","$0","N/A","$17,853"
"Shelton School District","=""1260011""","Shelton High School","=""1266111""",9,12,1311,"42.6%","$10,724","$2,415","$66","$95","$7","$1,012","$2,555","$73","$575","N/A","$17,522"
"Shelton School District","=""1260011""","Sunnyside School","=""1260611""","K",4,224,"58.5%","$10,040","$5,411","$646","$216","$7","$1,237","$2,004","$0","$0","N/A","$19,561"
"Sherman School District","=""1270011""","Sherman School","=""1270111""","PK",8,245,"15.1%","$19,005","$644","$324","$1,147","$16","$2,997","$2,758","$0","$513","N/A","$27,405"
"Side By Side Charter School District","=""2700013""","Side By Side Charter School","=""2700113""","PK",8,236,"61.0%","$8,444","$492","$0","$0","$19","$2,528","$1,342","$0","$0","N/A","$12,827"
"Simsbury School District","=""1280011""","Central School","=""1280111""","K",6,403,"28.0%","$11,894","$1,017","$140","$329","$646","$917","$1,483","$0","$0","N/A","$16,426"
"Simsbury School District","=""1280011""","Henry James Memorial School","=""1285111""",7,8,628,"30.9%","$13,373","$1,927","$40","$329","$782","$1,167","$2,214","$0","$0","N/A","$19,831"
"Simsbury School District","=""1280011""","Latimer Lane School","=""1280611""","K",6,468,"25.0%","$11,118","$1,098","$137","$21","$646","$802","$1,100","$0","$0","N/A","$14,923"
"Simsbury School District","=""1280011""","Simsbury High School","=""1286111""",9,12,1246,"30.5%","$12,264","$2,186","$37","$215","$854","$1,702","$1,468","$128","$845","N/A","$19,698"
"Simsbury School District","=""1280011""","Squadron Line School","=""1280711""","PK",6,703,"27.9%","$12,027","$1,687","$139","$287","$646","$915","$1,594","$0","$0","N/A","$17,296"
"Simsbury School District","=""1280011""","Tariffville School","=""1280311""","K",6,263,"36.9%","$13,721","$1,498","$139","$500","$646","$1,401","$1,815","$0","$0","N/A","$19,721"
"Simsbury School District","=""1280011""","Tootin' Hills School","=""1280411""","K",6,383,"26.1%","$14,098","$1,379","$140","$389","$646","$1,158","$2,326","$0","$0","N/A","$20,136"
"Somers School District","=""1290011""","Mabelle B. Avery Middle School","=""1295111""",6,8,308,"20.1%","$10,728","$1,630","$1,191","$369","$412","$1,617","$2,015","$2","$104","N/A","$18,069"
"Somers School District","=""1290011""","Somers Elementary School","=""1290411""","PK",5,658,"21.1%","$9,365","$1,101","$1,192","$254","$251","$774","$1,074","$0","$14","N/A","$14,025"
"Somers School District","=""1290011""","Somers High School","=""1296111""",9,12,382,"18.6%","$12,936","$2,323","$1,206","$471","$158","$1,517","$1,803","$150","$718","N/A","$21,283"
"South Windsor School District","=""1320011""","Eli Terry School","=""1320711""","K",5,489,"34.2%","$12,796","$2,472","$36","$0","$284","$1,488","$1,306","$8","$0","N/A","$18,391"
"South Windsor School District","=""1320011""","Orchard Hill School","=""1320611""","K",5,641,"38.5%","$9,386","$1,302","$34","$0","$284","$1,281","$1,104","$8","$0","N/A","$13,399"
"South Windsor School District","=""1320011""","Philip R. Smith School","=""1320111""","K",5,475,"31.6%","$11,315","$1,184","$112","$0","$284","$1,525","$1,237","$8","$0","N/A","$15,665"
"South Windsor School District","=""1320011""","Pleasant Valley School","=""1320211""","PK",5,718,"39.0%","$8,977","$1,454","$36","$0","$284","$1,108","$1,257","$8","$0","N/A","$13,125"
"South Windsor School District","=""1320011""","South Windsor High School","=""1326211""",9,12,1381,"27.9%","$11,424","$2,363","$51","$161","$421","$1,639","$1,771","$38","$0","N/A","$17,869"
"South Windsor School District","=""1320011""","Timothy Edwards School","=""1325111""",6,8,1177,"28.9%","$11,057","$1,607","$96","$2","$360","$1,399","$1,495","$6","$0","N/A","$16,022"
"Southington School District","=""1310011""","Flanders Elementary School","=""1311311""","K",5,262,"44.3%","$10,978","$1,562","$245","$0","$410","$1,120","$1,861","$0","$1","N/A","$16,177"
"Southington School District","=""1310011""","John F. Kennedy Middle School","=""1315311""",6,8,659,"33.1%","$13,133","$2,005","$163","$0","$230","$1,091","$1,506","$32","$6","N/A","$18,167"
"Southington School District","=""1310011""","Joseph A. Depaolo Middle School","=""1315111""",6,8,674,"34.7%","$11,427","$1,971","$163","$0","$227","$1,044","$1,436","$21","$145","N/A","$16,437"
"Southington School District","=""1310011""","R. E. Thalberg Elementary School","=""1310911""","K",5,428,"29.9%","$10,322","$1,496","$245","$0","$391","$723","$1,775","$0","$1","N/A","$14,954"
"Southington School District","=""1310011""","South End Elementary School","=""1310711""","K",5,247,"40.9%","$10,174","$1,633","$245","$0","$329","$1,001","$1,765","$0","$1","N/A","$15,148"
"Southington School District","=""1310011""","Southington High School","=""1316211""",9,12,1920,"32.1%","$10,660","$2,047","$250","$0","$210","$1,263","$1,550","$90","$511","N/A","$16,581"
"Southington School District","=""1310011""","Urbin T. Kelley School","=""1311411""","K",5,287,"27.5%","$12,944","$1,588","$519","$0","$324","$1,024","$1,808","$0","$1","N/A","$18,208"
"Southington School District","=""1310011""","Walter A. Derynoski Elementary School","=""1311511""","K",5,591,"38.2%","$10,862","$1,514","$255","$0","$317","$856","$1,462","$0","$1","N/A","$15,267"
"Southington School District","=""1310011""","William H. Hatton Elementary School","=""1310211""","K",5,338,"37.6%","$14,558","$1,614","$245","$0","$338","$1,229","$1,859","$0","$1","N/A","$19,844"
"Southington School District","=""1310011""","William M. Strong Elementary School","=""1310811""","K",5,281,"37.7%","$14,636","$1,593","$245","$0","$307","$1,022","$1,933","$0","$1","N/A","$19,737"
"Southington School District","=""1310011""","Wrinn Integrated Preschool - HES","=""1312011""","PK","PK",46,"67.4%","$2,287","$1,311","$276","$0","$147","$38","$621","$0","$1","N/A","$4,682"
"Southington School District","=""1310011""","Wrinn Integrated Preschool - SES","=""1312111""","PK","PK",53,"66.0%","$1,004","$1,311","$195","$0","$198","$38","$616","$0","$0","N/A","$3,362"
"Southington School District","=""1310011""","Zaya A. Oshana Elementary School","=""1310611""","K",5,254,"33.5%","$10,925","$1,546","$245","$0","$346","$1,064","$1,832","$0","$1","N/A","$15,959"
"Sprague School District","=""1330011""","Sayles School","=""1330111""","PK",8,284,"64.4%","$11,012","$1,006","$8","$0","$547","$913","$1,438","$35","$0","N/A","$14,960"
"Stafford School District","=""1340011""","Stafford Elementary School","=""1340611""",1,5,458,"49.1%","$10,440","$2,061","$1,684","$248","$272","$1,526","$2,247","$0","$0","N/A","$18,478"
"Stafford School District","=""1340011""","Stafford High School","=""1346111""",9,12,375,"44.3%","$11,073","$2,229","$362","$393","$718","$1,910","$1,947","$190","$0","N/A","$18,821"
"Stafford School District","=""1340011""","Stafford Middle School","=""1345211""",6,8,301,"56.8%","$11,487","$1,200","$761","$409","$273","$2,127","$2,125","$17","$0","N/A","$18,397"
"Stafford School District","=""1340011""","West Stafford School","=""1340411""","PK","K",176,"48.3%","$11,425","$2,021","$630","$7","$318","$1,925","$2,074","$0","$0","N/A","$18,402"
"Stamford Charter School for Excellence District","=""2960013""","Stamford Charter School for Excellence","=""2960113""","PK",8,540,"59.6%","$6,175","$1,326","$144","$0","$0","$1,821","$1,695","$0","$24","N/A","$11,186"
"Stamford School District","=""1350011""","Cloonan School","=""1355611""",6,8,511,"74.2%","$13,259","$1,317","$246","$15","$37","$2,019","$2,155","$20","$0","N/A","$19,068"
"Stamford School District","=""1350011""","Davenport Ridge School","=""1352011""","K",5,693,"49.6%","$11,081","$673","$227","$15","$37","$1,007","$1,234","$2","$0","N/A","$14,277"
"Stamford School District","=""1350011""","Dolan School","=""1355311""",6,8,591,"66.2%","$11,358","$1,328","$246","$15","$37","$1,697","$1,533","$5","$0","N/A","$16,220"
"Stamford School District","=""1350011""","Hart School","=""1352211""","K",5,598,"64.2%","$13,035","$772","$227","$15","$37","$1,117","$1,270","$0","$0","N/A","$16,475"
"Stamford School District","=""1350011""","Julia A. Stark School","=""1351211""","K",5,611,"71.0%","$12,956","$758","$227","$15","$37","$1,181","$1,443","$0","$0","N/A","$16,618"
"Stamford School District","=""1350011""","K. T. Murphy School","=""1350511""","K",5,402,"75.4%","$13,560","$1,028","$228","$15","$37","$1,776","$1,690","$1","$0","N/A","$18,337"
"Stamford School District","=""1350011""","Newfield School","=""1350611""","K",5,543,"64.5%","$14,517","$655","$227","$15","$37","$1,324","$1,402","$0","$0","N/A","$18,178"
"Stamford School District","=""1350011""","Northeast School","=""1351811""","K",5,475,"53.5%","$15,447","$1,064","$227","$15","$37","$1,532","$1,471","$0","$0","N/A","$19,794"
"Stamford School District","=""1350011""","Rippowam Middle School","=""1355811""",6,8,675,"71.9%","$12,684","$1,971","$246","$15","$37","$1,606","$2,341","$35","$0","N/A","$18,935"
"Stamford School District","=""1350011""","Rogers International School","=""1350811""","K",8,770,"52.9%","$10,707","$838","$227","$15","$37","$1,042","$1,446","$11","$0","N/A","$14,323"
"Stamford School District","=""1350011""","Roxbury School","=""1350911""","K",5,545,"66.1%","$13,552","$956","$227","$15","$246","$1,276","$1,511","$2","$0","N/A","$17,784"
"Stamford School District","=""1350011""","Scofield Middle School","=""1355711""",6,8,612,"52.9%","$11,392","$1,237","$246","$15","$37","$1,291","$1,532","$16","$0","N/A","$15,767"
"Stamford School District","=""1350011""","Springdale School","=""1351111""","K",5,580,"69.3%","$12,138","$611","$227","$15","$37","$1,254","$1,296","$1","$0","N/A","$15,580"
"Stamford School District","=""1350011""","Stamford High School","=""1356111""",9,12,2121,"65.4%","$11,498","$1,230","$376","$80","$37","$1,342","$1,273","$55","$0","N/A","$15,892"
"Stamford School District","=""1350011""","Stillmeadow School","=""1352111""","K",5,604,"66.4%","$13,341","$992","$227","$15","$37","$1,551","$1,382","$0","$0","N/A","$17,547"
"Stamford School District","=""1350011""","Strawberry Hill an ext. of Rogers International","=""1350711""","K",8,797,"49.9%","$11,999","$589","$227","$15","$37","$1,190","$1,170","$3","$0","N/A","$15,231"
"Stamford School District","=""1350011""","The Academy of Information, Technology & Engineering","=""1356411""",9,12,630,"53.0%","$11,208","$1,403","$376","$18","$37","$1,755","$1,421","$6","$0","N/A","$16,224"
"Stamford School District","=""1350011""","Toquam Magnet School","=""1351911""","K",5,549,"76.5%","$12,761","$983","$227","$15","$218","$1,385","$1,568","$55","$0","N/A","$17,213"
"Stamford School District","=""1350011""","Turn of River School","=""1355511""",6,8,624,"67.6%","$12,723","$1,581","$246","$15","$37","$1,583","$1,649","$4","$0","N/A","$17,839"
"Stamford School District","=""1350011""","Westhill High School","=""1356311""",9,12,2259,"66.4%","$11,460","$1,365","$376","$84","$37","$1,289","$1,381","$71","$0","N/A","$16,064"
"Stamford School District","=""1350011""","Westover School","=""1351411""","K",5,521,"68.1%","$15,371","$993","$227","$15","$37","$1,798","$1,638","$2","$0","N/A","$20,082"
"Sterling School District","=""1360011""","Sterling Community School","=""1360311""","PK",8,319,"45.8%","$12,758","$402","$382","$72","$1,011","$1,245","$1,968","$0","$138","N/A","$17,975"
"Stonington School District","=""1370011""","Deans Mill School","=""1370511""","PK",5,423,"22.9%","$11,951","$699","$118","$149","$26","$1,155","$1,080","$4","$275","N/A","$15,458"
"Stonington School District","=""1370011""","Stonington High School","=""1376111""",9,12,556,"30.8%","$10,745","$1,641","$120","$229","$42","$1,437","$1,809","$228","$2,459","N/A","$18,710"
"Stonington School District","=""1370011""","Stonington Middle School","=""1375211""",6,8,394,"36.8%","$14,099","$1,142","$553","$581","$0","$1,301","$2,426","$14","$626","N/A","$20,742"
"Stonington School District","=""1370011""","West Vine Street School","=""1370611""","PK",5,348,"51.7%","$14,057","$1,891","$142","$181","$0","$1,407","$1,387","$12","$329","N/A","$19,406"
"Stratford School District","=""1380011""","Bunnell High School","=""1386211""",9,12,1057,"52.9%","$9,365","$2,277","$280","$172","$0","$1,062","$1,153","$0","$552","N/A","$14,860"
"Stratford School District","=""1380011""","Chapel School","=""1380311""","K",6,283,"46.6%","$12,493","$1,814","$236","$314","$0","$1,695","$1,420","$0","$0","N/A","$17,971"
"Stratford School District","=""1380011""","David Wooster Middle School","=""1385211""",7,8,547,"61.8%","$9,571","$2,349","$374","$16","$0","$1,075","$1,421","$0","$45","N/A","$14,851"
"Stratford School District","=""1380011""","Eli Whitney School","=""1381311""","K",6,489,"47.4%","$9,929","$1,814","$236","$310","$0","$1,037","$1,043","$0","$0","N/A","$14,368"
"Stratford School District","=""1380011""","Franklin School","=""1380411""","K",6,267,"70.4%","$10,162","$1,814","$236","$312","$0","$1,769","$1,183","$0","$0","N/A","$15,475"
"Stratford School District","=""1380011""","Harry B. Flood Middle School","=""1385311""",7,8,471,"58.4%","$10,782","$2,375","$374","$16","$0","$1,199","$2,094","$0","$56","N/A","$16,896"
"Stratford School District","=""1380011""","Johnson House Elementary School","=""1381511""","K",6,545,"73.0%","$10,298","$1,814","$236","$310","$0","$928","$1,132","$0","$0","N/A","$14,718"
"Stratford School District","=""1380011""","Lordship School","=""1380811""","K",6,176,"49.4%","$11,099","$1,814","$236","$313","$0","$2,582","$1,480","$0","$0","N/A","$17,524"
"Stratford School District","=""1380011""","Nichols School","=""1380911""","K",6,408,"53.9%","$10,159","$1,814","$236","$305","$0","$1,232","$1,030","$0","$0","N/A","$14,776"
"Stratford School District","=""1380011""","Second Hill Lane School","=""1381011""","K",6,597,"62.8%","$7,981","$1,814","$236","$310","$0","$918","$924","$0","$0","N/A","$12,183"
"Stratford School District","=""1380011""","Stratford High School","=""1386111""",9,12,1131,"54.6%","$9,120","$2,112","$280","$164","$0","$996","$1,338","$0","$500","N/A","$14,509"
"Stratford School District","=""1380011""","Victoria Soto Preschool","=""1382211""","PK","PK",193,"62.2%","$3,411","$1,715","$120","$12","$0","$185","$1,220","$0","$0","N/A","$6,664"
"Stratford School District","=""1380011""","Wilcoxson School","=""1381411""","K",6,352,"44.6%","$9,840","$1,814","$236","$310","$0","$1,374","$991","$0","$0","N/A","$14,565"
"Suffield School District","=""1390011""","A. Ward Spaulding School","=""1390411""","PK",2,461,"32.8%","$11,397","$1,144","$207","$18","$55","$1,102","$1,036","$0","$0","N/A","$14,959"
"Suffield School District","=""1390011""","McAlister Intermediate School","=""1390311""",3,5,446,"27.6%","$10,527","$1,159","$60","$23","$55","$1,133","$1,343","$0","$0","N/A","$14,301"
"Suffield School District","=""1390011""","Suffield High School","=""1396111""",9,12,683,"28.3%","$12,781","$1,710","$58","$16","$55","$1,288","$1,839","$7","$843","N/A","$18,597"
"Suffield School District","=""1390011""","Suffield Middle School","=""1395111""",6,8,433,"27.5%","$14,047","$1,865","$49","$29","$55","$1,324","$1,627","$0","$120","N/A","$19,116"
"The Bridge Academy District","=""2690013""","The Bridge Academy","=""2696113""",7,12,281,"87.5%","$9,034","$4,007","$482","$0","$0","$2,932","$1,218","$89","$0","N/A","$17,762"
"Thomaston School District","=""1400011""","Black Rock School","=""1400111""","PK",3,268,"45.1%","$11,471","$925","$37","$97","$61","$1,044","$1,785","$0","$32","N/A","$15,452"
"Thomaston School District","=""1400011""","Thomaston Center School","=""1400211""",4,6,197,"47.7%","$9,796","$1,198","$50","$167","$61","$1,330","$3,120","$0","$38","N/A","$15,760"
"Thomaston School District","=""1400011""","Thomaston High School","=""1406211""",7,12,295,"42.7%","$14,125","$1,482","$75","$123","$61","$2,507","$2,898","$160","$273","N/A","$21,704"
"Thompson School District","=""1410011""","Mary R. Fisher Elementary School","=""1410111""","PK",4,381,"54.6%","$10,212","$484","$50","$482","$220","$342","$78","$0","$0","N/A","$11,866"
"Thompson School District","=""1410011""","Thompson Middle School","=""1415111""",5,8,270,"55.6%","$9,385","$1,359","$0","$0","$43","$1,506","$142","$0","$0","N/A","$12,435"
"Thompson School District","=""1410011""","Tourtellotte Memorial High School","=""1416111""",9,12,215,"51.6%","$21,518","$3,411","$0","$540","$130","$1,068","$0","$0","$0","N/A","$26,667"
"Tolland School District","=""1420011""","Birch Grove Primary School","=""1420111""","PK",2,552,"31.2%","$8,937","$1,239","$0","$222","$0","$911","$433","$0","$0","N/A","$11,742"
"Tolland School District","=""1420011""","Tolland High School","=""1426111""",9,12,700,"24.3%","$10,755","$1,000","$0","$144","$0","$821","$488","$145","$191","N/A","$13,543"
"Tolland School District","=""1420011""","Tolland Intermediate School","=""1420211""",3,5,470,"30.0%","$10,559","$1,402","$0","$261","$0","$1,073","$700","$0","$0","N/A","$13,996"
"Tolland School District","=""1420011""","Tolland Middle School","=""1425111""",6,8,460,"25.9%","$13,162","$1,180","$0","$360","$0","$1,220","$825","$29","$15","N/A","$16,790"
"Torrington School District","=""1430011""","Forbes School","=""1430211""",4,5,302,"78.1%","$14,743","$2,212","$165","$451","$2","$1,401","$844","$0","$0","N/A","$19,818"
"Torrington School District","=""1430011""","Southwest School","=""1430811""",4,5,305,"81.3%","$12,986","$2,026","$165","$244","$2","$1,435","$851","$0","$0","N/A","$17,708"
"Torrington School District","=""1430011""","Torringford School","=""1430911""","K",3,623,"71.4%","$12,068","$688","$161","$220","$2","$1,231","$1,383","$0","$0","N/A","$15,753"
"Torrington School District","=""1430011""","Torrington High School","=""1436111""",9,12,1012,"72.6%","$11,615","$2,686","$165","$284","$43","$1,344","$1,100","$0","$0","N/A","$17,238"
"Torrington School District","=""1430011""","Torrington Middle School","=""1435111""",6,8,969,"75.3%","$11,947","$1,382","$379","$1","$5","$1,227","$884","$0","$0","N/A","$15,827"
"Torrington School District","=""1430011""","Vogel-Wetmore School","=""1431311""","K",3,576,"80.9%","$11,510","$602","$161","$248","$9","$1,458","$1,510","$0","$0","N/A","$15,498"
"Trumbull School District","=""1440011""","Booth Hill School","=""1440111""","K",5,520,"29.2%","$8,549","$2,335","$221","$263","$377","$712","$791","$0","$0","N/A","$13,247"
"Trumbull School District","=""1440011""","Daniels Farm School","=""1440811""","K",5,514,"18.9%","$8,848","$2,269","$221","$230","$377","$728","$791","$0","$0","N/A","$13,465"
"Trumbull School District","=""1440011""","Frenchtown Elementary School","=""1441011""","K",5,493,"39.6%","$9,485","$2,435","$221","$296","$377","$1,143","$791","$0","$0","N/A","$14,748"
"Trumbull School District","=""1440011""","Hillcrest Middle School","=""1445211""",6,8,770,"31.6%","$9,534","$2,854","$221","$203","$377","$739","$791","$0","$0","N/A","$14,719"
"Trumbull School District","=""1440011""","Jane Ryan School","=""1440411""","K",5,463,"27.0%","$9,475","$2,360","$221","$273","$377","$791","$791","$0","$0","N/A","$14,288"
"Trumbull School District","=""1440011""","Madison Middle School","=""1445111""",6,8,821,"30.8%","$9,454","$2,716","$221","$191","$377","$782","$791","$0","$0","N/A","$14,531"
"Trumbull School District","=""1440011""","Middlebrook School","=""1440311""","K",5,481,"38.5%","$10,010","$2,344","$221","$330","$377","$1,145","$791","$0","$0","N/A","$15,217"
"Trumbull School District","=""1440011""","Tashua School","=""1440911""","K",5,419,"22.4%","$9,510","$2,376","$221","$302","$377","$892","$791","$0","$0","N/A","$14,468"
"Trumbull School District","=""1440011""","Trumbull High School","=""1446111""",9,12,2155,"28.2%","$10,512","$4,011","$221","$62","$377","$730","$791","$72","$0","N/A","$16,775"
"Union School District","=""1450011""","Union School","=""1450111""","PK",8,51,"27.5%","$14,608","$3,395","$90","$122","$1,774","$0","$2,986","$14","$0","N/A","$22,989"
"Vernon School District","=""1460011""","Center Road School","=""1461411""","PK",5,451,"54.3%","$10,156","$1,653","$229","$77","$585","$703","$500","$0","$19","N/A","$13,922"
"Vernon School District","=""1460011""","Lake Street School","=""1460111""","K",5,242,"54.1%","$11,708","$1,768","$228","$134","$585","$1,076","$410","$0","$28","N/A","$15,936"
"Vernon School District","=""1460011""","Maple Street School","=""1460211""","K",5,257,"75.9%","$11,806","$1,754","$228","$125","$585","$1,051","$637","$0","$38","N/A","$16,224"
"Vernon School District","=""1460011""","Northeast School","=""1460311""","PK",5,249,"64.7%","$10,966","$1,739","$228","$13","$585","$1,087","$611","$0","$30","N/A","$15,259"
"Vernon School District","=""1460011""","Rockville High School","=""1466111""",9,12,975,"57.4%","$9,996","$1,568","$30","$48","$614","$1,022","$591","$111","$479","N/A","$14,459"
"Vernon School District","=""1460011""","Skinner Road School","=""1461011""","PK",5,317,"56.2%","$11,369","$1,811","$232","$7","$585","$863","$790","$0","$29","N/A","$15,685"
"Vernon School District","=""1460011""","Vernon Center Middle School","=""1465111""",6,8,684,"67.3%","$9,715","$1,727","$3","$53","$614","$1,079","$581","$24","$117","N/A","$13,911"
"Voluntown School District","=""1470011""","Voluntown Elementary School","=""1470111""","PK",8,235,"42.6%","$12,268","$2,532","$33","$1,177","$70","$1,017","$2,851","$0","$49","N/A","$19,997"
"Wallingford School District","=""1480011""","Cook Hill School","=""1481011""","PK",2,374,"48.9%","$14,206","$2,295","$244","$440","$195","$1,209","$1,222","$1","$0","N/A","$19,812"
"Wallingford School District","=""1480011""","Dag Hammarskjold Middle School","=""1485211""",6,8,564,"42.9%","$13,359","$1,819","$326","$343","$196","$1,227","$1,383","$12","$143","N/A","$18,809"
"Wallingford School District","=""1480011""","Evarts C. Stevens School","=""1480911""","PK",2,315,"48.6%","$13,335","$777","$244","$441","$195","$1,267","$1,159","$1","$0","N/A","$17,418"
"Wallingford School District","=""1480011""","Highland School","=""1480211""","PK",2,315,"36.2%","$13,152","$1,164","$244","$442","$195","$1,355","$1,339","$1","$0","N/A","$17,892"
"Wallingford School District","=""1480011""","James H. Moran Middle School","=""1485311""",6,8,528,"44.5%","$14,184","$1,757","$326","$379","$198","$1,337","$1,350","$13","$141","N/A","$19,686"
"Wallingford School District","=""1480011""","Lyman Hall High School","=""1486111""",9,12,932,"45.8%","$13,462","$1,524","$108","$214","$267","$1,300","$1,351","$104","$982","N/A","$19,313"
"Wallingford School District","=""1480011""","Mark T. Sheehan High School","=""1486211""",9,12,724,"41.3%","$11,986","$1,754","$108","$280","$267","$1,592","$1,890","$164","$1,164","N/A","$19,205"
"Wallingford School District","=""1480011""","Mary G. Fritz Elementary School of Yalesville","=""1480811""",3,5,265,"37.7%","$12,422","$1,580","$244","$443","$195","$1,445","$1,418","$1","$0","N/A","$17,748"
"Wallingford School District","=""1480011""","Moses Y. Beach School","=""1480111""","PK",2,329,"47.1%","$14,719","$595","$244","$442","$195","$1,214","$1,133","$1","$0","N/A","$18,543"
"Wallingford School District","=""1480011""","Parker Farms School","=""1480311""",3,5,241,"52.7%","$13,006","$2,210","$244","$443","$195","$1,627","$1,518","$1","$0","N/A","$19,244"
"Wallingford School District","=""1480011""","Pond Hill School","=""1481211""",3,5,268,"55.2%","$12,204","$1,525","$244","$444","$195","$1,522","$1,439","$1","$0","N/A","$17,573"
"Wallingford School District","=""1480011""","Rock Hill School","=""1480411""",3,5,300,"45.7%","$12,243","$1,219","$244","$443","$195","$1,340","$1,471","$1","$0","N/A","$17,154"
"Waterbury School District","=""1510011""","B. W. Tinker School","=""1512111""","K",5,578,"85.1%","$7,970","$549","$2","$130","$5,088","$683","$1,140","$0","$402","N/A","$15,964"
"Waterbury School District","=""1510011""","Bucks Hill School","=""1510511""","PK",5,277,"88.8%","$12,423","$635","$2","$140","$5,549","$1,687","$1,140","$0","$264","N/A","$21,840"
"Waterbury School District","=""1510011""","Bunker Hill School","=""1510611""","PK",5,462,"86.8%","$9,073","$395","$2","$180","$5,380","$1,010","$1,140","$0","$193","N/A","$17,373"
"Waterbury School District","=""1510011""","Carrington School","=""1512711""","PK",8,453,"75.3%","$7,799","$132","$2","$280","$5,302","$943","$1,140","$0","$162","N/A","$15,760"
"Waterbury School District","=""1510011""","Crosby High School","=""1516211""",9,12,1452,"90.3%","$8,470","$480","$2","$130","$5,312","$526","$1,140","$0","$310","N/A","$16,370"
"Waterbury School District","=""1510011""","Driggs School","=""1510911""","PK",5,452,"89.2%","$6,990","$515","$2","$243","$5,389","$888","$1,140","$0","$251","N/A","$15,418"
"Waterbury School District","=""1510011""","Duggan School","=""1511611""","PK",8,410,"92.4%","$10,655","$527","$2","$184","$5,331","$1,035","$1,140","$0","$263","N/A","$19,139"
"Waterbury School District","=""1510011""","F. J. Kingsbury School","=""1511411""","K",5,423,"88.7%","$8,384","$374","$2","$167","$5,090","$963","$1,140","$0","$185","N/A","$16,305"
"Waterbury School District","=""1510011""","Gilmartin School","=""1512611""","PK",8,482,"86.7%","$9,109","$382","$2","$178","$5,089","$613","$1,140","$0","$217","N/A","$16,729"
"Waterbury School District","=""1510011""","H. S. Chase School","=""1510711""","PK",5,585,"83.4%","$9,793","$459","$2","$170","$5,300","$939","$1,140","$0","$125","N/A","$17,927"
"Waterbury School District","=""1510011""","Hopeville School","=""1511311""","K",5,284,"93.3%","$13,039","$768","$2","$185","$5,088","$1,310","$1,140","$0","$285","N/A","$21,815"
"Waterbury School District","=""1510011""","John F. Kennedy High School","=""1516411""",9,12,1391,"89.4%","$9,356","$558","$2","$160","$5,313","$734","$1,140","$0","$433","N/A","$17,696"
"Waterbury School District","=""1510011""","Maloney Interdistrict Magnet School","=""1513111""","PK",5,595,"64.7%","$11,681","$427","$2","$171","$5,091","$421","$1,140","$0","$205","N/A","$19,138"
"Waterbury School District","=""1510011""","Margaret M. Generali Elementary School","=""1511111""","K",5,454,"85.5%","$11,021","$445","$2","$168","$5,089","$828","$1,140","$0","$285","N/A","$18,979"
"Waterbury School District","=""1510011""","Michael F. Wallace Middle School","=""1515111""",4,8,1048,"91.2%","$11,697","$665","$2","$170","$5,546","$857","$1,140","$0","$404","N/A","$20,480"
"Waterbury School District","=""1510011""","North End Middle School","=""1515311""",6,8,734,"91.6%","$13,995","$604","$2","$197","$5,438","$1,186","$1,140","$0","$580","N/A","$23,143"
"Waterbury School District","=""1510011""","Reed School","=""1513411""","PK",8,469,"94.2%","$7,469","$338","$2","$145","$5,089","$644","$1,140","$0","$0","N/A","$14,827"
"Waterbury School District","=""1510011""","Regan School","=""1512811""","K",5,247,"83.4%","$8,374","$132","$2","$179","$5,359","$909","$1,140","$0","$0","N/A","$16,095"
"Waterbury School District","=""1510011""","Roberto Clemente International Dual Language School","=""1517311""","PK",3,216,"83.8%","$6,495","$603","$2","$130","$5,174","$1,082","$1,140","$0","$413","N/A","$15,039"
"Waterbury School District","=""1510011""","Rotella Interdistrict Magnet School","=""1513311""","PK",5,614,"67.9%","$11,837","$321","$2","$167","$5,087","$404","$1,140","$0","$179","N/A","$19,138"
"Waterbury School District","=""1510011""","Sprague School","=""1512011""","PK",5,395,"92.4%","$8,256","$298","$2","$130","$5,091","$1,054","$1,140","$0","$328","N/A","$16,298"
"Waterbury School District","=""1510011""","Walsh School","=""1512211""","PK",5,346,"93.6%","$10,739","$609","$2","$309","$5,459","$863","$1,140","$0","$294","N/A","$19,416"
"Waterbury School District","=""1510011""","Washington School","=""1512311""","PK",5,295,"90.5%","$7,092","$519","$2","$211","$5,095","$796","$1,140","$0","$282","N/A","$15,136"
"Waterbury School District","=""1510011""","Waterbury Arts Magnet School","=""1516011""",6,12,821,"74.1%","$13,352","$538","$2","$130","$5,166","$627","$1,140","$0","$394","N/A","$21,348"
"Waterbury School District","=""1510011""","Waterbury Career Academy","=""1516711""","PK",12,755,"81.9%","$12,797","$220","$2","$130","$5,246","$33","$1,140","$0","$0","N/A","$19,568"
"Waterbury School District","=""1510011""","Wendell L. Cross School","=""1510811""","PK",8,612,"77.8%","$7,505","$237","$2","$166","$5,090","$738","$1,140","$0","$239","N/A","$15,118"
"Waterbury School District","=""1510011""","West Side Middle School","=""1515211""",6,8,799,"90.1%","$13,017","$371","$2","$130","$5,585","$1,037","$1,140","$0","$700","N/A","$21,981"
"Waterbury School District","=""1510011""","Wilby High School","=""1516311""",9,12,1178,"91.6%","$10,848","$461","$2","$175","$5,368","$856","$1,140","$0","$440","N/A","$19,289"
"Waterbury School District","=""1510011""","Woodrow Wilson School","=""1513211""","PK",5,432,"91.4%","$7,991","$535","$2","$159","$5,090","$821","$1,140","$0","$242","N/A","$15,981"
"Waterford School District","=""1520011""","Clark Lane Middle School","=""1525111""",6,8,548,"40.5%","$14,442","$1,955","$69","$56","$981","$808","$1,966","$4","$164","N/A","$20,446"
"Waterford School District","=""1520011""","Great Neck Elementary School","=""1520211""","PK",5,334,"34.4%","$14,499","$1,240","$65","$101","$981","$725","$2,052","$9","$3","N/A","$19,674"
"Waterford School District","=""1520011""","Oswegatchie Elementary School","=""1520611""","PK",5,296,"41.9%","$14,307","$1,240","$66","$86","$981","$800","$2,057","$-2","$3","N/A","$19,538"
"Waterford School District","=""1520011""","Quaker Hill Elementary School","=""1520711""","K",5,341,"40.8%","$15,132","$1,240","$64","$88","$981","$690","$2,031","$8","$3","N/A","$20,237"
"Waterford School District","=""1520011""","Waterford High School","=""1526111""",9,12,713,"39.4%","$14,184","$2,021","$69","$217","$981","$1,723","$2,453","$10","$1,218","N/A","$22,876"
"Watertown School District","=""1530011""","Fletcher W. Judson School","=""1530311""",3,5,289,"43.3%","$10,420","$867","$0","$13","$0","$1,191","$1,592","$0","$0","N/A","$14,083"
"Watertown School District","=""1530011""","John Trumbull Primary School","=""1530211""","PK",2,653,"47.2%","$10,609","$888","$0","$7","$0","$948","$1,348","$0","$0","N/A","$13,800"
"Watertown School District","=""1530011""","Polk School","=""1530411""",3,5,312,"56.4%","$10,902","$889","$0","$13","$0","$1,114","$1,433","$0","$0","N/A","$14,352"
"Watertown School District","=""1530011""","Swift Middle School","=""1535111""",6,8,585,"52.1%","$12,235","$1,211","$2","$265","$0","$1,177","$1,847","$17","$0","N/A","$16,754"
"Watertown School District","=""1530011""","Watertown High School","=""1536111""",9,12,715,"45.9%","$14,175","$1,355","$15","$194","$0","$1,269","$2,191","$100","$0","N/A","$19,299"
"West Hartford School District","=""1550011""","Aiken School","=""1551611""","PK",5,418,"30.1%","$11,561","$954","$460","$409","$233","$1,134","$904","$0","$0","N/A","$15,655"
"West Hartford School District","=""1550011""","Braeburn School","=""1550211""","K",5,345,"28.4%","$12,065","$1,379","$503","$408","$87","$1,182","$988","$0","$0","N/A","$16,612"
"West Hartford School District","=""1550011""","Bristow Middle School","=""1555311""",6,8,312,"42.9%","$13,465","$2,161","$32","$391","$218","$2,938","$1,098","$1","$0","N/A","$20,304"
"West Hartford School District","=""1550011""","Bugbee School","=""1550411""","K",5,365,"23.0%","$11,042","$1,393","$462","$272","$292","$1,195","$1,044","$0","$0","N/A","$15,701"
"West Hartford School District","=""1550011""","Charter Oak International Academy","=""1550511""","PK",5,518,"60.0%","$12,870","$1,932","$391","$279","$87","$951","$806","$0","$0","N/A","$17,315"
"West Hartford School District","=""1550011""","Conard High School","=""1556111""",9,12,1402,"39.0%","$10,456","$1,425","$32","$116","$163","$1,973","$1,179","$1","$697","N/A","$16,043"
"West Hartford School District","=""1550011""","Duffy School","=""1550611""","K",5,504,"23.8%","$11,599","$1,095","$386","$364","$166","$1,055","$826","$0","$0","N/A","$15,492"
"West Hartford School District","=""1550011""","Hall High School","=""1556211""",9,12,1393,"30.9%","$10,613","$1,441","$32","$117","$163","$1,707","$1,190","$1","$754","N/A","$16,018"
"West Hartford School District","=""1550011""","King Philip Middle School","=""1555111""",6,8,801,"37.0%","$12,778","$1,734","$32","$193","$163","$2,116","$1,633","$1","$0","N/A","$18,650"
"West Hartford School District","=""1550011""","Morley School","=""1550911""","K",5,286,"25.5%","$13,785","$1,774","$629","$560","$194","$1,451","$1,140","$0","$0","N/A","$19,532"
"West Hartford School District","=""1550011""","Norfeldt School","=""1551011""","K",5,355,"28.2%","$12,991","$2,121","$524","$476","$176","$1,289","$1,003","$0","$0","N/A","$18,579"
"West Hartford School District","=""1550011""","Sedgwick Middle School","=""1555211""",6,8,876,"40.0%","$12,125","$1,726","$32","$170","$138","$2,116","$1,494","$1","$0","N/A","$17,801"
"West Hartford School District","=""1550011""","Smith School","=""1551711""","PK",5,345,"58.6%","$13,561","$918","$513","$415","$202","$1,264","$1,056","$0","$0","N/A","$17,930"
"West Hartford School District","=""1550011""","Webster Hill School","=""1551211""","PK",5,353,"48.2%","$11,929","$1,388","$493","$485","$200","$1,264","$943","$0","$0","N/A","$16,702"
"West Hartford School District","=""1550011""","Whiting Lane School","=""1551311""","PK",5,375,"54.1%","$18,395","$4,834","$471","$375","$196","$1,354","$1,632","$0","$0","N/A","$27,258"
"West Hartford School District","=""1550011""","Wolcott School","=""1551511""","K",5,367,"51.0%","$14,432","$2,157","$489","$439","$195","$1,250","$977","$0","$0","N/A","$19,940"
"West Haven School District","=""1560011""","Alma E. Pagels School","=""1560811""","PK",4,363,"71.9%","$17,627","$534","$3","$8","$25","$650","$915","$0","$0","N/A","$19,763"
"West Haven School District","=""1560011""","Carrigan 5/6 Intermediate School","=""1565311""",5,6,878,"69.8%","$15,124","$456","$3","$6","$26","$147","$564","$0","$0","N/A","$16,327"
"West Haven School District","=""1560011""","Edith E. Mackrille School","=""1560611""","PK",4,311,"65.9%","$13,131","$478","$3","$9","$29","$729","$849","$0","$0","N/A","$15,228"
"West Haven School District","=""1560011""","Forest School","=""1560311""","PK",4,439,"83.6%","$14,357","$469","$3","$14","$27","$476","$865","$0","$0","N/A","$16,210"
"West Haven School District","=""1560011""","Harry M. Bailey Middle School","=""1565111""",7,8,885,"69.0%","$15,213","$411","$3","$5","$26","$916","$630","$0","$0","N/A","$17,204"
"West Haven School District","=""1560011""","Savin Rock Community School","=""1561411""","PK",4,484,"85.1%","$13,699","$421","$3","$10","$34","$603","$715","$0","$0","N/A","$15,485"
"West Haven School District","=""1560011""","Seth G. Haley School","=""1560411""","PK",4,341,"65.4%","$16,033","$322","$3","$14","$25","$680","$1,000","$0","$0","N/A","$18,078"
"West Haven School District","=""1560011""","Washington School","=""1561211""","PK",4,331,"83.1%","$14,991","$447","$3","$2","$25","$628","$824","$0","$0","N/A","$16,922"
"West Haven School District","=""1560011""","West Haven High School","=""1566111""",9,12,1793,"62.4%","$13,229","$396","$45","$4","$44","$650","$808","$0","$293","N/A","$15,468"
"Westbrook School District","=""1540011""","Daisy Ingraham School","=""1540211""","PK",4,258,"45.7%","$19,139","$544","$153","$475","$0","$1,324","$2,978","$20","$106","N/A","$24,740"
"Westbrook School District","=""1540011""","Westbrook High School","=""1546111""",9,12,176,"56.8%","$21,858","$2,324","$99","$846","$0","$2,238","$4,901","$565","$2,999","N/A","$35,830"
"Westbrook School District","=""1540011""","Westbrook Middle School","=""1545111""",5,8,160,"43.1%","$21,343","$839","$120","$710","$0","$1,885","$3,432","$129","$994","N/A","$29,452"
"Weston School District","=""1570011""","Hurlbutt Elementary School","=""1570111""","PK",2,462,"18.8%","$13,201","$811","$1,119","$485","$469","$1,355","$1,875","$0","$10","N/A","$19,326"
"Weston School District","=""1570011""","Weston High School","=""1576111""",9,12,709,"15.7%","$13,521","$2,200","$1,132","$325","$469","$1,379","$2,133","$147","$1,737","N/A","$23,044"
"Weston School District","=""1570011""","Weston Intermediate School","=""1570211""",3,5,463,"14.9%","$12,722","$708","$1,119","$443","$469","$1,361","$1,617","$0","$47","N/A","$18,486"
"Weston School District","=""1570011""","Weston Middle School","=""1575111""",6,8,519,"17.1%","$14,182","$1,604","$1,122","$440","$469","$1,201","$1,448","$-9","$245","N/A","$20,702"
"Westport School District","=""1580011""","Bedford Middle School","=""1585111""",6,8,747,"17.9%","$14,976","$1,963","$159","$206","$105","$1,961","$1,994","$0","$0","N/A","$21,364"
"Westport School District","=""1580011""","Coleytown Elementary School","=""1580311""","K",5,486,"13.0%","$14,506","$1,785","$221","$240","$241","$1,166","$1,909","$0","$0","N/A","$20,067"
"Westport School District","=""1580011""","Coleytown Middle School","=""1585311""",6,8,486,"15.0%","$14,235","$1,743","$171","$297","$109","$1,972","$2,415","$0","$0","N/A","$20,943"
"Westport School District","=""1580011""","Green's Farms School","=""1580411""","K",5,454,"10.4%","$16,843","$1,910","$224","$279","$111","$1,391","$2,538","$0","$0","N/A","$23,295"
"Westport School District","=""1580011""","King's Highway Elementary School","=""1580511""","K",5,463,"14.0%","$14,823","$1,683","$221","$317","$111","$1,517","$2,280","$0","$0","N/A","$20,953"
"Westport School District","=""1580011""","Long Lots School","=""1580711""","K",5,562,"12.5%","$14,132","$1,789","$222","$277","$114","$1,410","$2,386","$0","$0","N/A","$20,329"
"Westport School District","=""1580011""","Saugatuck Elementary School","=""1580811""","K",5,398,"16.8%","$16,016","$1,628","$229","$371","$111","$1,485","$2,751","$0","$0","N/A","$22,590"
"Westport School District","=""1580011""","Staples High School","=""1586111""",9,12,1626,"17.8%","$14,274","$2,151","$57","$214","$151","$1,861","$2,007","$22","$1,124","N/A","$21,861"
"Wethersfield School District","=""1590011""","Alfred W. Hanmer School","=""1590811""","K",6,308,"46.4%","$13,955","$1,693","$83","$0","$382","$968","$22","$0","$3","N/A","$17,106"
"Wethersfield School District","=""1590011""","Charles Wright School","=""1591011""","K",6,265,"54.3%","$14,764","$2,058","$83","$0","$423","$1,076","$22","$0","$3","N/A","$18,431"
"Wethersfield School District","=""1590011""","Emerson-Williams School","=""1590211""","K",6,432,"37.3%","$11,742","$1,214","$83","$0","$306","$694","$22","$0","$3","N/A","$14,066"
"Wethersfield School District","=""1590011""","Highcrest School","=""1591111""","K",6,462,"31.4%","$11,522","$1,130","$83","$0","$266","$529","$22","$0","$3","N/A","$13,556"
"Wethersfield School District","=""1590011""","Samuel B. Webb Elementary School","=""1591211""","PK",6,333,"40.8%","$12,986","$2,064","$83","$0","$368","$887","$22","$0","$3","N/A","$16,413"
"Wethersfield School District","=""1590011""","Silas Deane Middle School","=""1595211""",7,8,572,"39.9%","$12,129","$1,165","$83","$0","$431","$954","$22","$0","$6","N/A","$14,791"
"Wethersfield School District","=""1590011""","Wethersfield High School","=""1596111""",9,12,1126,"36.9%","$11,091","$1,403","$83","$0","$250","$689","$114","$0","$760","N/A","$14,390"
"Willington School District","=""1600011""","Center School","=""1600111""","PK",4,214,"45.3%","$11,310","$1,298","$251","$314","$0","$1,056","$1,652","$3","$0","N/A","$15,885"
"Willington School District","=""1600011""","Hall Memorial School","=""1605111""",5,8,178,"46.1%","$17,693","$1,686","$302","$309","$0","$1,583","$2,421","$41","$0","N/A","$24,035"
"Wilton School District","=""1610011""","Cider Mill School","=""1610711""",3,5,822,"21.8%","$12,799","$1,795","$956","$754","$33","$1,119","$1,447","$0","$0","N/A","$18,903"
"Wilton School District","=""1610011""","Middlebrook School","=""1615211""",6,8,833,"22.6%","$14,060","$1,992","$688","$628","$33","$1,332","$1,414","$0","$0","N/A","$20,145"
"Wilton School District","=""1610011""","Miller-Driscoll School","=""1610511""","PK",2,854,"20.0%","$13,083","$2,046","$894","$830","$33","$1,174","$1,318","$0","$0","N/A","$19,377"
"Wilton School District","=""1610011""","Wilton High School","=""1616111""",9,12,1244,"21.4%","$12,448","$2,058","$568","$503","$33","$1,169","$1,750","$187","$0","N/A","$18,715"
"Winchester School District","=""1620011""","Mary P. Hinsdale School","=""1620211""","PK",2,303,"65.0%","$13,068","$2,010","$201","$0","$2","$1,105","$1,191","$0","$0","N/A","$17,577"
"Winchester School District","=""1620011""","Pearson School","=""1625111""",3,6,300,"65.3%","$12,230","$1,599","$191","$0","$2","$1,084","$3,017","$0","$0","N/A","$18,122"
"Windham School District","=""1630011""","Charles H. Barrows STEM Academy","=""1630411""","K",8,554,"56.5%","$12,194","$2,166","$117","$0","$548","$1,546","$1,841","$33","$0","N/A","$18,445"
"Windham School District","=""1630011""","Natchaug School","=""1630111""","K",5,254,"92.1%","$11,223","$3,007","$117","$0","$312","$1,418","$1,671","$11","$0","N/A","$17,759"
"Windham School District","=""1630011""","North Windham School","=""1630311""","K",5,430,"87.0%","$11,337","$2,351","$117","$0","$385","$1,221","$1,462","$17","$0","N/A","$16,890"
"Windham School District","=""1630011""","W. B. Sweeney School","=""1630611""","K",5,213,"93.9%","$14,758","$2,389","$117","$0","$338","$1,718","$1,600","$0","$0","N/A","$20,921"
"Windham School District","=""1630011""","Windham Center School","=""1630511""","K",5,205,"82.0%","$13,977","$2,802","$117","$0","$338","$1,806","$2,041","$0","$0","N/A","$21,080"
"Windham School District","=""1630011""","Windham High School","=""1636111""",9,12,675,"85.9%","$11,877","$2,931","$117","$185","$532","$1,532","$2,905","$18","$0","N/A","$20,097"
"Windham School District","=""1630011""","Windham Middle School","=""1635111""",6,8,565,"86.2%","$11,352","$2,248","$534","$0","$440","$1,772","$2,787","$17","$0","N/A","$19,151"
"Windsor Locks School District","=""1650011""","North Street School","=""1650111""","PK",2,414,"54.8%","$13,497","$1,362","$4","$0","$436","$785","$856","$0","$0","N/A","$16,939"
"Windsor Locks School District","=""1650011""","South Elementary School","=""1650411""",3,5,317,"52.4%","$12,855","$1,362","$4","$0","$510","$1,019","$990","$0","$0","N/A","$16,740"
"Windsor Locks School District","=""1650011""","Windsor Locks High School","=""1656111""",9,12,378,"48.7%","$15,771","$2,520","$4","$0","$699","$1,499","$2,873","$0","$0","N/A","$23,366"
"Windsor Locks School District","=""1650011""","Windsor Locks Middle School","=""1655111""",6,8,315,"53.7%","$14,846","$2,090","$4","$0","$764","$1,730","$1,450","$0","$0","N/A","$20,884"
"Windsor School District","=""1640011""","Clover Street School","=""1640111""",3,5,274,"53.3%","$12,581","$2,168","$599","$340","$1,118","$2,349","$2,560","$0","$870","N/A","$22,584"
"Windsor School District","=""1640011""","John F. Kennedy School","=""1640811""",3,5,388,"53.1%","$11,067","$2,281","$598","$360","$1,118","$1,941","$2,524","$0","$870","N/A","$20,760"
"Windsor School District","=""1640011""","Oliver Ellsworth School","=""1640911""","PK",2,411,"56.4%","$11,860","$2,253","$851","$292","$1,126","$1,914","$2,523","$0","$870","N/A","$21,690"
"Windsor School District","=""1640011""","Poquonock Elementary School","=""1640511""","PK",2,391,"55.2%","$9,994","$2,458","$844","$343","$1,119","$1,881","$2,540","$0","$870","N/A","$20,050"
"Windsor School District","=""1640011""","Sage Park Middle School","=""1645311""",6,8,695,"59.9%","$13,563","$2,137","$604","$262","$1,120","$2,094","$2,687","$24","$878","N/A","$23,368"
"Windsor School District","=""1640011""","Windsor High School","=""1646111""",9,12,1119,"53.6%","$13,062","$2,134","$874","$270","$1,215","$1,742","$2,650","$111","$1,898","N/A","$23,956"
"Wolcott School District","=""1660011""","Alcott School","=""1660611""","PK",5,328,"43.3%","$10,118","$1,030","$0","$200","$0","$853","$2,026","$0","$0","N/A","$14,226"
"Wolcott School District","=""1660011""","Frisbie School","=""1660211""","K",5,271,"46.5%","$10,047","$1,068","$0","$206","$0","$1,033","$1,918","$0","$0","N/A","$14,271"
"Wolcott School District","=""1660011""","Tyrrell Middle School","=""1665111""",6,8,505,"43.2%","$12,743","$792","$0","$198","$0","$1,059","$1,678","$16","$175","N/A","$16,662"
"Wolcott School District","=""1660011""","Wakelee School","=""1660511""","K",5,372,"49.2%","$9,387","$1,008","$0","$172","$0","$756","$1,346","$0","$0","N/A","$12,669"
"Wolcott School District","=""1660011""","Wolcott High School","=""1666111""",9,12,620,"41.6%","$12,476","$1,064","$13","$288","$0","$1,504","$1,526","$131","$790","N/A","$17,791"
"Woodbridge School District","=""1670011""","Beecher Road School","=""1670311""","PK",6,882,"25.9%","$11,573","$1,109","$139","$111","$4","$1,190","$97","$0","$0","N/A","$14,224"
"Woodstock School District","=""1690011""","Woodstock Elementary School","=""1690211""","PK",4,425,"35.5%","$9,785","$1,095","$85","$3","$0","$936","$1,560","$0","$6","N/A","$13,470"
"Woodstock School District","=""1690011""","Woodstock Middle School","=""1695111""",5,8,345,"34.5%","$10,872","$1,399","$20","$100","$0","$1,666","$1,948","$29","$9","N/A","$16,042"

