{"type":"FeatureCollection","features":[{"type":"Feature","properties":{"name":"Colebrook","geoid":"0916016050"},"geometry":{"type":"Polygon","coordinates":[[[-73.1431,41.9886],[-73.129,42.0363],[-73.1273,42.042],[-73.0533,42.0399],[-73.0533,42.0399],[-73.0088,42.0389],[-73.0205,42.0001],[-73.0295,41.9666],[-73.0306,41.9666],[-73.034,41.9663],[-73.0493,41.9651],[-73.0642,41.9639],[-73.0706,41.9636],[-73.0918,41.9625],[-73.1026,41.9623],[-73.1218,41.9613],[-73.1247,41.961],[-73.1515,41.9597],[-73.1431,41.9886]]]}},{"type":"Feature","properties":{"name":"Columbia","geoid":"0911016400"},"geometry":{"type":"Polygon","coordinates":[[[-72.3565,41.7015],[-72.3507,41.7119],[-72.3426,41.7223],[-72.3344,41.7315],[-72.3295,41.7374],[-72.3289,41.7388],[-72.3277,41.7381],[-72.3286,41.7364],[-72.3271,41.7345],[-72.3231,41.7336],[-72.3218,41.7338],[-72.3208,41.7324],[-72.3166,41.732],[-72.3151,41.7311],[-72.3116,41.7317],[-72.307,41.729],[-72.3026,41.7277],[-72.3003,41.7252],[-72.298,41.7262],[-72.2946,41.725],[-72.2848,41.7251],[-72.2845,41.7226],[-72.2824,41.7229],[-72.2825,41.722],[-72.2806,41.7224],[-72.2782,41.7239],[-72.2755,41.7216],[-72.2767,41.7207],[-72.2755,41.7204],[-72.2724,41.7211],[-72.2683,41.72],[-72.2664,41.718],[-72.2648,41.7176],[-72.2615,41.7195],[-72.2592,41.7222],[-72.257,41.7222],[-72.2535,41.721],[-72.2527,41.7219],[-72.2492,41.7232],[-72.2478,41.7219],[-72.2466,41.7229],[-72.2453,41.7205],[-72.2443,41.7171],[-72.2428,41.7164],[-72.2396,41.7142],[-72.2428,41.7133],[-72.2441,41.7144],[-72.245,41.7139],[-72.2433,41.7123],[-72.2457,41.711],[-72.2466,41.7083],[-72.2477,41.7088],[-72.2473,41.7069],[-72.244,41.7065],[-72.246,41.7037],[-72.2474,41.7041],[-72.2512,41.7033],[-72.2514,41.7012],[-72.25,41.6997],[-72.252,41.6991],[-72.2541,41.7005],[-72.2577,41.6998],[-72.2584,41.6984],[-72.2607,41.6986],[-72.2613,41.6953],[-72.2636,41.6933],[-72.2639,41.6918],[-72.2658,41.6909],[-72.2666,41.6907],[-72.2688,41.6924],[-72.2708,41.6915],[-72.2736,41.6929],[-72.2742,41.6922],[-72.2748,41.6907],[-72.2722,41.6886],[-72.2694,41.6857],[-72.2696,41.6847],[-72.2679,41.6815],[-72.2673,41.678],[-72.2661,41.6773],[-72.2675,41.6756],[-72.2675,41.6737],[-72.2684,41.6722],[-72.2684,41.6711],[-72.2787,41.672],[-72.2863,41.6664],[-72.2905,41.6633],[-72.3032,41.6543],[-72.3036,41.654],[-72.3342,41.6436],[-72.344,41.6687],[-72.3515,41.6872],[-72.3564,41.7015],[-72.3565,41.7015]]]}},{"type":"Feature","properties":{"name":"Bloomfield","geoid":"0911005910"},"geometry":{"type":"Polygon","coordinates":[[[-72.7986,41.8249],[-72.7845,41.8266],[-72.7833,41.8269],[-72.7844,41.8333],[-72.7835,41.8366],[-72.7843,41.8378],[-72.7852,41.8434],[-72.7844,41.8557],[-72.7722,41.8782],[-72.7704,41.8808],[-72.7714,41.8851],[-72.7669,41.8959],[-72.7664,41.8983],[-72.7651,41.9026],[-72.7606,41.9057],[-72.761,41.9035],[-72.7556,41.9],[-72.7494,41.8969],[-72.7439,41.8957],[-72.7378,41.8924],[-72.7424,41.8793],[-72.743,41.8774],[-72.7406,41.8768],[-72.728,41.8743],[-72.724,41.8732],[-72.6996,41.868],[-72.6977,41.8675],[-72.6897,41.8662],[-72.6895,41.8601],[-72.689,41.8532],[-72.6881,41.8371],[-72.6874,41.8299],[-72.687,41.8266],[-72.687,41.8258],[-72.6866,41.8175],[-72.6861,41.8029],[-72.686,41.8002],[-72.6901,41.8008],[-72.6911,41.805],[-72.6912,41.8056],[-72.6914,41.8076],[-72.6956,41.8073],[-72.7017,41.8071],[-72.7078,41.807],[-72.715,41.8067],[-72.7176,41.8066],[-72.7191,41.8065],[-72.7294,41.8064],[-72.7506,41.806],[-72.7531,41.8056],[-72.7674,41.8053],[-72.7705,41.8053],[-72.7972,41.8047],[-72.7983,41.811],[-72.7978,41.8143],[-72.7986,41.8249]]]}},{"type":"Feature","properties":{"name":"East Granby","geoid":"0911022070"},"geometry":{"type":"Polygon","coordinates":[[[-72.7854,41.9186],[-72.7787,41.9384],[-72.7735,41.9542],[-72.7715,41.9605],[-72.7673,41.9741],[-72.7629,41.9859],[-72.7442,41.9818],[-72.7177,41.976],[-72.7174,41.9759],[-72.7085,41.9738],[-72.7076,41.9734],[-72.7118,41.9608],[-72.7162,41.9498],[-72.7096,41.9495],[-72.7043,41.9493],[-72.6876,41.9481],[-72.6882,41.9462],[-72.6934,41.9296],[-72.6935,41.9288],[-72.6959,41.9224],[-72.7035,41.9247],[-72.7136,41.927],[-72.7222,41.9279],[-72.7292,41.9156],[-72.7296,41.9143],[-72.7377,41.8926],[-72.7378,41.8924],[-72.7439,41.8957],[-72.7494,41.8969],[-72.7556,41.9],[-72.761,41.9035],[-72.7606,41.9057],[-72.7587,41.9071],[-72.7589,41.9081],[-72.7615,41.9105],[-72.7622,41.9118],[-72.7649,41.9132],[-72.7648,41.915],[-72.7671,41.915],[-72.7682,41.9177],[-72.7694,41.9178],[-72.7706,41.918],[-72.7782,41.9178],[-72.7854,41.918],[-72.7854,41.9186]]]}},{"type":"Feature","properties":{"name":"Stafford","geoid":"0911072090"},"geometry":{"type":"Polygon","coordinates":[[[-72.4067,41.9572],[-72.4044,41.9791],[-72.4045,41.9798],[-72.3974,42.0331],[-72.367,42.0327],[-72.3218,42.032],[-72.3213,42.032],[-72.3171,42.0319],[-72.2707,42.0317],[-72.2495,42.0316],[-72.2413,42.0315],[-72.2051,42.0311],[-72.2149,42.0001],[-72.2164,41.9964],[-72.2233,41.9817],[-72.2349,41.9576],[-72.2368,41.9583],[-72.2366,41.956],[-72.2368,41.9455],[-72.2363,41.9438],[-72.2367,41.9399],[-72.2605,41.9402],[-72.2907,41.9406],[-72.301,41.9407],[-72.3063,41.9407],[-72.3068,41.9406],[-72.3368,41.9412],[-72.3668,41.9415],[-72.3718,41.9418],[-72.3915,41.9417],[-72.4072,41.9414],[-72.4067,41.9572]]]}},{"type":"Feature","properties":{"name":"Deep River","geoid":"0913019130"},"geometry":{"type":"Polygon","coordinates":[[[-72.5224,41.3765],[-72.516,41.3765],[-72.5112,41.3774],[-72.5034,41.3783],[-72.4939,41.3792],[-72.4655,41.3815],[-72.4546,41.3824],[-72.46,41.3866],[-72.455,41.3884],[-72.4468,41.3912],[-72.4423,41.3926],[-72.4393,41.3961],[-72.4371,41.3978],[-72.4366,41.4004],[-72.4336,41.4018],[-72.4318,41.4014],[-72.4306,41.4014],[-72.4257,41.4008],[-72.4263,41.3988],[-72.4258,41.396],[-72.4235,41.3919],[-72.4217,41.3905],[-72.4162,41.3893],[-72.4118,41.3895],[-72.4053,41.3884],[-72.402,41.3885],[-72.3972,41.3877],[-72.3949,41.3875],[-72.3872,41.3861],[-72.3848,41.3852],[-72.3826,41.3825],[-72.3942,41.3782],[-72.3985,41.3775],[-72.409,41.3751],[-72.409,41.3751],[-72.4129,41.3741],[-72.4243,41.365],[-72.4252,41.3645],[-72.4271,41.3637],[-72.4461,41.3562],[-72.4689,41.3454],[-72.4727,41.3342],[-72.4766,41.3344],[-72.4769,41.3345],[-72.483,41.3383],[-72.4982,41.3476],[-72.5011,41.3475],[-72.5139,41.3464],[-72.5241,41.3762],[-72.5224,41.3765]]]}},{"type":"Feature","properties":{"name":"Andover","geoid":"0911001080"},"geometry":{"type":"Polygon","coordinates":[[[-72.4228,41.732],[-72.4184,41.7321],[-72.4036,41.734],[-72.4051,41.7388],[-72.4053,41.7426],[-72.4103,41.7655],[-72.3809,41.7639],[-72.3767,41.7644],[-72.3549,41.7671],[-72.3533,41.7658],[-72.3289,41.7388],[-72.3295,41.7374],[-72.3344,41.7315],[-72.3426,41.7223],[-72.3507,41.7119],[-72.3565,41.7015],[-72.3885,41.698],[-72.3987,41.6969],[-72.4124,41.7158],[-72.4139,41.7186],[-72.4157,41.7205],[-72.4191,41.7251],[-72.4217,41.7303],[-72.4228,41.732]]]}},{"type":"Feature","properties":{"name":"Sherman","geoid":"0919068310"},"geometry":{"type":"Polygon","coordinates":[[[-73.5301,41.5272],[-73.5274,41.5543],[-73.5274,41.5544],[-73.521,41.6198],[-73.521,41.6198],[-73.5201,41.64],[-73.52,41.6412],[-73.5182,41.6667],[-73.516,41.666],[-73.5104,41.6665],[-73.5069,41.6658],[-73.5069,41.664],[-73.504,41.6618],[-73.498,41.6589],[-73.4949,41.6612],[-73.494,41.6611],[-73.4912,41.6546],[-73.4903,41.6533],[-73.4847,41.6474],[-73.4867,41.6471],[-73.4881,41.6456],[-73.49,41.6464],[-73.4941,41.6445],[-73.4963,41.6425],[-73.496,41.6404],[-73.4968,41.6385],[-73.4978,41.6381],[-73.495,41.6318],[-73.4885,41.6174],[-73.4673,41.5736],[-73.4552,41.5472],[-73.454,41.5427],[-73.4504,41.5347],[-73.4646,41.532],[-73.4707,41.5309],[-73.4802,41.5289],[-73.4859,41.5279],[-73.5307,41.52],[-73.5301,41.5272]]]}},{"type":"Feature","properties":{"name":"Franklin","geoid":"0918029910"},"geometry":{"type":"Polygon","coordinates":[[[-72.1922,41.5938],[-72.1897,41.5974],[-72.1877,41.602],[-72.1817,41.6128],[-72.1693,41.6363],[-72.1632,41.6479],[-72.1618,41.65],[-72.1575,41.6576],[-72.1575,41.6578],[-72.155,41.6627],[-72.1517,41.6675],[-72.1467,41.6672],[-72.12,41.6633],[-72.1198,41.6618],[-72.1182,41.6536],[-72.1134,41.635],[-72.1113,41.6287],[-72.1088,41.619],[-72.1085,41.6179],[-72.1076,41.6144],[-72.1041,41.6008],[-72.1187,41.5744],[-72.1233,41.5669],[-72.1252,41.5633],[-72.1261,41.564],[-72.135,41.5695],[-72.1358,41.5735],[-72.1387,41.5764],[-72.194,41.5904],[-72.1922,41.5938]]]}},{"type":"Feature","properties":{"name":"Bristol","geoid":"0914008490"},"geometry":{"type":"Polygon","coordinates":[[[-72.9985,41.7125],[-72.9789,41.7146],[-72.9715,41.7156],[-72.9593,41.7167],[-72.9481,41.7176],[-72.9441,41.7181],[-72.9431,41.7188],[-72.9305,41.7198],[-72.927,41.7204],[-72.9145,41.7215],[-72.905,41.7222],[-72.8983,41.7232],[-72.897,41.7173],[-72.8956,41.7124],[-72.895,41.7085],[-72.8937,41.6996],[-72.8937,41.6996],[-72.8929,41.6967],[-72.8919,41.6925],[-72.8903,41.6841],[-72.8892,41.6781],[-72.8885,41.6752],[-72.8875,41.6693],[-72.8867,41.666],[-72.8865,41.663],[-72.8851,41.658],[-72.8834,41.6495],[-72.903,41.6475],[-72.9101,41.6471],[-72.9239,41.6455],[-72.922,41.6411],[-72.9278,41.6407],[-72.9286,41.6455],[-72.9385,41.6443],[-72.9478,41.6432],[-72.9602,41.642],[-72.9639,41.6413],[-72.9831,41.6395],[-72.9858,41.6521],[-72.9876,41.6604],[-72.9893,41.6687],[-72.9895,41.6696],[-72.9914,41.6799],[-72.9935,41.6901],[-72.9959,41.6996],[-72.9985,41.7125]]]}},{"type":"Feature","properties":{"name":"West Hartford","geoid":"0911082590"},"geometry":{"type":"Polygon","coordinates":[[[-72.7989,41.7919],[-72.7979,41.7967],[-72.7972,41.8047],[-72.7705,41.8053],[-72.7674,41.8053],[-72.7531,41.8056],[-72.7506,41.806],[-72.7294,41.8064],[-72.7191,41.8065],[-72.7176,41.8066],[-72.718,41.8022],[-72.7171,41.801],[-72.7157,41.7938],[-72.7155,41.7916],[-72.7151,41.7881],[-72.7152,41.7872],[-72.714,41.7772],[-72.7165,41.7708],[-72.7162,41.7656],[-72.7157,41.7625],[-72.7154,41.7605],[-72.7154,41.7602],[-72.715,41.7575],[-72.7148,41.7564],[-72.7151,41.7501],[-72.7151,41.7497],[-72.7152,41.7478],[-72.7151,41.7461],[-72.7154,41.7444],[-72.7151,41.7426],[-72.7151,41.7422],[-72.715,41.7314],[-72.7149,41.729],[-72.7146,41.7236],[-72.7261,41.7224],[-72.7316,41.7218],[-72.7334,41.7215],[-72.7365,41.7213],[-72.7405,41.7211],[-72.7428,41.7207],[-72.7595,41.7184],[-72.7622,41.7183],[-72.7623,41.7269],[-72.7627,41.7341],[-72.7625,41.7377],[-72.7688,41.7376],[-72.7689,41.7396],[-72.7692,41.7393],[-72.7728,41.7368],[-72.7776,41.7311],[-72.7791,41.7302],[-72.7812,41.7461],[-72.7822,41.7482],[-72.795,41.7475],[-72.7967,41.7588],[-72.8,41.7918],[-72.7989,41.7919]]]}},{"type":"Feature","properties":{"name":"Haddam","geoid":"0913035230"},"geometry":{"type":"Polygon","coordinates":[[[-72.637,41.4638],[-72.6279,41.4854],[-72.6295,41.4887],[-72.633,41.4978],[-72.6337,41.5002],[-72.5893,41.5063],[-72.5877,41.5065],[-72.5635,41.5101],[-72.5549,41.511],[-72.5526,41.5114],[-72.552,41.5112],[-72.485,41.5187],[-72.4804,41.5195],[-72.4826,41.5184],[-72.483,41.5163],[-72.4817,41.5143],[-72.4819,41.5125],[-72.484,41.509],[-72.4857,41.505],[-72.4878,41.5022],[-72.4879,41.5004],[-72.4863,41.4931],[-72.4857,41.4914],[-72.4831,41.4895],[-72.479,41.4896],[-72.4773,41.4886],[-72.4768,41.4837],[-72.4778,41.4756],[-72.4746,41.4739],[-72.4719,41.4721],[-72.4696,41.4687],[-72.4685,41.4658],[-72.4685,41.4639],[-72.4676,41.4609],[-72.4649,41.4525],[-72.4631,41.4501],[-72.4572,41.4387],[-72.4564,41.4373],[-72.4542,41.4353],[-72.451,41.4337],[-72.4636,41.4321],[-72.503,41.427],[-72.5053,41.4268],[-72.5242,41.4248],[-72.5388,41.4215],[-72.5489,41.4192],[-72.5553,41.4181],[-72.5663,41.4158],[-72.57,41.4148],[-72.6049,41.4402],[-72.609,41.4431],[-72.6192,41.4515],[-72.6226,41.4546],[-72.6235,41.455],[-72.6314,41.4597],[-72.637,41.4638]]]}},{"type":"Feature","properties":{"name":"Middlebury","geoid":"0914046940"},"geometry":{"type":"Polygon","coordinates":[[[-73.1647,41.5571],[-73.145,41.5578],[-73.1309,41.5609],[-73.1165,41.5643],[-73.1009,41.5684],[-73.0985,41.569],[-73.0939,41.5702],[-73.0913,41.5557],[-73.0904,41.5515],[-73.0882,41.5412],[-73.0876,41.5391],[-73.0863,41.5362],[-73.0837,41.5315],[-73.0805,41.5264],[-73.0779,41.5235],[-73.0723,41.5183],[-73.0701,41.5143],[-73.0773,41.5141],[-73.0799,41.5141],[-73.0938,41.5139],[-73.0947,41.5138],[-73.0947,41.5115],[-73.096,41.508],[-73.0953,41.5016],[-73.0974,41.5007],[-73.0996,41.498],[-73.1019,41.497],[-73.1045,41.4921],[-73.1042,41.4894],[-73.125,41.4876],[-73.1579,41.4894],[-73.1573,41.4902],[-73.1568,41.493],[-73.158,41.4966],[-73.1599,41.497],[-73.1604,41.4981],[-73.159,41.5007],[-73.1579,41.5017],[-73.1568,41.5055],[-73.1584,41.5082],[-73.1569,41.5114],[-73.1556,41.5114],[-73.1554,41.5148],[-73.1557,41.5153],[-73.1561,41.5183],[-73.1579,41.525],[-73.1625,41.5471],[-73.1647,41.5571]]]}},{"type":"Feature","properties":{"name":"Hampton","geoid":"0915036000"},"geometry":{"type":"Polygon","coordinates":[[[-72.0997,41.7571],[-72.0966,41.7681],[-72.0928,41.8139],[-72.0924,41.8317],[-72.0495,41.8315],[-72.0447,41.8315],[-72.0318,41.8317],[-72.0214,41.8282],[-72.0163,41.8127],[-72.0145,41.805],[-72.018,41.7826],[-72.0221,41.7637],[-72.0229,41.7596],[-72.0458,41.7305],[-72.0526,41.7314],[-72.081,41.7351],[-72.1026,41.7444],[-72.0997,41.7571]]]}},{"type":"Feature","properties":{"name":"Bethlehem","geoid":"0914004930"},"geometry":{"type":"Polygon","coordinates":[[[-73.2614,41.6646],[-73.2325,41.666],[-73.2316,41.6662],[-73.2247,41.6665],[-73.208,41.6674],[-73.1953,41.6682],[-73.1843,41.6686],[-73.1708,41.6692],[-73.1692,41.6616],[-73.1658,41.6487],[-73.1656,41.6466],[-73.1616,41.6299],[-73.1578,41.6127],[-73.1796,41.6111],[-73.1885,41.6101],[-73.1955,41.6096],[-73.2109,41.6082],[-73.2496,41.605],[-73.2535,41.6045],[-73.2592,41.647],[-73.2614,41.6646]]]}},{"type":"Feature","properties":{"name":"Morris","geoid":"0916049460"},"geometry":{"type":"Polygon","coordinates":[[[-73.2763,41.7078],[-73.271,41.7082],[-73.2603,41.7085],[-73.254,41.709],[-73.2223,41.7106],[-73.2168,41.7108],[-73.2006,41.7116],[-73.1894,41.7126],[-73.1826,41.7135],[-73.1733,41.7141],[-73.1663,41.7149],[-73.1568,41.7159],[-73.1558,41.7134],[-73.1548,41.7098],[-73.1523,41.7041],[-73.1421,41.6748],[-73.1414,41.6727],[-73.1415,41.6727],[-73.142,41.6723],[-73.1671,41.6697],[-73.1708,41.6692],[-73.1843,41.6686],[-73.1953,41.6682],[-73.208,41.6674],[-73.2247,41.6665],[-73.2316,41.6662],[-73.2325,41.666],[-73.2614,41.6646],[-73.2608,41.6735],[-73.2606,41.6838],[-73.2668,41.6884],[-73.2755,41.6952],[-73.2763,41.7078]]]}},{"type":"Feature","properties":{"name":"Woodbury","geoid":"0914087910"},"geometry":{"type":"Polygon","coordinates":[[[-73.2673,41.6032],[-73.2535,41.6045],[-73.2496,41.605],[-73.2109,41.6082],[-73.1955,41.6096],[-73.1885,41.6101],[-73.1796,41.6111],[-73.1578,41.6127],[-73.1545,41.5998],[-73.1491,41.5754],[-73.1484,41.5722],[-73.1483,41.5688],[-73.1473,41.5673],[-73.145,41.5578],[-73.1647,41.5571],[-73.1625,41.5471],[-73.1579,41.525],[-73.1561,41.5183],[-73.1557,41.5153],[-73.1555,41.5143],[-73.185,41.5109],[-73.2042,41.5085],[-73.2068,41.5088],[-73.208,41.509],[-73.2197,41.5102],[-73.2422,41.513],[-73.2496,41.5125],[-73.2523,41.5121],[-73.254,41.5189],[-73.258,41.5369],[-73.2609,41.5572],[-73.2612,41.5626],[-73.2665,41.5972],[-73.2673,41.6032]]]}},{"type":"Feature","properties":{"name":"Salem","geoid":"0918066210"},"geometry":{"type":"Polygon","coordinates":[[[-72.3229,41.5181],[-72.3144,41.5192],[-72.3038,41.5213],[-72.2958,41.5229],[-72.2639,41.5296],[-72.2522,41.532],[-72.2191,41.5388],[-72.2241,41.5303],[-72.2264,41.5253],[-72.2271,41.5225],[-72.2276,41.5187],[-72.2273,41.5167],[-72.2263,41.5133],[-72.2244,41.5097],[-72.2184,41.5005],[-72.2175,41.4947],[-72.2165,41.48],[-72.2151,41.4735],[-72.2127,41.4575],[-72.2225,41.4565],[-72.2215,41.4463],[-72.2312,41.4448],[-72.242,41.4432],[-72.2728,41.4407],[-72.2766,41.4404],[-72.2866,41.4391],[-72.3049,41.4327],[-72.3055,41.4363],[-72.3125,41.4784],[-72.3152,41.4781],[-72.3218,41.5122],[-72.3229,41.5181]]]}},{"type":"Feature","properties":{"name":"Trumbull","geoid":"0912077200"},"geometry":{"type":"Polygon","coordinates":[[[-73.2752,41.2918],[-73.2744,41.2938],[-73.2637,41.2949],[-73.2578,41.2954],[-73.2461,41.2958],[-73.2438,41.2958],[-73.2343,41.2967],[-73.2307,41.2974],[-73.2274,41.2976],[-73.2211,41.2981],[-73.2048,41.2994],[-73.2008,41.2949],[-73.1983,41.2931],[-73.191,41.2858],[-73.179,41.2737],[-73.1786,41.2726],[-73.1736,41.2686],[-73.1649,41.2688],[-73.1556,41.2691],[-73.1553,41.2691],[-73.1474,41.2562],[-73.1469,41.2554],[-73.1467,41.255],[-73.1455,41.2544],[-73.1452,41.2499],[-73.1433,41.245],[-73.1432,41.2412],[-73.1407,41.238],[-73.1462,41.237],[-73.1505,41.2324],[-73.1543,41.2305],[-73.1538,41.2301],[-73.1572,41.2288],[-73.1576,41.2284],[-73.1647,41.2256],[-73.1695,41.2228],[-73.1717,41.2224],[-73.1773,41.2223],[-73.1788,41.222],[-73.1833,41.2207],[-73.1873,41.2205],[-73.1893,41.222],[-73.1907,41.2242],[-73.1832,41.2237],[-73.1845,41.2259],[-73.1813,41.2269],[-73.1883,41.2275],[-73.1904,41.2261],[-73.1909,41.225],[-73.1952,41.2273],[-73.1964,41.2277],[-73.2011,41.2283],[-73.2014,41.2295],[-73.2073,41.2278],[-73.2085,41.2278],[-73.2124,41.2285],[-73.2191,41.2278],[-73.2322,41.2273],[-73.2442,41.2266],[-73.2455,41.2281],[-73.2462,41.2293],[-73.2486,41.232],[-73.2486,41.232],[-73.2454,41.2329],[-73.2361,41.2384],[-73.2368,41.2393],[-73.241,41.2448],[-73.2438,41.2475],[-73.2443,41.2481],[-73.2477,41.2521],[-73.2485,41.2534],[-73.2537,41.2591],[-73.2745,41.2839],[-73.2752,41.2918]]]}},{"type":"Feature","properties":{"name":"Bethany","geoid":"0917004580"},"geometry":{"type":"Polygon","coordinates":[[[-73.0464,41.4017],[-73.0417,41.4209],[-73.0295,41.4195],[-73.0252,41.4346],[-73.025,41.4383],[-73.025,41.4512],[-73.0258,41.4596],[-73.0042,41.4626],[-73.0033,41.4627],[-73.002,41.4667],[-73.0009,41.4699],[-73.0013,41.4711],[-72.9898,41.4689],[-72.9854,41.469],[-72.9662,41.4663],[-72.9524,41.4646],[-72.9497,41.4644],[-72.948,41.4641],[-72.9474,41.4601],[-72.949,41.4558],[-72.9525,41.4529],[-72.9571,41.4501],[-72.9581,41.4488],[-72.9578,41.4466],[-72.9579,41.4452],[-72.9632,41.4394],[-72.9635,41.4375],[-72.9616,41.4324],[-72.9552,41.4289],[-72.9507,41.4278],[-72.9526,41.4194],[-72.9497,41.4175],[-72.9402,41.4112],[-72.9389,41.4086],[-72.9426,41.4071],[-72.9447,41.4062],[-72.9535,41.3997],[-72.9529,41.3969],[-72.9549,41.3945],[-72.9656,41.3936],[-72.9724,41.3928],[-73.0006,41.3905],[-73.0106,41.3898],[-73.03,41.3885],[-73.0314,41.3893],[-73.0343,41.3918],[-73.0379,41.3919],[-73.0391,41.3935],[-73.043,41.3956],[-73.0439,41.3949],[-73.0475,41.3958],[-73.0464,41.4017]]]}},{"type":"Feature","properties":{"name":"Woodstock","geoid":"0915088190"},"geometry":{"type":"Polygon","coordinates":[[[-72.1022,42.0289],[-72.0997,42.0288],[-72.0635,42.0273],[-72.0346,42.0272],[-72.01,42.027],[-72.01,42.027],[-71.9931,42.0269],[-71.9873,42.0269],[-71.963,42.0262],[-71.9514,41.9936],[-71.947,41.9794],[-71.932,41.9323],[-71.9318,41.9316],[-71.9307,41.9281],[-71.9274,41.917],[-71.9281,41.917],[-71.9338,41.9169],[-71.9559,41.9162],[-71.957,41.916],[-71.9809,41.9153],[-71.9891,41.9151],[-71.9994,41.9148],[-72.0052,41.9144],[-72.044,41.9146],[-72.0501,41.9147],[-72.0555,41.9145],[-72.0679,41.9147],[-72.097,41.915],[-72.0974,41.9177],[-72.0986,41.9589],[-72.0992,41.9589],[-72.0995,41.966],[-72.1019,42.0168],[-72.1022,42.0289]]]}},{"type":"Feature","properties":{"name":"Chester","geoid":"0913014300"},"geometry":{"type":"Polygon","coordinates":[[[-72.5388,41.4215],[-72.5242,41.4248],[-72.5053,41.4268],[-72.503,41.427],[-72.4636,41.4321],[-72.451,41.4337],[-72.445,41.4317],[-72.4379,41.4283],[-72.4359,41.4268],[-72.4337,41.424],[-72.4306,41.4198],[-72.4261,41.4131],[-72.4255,41.4117],[-72.4251,41.4086],[-72.4253,41.402],[-72.4257,41.4008],[-72.4306,41.4014],[-72.4318,41.4014],[-72.4336,41.4018],[-72.4366,41.4004],[-72.4371,41.3978],[-72.4393,41.3961],[-72.4423,41.3926],[-72.4468,41.3912],[-72.455,41.3884],[-72.46,41.3866],[-72.4546,41.3824],[-72.4655,41.3815],[-72.4939,41.3792],[-72.5034,41.3783],[-72.5112,41.3774],[-72.516,41.3765],[-72.5224,41.3765],[-72.5241,41.3762],[-72.528,41.3883],[-72.5388,41.4215]]]}},{"type":"Feature","properties":{"name":"New Britain","geoid":"0911050440"},"geometry":{"type":"Polygon","coordinates":[[[-72.8254,41.6689],[-72.8234,41.6726],[-72.8216,41.6777],[-72.8198,41.6831],[-72.8154,41.6878],[-72.8154,41.6879],[-72.8143,41.6883],[-72.812,41.6902],[-72.8111,41.6922],[-72.8101,41.6918],[-72.7982,41.7012],[-72.796,41.7034],[-72.7926,41.7056],[-72.783,41.7128],[-72.7782,41.7136],[-72.7634,41.7156],[-72.762,41.7158],[-72.7591,41.6988],[-72.7582,41.6934],[-72.7576,41.6893],[-72.7576,41.6887],[-72.7552,41.677],[-72.7552,41.6761],[-72.7544,41.6721],[-72.7535,41.6679],[-72.7536,41.6678],[-72.7519,41.6592],[-72.7506,41.6539],[-72.7505,41.6512],[-72.7504,41.6502],[-72.7516,41.65],[-72.7582,41.6497],[-72.7672,41.6489],[-72.7678,41.6489],[-72.7689,41.6489],[-72.7713,41.6484],[-72.7786,41.6482],[-72.7885,41.6476],[-72.7912,41.6475],[-72.7946,41.6472],[-72.7964,41.6472],[-72.8142,41.6457],[-72.8143,41.6457],[-72.8192,41.645],[-72.8194,41.6456],[-72.8207,41.6557],[-72.8226,41.6557],[-72.8243,41.6619],[-72.8256,41.6685],[-72.8254,41.6689]]]}},{"type":"Feature","properties":{"name":"Seymour","geoid":"0914067610"},"geometry":{"type":"Polygon","coordinates":[[[-73.1465,41.3683],[-73.1269,41.3794],[-73.1239,41.3817],[-73.12,41.384],[-73.1158,41.3863],[-73.1143,41.3882],[-73.1121,41.3934],[-73.1105,41.3981],[-73.1075,41.3986],[-73.0934,41.3992],[-73.0887,41.3997],[-73.088,41.4],[-73.0836,41.4038],[-73.0819,41.4056],[-73.0759,41.4104],[-73.0743,41.4105],[-73.0737,41.4106],[-73.0685,41.4107],[-73.0703,41.4114],[-73.0696,41.4138],[-73.0679,41.4167],[-73.0653,41.4188],[-73.0631,41.4236],[-73.0498,41.422],[-73.0417,41.4209],[-73.0464,41.4017],[-73.0475,41.3958],[-73.0476,41.3956],[-73.0482,41.3915],[-73.0491,41.3811],[-73.0472,41.3605],[-73.0499,41.3602],[-73.0649,41.3603],[-73.0723,41.3606],[-73.0739,41.3612],[-73.0807,41.3629],[-73.0859,41.3629],[-73.0884,41.3617],[-73.0912,41.3605],[-73.0928,41.3607],[-73.0948,41.3607],[-73.1005,41.354],[-73.1024,41.3529],[-73.112,41.3498],[-73.1193,41.3476],[-73.124,41.3456],[-73.1247,41.3453],[-73.1262,41.3466],[-73.1361,41.3512],[-73.1382,41.3539],[-73.1396,41.3612],[-73.1476,41.3677],[-73.1465,41.3683]]]}},{"type":"Feature","properties":{"name":"Canton","geoid":"0911012270"},"geometry":{"type":"Polygon","coordinates":[[[-72.9536,41.8539],[-72.9463,41.874],[-72.9462,41.8772],[-72.9439,41.8848],[-72.9406,41.8952],[-72.9153,41.8968],[-72.9066,41.9202],[-72.9059,41.9217],[-72.8911,41.9212],[-72.8766,41.9208],[-72.8743,41.8709],[-72.873,41.8374],[-72.8707,41.8191],[-72.8702,41.8161],[-72.8747,41.8156],[-72.8767,41.8151],[-72.8858,41.8139],[-72.8879,41.8139],[-72.9143,41.8106],[-72.9154,41.8076],[-72.9174,41.8074],[-72.9198,41.807],[-72.9212,41.8071],[-72.9241,41.8087],[-72.9259,41.8092],[-72.949,41.8064],[-72.9396,41.8317],[-72.9365,41.8403],[-72.9391,41.8425],[-72.9422,41.8434],[-72.9465,41.8436],[-72.9512,41.8427],[-72.9537,41.8467],[-72.9536,41.8539]]]}},{"type":"Feature","properties":{"name":"Warren","geoid":"0916079510"},"geometry":{"type":"Polygon","coordinates":[[[-73.4016,41.7544],[-73.3932,41.7609],[-73.3869,41.781],[-73.3546,41.7803],[-73.3014,41.779],[-73.2986,41.779],[-73.2973,41.7691],[-73.2962,41.7633],[-73.2938,41.7377],[-73.2933,41.7366],[-73.2936,41.7337],[-73.2952,41.7323],[-73.2959,41.7307],[-73.2953,41.726],[-73.2943,41.725],[-73.2927,41.7188],[-73.2928,41.7171],[-73.2933,41.7147],[-73.2952,41.7122],[-73.2958,41.7107],[-73.2951,41.7105],[-73.2943,41.7087],[-73.2962,41.708],[-73.3048,41.7051],[-73.316,41.7027],[-73.3419,41.6973],[-73.3433,41.6969],[-73.3443,41.6969],[-73.3788,41.6994],[-73.3801,41.7012],[-73.38,41.704],[-73.3835,41.7083],[-73.3835,41.7093],[-73.3979,41.735],[-73.3986,41.7365],[-73.4016,41.7544]]]}},{"type":"Feature","properties":{"name":"Sprague","geoid":"0918071670"},"geometry":{"type":"Polygon","coordinates":[[[-72.1198,41.6618],[-72.11,41.6602],[-72.1035,41.6593],[-72.0924,41.6572],[-72.0621,41.6522],[-72.0557,41.6512],[-72.0312,41.6472],[-72.0306,41.6454],[-72.0308,41.6437],[-72.032,41.642],[-72.0319,41.6395],[-72.0326,41.6364],[-72.0325,41.6348],[-72.039,41.6299],[-72.0406,41.6284],[-72.0404,41.624],[-72.0399,41.6224],[-72.0378,41.6188],[-72.0371,41.616],[-72.0364,41.6153],[-72.0356,41.6107],[-72.0379,41.6064],[-72.0402,41.6046],[-72.0436,41.6009],[-72.047,41.5952],[-72.0479,41.5948],[-72.0539,41.6034],[-72.0553,41.6046],[-72.0581,41.6059],[-72.0631,41.6081],[-72.0639,41.6083],[-72.0653,41.608],[-72.0668,41.6075],[-72.088,41.6038],[-72.1037,41.6009],[-72.1041,41.6008],[-72.1076,41.6144],[-72.1085,41.6179],[-72.1088,41.619],[-72.1113,41.6287],[-72.1134,41.635],[-72.1182,41.6536],[-72.1198,41.6618]]]}},{"type":"Feature","properties":{"name":"Durham","geoid":"0913020810"},"geometry":{"type":"Polygon","coordinates":[[[-72.7402,41.4365],[-72.7391,41.4383],[-72.7354,41.4733],[-72.7354,41.4736],[-72.7339,41.4854],[-72.731,41.486],[-72.7228,41.4875],[-72.6991,41.4917],[-72.695,41.4924],[-72.6901,41.4933],[-72.6792,41.4946],[-72.6779,41.4962],[-72.6776,41.4948],[-72.6483,41.4984],[-72.6337,41.5002],[-72.633,41.4978],[-72.6295,41.4887],[-72.6279,41.4854],[-72.637,41.4638],[-72.6314,41.4597],[-72.6235,41.455],[-72.6226,41.4546],[-72.6192,41.4515],[-72.609,41.4431],[-72.6148,41.4417],[-72.6237,41.441],[-72.6269,41.4405],[-72.6384,41.4396],[-72.645,41.4392],[-72.6531,41.4382],[-72.6537,41.4381],[-72.6668,41.4357],[-72.6711,41.4354],[-72.6787,41.4338],[-72.6827,41.4338],[-72.6906,41.4326],[-72.7083,41.4294],[-72.7104,41.4291],[-72.7206,41.4274],[-72.738,41.4247],[-72.7461,41.4233],[-72.7402,41.4365]]]}},{"type":"Feature","properties":{"name":"Newington","geoid":"0911052140"},"geometry":{"type":"Polygon","coordinates":[[[-72.7622,41.7183],[-72.7595,41.7184],[-72.7428,41.7207],[-72.7405,41.7211],[-72.7365,41.7213],[-72.7334,41.7215],[-72.7316,41.7218],[-72.7261,41.7224],[-72.7146,41.7236],[-72.7141,41.7238],[-72.7102,41.7242],[-72.7059,41.7243],[-72.708,41.7104],[-72.7063,41.703],[-72.7054,41.6992],[-72.7053,41.6981],[-72.7052,41.6953],[-72.7032,41.6889],[-72.7019,41.6826],[-72.7011,41.6773],[-72.7004,41.6746],[-72.7069,41.6737],[-72.7065,41.6706],[-72.706,41.6688],[-72.703,41.6543],[-72.7091,41.6532],[-72.7153,41.6527],[-72.7274,41.6522],[-72.7272,41.6495],[-72.7499,41.647],[-72.7504,41.6502],[-72.7505,41.6512],[-72.7506,41.6539],[-72.7519,41.6592],[-72.7536,41.6678],[-72.7535,41.6679],[-72.7544,41.6721],[-72.7552,41.6761],[-72.7552,41.677],[-72.7576,41.6887],[-72.7576,41.6893],[-72.7582,41.6934],[-72.7591,41.6988],[-72.762,41.7158],[-72.7622,41.7175],[-72.7622,41.7183]]]}},{"type":"Feature","properties":{"name":"Hartland","geoid":"0916037140"},"geometry":{"type":"Polygon","coordinates":[[[-73.0205,42.0001],[-73.0088,42.0389],[-72.9995,42.0387],[-72.979,42.0385],[-72.9242,42.0381],[-72.8637,42.0377],[-72.8636,42.0377],[-72.8638,42.0354],[-72.873,42.0116],[-72.8745,42.0088],[-72.8776,42.0002],[-72.8776,41.999],[-72.8787,41.9959],[-72.8795,41.9942],[-72.8866,41.9747],[-72.8866,41.9745],[-72.8871,41.9731],[-72.9578,41.9705],[-72.9587,41.9705],[-73.0014,41.9684],[-73.0049,41.9682],[-73.0295,41.9666],[-73.0205,42.0001]]]}},{"type":"Feature","properties":{"name":"Simsbury","geoid":"0911068940"},"geometry":{"type":"Polygon","coordinates":[[[-72.8766,41.9208],[-72.855,41.9203],[-72.8264,41.9189],[-72.7932,41.9183],[-72.7909,41.9181],[-72.7854,41.918],[-72.7782,41.9178],[-72.7706,41.918],[-72.7694,41.9178],[-72.7682,41.9177],[-72.7671,41.915],[-72.7648,41.915],[-72.7649,41.9132],[-72.7622,41.9118],[-72.7615,41.9105],[-72.7589,41.9081],[-72.7587,41.9071],[-72.7606,41.9057],[-72.7651,41.9026],[-72.7664,41.8983],[-72.7669,41.8959],[-72.7714,41.8851],[-72.7704,41.8808],[-72.7722,41.8782],[-72.7844,41.8557],[-72.7852,41.8434],[-72.7843,41.8378],[-72.7835,41.8366],[-72.7844,41.8333],[-72.7833,41.8269],[-72.7845,41.8266],[-72.7986,41.8249],[-72.814,41.8232],[-72.8193,41.8224],[-72.8199,41.8225],[-72.829,41.8214],[-72.84,41.8202],[-72.8429,41.8195],[-72.8447,41.8193],[-72.8664,41.8165],[-72.8702,41.8161],[-72.8707,41.8191],[-72.873,41.8374],[-72.8743,41.8709],[-72.8766,41.9208]]]}},{"type":"Feature","properties":{"name":"Torrington","geoid":"0916076570"},"geometry":{"type":"Polygon","coordinates":[[[-73.2018,41.79],[-73.1926,41.821],[-73.1916,41.8238],[-73.1901,41.8295],[-73.1707,41.8943],[-73.1624,41.8931],[-73.1582,41.892],[-73.1532,41.8874],[-73.1533,41.8857],[-73.1516,41.8856],[-73.1515,41.8817],[-73.1528,41.8771],[-73.1532,41.8726],[-73.1433,41.874],[-73.137,41.8748],[-73.1271,41.8761],[-73.1202,41.8772],[-73.1036,41.8795],[-73.0751,41.8838],[-73.0709,41.8846],[-73.0535,41.8873],[-73.0598,41.8635],[-73.0652,41.8408],[-73.0673,41.8332],[-73.0677,41.8304],[-73.0702,41.8212],[-73.0743,41.8058],[-73.0762,41.7991],[-73.0767,41.7985],[-73.0825,41.7984],[-73.0829,41.7984],[-73.088,41.7985],[-73.1041,41.7984],[-73.1037,41.7951],[-73.1043,41.7944],[-73.1078,41.7905],[-73.1103,41.7879],[-73.1121,41.7849],[-73.1125,41.7822],[-73.1172,41.7814],[-73.1183,41.7773],[-73.1198,41.7756],[-73.1221,41.7766],[-73.1246,41.7768],[-73.1541,41.7837],[-73.1586,41.7848],[-73.1632,41.794],[-73.1678,41.7935],[-73.194,41.7908],[-73.2004,41.7902],[-73.2018,41.79]]]}},{"type":"Feature","properties":{"name":"South Windsor","geoid":"0911071390"},"geometry":{"type":"Polygon","coordinates":[[[-72.6456,41.8058],[-72.6443,41.813],[-72.6404,41.8252],[-72.6389,41.8288],[-72.6382,41.8294],[-72.6372,41.8305],[-72.6299,41.8372],[-72.6256,41.8457],[-72.6249,41.8487],[-72.6193,41.8683],[-72.6166,41.8686],[-72.6056,41.868],[-72.588,41.8683],[-72.5826,41.8683],[-72.5715,41.8688],[-72.5479,41.8693],[-72.5173,41.8699],[-72.5183,41.8569],[-72.5151,41.8575],[-72.5019,41.8595],[-72.4968,41.8606],[-72.4993,41.8503],[-72.5023,41.8347],[-72.5026,41.8336],[-72.5044,41.8247],[-72.5053,41.8213],[-72.5054,41.8203],[-72.5167,41.8172],[-72.5211,41.8165],[-72.5289,41.8145],[-72.5356,41.813],[-72.5405,41.8117],[-72.5553,41.8081],[-72.5759,41.8029],[-72.5796,41.8021],[-72.5805,41.8016],[-72.5835,41.8006],[-72.6168,41.7991],[-72.6189,41.799],[-72.6278,41.7989],[-72.6399,41.7983],[-72.646,41.7976],[-72.6456,41.8058]]]}},{"type":"Feature","properties":{"name":"Lebanon","geoid":"0918042390"},"geometry":{"type":"Polygon","coordinates":[[[-72.3342,41.6436],[-72.3036,41.654],[-72.3032,41.6543],[-72.2905,41.6633],[-72.2863,41.6664],[-72.2787,41.672],[-72.2684,41.6711],[-72.2684,41.6722],[-72.2675,41.6737],[-72.2675,41.6756],[-72.2661,41.6773],[-72.2673,41.678],[-72.2679,41.6815],[-72.2696,41.6847],[-72.2694,41.6857],[-72.2722,41.6886],[-72.2748,41.6907],[-72.2742,41.6922],[-72.2736,41.6929],[-72.2708,41.6915],[-72.2688,41.6924],[-72.2666,41.6907],[-72.2658,41.6909],[-72.2639,41.6918],[-72.2636,41.6933],[-72.2613,41.6953],[-72.2607,41.6986],[-72.2584,41.6984],[-72.2577,41.6998],[-72.2541,41.7005],[-72.252,41.6991],[-72.25,41.6997],[-72.2514,41.7012],[-72.2512,41.7033],[-72.2474,41.7041],[-72.246,41.7037],[-72.244,41.7065],[-72.2473,41.7069],[-72.2477,41.7088],[-72.2466,41.7083],[-72.2457,41.711],[-72.2433,41.7123],[-72.245,41.7139],[-72.2441,41.7144],[-72.2428,41.7133],[-72.2396,41.7142],[-72.2379,41.7131],[-72.235,41.7107],[-72.2172,41.698],[-72.2146,41.6963],[-72.2116,41.6944],[-72.2112,41.6941],[-72.2082,41.6923],[-72.1989,41.6854],[-72.1867,41.6763],[-72.1783,41.6712],[-72.1755,41.669],[-72.1733,41.6679],[-72.1575,41.6576],[-72.1618,41.65],[-72.1632,41.6479],[-72.1693,41.6363],[-72.1817,41.6128],[-72.1877,41.602],[-72.1897,41.5974],[-72.1922,41.5938],[-72.194,41.5904],[-72.1959,41.5874],[-72.2022,41.5752],[-72.2043,41.5706],[-72.2184,41.5407],[-72.2191,41.5388],[-72.2278,41.5462],[-72.231,41.5487],[-72.2474,41.5604],[-72.2495,41.5627],[-72.2532,41.5661],[-72.262,41.574],[-72.2871,41.5941],[-72.2897,41.596],[-72.292,41.5977],[-72.2929,41.5981],[-72.3095,41.6115],[-72.3131,41.6095],[-72.3245,41.6186],[-72.327,41.6251],[-72.3292,41.6296],[-72.3342,41.6436]]]}},{"type":"Feature","properties":{"name":"Cromwell","geoid":"0913018080"},"geometry":{"type":"Polygon","coordinates":[[[-72.7151,41.6081],[-72.7136,41.6107],[-72.7126,41.6167],[-72.7113,41.6177],[-72.7131,41.6193],[-72.7133,41.6208],[-72.7155,41.6228],[-72.7155,41.6256],[-72.7139,41.6277],[-72.6884,41.6314],[-72.6759,41.6331],[-72.6759,41.6331],[-72.6508,41.6369],[-72.6488,41.6371],[-72.6471,41.6372],[-72.634,41.6392],[-72.6278,41.6402],[-72.6305,41.6333],[-72.6308,41.6277],[-72.6255,41.6193],[-72.6189,41.6141],[-72.6176,41.6119],[-72.6175,41.6077],[-72.6195,41.6042],[-72.6223,41.6023],[-72.6239,41.6018],[-72.6275,41.6008],[-72.6304,41.5992],[-72.6358,41.596],[-72.6381,41.594],[-72.6408,41.5899],[-72.6417,41.5878],[-72.6438,41.5841],[-72.6456,41.5823],[-72.6489,41.5759],[-72.6488,41.5752],[-72.6515,41.5731],[-72.6526,41.573],[-72.654,41.5723],[-72.6561,41.5734],[-72.6562,41.5761],[-72.6551,41.5775],[-72.6579,41.579],[-72.6602,41.5787],[-72.6611,41.5803],[-72.6655,41.5819],[-72.6681,41.5835],[-72.6679,41.5862],[-72.6654,41.5871],[-72.6673,41.5892],[-72.668,41.5919],[-72.6704,41.5917],[-72.6732,41.5947],[-72.6718,41.5976],[-72.6743,41.5998],[-72.6771,41.598],[-72.6795,41.5971],[-72.6803,41.5974],[-72.681,41.6005],[-72.6841,41.6019],[-72.6892,41.6008],[-72.6943,41.6014],[-72.6965,41.6003],[-72.7052,41.6033],[-72.7077,41.6027],[-72.7085,41.6038],[-72.7124,41.6024],[-72.7145,41.6043],[-72.7159,41.6064],[-72.7151,41.6081]]]}},{"type":"Feature","properties":{"name":"Goshen","geoid":"0916032290"},"geometry":{"type":"Polygon","coordinates":[[[-73.3003,41.7819],[-73.2949,41.8013],[-73.283,41.8446],[-73.2682,41.8981],[-73.2671,41.9013],[-73.263,41.9162],[-73.2555,41.9158],[-73.2545,41.9159],[-73.1663,41.9134],[-73.165,41.9132],[-73.1707,41.8943],[-73.1901,41.8295],[-73.1916,41.8238],[-73.1926,41.821],[-73.2018,41.79],[-73.2105,41.7893],[-73.2246,41.7881],[-73.2313,41.7872],[-73.243,41.786],[-73.2495,41.7853],[-73.2695,41.7827],[-73.2986,41.779],[-73.3014,41.779],[-73.3003,41.7819]]]}},{"type":"Feature","properties":{"name":"Essex","geoid":"0913026270"},"geometry":{"type":"Polygon","coordinates":[[[-72.4727,41.3342],[-72.4689,41.3454],[-72.4461,41.3562],[-72.4271,41.3637],[-72.4252,41.3645],[-72.4243,41.365],[-72.4129,41.3741],[-72.409,41.3751],[-72.409,41.3751],[-72.3985,41.3775],[-72.3942,41.3782],[-72.3826,41.3825],[-72.3816,41.3806],[-72.376,41.3763],[-72.3751,41.3745],[-72.3749,41.3733],[-72.3764,41.3691],[-72.3774,41.3645],[-72.3784,41.3559],[-72.3794,41.3497],[-72.3788,41.348],[-72.3777,41.3465],[-72.3722,41.3434],[-72.3691,41.3423],[-72.3745,41.3376],[-72.3812,41.3338],[-72.3839,41.332],[-72.3906,41.3322],[-72.4027,41.3316],[-72.4049,41.3309],[-72.4086,41.3297],[-72.4207,41.3254],[-72.4255,41.3242],[-72.4284,41.3246],[-72.4289,41.3257],[-72.432,41.3265],[-72.4358,41.331],[-72.453,41.3325],[-72.4648,41.3334],[-72.4719,41.334],[-72.4727,41.3342]]]}},{"type":"Feature","properties":{"name":"Somers","geoid":"0911069220"},"geometry":{"type":"Polygon","coordinates":[[[-72.5092,42.0342],[-72.4601,42.034],[-72.4597,42.034],[-72.4583,42.034],[-72.4567,42.034],[-72.4415,42.0338],[-72.3974,42.0331],[-72.4045,41.9798],[-72.4044,41.9791],[-72.4067,41.9572],[-72.4121,41.9569],[-72.4301,41.955],[-72.4473,41.9531],[-72.458,41.9518],[-72.4823,41.949],[-72.4905,41.9477],[-72.4919,41.9476],[-72.4927,41.9475],[-72.4989,41.9779],[-72.4994,41.9816],[-72.4997,41.9842],[-72.5039,42.0065],[-72.5054,42.0136],[-72.5059,42.0165],[-72.5086,42.0311],[-72.5092,42.0342]]]}},{"type":"Feature","properties":{"name":"Wallingford","geoid":"0917078740"},"geometry":{"type":"Polygon","coordinates":[[[-72.8796,41.4563],[-72.8781,41.4575],[-72.8766,41.4597],[-72.8774,41.4612],[-72.8735,41.466],[-72.8713,41.4695],[-72.8648,41.4782],[-72.8575,41.488],[-72.8527,41.4943],[-72.8533,41.4946],[-72.8484,41.5001],[-72.8463,41.5028],[-72.8486,41.5099],[-72.8496,41.5146],[-72.8503,41.5157],[-72.8407,41.5138],[-72.823,41.5101],[-72.8165,41.5087],[-72.8152,41.5085],[-72.8003,41.5056],[-72.7959,41.5047],[-72.7927,41.5036],[-72.7926,41.5036],[-72.777,41.4982],[-72.7726,41.4967],[-72.768,41.497],[-72.7448,41.4982],[-72.7433,41.4831],[-72.7339,41.4854],[-72.7354,41.4736],[-72.7354,41.4733],[-72.7391,41.4383],[-72.7402,41.4365],[-72.7461,41.4233],[-72.7737,41.4143],[-72.7765,41.4134],[-72.7794,41.4122],[-72.7824,41.4109],[-72.7925,41.4075],[-72.7986,41.4051],[-72.8028,41.4039],[-72.8177,41.3994],[-72.8276,41.3966],[-72.8274,41.4027],[-72.827,41.4195],[-72.8274,41.4244],[-72.8301,41.4246],[-72.8325,41.4241],[-72.8379,41.4272],[-72.8443,41.4261],[-72.8476,41.4272],[-72.8479,41.4261],[-72.8496,41.4287],[-72.8509,41.4324],[-72.8501,41.434],[-72.8514,41.4344],[-72.8555,41.4358],[-72.8706,41.4418],[-72.8867,41.448],[-72.8796,41.4563]]]}},{"type":"Feature","properties":{"name":"Pomfret","geoid":"0915061030"},"geometry":{"type":"Polygon","coordinates":[[[-72.0445,41.8631],[-72.044,41.9146],[-72.0052,41.9144],[-71.9994,41.9148],[-71.9891,41.9151],[-71.9809,41.9153],[-71.957,41.916],[-71.9559,41.9162],[-71.9338,41.9169],[-71.933,41.9099],[-71.9321,41.9058],[-71.9288,41.902],[-71.9273,41.9009],[-71.9266,41.8996],[-71.9257,41.8976],[-71.924,41.8924],[-71.9225,41.8887],[-71.9212,41.8868],[-71.9235,41.8835],[-71.9231,41.8815],[-71.9237,41.878],[-71.925,41.8745],[-71.9232,41.8705],[-71.9174,41.8692],[-71.9192,41.8678],[-71.9219,41.8644],[-71.9232,41.8621],[-71.9235,41.8591],[-71.9262,41.8564],[-71.9271,41.8534],[-71.927,41.8502],[-71.9252,41.8495],[-71.9229,41.8502],[-71.9209,41.8493],[-71.9197,41.8469],[-71.9184,41.8456],[-71.9161,41.8449],[-71.9143,41.8407],[-71.9109,41.8383],[-71.9101,41.8358],[-71.9073,41.8327],[-71.9043,41.8313],[-71.9051,41.828],[-71.9062,41.8268],[-71.9219,41.8269],[-71.9366,41.8269],[-71.9587,41.8268],[-71.9766,41.8268],[-71.9767,41.8242],[-71.9781,41.8209],[-71.9776,41.8183],[-71.9923,41.8185],[-71.992,41.8061],[-72.0145,41.805],[-72.0163,41.8127],[-72.0214,41.8282],[-72.0318,41.8317],[-72.0447,41.8315],[-72.0445,41.8631]]]}},{"type":"Feature","properties":{"name":"Kent","geoid":"0916040290"},"geometry":{"type":"Polygon","coordinates":[[[-73.518,41.6709],[-73.5168,41.6876],[-73.5166,41.6897],[-73.516,41.6963],[-73.5119,41.7409],[-73.5119,41.7412],[-73.5115,41.7479],[-73.511,41.7577],[-73.511,41.7587],[-73.508,41.7915],[-73.4824,41.7907],[-73.4821,41.7906],[-73.4101,41.7883],[-73.4116,41.7866],[-73.4148,41.7814],[-73.4124,41.7814],[-73.4059,41.7813],[-73.3869,41.781],[-73.3932,41.7609],[-73.4016,41.7544],[-73.3986,41.7365],[-73.3979,41.735],[-73.3835,41.7093],[-73.3835,41.7083],[-73.38,41.704],[-73.3801,41.7012],[-73.3788,41.6994],[-73.384,41.6988],[-73.3831,41.6871],[-73.3821,41.6833],[-73.4532,41.675],[-73.4567,41.675],[-73.4695,41.6732],[-73.5041,41.6691],[-73.5069,41.6658],[-73.5104,41.6665],[-73.516,41.666],[-73.5182,41.6667],[-73.518,41.6709]]]}},{"type":"Feature","properties":{"name":"Derby","geoid":"0914019550"},"geometry":{"type":"Polygon","coordinates":[[[-73.124,41.3456],[-73.1193,41.3476],[-73.112,41.3498],[-73.1024,41.3529],[-73.0963,41.3413],[-73.0955,41.3392],[-73.0948,41.3391],[-73.0924,41.3393],[-73.092,41.3391],[-73.0902,41.3381],[-73.0881,41.3351],[-73.0862,41.334],[-73.0845,41.333],[-73.0792,41.3308],[-73.0773,41.3303],[-73.0764,41.3289],[-73.0723,41.3273],[-73.0721,41.3269],[-73.0662,41.3264],[-73.065,41.3252],[-73.0607,41.3245],[-73.0583,41.324],[-73.0557,41.3239],[-73.0535,41.3246],[-73.051,41.3247],[-73.0391,41.3267],[-73.0404,41.3185],[-73.0407,41.3139],[-73.0491,41.3113],[-73.0532,41.3111],[-73.0546,41.3116],[-73.0561,41.312],[-73.0572,41.3122],[-73.0579,41.3121],[-73.0617,41.3101],[-73.0655,41.3048],[-73.0664,41.3029],[-73.0679,41.301],[-73.0754,41.3056],[-73.0777,41.3077],[-73.079,41.3116],[-73.0821,41.3131],[-73.0853,41.3137],[-73.0865,41.3145],[-73.0892,41.3175],[-73.0909,41.3193],[-73.0932,41.321],[-73.0969,41.3226],[-73.1148,41.3316],[-73.1158,41.3322],[-73.1209,41.3385],[-73.1229,41.3414],[-73.1235,41.3437],[-73.1247,41.3453],[-73.124,41.3456]]]}},{"type":"Feature","properties":{"name":"Roxbury","geoid":"0916065930"},"geometry":{"type":"Polygon","coordinates":[[[-73.3486,41.5952],[-73.3328,41.5965],[-73.3278,41.5966],[-73.3206,41.5978],[-73.312,41.599],[-73.2933,41.6006],[-73.2673,41.6032],[-73.2665,41.5972],[-73.2612,41.5626],[-73.2609,41.5572],[-73.258,41.5369],[-73.254,41.5189],[-73.2523,41.5121],[-73.2545,41.512],[-73.3074,41.5061],[-73.3189,41.5052],[-73.3303,41.5044],[-73.3325,41.5118],[-73.333,41.5135],[-73.3347,41.5224],[-73.3364,41.5338],[-73.3387,41.5411],[-73.3392,41.5445],[-73.341,41.5496],[-73.3412,41.5507],[-73.3431,41.5659],[-73.3486,41.5952]]]}},{"type":"Feature","properties":{"name":"Darien","geoid":"0919018850"},"geometry":{"type":"Polygon","coordinates":[[[-73.517,41.0812],[-73.5145,41.0883],[-73.5152,41.089],[-73.5146,41.0927],[-73.515,41.0942],[-73.5144,41.0953],[-73.5105,41.1021],[-73.5098,41.103],[-73.5094,41.1048],[-73.5114,41.1056],[-73.5115,41.1072],[-73.5081,41.11],[-73.5068,41.1095],[-73.5008,41.1144],[-73.4958,41.1141],[-73.4934,41.1145],[-73.4862,41.1142],[-73.4856,41.1139],[-73.479,41.1146],[-73.4746,41.1147],[-73.4729,41.1129],[-73.4691,41.1083],[-73.4675,41.1068],[-73.4621,41.1011],[-73.4558,41.0934],[-73.4555,41.0929],[-73.454,41.0917],[-73.4536,41.0911],[-73.4536,41.0896],[-73.4538,41.0877],[-73.4507,41.0882],[-73.4502,41.0865],[-73.4482,41.086],[-73.4475,41.085],[-73.4462,41.0773],[-73.4459,41.0765],[-73.4467,41.0762],[-73.4475,41.0729],[-73.4476,41.0719],[-73.4448,41.07],[-73.444,41.0684],[-73.4453,41.0659],[-73.4455,41.0654],[-73.4465,41.0581],[-73.4505,41.057],[-73.4514,41.0579],[-73.4536,41.0571],[-73.4542,41.0544],[-73.4596,41.0525],[-73.4617,41.0536],[-73.4615,41.0545],[-73.4589,41.0565],[-73.4578,41.059],[-73.4594,41.0596],[-73.4617,41.0589],[-73.4626,41.0585],[-73.4631,41.0584],[-73.4632,41.0583],[-73.4648,41.0581],[-73.465,41.0585],[-73.4652,41.0587],[-73.464,41.0599],[-73.4647,41.0607],[-73.4667,41.0611],[-73.469,41.0601],[-73.4705,41.0562],[-73.4715,41.0551],[-73.4705,41.0541],[-73.4683,41.0548],[-73.4673,41.0548],[-73.4672,41.0524],[-73.4696,41.0507],[-73.474,41.0508],[-73.4744,41.0493],[-73.47,41.0483],[-73.4702,41.0472],[-73.476,41.0439],[-73.4774,41.0364],[-73.4791,41.0366],[-73.4828,41.0462],[-73.4842,41.0462],[-73.4861,41.0461],[-73.4868,41.0422],[-73.4886,41.0408],[-73.4914,41.0427],[-73.4905,41.0441],[-73.4907,41.0444],[-73.4939,41.048],[-73.4958,41.0477],[-73.4959,41.0486],[-73.4979,41.0494],[-73.5025,41.056],[-73.5063,41.0589],[-73.5073,41.0609],[-73.5081,41.0621],[-73.5085,41.0628],[-73.51,41.0668],[-73.5099,41.0687],[-73.51,41.0704],[-73.5106,41.071],[-73.5109,41.0722],[-73.5113,41.0727],[-73.514,41.0732],[-73.5146,41.0748],[-73.5156,41.0754],[-73.518,41.08],[-73.517,41.0812]]]}},{"type":"Feature","properties":{"name":"Waterford","geoid":"0918080280"},"geometry":{"type":"Polygon","coordinates":[[[-72.2193,41.4121],[-72.1698,41.4186],[-72.1331,41.4236],[-72.1279,41.4243],[-72.1211,41.4252],[-72.1102,41.4267],[-72.1064,41.4272],[-72.1044,41.4275],[-72.1017,41.4265],[-72.0956,41.4253],[-72.093,41.4158],[-72.0939,41.4139],[-72.095,41.4116],[-72.096,41.4088],[-72.0955,41.4022],[-72.0958,41.4004],[-72.0965,41.399],[-72.0972,41.3962],[-72.0942,41.3927],[-72.0929,41.3889],[-72.0929,41.387],[-72.0984,41.3855],[-72.1097,41.383],[-72.1178,41.3753],[-72.1184,41.3747],[-72.1219,41.3713],[-72.1223,41.3706],[-72.1239,41.3696],[-72.1283,41.3653],[-72.1285,41.3576],[-72.1183,41.3478],[-72.1135,41.3436],[-72.1124,41.3414],[-72.1098,41.334],[-72.109,41.3321],[-72.1086,41.3286],[-72.1051,41.3219],[-72.1053,41.3206],[-72.1034,41.3174],[-72.1006,41.3132],[-72.102,41.3093],[-72.1017,41.3068],[-72.1039,41.3052],[-72.1011,41.3041],[-72.1014,41.3038],[-72.1078,41.3029],[-72.1118,41.2991],[-72.123,41.3018],[-72.1255,41.3012],[-72.1342,41.2994],[-72.144,41.3029],[-72.1497,41.3109],[-72.156,41.3131],[-72.1563,41.3132],[-72.1616,41.3103],[-72.1611,41.3069],[-72.1644,41.3037],[-72.1727,41.3096],[-72.1739,41.3176],[-72.1775,41.3223],[-72.1766,41.3231],[-72.1762,41.324],[-72.1799,41.3257],[-72.1805,41.3281],[-72.1793,41.3346],[-72.1811,41.3427],[-72.1829,41.3442],[-72.1849,41.3447],[-72.1882,41.3456],[-72.1888,41.3464],[-72.1881,41.3495],[-72.1896,41.3546],[-72.1894,41.3585],[-72.193,41.3671],[-72.1927,41.3689],[-72.1933,41.3705],[-72.1917,41.3729],[-72.1924,41.3747],[-72.1928,41.3755],[-72.2193,41.4121]]]}},{"type":"Feature","properties":{"name":"Killingly","geoid":"0915040500"},"geometry":{"type":"Polygon","coordinates":[[[-71.9271,41.8534],[-71.9262,41.8564],[-71.9235,41.8591],[-71.9232,41.8621],[-71.9219,41.8644],[-71.9192,41.8678],[-71.9174,41.8692],[-71.9142,41.87],[-71.912,41.8691],[-71.9104,41.8693],[-71.9089,41.8707],[-71.9081,41.8728],[-71.9052,41.8736],[-71.9038,41.8767],[-71.9017,41.8778],[-71.8983,41.8806],[-71.896,41.8812],[-71.8922,41.882],[-71.868,41.8878],[-71.8248,41.8981],[-71.7968,41.9044],[-71.7967,41.9045],[-71.7947,41.8544],[-71.7945,41.8492],[-71.7942,41.8411],[-71.7942,41.8401],[-71.7932,41.8172],[-71.7928,41.8087],[-71.7928,41.807],[-71.7927,41.8046],[-71.7913,41.7745],[-71.8387,41.7688],[-71.8717,41.7648],[-71.8744,41.7645],[-71.9002,41.7617],[-71.9172,41.7597],[-71.9156,41.7615],[-71.914,41.7641],[-71.9135,41.766],[-71.9108,41.7681],[-71.9084,41.771],[-71.9067,41.7717],[-71.9057,41.7731],[-71.9058,41.7765],[-71.904,41.7799],[-71.9026,41.7806],[-71.8906,41.7838],[-71.889,41.7849],[-71.8886,41.7864],[-71.8892,41.7885],[-71.8901,41.7928],[-71.8861,41.7956],[-71.8857,41.7972],[-71.8865,41.8007],[-71.8872,41.8018],[-71.8877,41.802],[-71.899,41.8075],[-71.8951,41.8101],[-71.8952,41.8122],[-71.8996,41.8165],[-71.902,41.8166],[-71.9051,41.8159],[-71.9058,41.8156],[-71.9062,41.8154],[-71.9068,41.8155],[-71.9071,41.8155],[-71.9076,41.8157],[-71.909,41.8155],[-71.9114,41.8148],[-71.9144,41.8157],[-71.9089,41.817],[-71.9069,41.8211],[-71.9079,41.8233],[-71.9074,41.8258],[-71.9062,41.8268],[-71.9051,41.828],[-71.9043,41.8313],[-71.9073,41.8327],[-71.9101,41.8358],[-71.9109,41.8383],[-71.9143,41.8407],[-71.9161,41.8449],[-71.9184,41.8456],[-71.9197,41.8469],[-71.9209,41.8493],[-71.9229,41.8502],[-71.9252,41.8495],[-71.927,41.8502],[-71.9271,41.8534]]]}},{"type":"Feature","properties":{"name":"Canterbury","geoid":"0915012130"},"geometry":{"type":"Polygon","coordinates":[[[-72.0621,41.6522],[-72.0535,41.6844],[-72.0529,41.6883],[-72.0561,41.7012],[-72.0526,41.7314],[-72.0458,41.7305],[-72.0229,41.7596],[-72.0118,41.7578],[-71.9995,41.7558],[-71.9977,41.7557],[-71.9606,41.7495],[-71.921,41.7434],[-71.9139,41.7423],[-71.9142,41.7415],[-71.919,41.7361],[-71.9222,41.7344],[-71.9237,41.7341],[-71.9295,41.735],[-71.9319,41.7343],[-71.9327,41.7314],[-71.9355,41.7295],[-71.9427,41.7264],[-71.9439,41.7253],[-71.9457,41.7225],[-71.9502,41.7252],[-71.9532,41.7264],[-71.9555,41.7265],[-71.9575,41.724],[-71.9573,41.7217],[-71.9581,41.7196],[-71.9628,41.7161],[-71.9661,41.7147],[-71.9663,41.7141],[-71.964,41.7107],[-71.9654,41.7085],[-71.9626,41.7055],[-71.9619,41.6995],[-71.9627,41.6979],[-71.9624,41.6958],[-71.9601,41.6921],[-71.9593,41.6919],[-71.9568,41.6926],[-71.9557,41.6914],[-71.9545,41.6888],[-71.9546,41.6862],[-71.9561,41.6827],[-71.9557,41.6798],[-71.9533,41.6771],[-71.9535,41.6753],[-71.9484,41.6748],[-71.9498,41.667],[-71.955,41.6348],[-71.9753,41.6381],[-71.9918,41.6408],[-72.0149,41.6446],[-72.0312,41.6472],[-72.0557,41.6512],[-72.0621,41.6522]]]}},{"type":"Feature","properties":{"name":"New London","geoid":"0918052350"},"geometry":{"type":"Polygon","coordinates":[[[-72.1283,41.3653],[-72.1239,41.3696],[-72.1223,41.3706],[-72.1219,41.3713],[-72.1184,41.3747],[-72.1178,41.3753],[-72.1097,41.383],[-72.0984,41.3855],[-72.0929,41.387],[-72.0932,41.3771],[-72.0905,41.3696],[-72.0896,41.3676],[-72.0881,41.3638],[-72.0878,41.3631],[-72.0868,41.3557],[-72.0861,41.3526],[-72.0859,41.3495],[-72.0867,41.3481],[-72.0856,41.3406],[-72.0853,41.3392],[-72.0836,41.328],[-72.082,41.3172],[-72.0885,41.3158],[-72.0913,41.315],[-72.0944,41.3142],[-72.0931,41.3094],[-72.0984,41.3076],[-72.1011,41.3041],[-72.1039,41.3052],[-72.1017,41.3068],[-72.102,41.3093],[-72.1006,41.3132],[-72.1034,41.3174],[-72.1053,41.3206],[-72.1051,41.3219],[-72.1086,41.3286],[-72.109,41.3321],[-72.1098,41.334],[-72.1124,41.3414],[-72.1135,41.3436],[-72.1183,41.3478],[-72.1285,41.3576],[-72.1283,41.3653]]]}},{"type":"Feature","properties":{"name":"Southbury","geoid":"0914069640"},"geometry":{"type":"Polygon","coordinates":[[[-73.3268,41.486],[-73.3249,41.4896],[-73.3268,41.4927],[-73.3255,41.4953],[-73.3231,41.4979],[-73.3212,41.5007],[-73.3205,41.504],[-73.3189,41.5052],[-73.3074,41.5061],[-73.2545,41.512],[-73.2523,41.5121],[-73.2496,41.5125],[-73.2422,41.513],[-73.2197,41.5102],[-73.208,41.509],[-73.2068,41.5088],[-73.2042,41.5085],[-73.185,41.5109],[-73.1555,41.5143],[-73.1557,41.5153],[-73.1554,41.5148],[-73.1556,41.5114],[-73.1569,41.5114],[-73.1584,41.5082],[-73.1568,41.5055],[-73.1579,41.5017],[-73.159,41.5007],[-73.1604,41.4981],[-73.1599,41.497],[-73.158,41.4966],[-73.1568,41.493],[-73.1573,41.4902],[-73.1579,41.4894],[-73.1561,41.483],[-73.1566,41.4779],[-73.1581,41.4744],[-73.1596,41.4706],[-73.1588,41.4696],[-73.1591,41.4681],[-73.1576,41.4651],[-73.1583,41.4619],[-73.16,41.4614],[-73.1604,41.4596],[-73.1621,41.4576],[-73.165,41.4582],[-73.1659,41.4567],[-73.1648,41.454],[-73.1662,41.4524],[-73.1639,41.4489],[-73.1648,41.4478],[-73.1771,41.4392],[-73.1849,41.4341],[-73.1889,41.4317],[-73.1939,41.4291],[-73.2077,41.4205],[-73.2118,41.4228],[-73.2144,41.4251],[-73.2171,41.4284],[-73.2182,41.4291],[-73.2265,41.4303],[-73.23,41.4291],[-73.2359,41.4262],[-73.2368,41.4262],[-73.2384,41.4263],[-73.2423,41.4298],[-73.2423,41.4361],[-73.2443,41.4396],[-73.2453,41.4399],[-73.2475,41.4392],[-73.248,41.439],[-73.2512,41.4378],[-73.257,41.4339],[-73.2592,41.4333],[-73.2637,41.4345],[-73.2659,41.4371],[-73.2675,41.4436],[-73.2702,41.448],[-73.2737,41.4516],[-73.2783,41.4526],[-73.2832,41.4516],[-73.2878,41.4503],[-73.2913,41.4481],[-73.2939,41.4474],[-73.2984,41.4489],[-73.3001,41.4525],[-73.3008,41.4559],[-73.2999,41.4584],[-73.2998,41.4608],[-73.2983,41.4648],[-73.2983,41.4676],[-73.2996,41.4701],[-73.3006,41.4708],[-73.3028,41.4714],[-73.305,41.4712],[-73.3105,41.4688],[-73.3128,41.4699],[-73.3209,41.477],[-73.3227,41.4808],[-73.3265,41.4838],[-73.327,41.4849],[-73.3268,41.486]]]}},{"type":"Feature","properties":{"name":"Stratford","geoid":"0912074190"},"geometry":{"type":"Polygon","coordinates":[[[-73.1588,41.1737],[-73.1588,41.1743],[-73.1556,41.1777],[-73.1553,41.1794],[-73.1542,41.183],[-73.1546,41.1836],[-73.1545,41.1837],[-73.1545,41.1838],[-73.155,41.1866],[-73.1551,41.19],[-73.1548,41.1916],[-73.1538,41.1925],[-73.1547,41.1934],[-73.1549,41.1957],[-73.1565,41.2005],[-73.1568,41.2013],[-73.158,41.2054],[-73.1619,41.2176],[-73.1628,41.2202],[-73.1611,41.2246],[-73.1591,41.2259],[-73.1576,41.2284],[-73.1572,41.2288],[-73.1538,41.2301],[-73.1543,41.2305],[-73.1505,41.2324],[-73.1462,41.237],[-73.1407,41.238],[-73.1432,41.2412],[-73.1433,41.245],[-73.1452,41.2499],[-73.1455,41.2544],[-73.1467,41.255],[-73.1469,41.2554],[-73.1439,41.2572],[-73.1202,41.2647],[-73.1136,41.2668],[-73.1083,41.2686],[-73.106,41.267],[-73.1071,41.2641],[-73.1046,41.2636],[-73.103,41.2616],[-73.1031,41.2596],[-73.0984,41.2593],[-73.0953,41.2581],[-73.0946,41.2562],[-73.0909,41.2571],[-73.0868,41.2546],[-73.0874,41.2518],[-73.0912,41.2464],[-73.0914,41.2463],[-73.0934,41.2446],[-73.1016,41.2401],[-73.105,41.2366],[-73.1076,41.2325],[-73.11,41.2294],[-73.1106,41.2274],[-73.1105,41.2253],[-73.1084,41.2183],[-73.1103,41.214],[-73.1103,41.2133],[-73.1107,41.2078],[-73.1095,41.2048],[-73.1093,41.2041],[-73.1106,41.2003],[-73.1154,41.1935],[-73.1162,41.1926],[-73.1208,41.1885],[-73.1214,41.1874],[-73.1225,41.1829],[-73.122,41.1789],[-73.1215,41.1776],[-73.1199,41.1757],[-73.1122,41.1714],[-73.108,41.1688],[-73.1104,41.1597],[-73.1089,41.1579],[-73.107,41.1555],[-73.1011,41.1541],[-73.103,41.1514],[-73.1111,41.1508],[-73.1131,41.1504],[-73.1303,41.1468],[-73.1379,41.149],[-73.1648,41.1569],[-73.1588,41.1737]]]}},{"type":"Feature","properties":{"name":"Newtown","geoid":"0919052980"},"geometry":{"type":"Polygon","coordinates":[[[-73.3786,41.42],[-73.3748,41.4248],[-73.3644,41.4378],[-73.3599,41.4426],[-73.3317,41.4727],[-73.3268,41.4695],[-73.3129,41.4674],[-73.3105,41.4688],[-73.305,41.4712],[-73.3028,41.4714],[-73.3006,41.4708],[-73.2996,41.4701],[-73.2983,41.4676],[-73.2983,41.4648],[-73.2998,41.4608],[-73.2999,41.4584],[-73.3008,41.4559],[-73.3001,41.4525],[-73.2984,41.4489],[-73.2939,41.4474],[-73.2913,41.4481],[-73.2878,41.4503],[-73.2832,41.4516],[-73.2783,41.4526],[-73.2737,41.4516],[-73.2702,41.448],[-73.2675,41.4436],[-73.2659,41.4371],[-73.2637,41.4345],[-73.2592,41.4333],[-73.257,41.4339],[-73.2512,41.4378],[-73.248,41.439],[-73.2475,41.4392],[-73.2453,41.4399],[-73.2443,41.4396],[-73.2423,41.4361],[-73.2423,41.4298],[-73.2384,41.4263],[-73.2368,41.4262],[-73.2359,41.4262],[-73.23,41.4291],[-73.2265,41.4303],[-73.2182,41.4291],[-73.2171,41.4284],[-73.2144,41.4251],[-73.2118,41.4228],[-73.2077,41.4205],[-73.2016,41.4158],[-73.1998,41.4132],[-73.1968,41.4114],[-73.1903,41.4103],[-73.1866,41.4086],[-73.1849,41.4063],[-73.1854,41.4022],[-73.1876,41.3996],[-73.188,41.3973],[-73.1833,41.3917],[-73.1877,41.3889],[-73.1904,41.3883],[-73.1917,41.3889],[-73.1949,41.3885],[-73.198,41.3827],[-73.2011,41.381],[-73.2036,41.3792],[-73.2023,41.378],[-73.202,41.3752],[-73.2013,41.3739],[-73.2021,41.3722],[-73.2048,41.3705],[-73.2066,41.3702],[-73.2112,41.3677],[-73.2133,41.3679],[-73.219,41.3645],[-73.2233,41.3642],[-73.2253,41.3653],[-73.2278,41.3651],[-73.2295,41.3672],[-73.2281,41.3688],[-73.229,41.3703],[-73.2291,41.3703],[-73.2562,41.3574],[-73.2613,41.355],[-73.2683,41.3515],[-73.3019,41.3345],[-73.306,41.3324],[-73.3253,41.3225],[-73.3333,41.3183],[-73.3348,41.3219],[-73.3471,41.3504],[-73.3583,41.3754],[-73.3598,41.3786],[-73.3617,41.3827],[-73.3682,41.3971],[-73.3741,41.41],[-73.3757,41.4136],[-73.3786,41.42]]]}},{"type":"Feature","properties":{"name":"New Hartford","geoid":"0916051350"},"geometry":{"type":"Polygon","coordinates":[[[-73.0762,41.7991],[-73.0743,41.8058],[-73.0702,41.8212],[-73.0677,41.8304],[-73.0673,41.8332],[-73.0652,41.8408],[-73.0598,41.8635],[-73.0535,41.8873],[-73.0399,41.8883],[-72.993,41.8915],[-72.9853,41.8921],[-72.9597,41.8939],[-72.9557,41.8942],[-72.9414,41.895],[-72.9406,41.8952],[-72.9439,41.8848],[-72.9462,41.8772],[-72.9463,41.874],[-72.9536,41.8539],[-72.9537,41.8467],[-72.9512,41.8427],[-72.9465,41.8436],[-72.9422,41.8434],[-72.9391,41.8425],[-72.9365,41.8403],[-72.9396,41.8317],[-72.949,41.8064],[-72.9841,41.8021],[-72.9995,41.8],[-73.0169,41.7982],[-73.0252,41.7982],[-73.0299,41.7981],[-73.0476,41.7982],[-73.0596,41.7982],[-73.0606,41.7983],[-73.0767,41.7985],[-73.0762,41.7991]]]}},{"type":"Feature","properties":{"name":"Brooklyn","geoid":"0915009190"},"geometry":{"type":"Polygon","coordinates":[[[-72.0221,41.7637],[-72.018,41.7826],[-72.0145,41.805],[-71.992,41.8061],[-71.9923,41.8185],[-71.9776,41.8183],[-71.9781,41.8209],[-71.9767,41.8242],[-71.9766,41.8268],[-71.9587,41.8268],[-71.9366,41.8269],[-71.9219,41.8269],[-71.9062,41.8268],[-71.9074,41.8258],[-71.9079,41.8233],[-71.9069,41.8211],[-71.9089,41.817],[-71.9144,41.8157],[-71.9114,41.8148],[-71.909,41.8155],[-71.9076,41.8157],[-71.9071,41.8155],[-71.9068,41.8155],[-71.9062,41.8154],[-71.9058,41.8156],[-71.9051,41.8159],[-71.902,41.8166],[-71.8996,41.8165],[-71.8952,41.8122],[-71.8951,41.8101],[-71.899,41.8075],[-71.8877,41.802],[-71.8872,41.8018],[-71.8865,41.8007],[-71.8857,41.7972],[-71.8861,41.7956],[-71.8901,41.7928],[-71.8892,41.7885],[-71.8886,41.7864],[-71.889,41.7849],[-71.8906,41.7838],[-71.9026,41.7806],[-71.904,41.7799],[-71.9058,41.7765],[-71.9057,41.7731],[-71.9067,41.7717],[-71.9084,41.771],[-71.9108,41.7681],[-71.9135,41.766],[-71.914,41.7641],[-71.9156,41.7615],[-71.9172,41.7597],[-71.918,41.7572],[-71.9164,41.7561],[-71.9133,41.753],[-71.9129,41.7511],[-71.9141,41.7481],[-71.9153,41.7466],[-71.9139,41.7423],[-71.921,41.7434],[-71.9606,41.7495],[-71.9977,41.7557],[-71.9995,41.7558],[-72.0118,41.7578],[-72.0229,41.7596],[-72.0221,41.7637]]]}},{"type":"Feature","properties":{"name":"Ellington","geoid":"0911025360"},"geometry":{"type":"Polygon","coordinates":[[[-72.5173,41.8699],[-72.5169,41.8736],[-72.5152,41.8995],[-72.5146,41.9166],[-72.5141,41.9326],[-72.5133,41.9454],[-72.5055,41.9464],[-72.4927,41.9475],[-72.4919,41.9476],[-72.4905,41.9477],[-72.4823,41.949],[-72.458,41.9518],[-72.4473,41.9531],[-72.4301,41.955],[-72.4121,41.9569],[-72.4067,41.9572],[-72.4072,41.9414],[-72.3915,41.9417],[-72.3718,41.9418],[-72.3668,41.9415],[-72.3368,41.9412],[-72.3068,41.9406],[-72.3063,41.9407],[-72.3092,41.9335],[-72.3089,41.9311],[-72.3069,41.9296],[-72.3077,41.9294],[-72.3216,41.9281],[-72.3358,41.9264],[-72.3779,41.9212],[-72.3895,41.92],[-72.4115,41.9176],[-72.4295,41.915],[-72.4312,41.9145],[-72.4293,41.8937],[-72.4296,41.8919],[-72.428,41.8746],[-72.438,41.8733],[-72.4382,41.8733],[-72.4508,41.8717],[-72.4644,41.8701],[-72.485,41.8675],[-72.4885,41.8671],[-72.4925,41.8665],[-72.4928,41.8665],[-72.493,41.8665],[-72.4955,41.866],[-72.4968,41.8606],[-72.5019,41.8595],[-72.5151,41.8575],[-72.5183,41.8569],[-72.5173,41.8699]]]}},{"type":"Feature","properties":{"name":"Hebron","geoid":"0911037910"},"geometry":{"type":"Polygon","coordinates":[[[-72.4537,41.7282],[-72.4355,41.7303],[-72.4228,41.732],[-72.4217,41.7303],[-72.4191,41.7251],[-72.4157,41.7205],[-72.4139,41.7186],[-72.4124,41.7158],[-72.3987,41.6969],[-72.3885,41.698],[-72.3565,41.7015],[-72.3564,41.7015],[-72.3515,41.6872],[-72.344,41.6687],[-72.3342,41.6436],[-72.3292,41.6296],[-72.327,41.6251],[-72.3245,41.6186],[-72.3281,41.6055],[-72.3433,41.5993],[-72.3524,41.599],[-72.3531,41.5989],[-72.3559,41.5976],[-72.3589,41.5983],[-72.3616,41.6008],[-72.3637,41.6012],[-72.3652,41.5998],[-72.3678,41.6002],[-72.3714,41.5995],[-72.375,41.6014],[-72.3761,41.6003],[-72.3766,41.5977],[-72.3776,41.5962],[-72.3805,41.5955],[-72.382,41.5938],[-72.3824,41.5921],[-72.3839,41.5908],[-72.3842,41.5887],[-72.3856,41.5896],[-72.3931,41.5925],[-72.3933,41.5926],[-72.3973,41.5947],[-72.4013,41.5956],[-72.4061,41.5988],[-72.4085,41.6023],[-72.4104,41.6026],[-72.4095,41.6086],[-72.4095,41.62],[-72.409,41.6226],[-72.4079,41.6251],[-72.4085,41.6266],[-72.4092,41.6307],[-72.4138,41.6349],[-72.4139,41.6369],[-72.4157,41.6393],[-72.4159,41.6402],[-72.4208,41.6481],[-72.4275,41.6597],[-72.4294,41.6623],[-72.4373,41.6666],[-72.4481,41.6719],[-72.4516,41.6871],[-72.4522,41.6888],[-72.453,41.6921],[-72.4601,41.7273],[-72.4537,41.7282]]]}},{"type":"Feature","properties":{"name":"Ashford","geoid":"0915001430"},"geometry":{"type":"Polygon","coordinates":[[[-72.2171,41.8723],[-72.2169,41.8845],[-72.2165,41.8881],[-72.2163,41.8928],[-72.2167,41.9187],[-72.2173,41.9494],[-72.217,41.9582],[-72.1953,41.9593],[-72.1907,41.9591],[-72.1517,41.9593],[-72.1527,41.953],[-72.1507,41.9525],[-72.1507,41.9495],[-72.149,41.9438],[-72.1484,41.9435],[-72.147,41.9425],[-72.1472,41.9409],[-72.1466,41.9391],[-72.1454,41.9383],[-72.1452,41.9355],[-72.1444,41.9333],[-72.145,41.9306],[-72.1447,41.9288],[-72.1411,41.9237],[-72.14,41.9232],[-72.1388,41.9204],[-72.1398,41.9184],[-72.1394,41.9162],[-72.1354,41.9134],[-72.1328,41.9104],[-72.1276,41.9027],[-72.1251,41.8986],[-72.1222,41.8944],[-72.1129,41.8793],[-72.113,41.8778],[-72.1124,41.8628],[-72.114,41.8317],[-72.126,41.8339],[-72.129,41.8343],[-72.134,41.8346],[-72.1404,41.8346],[-72.1451,41.8349],[-72.1645,41.8349],[-72.166,41.8349],[-72.169,41.8349],[-72.2003,41.835],[-72.2177,41.8352],[-72.2171,41.8723]]]}},{"type":"Feature","properties":{"name":"Wolcott","geoid":"0914087560"},"geometry":{"type":"Polygon","coordinates":[[[-73.0215,41.6271],[-73.0031,41.6291],[-72.9831,41.6395],[-72.9639,41.6413],[-72.9602,41.642],[-72.9478,41.6432],[-72.9385,41.6443],[-72.9381,41.6403],[-72.9352,41.6194],[-72.9336,41.6078],[-72.9338,41.6071],[-72.938,41.5906],[-72.9426,41.5711],[-72.9447,41.5629],[-72.9451,41.5597],[-72.9463,41.5568],[-72.9568,41.5553],[-72.9569,41.5553],[-72.9642,41.5544],[-72.9681,41.5539],[-72.9694,41.5538],[-72.9728,41.5538],[-72.9753,41.5536],[-72.9799,41.5533],[-72.9829,41.5566],[-72.9914,41.5644],[-72.9919,41.565],[-72.9964,41.5693],[-72.998,41.5709],[-72.9986,41.5711],[-73.0018,41.5741],[-73.0121,41.5838],[-73.0132,41.5887],[-73.0149,41.5963],[-73.0161,41.602],[-73.017,41.6061],[-73.0174,41.6098],[-73.0186,41.6141],[-73.0215,41.6271]]]}},{"type":"Feature","properties":{"name":"East Hampton","geoid":"0913022490"},"geometry":{"type":"Polygon","coordinates":[[[-72.562,41.5594],[-72.5608,41.5605],[-72.5595,41.5624],[-72.5592,41.5664],[-72.5584,41.5689],[-72.5577,41.578],[-72.5541,41.5815],[-72.5504,41.5865],[-72.5496,41.588],[-72.5465,41.5922],[-72.5435,41.5955],[-72.5429,41.5971],[-72.5419,41.6018],[-72.5408,41.6054],[-72.5445,41.6158],[-72.5293,41.6174],[-72.5312,41.6211],[-72.5442,41.6427],[-72.5346,41.6439],[-72.5321,41.644],[-72.5218,41.6455],[-72.5054,41.647],[-72.5049,41.6455],[-72.4818,41.6082],[-72.4815,41.6077],[-72.4769,41.6],[-72.4743,41.5952],[-72.469,41.5873],[-72.4667,41.5839],[-72.4518,41.5586],[-72.4491,41.5539],[-72.4487,41.5535],[-72.4479,41.5529],[-72.4466,41.5507],[-72.4469,41.5504],[-72.4439,41.5464],[-72.4327,41.5279],[-72.4308,41.5246],[-72.4485,41.5226],[-72.4495,41.5225],[-72.4542,41.5298],[-72.4554,41.531],[-72.4587,41.5368],[-72.4588,41.5396],[-72.4597,41.54],[-72.4593,41.5392],[-72.4617,41.5354],[-72.4636,41.5335],[-72.4659,41.5327],[-72.4686,41.5311],[-72.4697,41.5297],[-72.4755,41.5243],[-72.4794,41.5218],[-72.4804,41.5195],[-72.485,41.5187],[-72.552,41.5112],[-72.5526,41.5114],[-72.5549,41.511],[-72.5557,41.5146],[-72.5562,41.5193],[-72.5559,41.525],[-72.5538,41.5305],[-72.553,41.5315],[-72.5513,41.5353],[-72.5509,41.5381],[-72.5511,41.543],[-72.5516,41.5455],[-72.5525,41.5475],[-72.5544,41.5506],[-72.5608,41.554],[-72.5628,41.5584],[-72.562,41.5594]]]}},{"type":"Feature","properties":{"name":"Bolton","geoid":"0911006260"},"geometry":{"type":"Polygon","coordinates":[[[-72.4734,41.7983],[-72.4551,41.8014],[-72.4491,41.8021],[-72.4392,41.8036],[-72.4294,41.8049],[-72.4189,41.8066],[-72.4165,41.797],[-72.4112,41.7699],[-72.4103,41.7655],[-72.4053,41.7426],[-72.4051,41.7388],[-72.4036,41.734],[-72.4184,41.7321],[-72.4228,41.732],[-72.4355,41.7303],[-72.4537,41.7282],[-72.4601,41.7273],[-72.4624,41.7384],[-72.4639,41.7456],[-72.4651,41.7502],[-72.4687,41.7705],[-72.4703,41.7798],[-72.4711,41.7844],[-72.4735,41.7983],[-72.4734,41.7983]]]}},{"type":"Feature","properties":{"name":"Bridgewater","geoid":"0919008210"},"geometry":{"type":"Polygon","coordinates":[[[-73.4047,41.537],[-73.4035,41.5406],[-73.4027,41.5414],[-73.4012,41.5423],[-73.3995,41.544],[-73.3958,41.5439],[-73.394,41.5448],[-73.3917,41.545],[-73.3907,41.5468],[-73.389,41.5469],[-73.389,41.5479],[-73.3908,41.5497],[-73.3903,41.5543],[-73.3912,41.556],[-73.3791,41.5621],[-73.372,41.5651],[-73.3646,41.5649],[-73.3494,41.5657],[-73.3431,41.5659],[-73.3412,41.5507],[-73.341,41.5496],[-73.3392,41.5445],[-73.3387,41.5411],[-73.3364,41.5338],[-73.3347,41.5224],[-73.333,41.5135],[-73.3325,41.5118],[-73.3303,41.5044],[-73.3189,41.5052],[-73.3205,41.504],[-73.3212,41.5007],[-73.3231,41.4979],[-73.3255,41.4953],[-73.3268,41.4927],[-73.3249,41.4896],[-73.3268,41.486],[-73.327,41.4849],[-73.3265,41.4838],[-73.3227,41.4808],[-73.3209,41.477],[-73.3128,41.4699],[-73.3105,41.4688],[-73.3129,41.4674],[-73.3268,41.4695],[-73.3317,41.4727],[-73.3367,41.4757],[-73.3401,41.4767],[-73.3477,41.4781],[-73.3507,41.4798],[-73.3589,41.4821],[-73.3641,41.4853],[-73.3753,41.4892],[-73.3768,41.499],[-73.379,41.5019],[-73.382,41.5036],[-73.3871,41.5052],[-73.3886,41.5065],[-73.3875,41.5091],[-73.385,41.511],[-73.3851,41.5125],[-73.387,41.5148],[-73.3939,41.5169],[-73.3974,41.5183],[-73.3998,41.5201],[-73.4026,41.5251],[-73.4045,41.5312],[-73.4046,41.5343],[-73.4047,41.537]]]}},{"type":"Feature","properties":{"name":"New Canaan","geoid":"0919050580"},"geometry":{"type":"Polygon","coordinates":[[[-73.5547,41.1799],[-73.536,41.1886],[-73.5359,41.1886],[-73.5146,41.1984],[-73.5126,41.1994],[-73.5095,41.2008],[-73.5092,41.2009],[-73.5092,41.2009],[-73.5039,41.2033],[-73.4959,41.2069],[-73.494,41.2077],[-73.4849,41.2118],[-73.4838,41.2082],[-73.4803,41.2079],[-73.4787,41.2053],[-73.4757,41.1991],[-73.4731,41.1951],[-73.472,41.1944],[-73.4729,41.1914],[-73.4701,41.1896],[-73.4728,41.185],[-73.4722,41.1827],[-73.4735,41.1819],[-73.473,41.1807],[-73.47,41.1791],[-73.4685,41.1774],[-73.4654,41.176],[-73.4654,41.1702],[-73.4668,41.1655],[-73.4641,41.1628],[-73.4643,41.1615],[-73.4626,41.1611],[-73.457,41.1601],[-73.4549,41.1592],[-73.4529,41.1597],[-73.4504,41.158],[-73.4489,41.1538],[-73.4489,41.1535],[-73.4495,41.1501],[-73.4506,41.1487],[-73.4588,41.1349],[-73.4595,41.1342],[-73.4629,41.1298],[-73.4711,41.1192],[-73.4746,41.1147],[-73.479,41.1146],[-73.4856,41.1139],[-73.4862,41.1142],[-73.4934,41.1145],[-73.4958,41.1141],[-73.5008,41.1144],[-73.5078,41.1142],[-73.5083,41.1143],[-73.5219,41.1151],[-73.5221,41.1173],[-73.5225,41.1189],[-73.5332,41.1478],[-73.5341,41.1498],[-73.5341,41.1502],[-73.5342,41.1516],[-73.5331,41.152],[-73.5323,41.1544],[-73.5349,41.1557],[-73.5358,41.1578],[-73.5387,41.1601],[-73.54,41.1601],[-73.542,41.1631],[-73.5437,41.1637],[-73.5531,41.1742],[-73.5523,41.1761],[-73.5536,41.1792],[-73.5547,41.1799]]]}},{"type":"Feature","properties":{"name":"Glastonbury","geoid":"0911031240"},"geometry":{"type":"Polygon","coordinates":[[[-72.6489,41.7231],[-72.6363,41.7249],[-72.6342,41.7251],[-72.6309,41.7257],[-72.6271,41.7262],[-72.6165,41.7276],[-72.6138,41.7281],[-72.6136,41.7282],[-72.604,41.7295],[-72.5993,41.7299],[-72.593,41.7311],[-72.5865,41.7319],[-72.5741,41.7335],[-72.5712,41.7338],[-72.5677,41.7343],[-72.5492,41.7361],[-72.5364,41.7377],[-72.5319,41.7383],[-72.5197,41.7395],[-72.5181,41.74],[-72.5171,41.7399],[-72.5163,41.7398],[-72.5008,41.7419],[-72.4891,41.743],[-72.4639,41.7456],[-72.4624,41.7384],[-72.4601,41.7273],[-72.453,41.6921],[-72.4522,41.6888],[-72.461,41.688],[-72.4699,41.6868],[-72.4768,41.6861],[-72.4827,41.6813],[-72.4789,41.6735],[-72.4773,41.6688],[-72.486,41.6662],[-72.4973,41.6624],[-72.5019,41.6542],[-72.5054,41.647],[-72.5218,41.6455],[-72.5321,41.644],[-72.5346,41.6439],[-72.5442,41.6427],[-72.5599,41.641],[-72.5772,41.639],[-72.605,41.636],[-72.6305,41.6333],[-72.6278,41.6402],[-72.6244,41.6451],[-72.6235,41.6503],[-72.6281,41.6617],[-72.628,41.666],[-72.6248,41.6693],[-72.612,41.6725],[-72.6095,41.6746],[-72.6086,41.6813],[-72.6107,41.6842],[-72.6157,41.6881],[-72.6297,41.6894],[-72.6327,41.6899],[-72.6357,41.6915],[-72.6367,41.6929],[-72.6353,41.6987],[-72.6269,41.701],[-72.6197,41.7025],[-72.6185,41.7034],[-72.6176,41.704],[-72.6159,41.7071],[-72.622,41.7122],[-72.6383,41.7141],[-72.6406,41.7145],[-72.6489,41.7231]]]}},{"type":"Feature","properties":{"name":"Madison","geoid":"0917044560"},"geometry":{"type":"Polygon","coordinates":[[[-72.6787,41.4338],[-72.6711,41.4354],[-72.6668,41.4357],[-72.6537,41.4381],[-72.6546,41.4363],[-72.653,41.4349],[-72.6509,41.435],[-72.6484,41.4351],[-72.6496,41.431],[-72.6468,41.4312],[-72.6424,41.4293],[-72.6452,41.4258],[-72.6488,41.422],[-72.6505,41.4191],[-72.6497,41.4184],[-72.6492,41.4173],[-72.6474,41.417],[-72.6469,41.4157],[-72.6451,41.4158],[-72.6416,41.4137],[-72.6378,41.4123],[-72.6323,41.4123],[-72.6323,41.4081],[-72.6306,41.4069],[-72.6308,41.4036],[-72.629,41.4012],[-72.6263,41.4002],[-72.625,41.3991],[-72.6259,41.3972],[-72.6225,41.3936],[-72.618,41.3917],[-72.616,41.3887],[-72.6123,41.3862],[-72.6138,41.3844],[-72.614,41.3808],[-72.6115,41.3765],[-72.6088,41.3735],[-72.6092,41.3705],[-72.6081,41.3674],[-72.6101,41.3671],[-72.6093,41.3654],[-72.6097,41.3634],[-72.6122,41.3627],[-72.6126,41.3572],[-72.6127,41.3538],[-72.6116,41.3523],[-72.6128,41.3502],[-72.6114,41.3471],[-72.6112,41.3432],[-72.6127,41.3424],[-72.6127,41.3409],[-72.6144,41.337],[-72.6136,41.3362],[-72.615,41.3336],[-72.6144,41.33],[-72.6121,41.3292],[-72.6115,41.3275],[-72.6087,41.3282],[-72.6052,41.3276],[-72.6025,41.326],[-72.6008,41.3258],[-72.5972,41.3285],[-72.5957,41.328],[-72.5929,41.3241],[-72.5918,41.3228],[-72.5894,41.3227],[-72.5873,41.3243],[-72.5864,41.3242],[-72.5858,41.323],[-72.5853,41.3186],[-72.5878,41.316],[-72.5894,41.3151],[-72.5871,41.3137],[-72.5852,41.3142],[-72.5849,41.3129],[-72.5866,41.3129],[-72.5886,41.3117],[-72.5857,41.3099],[-72.5862,41.3092],[-72.5856,41.3073],[-72.5825,41.3064],[-72.5811,41.3049],[-72.5818,41.3039],[-72.5799,41.304],[-72.5763,41.3024],[-72.576,41.3009],[-72.5734,41.2992],[-72.5707,41.298],[-72.5717,41.2976],[-72.57,41.2966],[-72.5708,41.2958],[-72.5701,41.2944],[-72.5676,41.2942],[-72.5656,41.2924],[-72.5646,41.2899],[-72.5646,41.2895],[-72.5639,41.2887],[-72.5611,41.2875],[-72.5574,41.2837],[-72.5572,41.282],[-72.555,41.2806],[-72.5511,41.2806],[-72.5489,41.2819],[-72.546,41.2803],[-72.548,41.2774],[-72.5463,41.276],[-72.5443,41.2737],[-72.547,41.2716],[-72.5464,41.2674],[-72.5477,41.2643],[-72.5472,41.2625],[-72.5458,41.2603],[-72.5363,41.2548],[-72.5368,41.2509],[-72.5439,41.2487],[-72.5469,41.2508],[-72.5706,41.2677],[-72.5711,41.2681],[-72.5711,41.2681],[-72.5833,41.2717],[-72.5852,41.2713],[-72.591,41.2701],[-72.598,41.2687],[-72.6012,41.2695],[-72.6041,41.2708],[-72.6078,41.2704],[-72.608,41.2704],[-72.6104,41.2708],[-72.6172,41.272],[-72.6175,41.2719],[-72.6192,41.2716],[-72.6314,41.2691],[-72.6415,41.267],[-72.6538,41.2659],[-72.6545,41.2658],[-72.6566,41.2699],[-72.6543,41.2713],[-72.6544,41.274],[-72.6522,41.2748],[-72.6497,41.2744],[-72.648,41.2759],[-72.6493,41.2796],[-72.6468,41.2811],[-72.6461,41.2805],[-72.6444,41.2816],[-72.6466,41.2839],[-72.6474,41.2859],[-72.6461,41.2874],[-72.6487,41.2887],[-72.6491,41.2892],[-72.6456,41.289],[-72.6439,41.2916],[-72.6333,41.2994],[-72.6339,41.304],[-72.6326,41.3061],[-72.6317,41.3094],[-72.6363,41.3143],[-72.6359,41.3155],[-72.6383,41.318],[-72.64,41.3184],[-72.642,41.3204],[-72.6424,41.3225],[-72.645,41.3228],[-72.6451,41.324],[-72.6476,41.3255],[-72.6505,41.3267],[-72.6505,41.3284],[-72.655,41.3307],[-72.6555,41.3313],[-72.6584,41.3303],[-72.6608,41.3321],[-72.6641,41.3354],[-72.6653,41.3354],[-72.667,41.3378],[-72.6683,41.3393],[-72.675,41.3486],[-72.676,41.3516],[-72.6762,41.3538],[-72.6782,41.3574],[-72.6786,41.3604],[-72.6782,41.3719],[-72.6797,41.3798],[-72.6787,41.4338]]]}},{"type":"Feature","properties":{"name":"West Haven","geoid":"0917082870"},"geometry":{"type":"Polygon","coordinates":[[[-72.9931,41.2447],[-72.9921,41.2449],[-72.9909,41.2454],[-72.9905,41.2477],[-72.9924,41.2487],[-72.9922,41.2586],[-72.992,41.2644],[-72.992,41.2681],[-72.9865,41.273],[-72.9799,41.2792],[-72.983,41.2813],[-72.984,41.2806],[-72.9869,41.2812],[-72.9871,41.2824],[-72.9862,41.2857],[-72.9873,41.2882],[-72.9857,41.292],[-72.9843,41.3018],[-72.9891,41.3133],[-72.9725,41.3119],[-72.9702,41.3116],[-72.9637,41.3109],[-72.9581,41.3107],[-72.9563,41.3105],[-72.9574,41.3066],[-72.956,41.3051],[-72.9568,41.3031],[-72.9563,41.3016],[-72.9526,41.2994],[-72.9511,41.2973],[-72.9499,41.2962],[-72.952,41.2945],[-72.9479,41.2921],[-72.9465,41.2929],[-72.9437,41.2899],[-72.9429,41.289],[-72.9402,41.2878],[-72.9407,41.286],[-72.9399,41.2835],[-72.9389,41.2814],[-72.9386,41.2811],[-72.9391,41.2803],[-72.9392,41.2802],[-72.938,41.278],[-72.9372,41.2774],[-72.9368,41.2771],[-72.9366,41.277],[-72.9366,41.2767],[-72.9364,41.2731],[-72.9359,41.2726],[-72.9352,41.2719],[-72.9318,41.2692],[-72.9317,41.2691],[-72.9306,41.2679],[-72.9311,41.2673],[-72.9311,41.2647],[-72.931,41.2627],[-72.9313,41.2623],[-72.9313,41.2623],[-72.9362,41.2599],[-72.9395,41.2588],[-72.9532,41.2554],[-72.9546,41.2543],[-72.9569,41.2526],[-72.9572,41.2524],[-72.96,41.2521],[-72.9621,41.2519],[-72.9635,41.248],[-72.9682,41.2444],[-72.9689,41.2439],[-72.9693,41.2431],[-72.9704,41.2406],[-72.971,41.2394],[-72.972,41.2372],[-72.9751,41.2338],[-72.9783,41.2333],[-72.9787,41.2335],[-72.9811,41.2345],[-72.9811,41.2345],[-72.9817,41.2347],[-72.9856,41.2359],[-72.9866,41.2353],[-72.9869,41.2355],[-72.9903,41.2347],[-72.9927,41.2345],[-72.9932,41.2374],[-72.9921,41.239],[-72.9946,41.2417],[-72.9931,41.2447]]]}},{"type":"Feature","properties":{"name":"North Stonington","geoid":"0918055500"},"geometry":{"type":"Polygon","coordinates":[[[-71.9672,41.5287],[-71.9029,41.5203],[-71.8634,41.5149],[-71.8473,41.5129],[-71.8412,41.5119],[-71.8316,41.5108],[-71.8232,41.5096],[-71.7936,41.5058],[-71.795,41.4751],[-71.7957,41.46],[-71.7965,41.4426],[-71.7967,41.4371],[-71.7972,41.4264],[-71.7977,41.4169],[-71.7977,41.4167],[-71.8014,41.4155],[-71.8037,41.4174],[-71.8068,41.4167],[-71.8129,41.4194],[-71.8169,41.4199],[-71.8203,41.4194],[-71.8239,41.4172],[-71.8246,41.4152],[-71.8279,41.4143],[-71.8341,41.4116],[-71.8369,41.4122],[-71.8396,41.4121],[-71.8426,41.4099],[-71.8428,41.4087],[-71.8448,41.4088],[-71.8555,41.4116],[-71.869,41.4144],[-71.8935,41.4207],[-71.9433,41.4336],[-71.9426,41.4348],[-71.9437,41.4375],[-71.9424,41.44],[-71.9426,41.4404],[-71.9427,41.4409],[-71.9429,41.4414],[-71.9432,41.4414],[-71.9437,41.4413],[-71.944,41.4412],[-71.9458,41.4417],[-71.9466,41.4434],[-71.9471,41.4464],[-71.9494,41.4492],[-71.9492,41.4517],[-71.9481,41.4569],[-71.9474,41.4582],[-71.9498,41.4662],[-71.9512,41.4701],[-71.9566,41.4874],[-71.9594,41.4973],[-71.961,41.502],[-71.9639,41.5145],[-71.9659,41.5231],[-71.9672,41.5287]]]}},{"type":"Feature","properties":{"name":"Avon","geoid":"0911002060"},"geometry":{"type":"Polygon","coordinates":[[[-72.9274,41.8037],[-72.9243,41.8048],[-72.9214,41.8052],[-72.9212,41.8071],[-72.9198,41.807],[-72.9174,41.8074],[-72.9154,41.8076],[-72.9143,41.8106],[-72.8879,41.8139],[-72.8858,41.8139],[-72.8767,41.8151],[-72.8747,41.8156],[-72.8702,41.8161],[-72.8664,41.8165],[-72.8447,41.8193],[-72.8429,41.8195],[-72.84,41.8202],[-72.829,41.8214],[-72.8199,41.8225],[-72.8193,41.8224],[-72.814,41.8232],[-72.7986,41.8249],[-72.7978,41.8143],[-72.7983,41.811],[-72.7972,41.8047],[-72.7979,41.7967],[-72.7989,41.7919],[-72.8,41.7918],[-72.7967,41.7588],[-72.8041,41.7587],[-72.8205,41.7579],[-72.8277,41.7591],[-72.8531,41.7621],[-72.8579,41.7625],[-72.867,41.7637],[-72.8732,41.764],[-72.8755,41.7645],[-72.8811,41.7655],[-72.8842,41.7656],[-72.8898,41.7651],[-72.8939,41.7649],[-72.8952,41.7647],[-72.8959,41.7649],[-72.9012,41.7687],[-72.9011,41.7716],[-72.9022,41.7751],[-72.903,41.7757],[-72.9085,41.776],[-72.9177,41.7777],[-72.919,41.7783],[-72.9203,41.7794],[-72.9223,41.783],[-72.9231,41.7852],[-72.9249,41.7878],[-72.9245,41.7896],[-72.9247,41.7926],[-72.9255,41.7987],[-72.9269,41.7998],[-72.9281,41.8028],[-72.9274,41.8037]]]}},{"type":"Feature","properties":{"name":"East Windsor","geoid":"0911024800"},"geometry":{"type":"Polygon","coordinates":[[[-72.6234,41.9343],[-72.6078,41.9359],[-72.6069,41.9361],[-72.5774,41.9387],[-72.5599,41.9403],[-72.548,41.9418],[-72.5386,41.943],[-72.5262,41.9444],[-72.5234,41.9446],[-72.5133,41.9454],[-72.5141,41.9326],[-72.5146,41.9166],[-72.5152,41.8995],[-72.5169,41.8736],[-72.5173,41.8699],[-72.5479,41.8693],[-72.5715,41.8688],[-72.5826,41.8683],[-72.588,41.8683],[-72.6056,41.868],[-72.6166,41.8686],[-72.6193,41.8683],[-72.6194,41.8765],[-72.6197,41.8828],[-72.6204,41.8871],[-72.6204,41.8904],[-72.6213,41.8922],[-72.6207,41.8977],[-72.6217,41.9046],[-72.6227,41.9171],[-72.6241,41.9292],[-72.6234,41.9343]]]}},{"type":"Feature","properties":{"name":"Farmington","geoid":"0911027600"},"geometry":{"type":"Polygon","coordinates":[[[-72.9085,41.776],[-72.903,41.7757],[-72.9022,41.7751],[-72.9011,41.7716],[-72.9012,41.7687],[-72.8959,41.7649],[-72.8952,41.7647],[-72.8939,41.7649],[-72.8898,41.7651],[-72.8842,41.7656],[-72.8811,41.7655],[-72.8755,41.7645],[-72.8732,41.764],[-72.867,41.7637],[-72.8579,41.7625],[-72.8531,41.7621],[-72.8277,41.7591],[-72.8205,41.7579],[-72.8041,41.7587],[-72.7967,41.7588],[-72.795,41.7475],[-72.7822,41.7482],[-72.7812,41.7461],[-72.7791,41.7302],[-72.7776,41.7311],[-72.7728,41.7368],[-72.7692,41.7393],[-72.7689,41.7396],[-72.7688,41.7376],[-72.7625,41.7377],[-72.7627,41.7341],[-72.7623,41.7269],[-72.7622,41.7183],[-72.7622,41.7175],[-72.762,41.7158],[-72.7634,41.7156],[-72.7782,41.7136],[-72.783,41.7128],[-72.7926,41.7056],[-72.796,41.7034],[-72.7982,41.7012],[-72.8101,41.6918],[-72.8111,41.6922],[-72.812,41.6902],[-72.8143,41.6883],[-72.8154,41.6879],[-72.8154,41.6878],[-72.8358,41.6909],[-72.8447,41.6923],[-72.8489,41.693],[-72.8532,41.6938],[-72.8638,41.6954],[-72.8693,41.6965],[-72.8778,41.6981],[-72.8929,41.6967],[-72.8937,41.6996],[-72.8937,41.6996],[-72.895,41.7085],[-72.8956,41.7124],[-72.897,41.7173],[-72.8983,41.7232],[-72.8998,41.732],[-72.902,41.7396],[-72.9026,41.7436],[-72.9029,41.7453],[-72.9042,41.7502],[-72.9049,41.7581],[-72.9085,41.776]]]}},{"type":"Feature","properties":{"name":"Granby","geoid":"0911032640"},"geometry":{"type":"Polygon","coordinates":[[[-72.903,41.9314],[-72.9022,41.932],[-72.8871,41.9731],[-72.8866,41.9745],[-72.8866,41.9747],[-72.8795,41.9942],[-72.8787,41.9959],[-72.8776,41.999],[-72.8776,42.0002],[-72.8745,42.0088],[-72.873,42.0116],[-72.8638,42.0354],[-72.8636,42.0377],[-72.8636,42.0377],[-72.8471,42.0369],[-72.835,42.0367],[-72.8135,42.0365],[-72.8167,41.9977],[-72.8167,41.9976],[-72.7949,42.0],[-72.7748,42.0021],[-72.7784,41.9894],[-72.7705,41.9877],[-72.7629,41.9859],[-72.7673,41.9741],[-72.7715,41.9605],[-72.7735,41.9542],[-72.7787,41.9384],[-72.7854,41.9186],[-72.7854,41.918],[-72.7909,41.9181],[-72.7932,41.9183],[-72.8264,41.9189],[-72.855,41.9203],[-72.8766,41.9208],[-72.8911,41.9212],[-72.9059,41.9217],[-72.903,41.9314]]]}},{"type":"Feature","properties":{"name":"Beacon Falls","geoid":"0914003250"},"geometry":{"type":"Polygon","coordinates":[[[-73.0927,41.4134],[-73.0864,41.4337],[-73.0852,41.4365],[-73.0835,41.4391],[-73.0786,41.4578],[-73.0774,41.4652],[-73.0702,41.4605],[-73.0678,41.46],[-73.0625,41.4568],[-73.0618,41.4563],[-73.0603,41.4579],[-73.0561,41.4596],[-73.0537,41.4616],[-73.0535,41.4661],[-73.0521,41.469],[-73.0503,41.4682],[-73.0414,41.4689],[-73.0392,41.4664],[-73.0372,41.4661],[-73.0343,41.4664],[-73.0323,41.4653],[-73.0305,41.4659],[-73.0294,41.4648],[-73.0262,41.4616],[-73.0258,41.4596],[-73.025,41.4512],[-73.025,41.4383],[-73.0252,41.4346],[-73.0295,41.4195],[-73.0417,41.4209],[-73.0498,41.422],[-73.0631,41.4236],[-73.0653,41.4188],[-73.0679,41.4167],[-73.0696,41.4138],[-73.0703,41.4114],[-73.0685,41.4107],[-73.0737,41.4106],[-73.0743,41.4105],[-73.0759,41.4104],[-73.0819,41.4056],[-73.0836,41.4038],[-73.0887,41.409],[-73.0927,41.4134]]]}},{"type":"Feature","properties":{"name":"Eastford","geoid":"0915021860"},"geometry":{"type":"Polygon","coordinates":[[[-72.1517,41.9593],[-72.1236,41.959],[-72.0992,41.9589],[-72.0986,41.9589],[-72.0974,41.9177],[-72.097,41.915],[-72.0679,41.9147],[-72.0555,41.9145],[-72.0501,41.9147],[-72.044,41.9146],[-72.0445,41.8631],[-72.0447,41.8315],[-72.0495,41.8315],[-72.0924,41.8317],[-72.0933,41.8316],[-72.0967,41.8317],[-72.114,41.8317],[-72.1124,41.8628],[-72.113,41.8778],[-72.1129,41.8793],[-72.1222,41.8944],[-72.1251,41.8986],[-72.1276,41.9027],[-72.1328,41.9104],[-72.1354,41.9134],[-72.1394,41.9162],[-72.1398,41.9184],[-72.1388,41.9204],[-72.14,41.9232],[-72.1411,41.9237],[-72.1447,41.9288],[-72.145,41.9306],[-72.1444,41.9333],[-72.1452,41.9355],[-72.1454,41.9383],[-72.1466,41.9391],[-72.1472,41.9409],[-72.147,41.9425],[-72.1484,41.9435],[-72.149,41.9438],[-72.1507,41.9495],[-72.1507,41.9525],[-72.1527,41.953],[-72.1517,41.9593]]]}},{"type":"Feature","properties":{"name":"Sterling","geoid":"0915073420"},"geometry":{"type":"Polygon","coordinates":[[[-71.856,41.6562],[-71.8557,41.6572],[-71.8508,41.6888],[-71.8465,41.7167],[-71.8442,41.7323],[-71.8387,41.7688],[-71.7913,41.7745],[-71.7911,41.7703],[-71.7911,41.7702],[-71.7901,41.7388],[-71.7897,41.7252],[-71.7897,41.7247],[-71.7886,41.6983],[-71.787,41.6561],[-71.787,41.656],[-71.7876,41.6399],[-71.7964,41.6405],[-71.8174,41.6419],[-71.8201,41.6418],[-71.847,41.6438],[-71.8579,41.6442],[-71.856,41.6562]]]}},{"type":"Feature","properties":{"name":"Thompson","geoid":"0915075870"},"geometry":{"type":"Polygon","coordinates":[[[-71.9523,42.026],[-71.921,42.0252],[-71.9209,42.0252],[-71.9011,42.0246],[-71.8908,42.0244],[-71.8839,42.0243],[-71.8828,42.0243],[-71.8774,42.0242],[-71.866,42.0241],[-71.8604,42.0241],[-71.8457,42.024],[-71.8416,42.0239],[-71.8046,42.0236],[-71.8007,42.0236],[-71.7992,42.0081],[-71.7989,41.9873],[-71.7988,41.9852],[-71.7979,41.9354],[-71.7978,41.9324],[-71.8527,41.9322],[-71.867,41.9321],[-71.8793,41.932],[-71.8923,41.9319],[-71.8947,41.9319],[-71.8968,41.9319],[-71.8973,41.9319],[-71.9141,41.9317],[-71.9318,41.9316],[-71.932,41.9323],[-71.947,41.9794],[-71.9514,41.9936],[-71.963,42.0262],[-71.9523,42.026]]]}},{"type":"Feature","properties":{"name":"Windham","geoid":"0918086790"},"geometry":{"type":"Polygon","coordinates":[[[-72.2521,41.7271],[-72.2526,41.7282],[-72.2273,41.7281],[-72.2164,41.728],[-72.2095,41.728],[-72.1981,41.7282],[-72.1989,41.7314],[-72.195,41.73],[-72.1921,41.7304],[-72.1913,41.733],[-72.1925,41.7345],[-72.194,41.7348],[-72.1957,41.737],[-72.1956,41.7396],[-72.1926,41.7446],[-72.1888,41.7476],[-72.1894,41.7501],[-72.1867,41.7512],[-72.1859,41.7523],[-72.188,41.7537],[-72.1877,41.7552],[-72.187,41.7554],[-72.1851,41.7557],[-72.1832,41.7561],[-72.1779,41.7554],[-72.178,41.7527],[-72.176,41.7514],[-72.176,41.7499],[-72.1741,41.7512],[-72.1716,41.7485],[-72.1685,41.7522],[-72.1658,41.7517],[-72.1649,41.75],[-72.1608,41.7501],[-72.1576,41.7518],[-72.1563,41.7535],[-72.1507,41.7528],[-72.1225,41.7488],[-72.112,41.7459],[-72.1225,41.7128],[-72.1211,41.6975],[-72.1197,41.6644],[-72.12,41.6633],[-72.1467,41.6672],[-72.1517,41.6675],[-72.155,41.6627],[-72.1575,41.6578],[-72.1575,41.6576],[-72.1733,41.6679],[-72.1755,41.669],[-72.1783,41.6712],[-72.1867,41.6763],[-72.1989,41.6854],[-72.2082,41.6923],[-72.2112,41.6941],[-72.2116,41.6944],[-72.2146,41.6963],[-72.2172,41.698],[-72.235,41.7107],[-72.2379,41.7131],[-72.2396,41.7142],[-72.2428,41.7164],[-72.2443,41.7171],[-72.2453,41.7205],[-72.2466,41.7229],[-72.2495,41.7245],[-72.253,41.7249],[-72.2521,41.7271]]]}},{"type":"Feature","properties":{"name":"Cheshire","geoid":"0914014160"},"geometry":{"type":"Polygon","coordinates":[[[-72.9686,41.5313],[-72.966,41.5366],[-72.9623,41.5447],[-72.9568,41.5553],[-72.9463,41.5568],[-72.9285,41.5589],[-72.9264,41.5589],[-72.9156,41.5604],[-72.9035,41.5617],[-72.9032,41.5617],[-72.8901,41.5632],[-72.8839,41.5638],[-72.8793,41.5632],[-72.8798,41.5628],[-72.874,41.5592],[-72.8719,41.5549],[-72.8695,41.5545],[-72.8682,41.5522],[-72.8678,41.549],[-72.8531,41.5464],[-72.8517,41.5403],[-72.8536,41.5335],[-72.858,41.5345],[-72.8588,41.5324],[-72.8612,41.5281],[-72.8579,41.5272],[-72.8578,41.5264],[-72.8574,41.5264],[-72.8531,41.5249],[-72.8537,41.5221],[-72.8503,41.5157],[-72.8496,41.5146],[-72.8486,41.5099],[-72.8463,41.5028],[-72.8484,41.5001],[-72.8533,41.4946],[-72.8527,41.4943],[-72.8575,41.488],[-72.8648,41.4782],[-72.8713,41.4695],[-72.8735,41.466],[-72.8774,41.4612],[-72.8766,41.4597],[-72.8781,41.4575],[-72.8796,41.4563],[-72.8867,41.448],[-72.8877,41.4483],[-72.9001,41.453],[-72.9021,41.454],[-72.9084,41.4563],[-72.9166,41.4596],[-72.918,41.4599],[-72.9267,41.4603],[-72.9359,41.4627],[-72.941,41.4634],[-72.948,41.4641],[-72.9497,41.4644],[-72.9524,41.4646],[-72.9501,41.4691],[-72.95,41.4718],[-72.9491,41.4729],[-72.9472,41.4782],[-72.9444,41.4794],[-72.9437,41.4833],[-72.9436,41.4885],[-72.9419,41.491],[-72.9412,41.4952],[-72.9376,41.4971],[-72.9346,41.5012],[-72.9351,41.5076],[-72.9376,41.5103],[-72.9386,41.5115],[-72.9406,41.5142],[-72.9484,41.5221],[-72.949,41.5227],[-72.9532,41.5239],[-72.9593,41.5264],[-72.9672,41.5292],[-72.9694,41.5302],[-72.9686,41.5313]]]}},{"type":"Feature","properties":{"name":"Guilford","geoid":"0917034950"},"geometry":{"type":"Polygon","coordinates":[[[-72.7493,41.3981],[-72.746,41.3969],[-72.7446,41.3996],[-72.7427,41.403],[-72.7408,41.4043],[-72.7328,41.412],[-72.7313,41.4142],[-72.7282,41.4176],[-72.7234,41.4191],[-72.7222,41.4229],[-72.7215,41.4237],[-72.7206,41.4274],[-72.7104,41.4291],[-72.7083,41.4294],[-72.6906,41.4326],[-72.6827,41.4338],[-72.6787,41.4338],[-72.6797,41.3798],[-72.6782,41.3719],[-72.6786,41.3604],[-72.6782,41.3574],[-72.6762,41.3538],[-72.676,41.3516],[-72.675,41.3486],[-72.6683,41.3393],[-72.667,41.3378],[-72.6653,41.3354],[-72.6641,41.3354],[-72.6608,41.3321],[-72.6584,41.3303],[-72.6555,41.3313],[-72.655,41.3307],[-72.6505,41.3284],[-72.6505,41.3267],[-72.6476,41.3255],[-72.6451,41.324],[-72.645,41.3228],[-72.6424,41.3225],[-72.642,41.3204],[-72.64,41.3184],[-72.6383,41.318],[-72.6359,41.3155],[-72.6363,41.3143],[-72.6317,41.3094],[-72.6326,41.3061],[-72.6339,41.304],[-72.6333,41.2994],[-72.6439,41.2916],[-72.6456,41.289],[-72.6491,41.2892],[-72.6487,41.2887],[-72.6461,41.2874],[-72.6474,41.2859],[-72.6466,41.2839],[-72.6444,41.2816],[-72.6461,41.2805],[-72.6468,41.2811],[-72.6493,41.2796],[-72.648,41.2759],[-72.6497,41.2744],[-72.6522,41.2748],[-72.6544,41.274],[-72.6543,41.2713],[-72.6566,41.2699],[-72.6545,41.2658],[-72.6584,41.265],[-72.661,41.2685],[-72.6622,41.2689],[-72.6657,41.2701],[-72.6682,41.2668],[-72.6688,41.2659],[-72.6732,41.2676],[-72.6748,41.2661],[-72.6796,41.2615],[-72.6771,41.2583],[-72.6775,41.2548],[-72.6841,41.2584],[-72.6851,41.258],[-72.6852,41.2555],[-72.6855,41.2513],[-72.6902,41.2469],[-72.6904,41.2467],[-72.6934,41.2455],[-72.6947,41.245],[-72.6991,41.2471],[-72.7061,41.2439],[-72.709,41.2446],[-72.7092,41.2472],[-72.7124,41.2471],[-72.7132,41.2488],[-72.7026,41.2559],[-72.7058,41.2599],[-72.7173,41.2559],[-72.7186,41.2561],[-72.7189,41.2569],[-72.7154,41.259],[-72.7148,41.2614],[-72.7174,41.2629],[-72.7227,41.2593],[-72.7257,41.2598],[-72.727,41.2583],[-72.7293,41.2583],[-72.7324,41.2551],[-72.737,41.2573],[-72.7353,41.261],[-72.7367,41.2614],[-72.735,41.2626],[-72.7322,41.2626],[-72.7322,41.2656],[-72.728,41.268],[-72.7285,41.2691],[-72.7358,41.2841],[-72.7381,41.2863],[-72.742,41.2971],[-72.7467,41.308],[-72.7461,41.3106],[-72.7457,41.3115],[-72.7427,41.3209],[-72.7415,41.3237],[-72.7421,41.3346],[-72.7436,41.3447],[-72.7436,41.3466],[-72.7455,41.3671],[-72.7459,41.3722],[-72.7468,41.3826],[-72.7493,41.3981]]]}},{"type":"Feature","properties":{"name":"Hamden","geoid":"0917035650"},"geometry":{"type":"Polygon","coordinates":[[[-72.9754,41.3599],[-72.9747,41.3636],[-72.9741,41.3653],[-72.9687,41.3751],[-72.9673,41.3777],[-72.9611,41.3879],[-72.957,41.393],[-72.9549,41.3945],[-72.9529,41.3969],[-72.9535,41.3997],[-72.9447,41.4062],[-72.9426,41.4071],[-72.9389,41.4086],[-72.9402,41.4112],[-72.9497,41.4175],[-72.9526,41.4194],[-72.9507,41.4278],[-72.9552,41.4289],[-72.9616,41.4324],[-72.9635,41.4375],[-72.9632,41.4394],[-72.9579,41.4452],[-72.9578,41.4466],[-72.9581,41.4488],[-72.9571,41.4501],[-72.9525,41.4529],[-72.949,41.4558],[-72.9474,41.4601],[-72.948,41.4641],[-72.941,41.4634],[-72.9359,41.4627],[-72.9267,41.4603],[-72.918,41.4599],[-72.9166,41.4596],[-72.9084,41.4563],[-72.9021,41.454],[-72.9001,41.453],[-72.8877,41.4483],[-72.8867,41.448],[-72.8706,41.4418],[-72.8555,41.4358],[-72.8514,41.4344],[-72.8544,41.4308],[-72.8583,41.4295],[-72.8618,41.4259],[-72.8641,41.4266],[-72.8742,41.4263],[-72.8773,41.4245],[-72.8818,41.4231],[-72.8832,41.4233],[-72.8846,41.4114],[-72.8864,41.4113],[-72.8858,41.405],[-72.8864,41.4004],[-72.8875,41.3968],[-72.8874,41.3934],[-72.8908,41.3934],[-72.8928,41.3895],[-72.8935,41.3861],[-72.8954,41.3838],[-72.8965,41.3829],[-72.8996,41.3802],[-72.9038,41.3781],[-72.9045,41.3759],[-72.9063,41.371],[-72.908,41.3665],[-72.9018,41.365],[-72.8997,41.3646],[-72.8996,41.3647],[-72.894,41.3633],[-72.8877,41.3622],[-72.8817,41.3609],[-72.8819,41.3589],[-72.8839,41.3572],[-72.8845,41.3547],[-72.8838,41.3535],[-72.8829,41.3531],[-72.877,41.3535],[-72.8745,41.3517],[-72.8733,41.3494],[-72.8749,41.3474],[-72.8772,41.3466],[-72.8796,41.3475],[-72.8812,41.3465],[-72.8788,41.3446],[-72.8802,41.3434],[-72.8829,41.3437],[-72.8868,41.3411],[-72.888,41.3397],[-72.8893,41.3341],[-72.8888,41.3326],[-72.8926,41.3303],[-72.8917,41.3285],[-72.8933,41.3289],[-72.8978,41.3281],[-72.9025,41.3272],[-72.9085,41.3308],[-72.9125,41.3332],[-72.9132,41.3336],[-72.92,41.3341],[-72.9249,41.3345],[-72.927,41.3346],[-72.9304,41.3349],[-72.9352,41.3355],[-72.9379,41.3357],[-72.9406,41.3358],[-72.9431,41.3363],[-72.9468,41.3366],[-72.9528,41.3372],[-72.957,41.3398],[-72.9552,41.3423],[-72.9514,41.3439],[-72.9515,41.3471],[-72.9535,41.3473],[-72.9528,41.3491],[-72.9547,41.3502],[-72.9553,41.3502],[-72.9577,41.3504],[-72.9586,41.3491],[-72.9613,41.349],[-72.9621,41.3463],[-72.9642,41.3464],[-72.9645,41.3438],[-72.9668,41.3454],[-72.9677,41.3473],[-72.9678,41.3479],[-72.9729,41.3474],[-72.9743,41.3505],[-72.9752,41.3554],[-72.9754,41.3599]]]}},{"type":"Feature","properties":{"name":"North Haven","geoid":"0917054870"},"geometry":{"type":"Polygon","coordinates":[[[-72.9063,41.371],[-72.9045,41.3759],[-72.9038,41.3781],[-72.8996,41.3802],[-72.8965,41.3829],[-72.8954,41.3838],[-72.8935,41.3861],[-72.8928,41.3895],[-72.8908,41.3934],[-72.8874,41.3934],[-72.8875,41.3968],[-72.8864,41.4004],[-72.8858,41.405],[-72.8864,41.4113],[-72.8846,41.4114],[-72.8832,41.4233],[-72.8818,41.4231],[-72.8773,41.4245],[-72.8742,41.4263],[-72.8641,41.4266],[-72.8618,41.4259],[-72.8583,41.4295],[-72.8544,41.4308],[-72.8514,41.4344],[-72.8501,41.434],[-72.8509,41.4324],[-72.8496,41.4287],[-72.8479,41.4261],[-72.8476,41.4272],[-72.8443,41.4261],[-72.8379,41.4272],[-72.8325,41.4241],[-72.8301,41.4246],[-72.8274,41.4244],[-72.827,41.4195],[-72.8274,41.4027],[-72.8276,41.3966],[-72.8177,41.3994],[-72.8175,41.3775],[-72.817,41.3639],[-72.8225,41.3642],[-72.8228,41.3618],[-72.8271,41.3615],[-72.8271,41.3581],[-72.828,41.3512],[-72.828,41.3424],[-72.8462,41.3391],[-72.8603,41.3366],[-72.8662,41.336],[-72.8699,41.3348],[-72.8762,41.334],[-72.8792,41.3341],[-72.8888,41.3326],[-72.8893,41.3341],[-72.888,41.3397],[-72.8868,41.3411],[-72.8829,41.3437],[-72.8802,41.3434],[-72.8788,41.3446],[-72.8812,41.3465],[-72.8796,41.3475],[-72.8772,41.3466],[-72.8749,41.3474],[-72.8733,41.3494],[-72.8745,41.3517],[-72.877,41.3535],[-72.8829,41.3531],[-72.8838,41.3535],[-72.8845,41.3547],[-72.8839,41.3572],[-72.8819,41.3589],[-72.8817,41.3609],[-72.8877,41.3622],[-72.894,41.3633],[-72.8996,41.3647],[-72.8997,41.3646],[-72.9018,41.365],[-72.908,41.3665],[-72.9063,41.371]]]}},{"type":"Feature","properties":{"name":"Orange","geoid":"0917057600"},"geometry":{"type":"Polygon","coordinates":[[[-73.0838,41.2815],[-73.0815,41.2829],[-73.0789,41.2845],[-73.0755,41.2857],[-73.0713,41.2873],[-73.0688,41.2892],[-73.0653,41.2949],[-73.0651,41.2976],[-73.0679,41.301],[-73.0664,41.3029],[-73.0655,41.3048],[-73.0617,41.3101],[-73.0579,41.3121],[-73.0572,41.3122],[-73.0561,41.312],[-73.0546,41.3116],[-73.0532,41.3111],[-73.0491,41.3113],[-73.0407,41.3139],[-73.0336,41.3131],[-73.0281,41.3119],[-73.0206,41.3111],[-73.0148,41.3108],[-73.0131,41.3103],[-73.0088,41.3104],[-73.0007,41.3126],[-72.998,41.3141],[-72.9891,41.3133],[-72.9843,41.3018],[-72.9857,41.292],[-72.9873,41.2882],[-72.9862,41.2857],[-72.9871,41.2824],[-72.9869,41.2812],[-72.984,41.2806],[-72.983,41.2813],[-72.9799,41.2792],[-72.9865,41.273],[-72.992,41.2681],[-72.992,41.2644],[-72.9922,41.2586],[-72.9924,41.2487],[-72.9905,41.2477],[-72.9909,41.2454],[-72.9921,41.2449],[-72.995,41.2457],[-72.9987,41.2464],[-73.0002,41.2466],[-73.0064,41.2481],[-73.0127,41.2495],[-73.0212,41.2508],[-73.027,41.2523],[-73.0303,41.2528],[-73.0341,41.2539],[-73.0352,41.2544],[-73.0441,41.2568],[-73.0515,41.2595],[-73.0552,41.2613],[-73.0621,41.2646],[-73.0723,41.2697],[-73.079,41.2733],[-73.0869,41.2766],[-73.0838,41.2815]]]}},{"type":"Feature","properties":{"name":"Waterbury","geoid":"0914080070"},"geometry":{"type":"Polygon","coordinates":[[[-73.0924,41.5705],[-73.0894,41.5752],[-73.0868,41.5796],[-73.0851,41.5821],[-73.083,41.5856],[-73.0804,41.5867],[-73.0783,41.5862],[-73.0782,41.5861],[-73.0776,41.5875],[-73.0642,41.5885],[-73.0584,41.5886],[-73.058,41.5886],[-73.0574,41.5893],[-73.0595,41.5916],[-73.0604,41.5947],[-73.0607,41.6008],[-73.0589,41.6027],[-73.0597,41.6058],[-73.058,41.6067],[-73.0504,41.6097],[-73.0362,41.6152],[-73.0348,41.6151],[-73.0186,41.6141],[-73.0174,41.6098],[-73.017,41.6061],[-73.0161,41.602],[-73.0149,41.5963],[-73.0132,41.5887],[-73.0121,41.5838],[-73.0018,41.5741],[-72.9986,41.5711],[-72.998,41.5709],[-72.9964,41.5693],[-72.9919,41.565],[-72.9914,41.5644],[-72.9829,41.5566],[-72.9799,41.5533],[-72.9753,41.5536],[-72.9728,41.5538],[-72.9694,41.5538],[-72.9681,41.5539],[-72.9642,41.5544],[-72.9569,41.5553],[-72.9568,41.5553],[-72.9623,41.5447],[-72.966,41.5366],[-72.9686,41.5313],[-72.9694,41.5302],[-72.9776,41.5338],[-72.9798,41.5332],[-72.9996,41.5259],[-73.0022,41.5248],[-73.0051,41.5237],[-73.0113,41.5222],[-73.0182,41.5198],[-73.0187,41.5196],[-73.0192,41.5194],[-73.0225,41.519],[-73.0279,41.5179],[-73.0395,41.5166],[-73.0476,41.5152],[-73.0486,41.5154],[-73.055,41.5147],[-73.0593,41.5145],[-73.0665,41.5142],[-73.0699,41.5143],[-73.0701,41.5143],[-73.0723,41.5183],[-73.0779,41.5235],[-73.0805,41.5264],[-73.0837,41.5315],[-73.0863,41.5362],[-73.0876,41.5391],[-73.0882,41.5412],[-73.0904,41.5515],[-73.0913,41.5557],[-73.0939,41.5702],[-73.0924,41.5705]]]}},{"type":"Feature","properties":{"name":"Woodbridge","geoid":"0917087700"},"geometry":{"type":"Polygon","coordinates":[[[-73.0482,41.3915],[-73.0476,41.3956],[-73.0475,41.3958],[-73.0439,41.3949],[-73.043,41.3956],[-73.0391,41.3935],[-73.0379,41.3919],[-73.0343,41.3918],[-73.0314,41.3893],[-73.03,41.3885],[-73.0106,41.3898],[-73.0006,41.3905],[-72.9724,41.3928],[-72.9656,41.3936],[-72.9549,41.3945],[-72.957,41.393],[-72.9611,41.3879],[-72.9673,41.3777],[-72.9687,41.3751],[-72.9741,41.3653],[-72.9747,41.3636],[-72.9754,41.3599],[-72.9752,41.3554],[-72.9743,41.3505],[-72.9729,41.3474],[-72.9702,41.3429],[-72.9741,41.3416],[-72.9772,41.34],[-72.9805,41.3388],[-72.9833,41.3373],[-72.985,41.333],[-72.9873,41.3312],[-72.9887,41.3302],[-72.9889,41.3289],[-72.9964,41.3237],[-72.9971,41.3222],[-72.998,41.3141],[-73.0007,41.3126],[-73.0088,41.3104],[-73.0131,41.3103],[-73.0148,41.3108],[-73.0206,41.3111],[-73.0281,41.3119],[-73.0336,41.3131],[-73.0407,41.3139],[-73.0404,41.3185],[-73.0391,41.3267],[-73.0389,41.328],[-73.04,41.3324],[-73.0419,41.3376],[-73.0429,41.3388],[-73.0437,41.3423],[-73.0463,41.3461],[-73.0464,41.3521],[-73.0472,41.3605],[-73.0491,41.3811],[-73.0482,41.3915]]]}},{"type":"Feature","properties":{"name":"Rocky Hill","geoid":"0911065370"},"geometry":{"type":"Polygon","coordinates":[[[-72.7153,41.6527],[-72.7091,41.6532],[-72.703,41.6543],[-72.706,41.6688],[-72.6959,41.6701],[-72.6935,41.671],[-72.6884,41.671],[-72.6831,41.6719],[-72.6824,41.6708],[-72.6725,41.6696],[-72.6717,41.6696],[-72.6699,41.6699],[-72.6677,41.6715],[-72.6672,41.6722],[-72.667,41.6726],[-72.6663,41.6757],[-72.6653,41.6801],[-72.6604,41.6815],[-72.6591,41.6822],[-72.659,41.6817],[-72.6581,41.6822],[-72.6491,41.685],[-72.6321,41.6868],[-72.627,41.6871],[-72.6157,41.6881],[-72.6107,41.6842],[-72.6086,41.6813],[-72.6095,41.6746],[-72.612,41.6725],[-72.6248,41.6693],[-72.628,41.666],[-72.6281,41.6617],[-72.6235,41.6503],[-72.6244,41.6451],[-72.6278,41.6402],[-72.634,41.6392],[-72.6471,41.6372],[-72.6488,41.6371],[-72.6508,41.6369],[-72.6759,41.6331],[-72.6759,41.6331],[-72.6884,41.6314],[-72.7139,41.6277],[-72.7123,41.6306],[-72.7138,41.6362],[-72.7153,41.6527]]]}},{"type":"Feature","properties":{"name":"Southington","geoid":"0911070550"},"geometry":{"type":"Polygon","coordinates":[[[-72.9451,41.5597],[-72.9447,41.5629],[-72.9426,41.5711],[-72.938,41.5906],[-72.9338,41.6071],[-72.9336,41.6078],[-72.9352,41.6194],[-72.9381,41.6403],[-72.9385,41.6443],[-72.9286,41.6455],[-72.9278,41.6407],[-72.922,41.6411],[-72.9239,41.6455],[-72.9101,41.6471],[-72.903,41.6475],[-72.8834,41.6495],[-72.8729,41.6505],[-72.8706,41.6507],[-72.8662,41.6511],[-72.8551,41.6525],[-72.8468,41.6534],[-72.8226,41.6557],[-72.8207,41.6557],[-72.8194,41.6456],[-72.8192,41.645],[-72.8143,41.6457],[-72.8142,41.6457],[-72.8233,41.6336],[-72.8252,41.6298],[-72.8253,41.6277],[-72.818,41.6276],[-72.8223,41.6216],[-72.8202,41.6211],[-72.8206,41.6193],[-72.8228,41.6176],[-72.8194,41.6156],[-72.8189,41.612],[-72.8183,41.6069],[-72.8202,41.6069],[-72.8235,41.6043],[-72.8241,41.597],[-72.8265,41.5869],[-72.8339,41.5832],[-72.8365,41.5805],[-72.8402,41.5691],[-72.8485,41.5673],[-72.846,41.5549],[-72.8457,41.5533],[-72.8451,41.5474],[-72.8443,41.5447],[-72.8517,41.546],[-72.8531,41.5464],[-72.8678,41.549],[-72.8682,41.5522],[-72.8695,41.5545],[-72.8719,41.5549],[-72.874,41.5592],[-72.8798,41.5628],[-72.8793,41.5632],[-72.8839,41.5638],[-72.8901,41.5632],[-72.9032,41.5617],[-72.9035,41.5617],[-72.9156,41.5604],[-72.9264,41.5589],[-72.9285,41.5589],[-72.9463,41.5568],[-72.9451,41.5597]]]}},{"type":"Feature","properties":{"name":"Suffield","geoid":"0911074540"},"geometry":{"type":"Polygon","coordinates":[[[-72.7748,42.0021],[-72.7706,42.0026],[-72.7667,42.003],[-72.7661,42.0077],[-72.7633,42.0097],[-72.7632,42.0128],[-72.7612,42.0146],[-72.7597,42.017],[-72.7614,42.0182],[-72.7623,42.0198],[-72.7622,42.0215],[-72.7606,42.0218],[-72.7582,42.0209],[-72.7575,42.0209],[-72.754,42.0254],[-72.7517,42.0302],[-72.7535,42.0321],[-72.7575,42.0333],[-72.7558,42.0362],[-72.7193,42.0366],[-72.7146,42.0366],[-72.7128,42.0366],[-72.6994,42.0368],[-72.6959,42.0368],[-72.6861,42.036],[-72.673,42.0349],[-72.6431,42.0324],[-72.6169,42.0312],[-72.6169,42.0312],[-72.608,42.0308],[-72.6079,42.0308],[-72.607,42.0251],[-72.6049,42.0119],[-72.6075,41.9993],[-72.6036,41.9898],[-72.607,41.9738],[-72.6095,41.9649],[-72.6116,41.9608],[-72.6122,41.9559],[-72.6131,41.947],[-72.6139,41.9435],[-72.6168,41.9436],[-72.6174,41.9436],[-72.6289,41.9442],[-72.6377,41.9447],[-72.6517,41.9461],[-72.6595,41.9463],[-72.6698,41.9469],[-72.6715,41.947],[-72.6822,41.9478],[-72.6876,41.9481],[-72.7043,41.9493],[-72.7096,41.9495],[-72.7162,41.9498],[-72.7118,41.9608],[-72.7076,41.9734],[-72.7085,41.9738],[-72.7174,41.9759],[-72.7177,41.976],[-72.7442,41.9818],[-72.7629,41.9859],[-72.7705,41.9877],[-72.7784,41.9894],[-72.7748,42.0021]]]}},{"type":"Feature","properties":{"name":"Wethersfield","geoid":"0911084900"},"geometry":{"type":"Polygon","coordinates":[[[-72.708,41.7104],[-72.7059,41.7243],[-72.7048,41.7245],[-72.6935,41.7252],[-72.6918,41.7255],[-72.6915,41.7255],[-72.6804,41.7268],[-72.6738,41.7277],[-72.6682,41.7282],[-72.6674,41.7283],[-72.6593,41.7293],[-72.6587,41.7296],[-72.6556,41.7299],[-72.6478,41.7279],[-72.6363,41.7249],[-72.6489,41.7231],[-72.6406,41.7145],[-72.6383,41.7141],[-72.622,41.7122],[-72.6159,41.7071],[-72.6176,41.704],[-72.6185,41.7034],[-72.6197,41.7025],[-72.6269,41.701],[-72.6353,41.6987],[-72.6367,41.6929],[-72.6357,41.6915],[-72.6327,41.6899],[-72.6297,41.6894],[-72.6157,41.6881],[-72.627,41.6871],[-72.6321,41.6868],[-72.6491,41.685],[-72.6581,41.6822],[-72.659,41.6817],[-72.6591,41.6822],[-72.6604,41.6815],[-72.6653,41.6801],[-72.6663,41.6757],[-72.667,41.6726],[-72.6672,41.6722],[-72.6677,41.6715],[-72.6699,41.6699],[-72.6717,41.6696],[-72.6725,41.6696],[-72.6824,41.6708],[-72.6831,41.6719],[-72.6884,41.671],[-72.6935,41.671],[-72.6959,41.6701],[-72.706,41.6688],[-72.7065,41.6706],[-72.7069,41.6737],[-72.7004,41.6746],[-72.7011,41.6773],[-72.7019,41.6826],[-72.7032,41.6889],[-72.7052,41.6953],[-72.7053,41.6981],[-72.7054,41.6992],[-72.7063,41.703],[-72.708,41.7104]]]}},{"type":"Feature","properties":{"name":"Windsor","geoid":"0911087000"},"geometry":{"type":"Polygon","coordinates":[[[-72.7424,41.8793],[-72.7378,41.8924],[-72.7377,41.8926],[-72.7296,41.9143],[-72.7292,41.9156],[-72.7222,41.9279],[-72.7136,41.927],[-72.7035,41.9247],[-72.6959,41.9224],[-72.6949,41.9211],[-72.6932,41.9201],[-72.6861,41.9181],[-72.6774,41.9171],[-72.6743,41.916],[-72.664,41.9089],[-72.6621,41.9079],[-72.6543,41.9051],[-72.6525,41.9045],[-72.6427,41.9001],[-72.6419,41.8992],[-72.6402,41.8979],[-72.6398,41.8976],[-72.6354,41.9033],[-72.625,41.9043],[-72.6217,41.9046],[-72.6207,41.8977],[-72.6213,41.8922],[-72.6204,41.8904],[-72.6204,41.8871],[-72.6197,41.8828],[-72.6194,41.8765],[-72.6193,41.8683],[-72.6249,41.8487],[-72.6256,41.8457],[-72.6299,41.8372],[-72.6372,41.8305],[-72.6382,41.8294],[-72.6389,41.8288],[-72.6404,41.8252],[-72.6443,41.813],[-72.6456,41.8058],[-72.6485,41.8061],[-72.6546,41.8061],[-72.6557,41.806],[-72.6603,41.8014],[-72.6629,41.8015],[-72.6627,41.8056],[-72.6604,41.8062],[-72.6583,41.8059],[-72.6587,41.8073],[-72.6611,41.8071],[-72.6635,41.8065],[-72.6861,41.8029],[-72.6866,41.8175],[-72.687,41.8258],[-72.687,41.8266],[-72.6874,41.8299],[-72.6881,41.8371],[-72.689,41.8532],[-72.6895,41.8601],[-72.6897,41.8662],[-72.6977,41.8675],[-72.6996,41.868],[-72.724,41.8732],[-72.728,41.8743],[-72.7406,41.8768],[-72.743,41.8774],[-72.7424,41.8793]]]}},{"type":"Feature","properties":{"name":"Windsor Locks","geoid":"0911087070"},"geometry":{"type":"Polygon","coordinates":[[[-72.6959,41.9224],[-72.6935,41.9288],[-72.6934,41.9296],[-72.6882,41.9462],[-72.6876,41.9481],[-72.6822,41.9478],[-72.6715,41.947],[-72.6698,41.9469],[-72.6595,41.9463],[-72.6517,41.9461],[-72.6377,41.9447],[-72.6289,41.9442],[-72.6174,41.9436],[-72.6168,41.9436],[-72.6139,41.9435],[-72.6234,41.9343],[-72.6241,41.9292],[-72.6227,41.9171],[-72.6217,41.9046],[-72.625,41.9043],[-72.6354,41.9033],[-72.6398,41.8976],[-72.6402,41.8979],[-72.6419,41.8992],[-72.6427,41.9001],[-72.6525,41.9045],[-72.6543,41.9051],[-72.6621,41.9079],[-72.664,41.9089],[-72.6743,41.916],[-72.6774,41.9171],[-72.6861,41.9181],[-72.6932,41.9201],[-72.6949,41.9211],[-72.6959,41.9224]]]}},{"type":"Feature","properties":{"name":"East Haddam","geoid":"0913022280"},"geometry":{"type":"Polygon","coordinates":[[[-72.4878,41.5022],[-72.4857,41.505],[-72.484,41.509],[-72.4819,41.5125],[-72.4817,41.5143],[-72.483,41.5163],[-72.4826,41.5184],[-72.4804,41.5195],[-72.4794,41.5218],[-72.4755,41.5243],[-72.4697,41.5297],[-72.4686,41.5311],[-72.4659,41.5327],[-72.4636,41.5335],[-72.4617,41.5354],[-72.4593,41.5392],[-72.4597,41.54],[-72.4588,41.5396],[-72.4587,41.5368],[-72.4554,41.531],[-72.4542,41.5298],[-72.4495,41.5225],[-72.4485,41.5226],[-72.4308,41.5246],[-72.3831,41.529],[-72.3813,41.5292],[-72.3745,41.5299],[-72.3616,41.5308],[-72.3586,41.5314],[-72.345,41.5325],[-72.3446,41.5324],[-72.3234,41.5343],[-72.3229,41.5181],[-72.3218,41.5122],[-72.3152,41.4781],[-72.3125,41.4784],[-72.3055,41.4363],[-72.3858,41.4277],[-72.3861,41.4277],[-72.3998,41.4261],[-72.403,41.4248],[-72.4095,41.4253],[-72.4276,41.4233],[-72.4337,41.424],[-72.4359,41.4268],[-72.4379,41.4283],[-72.445,41.4317],[-72.451,41.4337],[-72.4542,41.4353],[-72.4564,41.4373],[-72.4572,41.4387],[-72.4631,41.4501],[-72.4649,41.4525],[-72.4676,41.4609],[-72.4685,41.4639],[-72.4685,41.4658],[-72.4696,41.4687],[-72.4719,41.4721],[-72.4746,41.4739],[-72.4778,41.4756],[-72.4768,41.4837],[-72.4773,41.4886],[-72.479,41.4896],[-72.4831,41.4895],[-72.4857,41.4914],[-72.4863,41.4931],[-72.4879,41.5004],[-72.4878,41.5022]]]}},{"type":"Feature","properties":{"name":"Killingworth","geoid":"0913040710"},"geometry":{"type":"Polygon","coordinates":[[[-72.6537,41.4381],[-72.6531,41.4382],[-72.645,41.4392],[-72.6384,41.4396],[-72.6269,41.4405],[-72.6237,41.441],[-72.6148,41.4417],[-72.609,41.4431],[-72.6049,41.4402],[-72.57,41.4148],[-72.5663,41.4158],[-72.5553,41.4181],[-72.5489,41.4192],[-72.5388,41.4215],[-72.528,41.3883],[-72.5241,41.3762],[-72.5139,41.3464],[-72.512,41.3416],[-72.5262,41.3383],[-72.5317,41.3368],[-72.5495,41.3274],[-72.5588,41.3223],[-72.5736,41.3148],[-72.5744,41.3147],[-72.5836,41.3109],[-72.5857,41.3099],[-72.5886,41.3117],[-72.5866,41.3129],[-72.5849,41.3129],[-72.5852,41.3142],[-72.5871,41.3137],[-72.5894,41.3151],[-72.5878,41.316],[-72.5853,41.3186],[-72.5858,41.323],[-72.5864,41.3242],[-72.5873,41.3243],[-72.5894,41.3227],[-72.5918,41.3228],[-72.5929,41.3241],[-72.5957,41.328],[-72.5972,41.3285],[-72.6008,41.3258],[-72.6025,41.326],[-72.6052,41.3276],[-72.6087,41.3282],[-72.6115,41.3275],[-72.6121,41.3292],[-72.6144,41.33],[-72.615,41.3336],[-72.6136,41.3362],[-72.6144,41.337],[-72.6127,41.3409],[-72.6127,41.3424],[-72.6112,41.3432],[-72.6114,41.3471],[-72.6128,41.3502],[-72.6116,41.3523],[-72.6127,41.3538],[-72.6126,41.3572],[-72.6122,41.3627],[-72.6097,41.3634],[-72.6093,41.3654],[-72.6101,41.3671],[-72.6081,41.3674],[-72.6092,41.3705],[-72.6088,41.3735],[-72.6115,41.3765],[-72.614,41.3808],[-72.6138,41.3844],[-72.6123,41.3862],[-72.616,41.3887],[-72.618,41.3917],[-72.6225,41.3936],[-72.6259,41.3972],[-72.625,41.3991],[-72.6263,41.4002],[-72.629,41.4012],[-72.6308,41.4036],[-72.6306,41.4069],[-72.6323,41.4081],[-72.6323,41.4123],[-72.6378,41.4123],[-72.6416,41.4137],[-72.6451,41.4158],[-72.6469,41.4157],[-72.6474,41.417],[-72.6492,41.4173],[-72.6497,41.4184],[-72.6505,41.4191],[-72.6488,41.422],[-72.6452,41.4258],[-72.6424,41.4293],[-72.6468,41.4312],[-72.6496,41.431],[-72.6484,41.4351],[-72.6509,41.435],[-72.653,41.4349],[-72.6546,41.4363],[-72.6537,41.4381]]]}},{"type":"Feature","properties":{"name":"Middletown","geoid":"0913047360"},"geometry":{"type":"Polygon","coordinates":[[[-72.7529,41.5925],[-72.7428,41.5944],[-72.7317,41.5958],[-72.7299,41.6015],[-72.727,41.6024],[-72.7145,41.6043],[-72.7124,41.6024],[-72.7085,41.6038],[-72.7077,41.6027],[-72.7052,41.6033],[-72.6965,41.6003],[-72.6943,41.6014],[-72.6892,41.6008],[-72.6841,41.6019],[-72.681,41.6005],[-72.6803,41.5974],[-72.6795,41.5971],[-72.6771,41.598],[-72.6743,41.5998],[-72.6718,41.5976],[-72.6732,41.5947],[-72.6704,41.5917],[-72.668,41.5919],[-72.6673,41.5892],[-72.6654,41.5871],[-72.6679,41.5862],[-72.6681,41.5835],[-72.6655,41.5819],[-72.6611,41.5803],[-72.6602,41.5787],[-72.6579,41.579],[-72.6551,41.5775],[-72.6562,41.5761],[-72.6561,41.5734],[-72.654,41.5723],[-72.6526,41.573],[-72.6515,41.5731],[-72.6488,41.5752],[-72.6484,41.5692],[-72.6485,41.5678],[-72.6457,41.5641],[-72.6443,41.5629],[-72.6413,41.5614],[-72.6387,41.5604],[-72.6343,41.5607],[-72.6289,41.561],[-72.6245,41.561],[-72.6238,41.5606],[-72.614,41.5621],[-72.6099,41.5628],[-72.6081,41.5628],[-72.6032,41.5605],[-72.5993,41.5594],[-72.5952,41.5581],[-72.5926,41.5578],[-72.5887,41.5582],[-72.5798,41.5579],[-72.5765,41.5576],[-72.5735,41.5571],[-72.5657,41.5549],[-72.5608,41.554],[-72.5544,41.5506],[-72.5525,41.5475],[-72.5516,41.5455],[-72.5511,41.543],[-72.5509,41.5381],[-72.5513,41.5353],[-72.553,41.5315],[-72.5538,41.5305],[-72.5559,41.525],[-72.5562,41.5193],[-72.5557,41.5146],[-72.5549,41.511],[-72.5635,41.5101],[-72.5877,41.5065],[-72.5893,41.5063],[-72.6337,41.5002],[-72.6483,41.4984],[-72.6776,41.4948],[-72.6779,41.4962],[-72.6791,41.508],[-72.6805,41.5147],[-72.6803,41.5162],[-72.6813,41.5169],[-72.6809,41.5227],[-72.6826,41.5311],[-72.6874,41.5362],[-72.6881,41.537],[-72.6882,41.5386],[-72.6902,41.542],[-72.6913,41.544],[-72.6943,41.5492],[-72.7009,41.549],[-72.7113,41.5479],[-72.7123,41.5486],[-72.7226,41.548],[-72.7336,41.5462],[-72.7349,41.5443],[-72.7425,41.5441],[-72.7489,41.5443],[-72.7489,41.5457],[-72.749,41.5463],[-72.7493,41.5475],[-72.7493,41.5498],[-72.7522,41.5789],[-72.7529,41.5925]]]}},{"type":"Feature","properties":{"name":"Old Saybrook","geoid":"0913057320"},"geometry":{"type":"Polygon","coordinates":[[[-72.4331,41.3152],[-72.4319,41.3171],[-72.4288,41.3194],[-72.4265,41.3218],[-72.4255,41.3242],[-72.4207,41.3254],[-72.4086,41.3297],[-72.4049,41.3309],[-72.4027,41.3316],[-72.3906,41.3322],[-72.3839,41.332],[-72.3812,41.3338],[-72.3745,41.3376],[-72.3691,41.3423],[-72.3661,41.3411],[-72.3625,41.3389],[-72.3578,41.3351],[-72.3534,41.3298],[-72.3512,41.3264],[-72.3491,41.3245],[-72.3479,41.3218],[-72.3474,41.3188],[-72.349,41.3116],[-72.3505,41.3118],[-72.3562,41.2996],[-72.3562,41.2994],[-72.3564,41.2912],[-72.3493,41.2846],[-72.3477,41.2809],[-72.3457,41.276],[-72.3455,41.2757],[-72.344,41.2721],[-72.3426,41.2688],[-72.3481,41.2701],[-72.3591,41.2681],[-72.36,41.2676],[-72.364,41.2655],[-72.3676,41.2635],[-72.3786,41.2646],[-72.3866,41.2618],[-72.389,41.265],[-72.3946,41.2726],[-72.3982,41.2774],[-72.3987,41.2782],[-72.4057,41.2768],[-72.4167,41.2783],[-72.4215,41.2836],[-72.4233,41.2884],[-72.424,41.2904],[-72.4325,41.313],[-72.4331,41.3152]]]}},{"type":"Feature","properties":{"name":"Marlborough","geoid":"0911045820"},"geometry":{"type":"Polygon","coordinates":[[[-72.5054,41.647],[-72.5019,41.6542],[-72.4973,41.6624],[-72.486,41.6662],[-72.4773,41.6688],[-72.4789,41.6735],[-72.4827,41.6813],[-72.4768,41.6861],[-72.4699,41.6868],[-72.461,41.688],[-72.4522,41.6888],[-72.4516,41.6871],[-72.4481,41.6719],[-72.4373,41.6666],[-72.4294,41.6623],[-72.4275,41.6597],[-72.4208,41.6481],[-72.4159,41.6402],[-72.4157,41.6393],[-72.4139,41.6369],[-72.4138,41.6349],[-72.4092,41.6307],[-72.4085,41.6266],[-72.4079,41.6251],[-72.409,41.6226],[-72.4095,41.62],[-72.4095,41.6086],[-72.4104,41.6026],[-72.4106,41.6018],[-72.4153,41.5937],[-72.4172,41.5906],[-72.42,41.5901],[-72.4667,41.5839],[-72.469,41.5873],[-72.4743,41.5952],[-72.4769,41.6],[-72.4815,41.6077],[-72.4818,41.6082],[-72.5049,41.6455],[-72.5054,41.647]]]}},{"type":"Feature","properties":{"name":"Plainville","geoid":"0911060120"},"geometry":{"type":"Polygon","coordinates":[[[-72.8929,41.6967],[-72.8778,41.6981],[-72.8693,41.6965],[-72.8638,41.6954],[-72.8532,41.6938],[-72.8489,41.693],[-72.8447,41.6923],[-72.8358,41.6909],[-72.8154,41.6878],[-72.8198,41.6831],[-72.8216,41.6777],[-72.8234,41.6726],[-72.8254,41.6689],[-72.8256,41.6685],[-72.8243,41.6619],[-72.8226,41.6557],[-72.8468,41.6534],[-72.8551,41.6525],[-72.8662,41.6511],[-72.8706,41.6507],[-72.8729,41.6505],[-72.8834,41.6495],[-72.8851,41.658],[-72.8865,41.663],[-72.8867,41.666],[-72.8875,41.6693],[-72.8885,41.6752],[-72.8892,41.6781],[-72.8903,41.6841],[-72.8919,41.6925],[-72.8929,41.6967]]]}},{"type":"Feature","properties":{"name":"Bozrah","geoid":"0918006820"},"geometry":{"type":"Polygon","coordinates":[[[-72.2271,41.5225],[-72.2264,41.5253],[-72.2241,41.5303],[-72.2191,41.5388],[-72.2184,41.5407],[-72.2043,41.5706],[-72.2022,41.5752],[-72.1959,41.5874],[-72.194,41.5904],[-72.1387,41.5764],[-72.1358,41.5735],[-72.135,41.5695],[-72.1358,41.5692],[-72.1321,41.5648],[-72.1322,41.5637],[-72.1321,41.5601],[-72.1326,41.555],[-72.1327,41.5485],[-72.1339,41.5464],[-72.1362,41.5437],[-72.1407,41.5363],[-72.1391,41.5297],[-72.1336,41.5124],[-72.1329,41.5089],[-72.1354,41.504],[-72.1361,41.5049],[-72.1425,41.5042],[-72.144,41.505],[-72.1536,41.5073],[-72.162,41.5101],[-72.1657,41.5106],[-72.1684,41.5122],[-72.1712,41.5139],[-72.1783,41.5159],[-72.1806,41.5163],[-72.1822,41.5163],[-72.1824,41.5129],[-72.1867,41.5129],[-72.1875,41.5135],[-72.1911,41.5142],[-72.1935,41.512],[-72.1995,41.513],[-72.2276,41.5187],[-72.2271,41.5225]]]}},{"type":"Feature","properties":{"name":"Griswold","geoid":"0918033900"},"geometry":{"type":"Polygon","coordinates":[[[-71.9915,41.6055],[-71.9863,41.6093],[-71.9844,41.6101],[-71.9827,41.6165],[-71.9829,41.6169],[-71.9825,41.6195],[-71.9791,41.6237],[-71.9786,41.6262],[-71.9792,41.6278],[-71.979,41.6314],[-71.9763,41.6356],[-71.9753,41.6381],[-71.955,41.6348],[-71.9519,41.6343],[-71.9365,41.6359],[-71.9091,41.6387],[-71.8844,41.6412],[-71.8839,41.63],[-71.875,41.5789],[-71.8743,41.5728],[-71.8718,41.5599],[-71.8634,41.5149],[-71.9029,41.5203],[-71.94,41.5535],[-71.9546,41.5665],[-71.9808,41.5659],[-71.9892,41.5656],[-71.9889,41.5686],[-71.988,41.5713],[-71.9883,41.5731],[-71.9897,41.576],[-71.989,41.5796],[-71.9884,41.5808],[-71.9859,41.583],[-71.9845,41.585],[-71.9846,41.5859],[-71.987,41.5883],[-71.9868,41.5895],[-71.9848,41.5923],[-71.9846,41.5977],[-71.9849,41.5991],[-71.9872,41.6021],[-71.9882,41.6035],[-71.9916,41.6048],[-71.9915,41.6055]]]}},{"type":"Feature","properties":{"name":"Ledyard","geoid":"0918042600"},"geometry":{"type":"Polygon","coordinates":[[[-72.0965,41.4302],[-72.0947,41.4329],[-72.0924,41.4367],[-72.091,41.4374],[-72.0879,41.4394],[-72.0855,41.4451],[-72.0828,41.4489],[-72.0764,41.4539],[-72.0736,41.4563],[-72.0717,41.4587],[-72.0708,41.4603],[-72.07,41.4636],[-72.0692,41.4638],[-72.0663,41.4653],[-72.0649,41.4657],[-72.0603,41.4715],[-72.0581,41.4736],[-72.0587,41.4783],[-72.0584,41.4799],[-72.0551,41.4836],[-72.0501,41.4849],[-72.0467,41.4852],[-72.042,41.4846],[-72.0399,41.4844],[-72.0397,41.4829],[-72.0338,41.4848],[-72.0236,41.4831],[-72.0187,41.4839],[-72.0117,41.4844],[-72.0081,41.4846],[-72.0059,41.4848],[-71.9742,41.4863],[-71.9714,41.4865],[-71.9566,41.4874],[-71.9512,41.4701],[-71.9498,41.4662],[-71.9474,41.4582],[-71.9481,41.4569],[-71.9492,41.4517],[-71.9494,41.4492],[-71.9471,41.4464],[-71.9466,41.4434],[-71.9458,41.4417],[-71.944,41.4412],[-71.9437,41.4413],[-71.9432,41.4414],[-71.9429,41.4414],[-71.9427,41.4409],[-71.9426,41.4404],[-71.9424,41.44],[-71.9437,41.4375],[-71.9426,41.4348],[-71.9433,41.4336],[-71.9428,41.4303],[-71.9432,41.4291],[-71.9473,41.4269],[-71.9508,41.4245],[-71.9534,41.4203],[-71.9536,41.4186],[-71.9565,41.4157],[-71.9569,41.4138],[-71.9583,41.4127],[-71.961,41.4125],[-71.9628,41.4114],[-71.963,41.4093],[-71.9637,41.407],[-71.962,41.4013],[-71.963,41.4004],[-71.9627,41.3995],[-71.9613,41.3979],[-72.0112,41.399],[-72.037,41.3994],[-72.0456,41.3995],[-72.0701,41.3999],[-72.0805,41.4002],[-72.0958,41.4004],[-72.0955,41.4022],[-72.096,41.4088],[-72.095,41.4116],[-72.0939,41.4139],[-72.093,41.4158],[-72.0956,41.4253],[-72.0965,41.4302]]]}},{"type":"Feature","properties":{"name":"Lyme","geoid":"0913044210"},"geometry":{"type":"Polygon","coordinates":[[[-72.4337,41.424],[-72.4276,41.4233],[-72.4095,41.4253],[-72.403,41.4248],[-72.3998,41.4261],[-72.3861,41.4277],[-72.3858,41.4277],[-72.3055,41.4363],[-72.3049,41.4327],[-72.2866,41.4391],[-72.2766,41.4404],[-72.2776,41.4334],[-72.2785,41.4296],[-72.2791,41.4261],[-72.2791,41.4218],[-72.2799,41.4186],[-72.2804,41.4145],[-72.281,41.4129],[-72.2813,41.4112],[-72.2822,41.4059],[-72.28,41.3917],[-72.2792,41.3882],[-72.2779,41.3763],[-72.2779,41.3753],[-72.2767,41.3663],[-72.2964,41.3624],[-72.2991,41.3622],[-72.3045,41.3612],[-72.3104,41.3598],[-72.3261,41.3569],[-72.3311,41.3563],[-72.3339,41.3557],[-72.3342,41.3556],[-72.3367,41.3531],[-72.338,41.3509],[-72.3391,41.3531],[-72.3501,41.3509],[-72.354,41.35],[-72.3546,41.3487],[-72.3543,41.3462],[-72.3603,41.345],[-72.363,41.3437],[-72.367,41.3432],[-72.3691,41.3423],[-72.3722,41.3434],[-72.3777,41.3465],[-72.3788,41.348],[-72.3794,41.3497],[-72.3784,41.3559],[-72.3774,41.3645],[-72.3764,41.3691],[-72.3749,41.3733],[-72.3751,41.3745],[-72.376,41.3763],[-72.3816,41.3806],[-72.3826,41.3825],[-72.3848,41.3852],[-72.3872,41.3861],[-72.3949,41.3875],[-72.3972,41.3877],[-72.402,41.3885],[-72.4053,41.3884],[-72.4118,41.3895],[-72.4162,41.3893],[-72.4217,41.3905],[-72.4235,41.3919],[-72.4258,41.396],[-72.4263,41.3988],[-72.4257,41.4008],[-72.4253,41.402],[-72.4251,41.4086],[-72.4255,41.4117],[-72.4261,41.4131],[-72.4306,41.4198],[-72.4337,41.424]]]}},{"type":"Feature","properties":{"name":"Montville","geoid":"0918048900"},"geometry":{"type":"Polygon","coordinates":[[[-72.2312,41.4448],[-72.2215,41.4463],[-72.2225,41.4565],[-72.2127,41.4575],[-72.2151,41.4735],[-72.2165,41.48],[-72.2175,41.4947],[-72.2184,41.5005],[-72.2244,41.5097],[-72.2263,41.5133],[-72.2273,41.5167],[-72.2276,41.5187],[-72.1995,41.513],[-72.1935,41.512],[-72.1911,41.5142],[-72.1875,41.5135],[-72.1867,41.5129],[-72.1824,41.5129],[-72.1822,41.5163],[-72.1806,41.5163],[-72.1783,41.5159],[-72.1712,41.5139],[-72.1684,41.5122],[-72.1657,41.5106],[-72.162,41.5101],[-72.1536,41.5073],[-72.144,41.505],[-72.1425,41.5042],[-72.1361,41.5049],[-72.1354,41.504],[-72.1336,41.5028],[-72.1295,41.5033],[-72.1254,41.5029],[-72.1219,41.5019],[-72.1211,41.5027],[-72.1183,41.5025],[-72.1154,41.5009],[-72.1122,41.501],[-72.1117,41.502],[-72.108,41.5028],[-72.1065,41.5016],[-72.1065,41.4996],[-72.1021,41.498],[-72.0999,41.4965],[-72.0997,41.4951],[-72.0995,41.4948],[-72.0992,41.4946],[-72.0989,41.4945],[-72.0984,41.4944],[-72.0982,41.4944],[-72.098,41.4946],[-72.0979,41.4949],[-72.0977,41.4951],[-72.0975,41.4952],[-72.0976,41.4955],[-72.0937,41.4972],[-72.0839,41.4938],[-72.081,41.4921],[-72.0805,41.4892],[-72.0776,41.4851],[-72.0744,41.4818],[-72.0734,41.4784],[-72.0736,41.475],[-72.0713,41.4711],[-72.0699,41.4658],[-72.07,41.4636],[-72.0708,41.4603],[-72.0717,41.4587],[-72.0736,41.4563],[-72.0764,41.4539],[-72.0828,41.4489],[-72.0855,41.4451],[-72.0879,41.4394],[-72.091,41.4374],[-72.0924,41.4367],[-72.0947,41.4329],[-72.0965,41.4302],[-72.0956,41.4253],[-72.1017,41.4265],[-72.1044,41.4275],[-72.1064,41.4272],[-72.1102,41.4267],[-72.1211,41.4252],[-72.1279,41.4243],[-72.1331,41.4236],[-72.1698,41.4186],[-72.2193,41.4121],[-72.2204,41.4135],[-72.242,41.4432],[-72.2312,41.4448]]]}},{"type":"Feature","properties":{"name":"Stonington","geoid":"0918073770"},"geometry":{"type":"Polygon","coordinates":[[[-71.9799,41.3304],[-71.9761,41.333],[-71.9751,41.3372],[-71.9733,41.3403],[-71.9691,41.3452],[-71.9702,41.349],[-71.9711,41.3514],[-71.9687,41.3547],[-71.9671,41.3581],[-71.9676,41.3618],[-71.9669,41.3657],[-71.9673,41.3697],[-71.966,41.373],[-71.9645,41.3751],[-71.9635,41.3791],[-71.9642,41.3826],[-71.9612,41.3868],[-71.9586,41.3881],[-71.9603,41.3894],[-71.9608,41.3947],[-71.9587,41.3979],[-71.9613,41.3979],[-71.9627,41.3995],[-71.963,41.4004],[-71.962,41.4013],[-71.9637,41.407],[-71.963,41.4093],[-71.9628,41.4114],[-71.961,41.4125],[-71.9583,41.4127],[-71.9569,41.4138],[-71.9565,41.4157],[-71.9536,41.4186],[-71.9534,41.4203],[-71.9508,41.4245],[-71.9473,41.4269],[-71.9432,41.4291],[-71.9428,41.4303],[-71.9433,41.4336],[-71.8935,41.4207],[-71.869,41.4144],[-71.8555,41.4116],[-71.8448,41.4088],[-71.8428,41.4087],[-71.8435,41.4058],[-71.8433,41.4045],[-71.8417,41.4032],[-71.8411,41.3992],[-71.8422,41.3969],[-71.8421,41.3954],[-71.8411,41.3941],[-71.8386,41.3912],[-71.8382,41.3906],[-71.8352,41.3896],[-71.8327,41.3872],[-71.833,41.3853],[-71.8335,41.3824],[-71.8316,41.38],[-71.8306,41.3788],[-71.8313,41.3777],[-71.8327,41.3756],[-71.8321,41.373],[-71.8316,41.3709],[-71.832,41.3702],[-71.8321,41.3701],[-71.8325,41.3694],[-71.8349,41.3676],[-71.8356,41.3671],[-71.8376,41.3655],[-71.8377,41.3637],[-71.8377,41.3633],[-71.8379,41.3601],[-71.8368,41.3551],[-71.8357,41.3536],[-71.8313,41.3513],[-71.8299,41.3466],[-71.8294,41.3424],[-71.8306,41.3412],[-71.8362,41.336],[-71.8447,41.3306],[-71.8477,41.3296],[-71.8519,41.3247],[-71.8575,41.3208],[-71.8605,41.3202],[-71.8596,41.3224],[-71.8687,41.3278],[-71.8775,41.336],[-71.8824,41.3362],[-71.8863,41.3364],[-71.8927,41.3333],[-71.8937,41.3333],[-71.898,41.3335],[-71.9047,41.3274],[-71.9091,41.3275],[-71.9212,41.3279],[-71.9276,41.3323],[-71.9327,41.3333],[-71.9363,41.338],[-71.9376,41.3379],[-71.9457,41.3378],[-71.9541,41.3279],[-71.9624,41.3215],[-71.9693,41.321],[-71.9794,41.33],[-71.9803,41.3299],[-71.9799,41.3304]]]}},{"type":"Feature","properties":{"name":"Voluntown","geoid":"0915078600"},"geometry":{"type":"Polygon","coordinates":[[[-71.8843,41.6412],[-71.8745,41.6421],[-71.8579,41.6442],[-71.847,41.6438],[-71.8201,41.6418],[-71.8174,41.6419],[-71.7964,41.6405],[-71.7876,41.6399],[-71.7879,41.6345],[-71.7894,41.5969],[-71.7894,41.5969],[-71.7905,41.572],[-71.7917,41.5461],[-71.7926,41.5268],[-71.7936,41.5058],[-71.8232,41.5096],[-71.8316,41.5108],[-71.8412,41.5119],[-71.8473,41.5129],[-71.8634,41.5149],[-71.8718,41.5599],[-71.8743,41.5728],[-71.875,41.5789],[-71.8839,41.63],[-71.8844,41.6412],[-71.8843,41.6412]]]}},{"type":"Feature","properties":{"name":"Canaan","geoid":"0916010940"},"geometry":{"type":"Polygon","coordinates":[[[-73.3724,41.9822],[-73.37,41.9834],[-73.3671,41.9822],[-73.3663,41.9846],[-73.368,41.9875],[-73.3667,41.9925],[-73.3675,41.9948],[-73.3651,41.9981],[-73.3665,41.9986],[-73.3693,41.9985],[-73.3654,42.0005],[-73.365,41.9984],[-73.364,41.999],[-73.3632,42.0012],[-73.3586,42.0015],[-73.3574,42.0026],[-73.3566,42.0026],[-73.3282,42.0008],[-73.2436,41.994],[-73.2488,41.9704],[-73.2489,41.9664],[-73.263,41.9162],[-73.2736,41.9164],[-73.3411,41.9182],[-73.3426,41.9183],[-73.355,41.9182],[-73.3618,41.9184],[-73.3625,41.9192],[-73.3621,41.9222],[-73.3574,41.9246],[-73.3567,41.9261],[-73.3582,41.9281],[-73.3615,41.9305],[-73.3618,41.9344],[-73.3657,41.9353],[-73.3664,41.9376],[-73.3647,41.9402],[-73.3633,41.9414],[-73.3652,41.942],[-73.3665,41.9432],[-73.3663,41.9463],[-73.3672,41.9483],[-73.3696,41.9506],[-73.37,41.9528],[-73.3698,41.954],[-73.3699,41.9552],[-73.3698,41.9573],[-73.3729,41.9599],[-73.3729,41.9618],[-73.3679,41.9664],[-73.3672,41.9686],[-73.3671,41.9712],[-73.3685,41.9735],[-73.3716,41.9765],[-73.373,41.9806],[-73.3724,41.9822]]]}},{"type":"Feature","properties":{"name":"Litchfield","geoid":"0916043370"},"geometry":{"type":"Polygon","coordinates":[[[-73.2986,41.779],[-73.2695,41.7827],[-73.2495,41.7853],[-73.243,41.786],[-73.2313,41.7872],[-73.2246,41.7881],[-73.2105,41.7893],[-73.2018,41.79],[-73.2004,41.7902],[-73.194,41.7908],[-73.1678,41.7935],[-73.1632,41.794],[-73.1586,41.7848],[-73.1541,41.7837],[-73.1246,41.7768],[-73.1221,41.7766],[-73.1198,41.7756],[-73.1204,41.7741],[-73.1162,41.7698],[-73.1164,41.7647],[-73.1171,41.7635],[-73.1161,41.7607],[-73.117,41.7585],[-73.1171,41.7564],[-73.1141,41.7538],[-73.1121,41.7507],[-73.1129,41.7483],[-73.114,41.7477],[-73.1154,41.745],[-73.1156,41.7419],[-73.1142,41.7405],[-73.1113,41.7391],[-73.1108,41.739],[-73.1093,41.7387],[-73.1052,41.736],[-73.1051,41.7347],[-73.1016,41.7308],[-73.099,41.7306],[-73.0977,41.7298],[-73.0941,41.7253],[-73.0922,41.722],[-73.0892,41.7195],[-73.0887,41.7181],[-73.0875,41.7176],[-73.0821,41.7172],[-73.0788,41.7147],[-73.0719,41.711],[-73.0705,41.7099],[-73.0684,41.7071],[-73.0767,41.703],[-73.0837,41.6993],[-73.0868,41.6981],[-73.0993,41.6927],[-73.106,41.6894],[-73.1153,41.6849],[-73.1177,41.684],[-73.1217,41.6819],[-73.1347,41.6756],[-73.1387,41.6741],[-73.1414,41.6727],[-73.1421,41.6748],[-73.1523,41.7041],[-73.1548,41.7098],[-73.1558,41.7134],[-73.1568,41.7159],[-73.1663,41.7149],[-73.1733,41.7141],[-73.1826,41.7135],[-73.1894,41.7126],[-73.2006,41.7116],[-73.2168,41.7108],[-73.2223,41.7106],[-73.254,41.709],[-73.2603,41.7085],[-73.271,41.7082],[-73.2763,41.7078],[-73.2755,41.6952],[-73.2788,41.6977],[-73.2795,41.6981],[-73.2882,41.7048],[-73.2943,41.7087],[-73.2951,41.7105],[-73.2958,41.7107],[-73.2952,41.7122],[-73.2933,41.7147],[-73.2928,41.7171],[-73.2927,41.7188],[-73.2943,41.725],[-73.2953,41.726],[-73.2959,41.7307],[-73.2952,41.7323],[-73.2936,41.7337],[-73.2933,41.7366],[-73.2938,41.7377],[-73.2962,41.7633],[-73.2973,41.7691],[-73.2986,41.779]]]}},{"type":"Feature","properties":{"name":"North Canaan","geoid":"0916054030"},"geometry":{"type":"Polygon","coordinates":[[[-73.3592,42.009],[-73.3581,42.0125],[-73.3566,42.0138],[-73.3511,42.0164],[-73.351,42.0184],[-73.3523,42.0211],[-73.3522,42.0231],[-73.3532,42.0239],[-73.3524,42.0287],[-73.3506,42.0302],[-73.3478,42.0339],[-73.3449,42.0375],[-73.3429,42.0427],[-73.3404,42.0445],[-73.3405,42.0482],[-73.3277,42.0479],[-73.3256,42.0478],[-73.2963,42.047],[-73.2944,42.047],[-73.2931,42.0469],[-73.2334,42.045],[-73.233,42.045],[-73.2411,42.0062],[-73.2436,41.994],[-73.3282,42.0008],[-73.3566,42.0026],[-73.3574,42.0026],[-73.3574,42.0049],[-73.3587,42.007],[-73.3592,42.009]]]}},{"type":"Feature","properties":{"name":"Thomaston","geoid":"0914075730"},"geometry":{"type":"Polygon","coordinates":[[[-73.1414,41.6727],[-73.1387,41.6741],[-73.1347,41.6756],[-73.1217,41.6819],[-73.1177,41.684],[-73.1153,41.6849],[-73.106,41.6894],[-73.0993,41.6927],[-73.0868,41.6981],[-73.0837,41.6993],[-73.0767,41.703],[-73.0684,41.7071],[-73.0629,41.7076],[-73.0553,41.7082],[-73.0557,41.7029],[-73.059,41.6827],[-73.0608,41.6743],[-73.0603,41.6732],[-73.0612,41.6652],[-73.0621,41.6597],[-73.0641,41.6449],[-73.0648,41.641],[-73.064,41.6396],[-73.0504,41.6097],[-73.058,41.6067],[-73.0586,41.6068],[-73.0587,41.6109],[-73.0581,41.6156],[-73.0591,41.6198],[-73.0631,41.6209],[-73.0665,41.6232],[-73.0687,41.6267],[-73.0715,41.6285],[-73.0777,41.6313],[-73.0773,41.6339],[-73.0802,41.6403],[-73.0813,41.6453],[-73.0811,41.6477],[-73.0827,41.6476],[-73.0931,41.6516],[-73.0944,41.6537],[-73.0946,41.6545],[-73.1038,41.6579],[-73.1057,41.6579],[-73.1079,41.6567],[-73.1092,41.658],[-73.1105,41.658],[-73.1141,41.6569],[-73.1145,41.6581],[-73.1138,41.6611],[-73.117,41.6617],[-73.1197,41.6615],[-73.1217,41.6604],[-73.1236,41.6633],[-73.1254,41.6642],[-73.1293,41.6636],[-73.1317,41.6617],[-73.1339,41.6643],[-73.1342,41.6656],[-73.1357,41.666],[-73.1384,41.6686],[-73.1393,41.6685],[-73.1415,41.6727],[-73.1414,41.6727]]]}},{"type":"Feature","properties":{"name":"Watertown","geoid":"0914080490"},"geometry":{"type":"Polygon","coordinates":[[[-73.1708,41.6692],[-73.1671,41.6697],[-73.142,41.6723],[-73.1415,41.6727],[-73.1393,41.6685],[-73.1384,41.6686],[-73.1357,41.666],[-73.1342,41.6656],[-73.1339,41.6643],[-73.1317,41.6617],[-73.1293,41.6636],[-73.1254,41.6642],[-73.1236,41.6633],[-73.1217,41.6604],[-73.1197,41.6615],[-73.117,41.6617],[-73.1138,41.6611],[-73.1145,41.6581],[-73.1141,41.6569],[-73.1105,41.658],[-73.1092,41.658],[-73.1079,41.6567],[-73.1057,41.6579],[-73.1038,41.6579],[-73.0946,41.6545],[-73.0944,41.6537],[-73.0931,41.6516],[-73.0827,41.6476],[-73.0811,41.6477],[-73.0813,41.6453],[-73.0802,41.6403],[-73.0773,41.6339],[-73.0777,41.6313],[-73.0715,41.6285],[-73.0687,41.6267],[-73.0665,41.6232],[-73.0631,41.6209],[-73.0591,41.6198],[-73.0581,41.6156],[-73.0587,41.6109],[-73.0586,41.6068],[-73.058,41.6067],[-73.0597,41.6058],[-73.0589,41.6027],[-73.0607,41.6008],[-73.0604,41.5947],[-73.0595,41.5916],[-73.0574,41.5893],[-73.058,41.5886],[-73.0584,41.5886],[-73.0642,41.5885],[-73.0776,41.5875],[-73.0782,41.5861],[-73.0783,41.5862],[-73.0804,41.5867],[-73.083,41.5856],[-73.0851,41.5821],[-73.0868,41.5796],[-73.0894,41.5752],[-73.0924,41.5705],[-73.0939,41.5702],[-73.0985,41.569],[-73.1009,41.5684],[-73.1165,41.5643],[-73.1309,41.5609],[-73.145,41.5578],[-73.1473,41.5673],[-73.1483,41.5688],[-73.1484,41.5722],[-73.1491,41.5754],[-73.1545,41.5998],[-73.1578,41.6127],[-73.1616,41.6299],[-73.1656,41.6466],[-73.1658,41.6487],[-73.1692,41.6616],[-73.1708,41.6692]]]}},{"type":"Feature","properties":{"name":"Bethel","geoid":"0919004720"},"geometry":{"type":"Polygon","coordinates":[[[-73.4338,41.3759],[-73.4326,41.3785],[-73.4296,41.38],[-73.4247,41.3822],[-73.4239,41.3823],[-73.421,41.3847],[-73.4152,41.3892],[-73.4073,41.3957],[-73.4049,41.401],[-73.4048,41.4024],[-73.4012,41.4029],[-73.4008,41.4034],[-73.4021,41.4056],[-73.4058,41.4148],[-73.406,41.4154],[-73.4061,41.4161],[-73.406,41.4282],[-73.3852,41.424],[-73.3801,41.4229],[-73.3786,41.42],[-73.3757,41.4136],[-73.3741,41.41],[-73.3682,41.3971],[-73.3617,41.3827],[-73.3598,41.3786],[-73.3583,41.3754],[-73.3471,41.3504],[-73.3597,41.347],[-73.3658,41.346],[-73.3931,41.3407],[-73.4061,41.3383],[-73.4175,41.3362],[-73.423,41.3355],[-73.4243,41.3353],[-73.4254,41.3378],[-73.4288,41.3497],[-73.4334,41.3668],[-73.4337,41.3674],[-73.435,41.3724],[-73.4338,41.3759]]]}},{"type":"Feature","properties":{"name":"Brookfield","geoid":"0919008980"},"geometry":{"type":"Polygon","coordinates":[[[-73.4444,41.4776],[-73.4434,41.4785],[-73.4426,41.4855],[-73.4421,41.4856],[-73.437,41.4836],[-73.4386,41.4863],[-73.4415,41.4913],[-73.4395,41.4925],[-73.4354,41.4951],[-73.4309,41.4979],[-73.4255,41.4993],[-73.4177,41.502],[-73.4146,41.5035],[-73.4027,41.509],[-73.387,41.5148],[-73.3851,41.5125],[-73.385,41.511],[-73.3875,41.5091],[-73.3886,41.5065],[-73.3871,41.5052],[-73.382,41.5036],[-73.379,41.5019],[-73.3768,41.499],[-73.3753,41.4892],[-73.3641,41.4853],[-73.3589,41.4821],[-73.3507,41.4798],[-73.3477,41.4781],[-73.3401,41.4767],[-73.3367,41.4757],[-73.3317,41.4727],[-73.3599,41.4426],[-73.3644,41.4378],[-73.3748,41.4248],[-73.3786,41.42],[-73.3801,41.4229],[-73.3852,41.424],[-73.406,41.4282],[-73.4097,41.429],[-73.4119,41.4295],[-73.4158,41.4303],[-73.4183,41.4379],[-73.4238,41.4549],[-73.4249,41.4596],[-73.4269,41.4638],[-73.4297,41.4697],[-73.4315,41.469],[-73.4334,41.4721],[-73.4349,41.4719],[-73.4383,41.4741],[-73.4378,41.4727],[-73.4354,41.4709],[-73.4348,41.4679],[-73.4356,41.4662],[-73.4371,41.4654],[-73.4393,41.468],[-73.4402,41.4698],[-73.4421,41.4706],[-73.4433,41.4726],[-73.4442,41.4768],[-73.4444,41.4776]]]}},{"type":"Feature","properties":{"name":"Danbury","geoid":"0919018500"},"geometry":{"type":"Polygon","coordinates":[[[-73.5434,41.3766],[-73.5434,41.3768],[-73.5425,41.3891],[-73.5424,41.3902],[-73.5412,41.406],[-73.5377,41.4339],[-73.5375,41.4359],[-73.5373,41.4379],[-73.5371,41.4397],[-73.5363,41.4405],[-73.5212,41.444],[-73.519,41.4445],[-73.5143,41.4456],[-73.5025,41.4479],[-73.4944,41.4497],[-73.4854,41.4513],[-73.4757,41.4538],[-73.469,41.4555],[-73.466,41.4557],[-73.4561,41.458],[-73.4506,41.459],[-73.4451,41.46],[-73.4419,41.4605],[-73.4394,41.461],[-73.4269,41.4638],[-73.4249,41.4596],[-73.4238,41.4549],[-73.4183,41.4379],[-73.4158,41.4303],[-73.4119,41.4295],[-73.4097,41.429],[-73.406,41.4282],[-73.4061,41.4161],[-73.406,41.4154],[-73.4058,41.4148],[-73.4021,41.4056],[-73.4008,41.4034],[-73.4012,41.4029],[-73.4048,41.4024],[-73.4049,41.401],[-73.4073,41.3957],[-73.4152,41.3892],[-73.421,41.3847],[-73.4239,41.3823],[-73.4247,41.3822],[-73.4296,41.38],[-73.4326,41.3785],[-73.4338,41.3759],[-73.435,41.3724],[-73.4337,41.3674],[-73.4334,41.3668],[-73.4288,41.3497],[-73.4254,41.3378],[-73.4243,41.3353],[-73.4412,41.3318],[-73.4701,41.3264],[-73.4728,41.3321],[-73.4742,41.3346],[-73.4759,41.3374],[-73.4854,41.3566],[-73.4871,41.3573],[-73.5016,41.3621],[-73.5022,41.3638],[-73.5048,41.3733],[-73.5064,41.3774],[-73.5107,41.3772],[-73.5343,41.3757],[-73.5349,41.3756],[-73.5436,41.3751],[-73.5434,41.3766]]]}},{"type":"Feature","properties":{"name":"Fairfield","geoid":"0912026620"},"geometry":{"type":"Polygon","coordinates":[[[-73.3377,41.1968],[-73.3334,41.1991],[-73.333,41.201],[-73.3333,41.2029],[-73.3324,41.204],[-73.3307,41.2083],[-73.3289,41.21],[-73.3303,41.2112],[-73.329,41.2134],[-73.3183,41.2127],[-73.3074,41.2129],[-73.3019,41.2127],[-73.2998,41.2138],[-73.2948,41.218],[-73.2908,41.2201],[-73.2889,41.2223],[-73.2883,41.2239],[-73.2846,41.2251],[-73.2824,41.2291],[-73.2793,41.2316],[-73.2764,41.2278],[-73.2743,41.2257],[-73.2731,41.2242],[-73.2722,41.2233],[-73.272,41.223],[-73.2621,41.2129],[-73.2613,41.2144],[-73.2604,41.2152],[-73.2602,41.2154],[-73.2566,41.2193],[-73.2557,41.2222],[-73.2526,41.2267],[-73.2513,41.2302],[-73.2486,41.232],[-73.2462,41.2293],[-73.2455,41.2281],[-73.2442,41.2266],[-73.2434,41.2258],[-73.2424,41.2247],[-73.239,41.2207],[-73.2332,41.2139],[-73.2329,41.2135],[-73.2316,41.2121],[-73.2275,41.2075],[-73.2256,41.2053],[-73.2231,41.2024],[-73.2229,41.2021],[-73.2194,41.1982],[-73.2191,41.1978],[-73.2194,41.1953],[-73.2198,41.1916],[-73.2204,41.1879],[-73.2198,41.1867],[-73.2187,41.1846],[-73.218,41.1833],[-73.2196,41.1815],[-73.2193,41.1794],[-73.2231,41.1764],[-73.2239,41.174],[-73.2255,41.1739],[-73.2257,41.1731],[-73.2276,41.1694],[-73.2237,41.1702],[-73.2223,41.1689],[-73.2244,41.1663],[-73.2274,41.1641],[-73.2281,41.1621],[-73.2339,41.1572],[-73.2372,41.1551],[-73.2372,41.1537],[-73.2361,41.1524],[-73.2337,41.1521],[-73.2329,41.1476],[-73.2348,41.144],[-73.2351,41.144],[-73.2355,41.1431],[-73.2378,41.1381],[-73.2426,41.1282],[-73.243,41.1281],[-73.2526,41.125],[-73.2603,41.1197],[-73.2624,41.1182],[-73.2676,41.1194],[-73.2751,41.1211],[-73.2788,41.1257],[-73.2863,41.1278],[-73.2868,41.1279],[-73.2987,41.1248],[-73.2973,41.126],[-73.2965,41.1297],[-73.2972,41.1321],[-73.2961,41.1337],[-73.2972,41.136],[-73.2968,41.1364],[-73.2979,41.1383],[-73.299,41.1406],[-73.298,41.143],[-73.2988,41.1448],[-73.3034,41.1459],[-73.3043,41.149],[-73.306,41.1495],[-73.3046,41.1519],[-73.306,41.1528],[-73.3069,41.1523],[-73.3223,41.1725],[-73.3233,41.1737],[-73.3244,41.1755],[-73.3286,41.181],[-73.3385,41.1945],[-73.3377,41.1968]]]}},{"type":"Feature","properties":{"name":"Norwalk","geoid":"0919056060"},"geometry":{"type":"MultiPolygon","coordinates":[[[[-73.3942,41.0674],[-73.3923,41.0708],[-73.3882,41.0733],[-73.3837,41.0725],[-73.3837,41.0716],[-73.3836,41.0703],[-73.3836,41.0694],[-73.3839,41.0692],[-73.3867,41.0663],[-73.39,41.0643],[-73.388,41.0611],[-73.3858,41.0598],[-73.3862,41.0584],[-73.3872,41.0582],[-73.3918,41.0614],[-73.3952,41.0644],[-73.3942,41.0674]]],[[[-73.4169,41.0539],[-73.4048,41.0621],[-73.3998,41.0624],[-73.3991,41.061],[-73.4011,41.0576],[-73.4015,41.0537],[-73.4061,41.0524],[-73.4095,41.053],[-73.4222,41.0476],[-73.4169,41.0539]]],[[[-73.4746,41.1147],[-73.4711,41.1192],[-73.4629,41.1298],[-73.4595,41.1342],[-73.4588,41.1349],[-73.4506,41.1487],[-73.4495,41.1501],[-73.4489,41.1535],[-73.4489,41.1538],[-73.448,41.1538],[-73.4375,41.1562],[-73.4319,41.1576],[-73.4233,41.1598],[-73.4222,41.16],[-73.419,41.1608],[-73.4154,41.1629],[-73.4137,41.1636],[-73.3948,41.1718],[-73.3871,41.1705],[-73.3868,41.1698],[-73.3868,41.1664],[-73.3876,41.1624],[-73.3884,41.158],[-73.3881,41.1565],[-73.3888,41.1489],[-73.3867,41.146],[-73.3827,41.1417],[-73.3829,41.1411],[-73.3829,41.1398],[-73.3829,41.139],[-73.3815,41.1319],[-73.3811,41.1286],[-73.3808,41.1271],[-73.3804,41.1234],[-73.3802,41.1211],[-73.3814,41.1183],[-73.382,41.1167],[-73.3826,41.1146],[-73.3843,41.1073],[-73.3834,41.1046],[-73.3844,41.1029],[-73.3829,41.0999],[-73.3833,41.0957],[-73.3837,41.0898],[-73.3877,41.0913],[-73.3922,41.0877],[-73.393,41.0821],[-73.3982,41.0819],[-73.4025,41.0861],[-73.4026,41.0859],[-73.4056,41.0823],[-73.4078,41.0811],[-73.4072,41.0755],[-73.4084,41.071],[-73.4129,41.071],[-73.422,41.0642],[-73.4333,41.0558],[-73.4351,41.0567],[-73.4382,41.0555],[-73.4408,41.0559],[-73.4428,41.0575],[-73.4458,41.0583],[-73.4465,41.0581],[-73.4455,41.0654],[-73.4453,41.0659],[-73.444,41.0684],[-73.4448,41.07],[-73.4476,41.0719],[-73.4475,41.0729],[-73.4467,41.0762],[-73.4459,41.0765],[-73.4462,41.0773],[-73.4475,41.085],[-73.4482,41.086],[-73.4502,41.0865],[-73.4507,41.0882],[-73.4538,41.0877],[-73.4536,41.0896],[-73.4536,41.0911],[-73.454,41.0917],[-73.4555,41.0929],[-73.4558,41.0934],[-73.4621,41.1011],[-73.4675,41.1068],[-73.4691,41.1083],[-73.4729,41.1129],[-73.4746,41.1147]]]]}},{"type":"Feature","properties":{"name":"Stamford","geoid":"0919073070"},"geometry":{"type":"Polygon","coordinates":[[[-73.634,41.1441],[-73.6322,41.1449],[-73.6288,41.1464],[-73.6145,41.1529],[-73.5971,41.1607],[-73.5875,41.165],[-73.5862,41.1656],[-73.5792,41.1688],[-73.5649,41.1752],[-73.5648,41.1753],[-73.5547,41.1799],[-73.5536,41.1792],[-73.5523,41.1761],[-73.5531,41.1742],[-73.5437,41.1637],[-73.542,41.1631],[-73.54,41.1601],[-73.5387,41.1601],[-73.5358,41.1578],[-73.5349,41.1557],[-73.5323,41.1544],[-73.5331,41.152],[-73.5342,41.1516],[-73.5341,41.1502],[-73.5341,41.1498],[-73.5332,41.1478],[-73.5225,41.1189],[-73.5221,41.1173],[-73.5219,41.1151],[-73.5083,41.1143],[-73.5078,41.1142],[-73.5008,41.1144],[-73.5068,41.1095],[-73.5081,41.11],[-73.5115,41.1072],[-73.5114,41.1056],[-73.5094,41.1048],[-73.5098,41.103],[-73.5105,41.1021],[-73.5144,41.0953],[-73.515,41.0942],[-73.5146,41.0927],[-73.5152,41.089],[-73.5145,41.0883],[-73.517,41.0812],[-73.518,41.08],[-73.5156,41.0754],[-73.5146,41.0748],[-73.514,41.0732],[-73.5113,41.0727],[-73.5109,41.0722],[-73.5106,41.071],[-73.51,41.0704],[-73.5099,41.0687],[-73.51,41.0668],[-73.5085,41.0628],[-73.5081,41.0621],[-73.5073,41.0609],[-73.5063,41.0589],[-73.5025,41.056],[-73.4979,41.0494],[-73.4959,41.0486],[-73.4958,41.0477],[-73.5006,41.0467],[-73.5011,41.0449],[-73.506,41.0428],[-73.508,41.0385],[-73.5173,41.0399],[-73.5212,41.0378],[-73.5223,41.0372],[-73.5233,41.0367],[-73.5228,41.0357],[-73.5212,41.0318],[-73.52,41.0316],[-73.5185,41.0314],[-73.517,41.0301],[-73.5183,41.029],[-73.5192,41.0243],[-73.5231,41.02],[-73.5242,41.0202],[-73.5244,41.0202],[-73.527,41.0197],[-73.527,41.0196],[-73.5291,41.0171],[-73.5292,41.0171],[-73.5304,41.0173],[-73.5312,41.0224],[-73.5302,41.0288],[-73.5328,41.0317],[-73.5344,41.0318],[-73.5353,41.0319],[-73.5367,41.0311],[-73.5369,41.0309],[-73.5388,41.0297],[-73.5399,41.029],[-73.5448,41.0258],[-73.5474,41.0229],[-73.5515,41.0243],[-73.5529,41.0233],[-73.5551,41.0251],[-73.5557,41.0284],[-73.5601,41.0351],[-73.5632,41.0402],[-73.5644,41.0449],[-73.565,41.0467],[-73.5653,41.0485],[-73.5664,41.0527],[-73.5672,41.0545],[-73.5679,41.059],[-73.5683,41.0595],[-73.5726,41.0652],[-73.5774,41.0715],[-73.5924,41.0906],[-73.5965,41.0954],[-73.5992,41.099],[-73.6063,41.1084],[-73.6071,41.1096],[-73.6138,41.1177],[-73.6176,41.1228],[-73.6214,41.1275],[-73.6264,41.1346],[-73.6324,41.1424],[-73.634,41.1441]]]}},{"type":"Feature","properties":{"name":"Wilton","geoid":"0919086370"},"geometry":{"type":"Polygon","coordinates":[[[-73.4984,41.2387],[-73.4981,41.239],[-73.4849,41.2451],[-73.4718,41.2507],[-73.4692,41.252],[-73.4639,41.2528],[-73.4636,41.2542],[-73.4565,41.2574],[-73.4455,41.2621],[-73.4401,41.2645],[-73.4382,41.2652],[-73.4306,41.2551],[-73.4301,41.2543],[-73.4252,41.2482],[-73.4159,41.2356],[-73.4114,41.2294],[-73.4109,41.2285],[-73.3924,41.203],[-73.3902,41.2002],[-73.3892,41.1992],[-73.3825,41.1895],[-73.3818,41.1888],[-73.3796,41.1858],[-73.3815,41.1826],[-73.3849,41.1744],[-73.3871,41.1705],[-73.3948,41.1718],[-73.4137,41.1636],[-73.4154,41.1629],[-73.419,41.1608],[-73.4222,41.16],[-73.4233,41.1598],[-73.4319,41.1576],[-73.4375,41.1562],[-73.448,41.1538],[-73.4489,41.1538],[-73.4504,41.158],[-73.4529,41.1597],[-73.4549,41.1592],[-73.457,41.1601],[-73.4626,41.1611],[-73.4643,41.1615],[-73.4641,41.1628],[-73.4668,41.1655],[-73.4654,41.1702],[-73.4654,41.176],[-73.4685,41.1774],[-73.47,41.1791],[-73.473,41.1807],[-73.4735,41.1819],[-73.4722,41.1827],[-73.4728,41.185],[-73.4701,41.1896],[-73.4729,41.1914],[-73.472,41.1944],[-73.4731,41.1951],[-73.4757,41.1991],[-73.4787,41.2053],[-73.4803,41.2079],[-73.4838,41.2082],[-73.4849,41.2118],[-73.4827,41.2128],[-73.5026,41.2372],[-73.4984,41.2387]]]}},{"type":"Feature","properties":{"name":"Branford","geoid":"0917007310"},"geometry":{"type":"MultiPolygon","coordinates":[[[[-72.7614,41.2423],[-72.7597,41.2485],[-72.7589,41.2538],[-72.7564,41.2555],[-72.7547,41.2559],[-72.7477,41.2559],[-72.7403,41.2565],[-72.7401,41.2551],[-72.7411,41.2527],[-72.7429,41.2526],[-72.7455,41.251],[-72.7457,41.2497],[-72.7499,41.2473],[-72.7557,41.2451],[-72.7571,41.2443],[-72.7597,41.242],[-72.7603,41.2412],[-72.7614,41.2423]]],[[[-72.7643,41.2592],[-72.7631,41.2604],[-72.7623,41.2604],[-72.7612,41.259],[-72.7614,41.2586],[-72.7631,41.258],[-72.764,41.2585],[-72.7643,41.2592]]],[[[-72.8626,41.2714],[-72.8626,41.2736],[-72.8605,41.2775],[-72.8593,41.281],[-72.8603,41.2822],[-72.8608,41.283],[-72.859,41.2877],[-72.8558,41.2909],[-72.8509,41.2936],[-72.8437,41.2964],[-72.8413,41.298],[-72.8402,41.2998],[-72.8384,41.3088],[-72.8373,41.3126],[-72.8365,41.3135],[-72.835,41.3144],[-72.8238,41.3183],[-72.8224,41.3188],[-72.8184,41.3197],[-72.817,41.3201],[-72.7992,41.3243],[-72.7803,41.313],[-72.775,41.3087],[-72.7713,41.3051],[-72.7647,41.3069],[-72.7461,41.3106],[-72.7467,41.308],[-72.742,41.2971],[-72.7381,41.2863],[-72.7358,41.2841],[-72.7285,41.2691],[-72.728,41.268],[-72.7322,41.2656],[-72.7322,41.2626],[-72.735,41.2626],[-72.7367,41.2614],[-72.7401,41.2623],[-72.7496,41.2594],[-72.7515,41.2627],[-72.7522,41.2656],[-72.7544,41.2669],[-72.7575,41.2669],[-72.7605,41.266],[-72.7621,41.2677],[-72.7672,41.2658],[-72.771,41.266],[-72.7736,41.2639],[-72.7794,41.2656],[-72.7861,41.2647],[-72.7873,41.2646],[-72.7882,41.2627],[-72.7911,41.2598],[-72.7939,41.2604],[-72.7965,41.2602],[-72.7987,41.2588],[-72.8,41.2579],[-72.8035,41.2575],[-72.8043,41.2571],[-72.8066,41.2558],[-72.8066,41.2558],[-72.8076,41.2528],[-72.8112,41.2502],[-72.8167,41.2493],[-72.8184,41.2497],[-72.8186,41.2513],[-72.8176,41.2521],[-72.8214,41.2553],[-72.8236,41.2556],[-72.8236,41.256],[-72.8207,41.2592],[-72.8208,41.2597],[-72.8213,41.2616],[-72.8225,41.2618],[-72.8232,41.2616],[-72.8247,41.262],[-72.8248,41.2625],[-72.8244,41.2631],[-72.8248,41.2637],[-72.8262,41.2635],[-72.8276,41.2649],[-72.8288,41.2645],[-72.8288,41.2643],[-72.8292,41.262],[-72.8309,41.26],[-72.8302,41.259],[-72.8314,41.2559],[-72.8329,41.2544],[-72.834,41.2506],[-72.8361,41.2488],[-72.8371,41.249],[-72.8385,41.2512],[-72.8405,41.2531],[-72.8387,41.2564],[-72.8399,41.2569],[-72.8411,41.2566],[-72.8417,41.2576],[-72.8413,41.2588],[-72.8418,41.259],[-72.8445,41.2582],[-72.8451,41.2577],[-72.8449,41.2568],[-72.8469,41.2566],[-72.8474,41.2572],[-72.8487,41.2569],[-72.851,41.2564],[-72.85,41.2553],[-72.8502,41.2532],[-72.8504,41.2506],[-72.8546,41.2481],[-72.8596,41.2463],[-72.8594,41.247],[-72.8572,41.2522],[-72.8523,41.2591],[-72.852,41.2598],[-72.8519,41.2622],[-72.8533,41.2641],[-72.8577,41.2656],[-72.8605,41.2655],[-72.861,41.2666],[-72.8625,41.2698],[-72.864,41.2695],[-72.8626,41.2714]]]]}},{"type":"Feature","properties":{"name":"Preston","geoid":"0918062150"},"geometry":{"type":"Polygon","coordinates":[[[-72.081,41.4921],[-72.078,41.4907],[-72.0729,41.4918],[-72.072,41.494],[-72.0717,41.4979],[-72.0677,41.5175],[-72.0586,41.5121],[-72.0564,41.5138],[-72.0519,41.5174],[-72.0403,41.5311],[-72.0435,41.5325],[-72.0441,41.5329],[-72.0469,41.5352],[-72.0451,41.5406],[-72.0503,41.5418],[-72.0489,41.5463],[-72.0467,41.5481],[-72.0458,41.5493],[-72.0461,41.556],[-72.0414,41.5556],[-72.0368,41.5539],[-72.0352,41.5537],[-72.0321,41.5549],[-72.0295,41.5553],[-72.0268,41.5549],[-72.0227,41.5534],[-72.0192,41.554],[-72.0158,41.5573],[-72.0127,41.5647],[-72.0119,41.5679],[-72.0107,41.5694],[-72.007,41.5687],[-72.0033,41.5666],[-72.0,41.5657],[-71.9931,41.5664],[-71.9911,41.5649],[-71.9892,41.5656],[-71.9808,41.5659],[-71.9546,41.5665],[-71.94,41.5535],[-71.9029,41.5203],[-71.9672,41.5287],[-71.9659,41.5231],[-71.9639,41.5145],[-71.961,41.502],[-71.9594,41.4973],[-71.9566,41.4874],[-71.9714,41.4865],[-71.9742,41.4863],[-72.0059,41.4848],[-72.0081,41.4846],[-72.0117,41.4844],[-72.0187,41.4839],[-72.0236,41.4831],[-72.0338,41.4848],[-72.0397,41.4829],[-72.0399,41.4844],[-72.042,41.4846],[-72.0467,41.4852],[-72.0501,41.4849],[-72.0551,41.4836],[-72.0584,41.4799],[-72.0587,41.4783],[-72.0581,41.4736],[-72.0603,41.4715],[-72.0649,41.4657],[-72.0663,41.4653],[-72.0692,41.4638],[-72.07,41.4636],[-72.0699,41.4658],[-72.0713,41.4711],[-72.0736,41.475],[-72.0734,41.4784],[-72.0744,41.4818],[-72.0776,41.4851],[-72.0805,41.4892],[-72.081,41.4921]]]}},{"type":"Feature","properties":{"name":"Oxford","geoid":"0914058300"},"geometry":{"type":"Polygon","coordinates":[[[-73.2077,41.4205],[-73.1939,41.4291],[-73.1889,41.4317],[-73.1849,41.4341],[-73.1771,41.4392],[-73.1648,41.4478],[-73.1639,41.4489],[-73.1662,41.4524],[-73.1648,41.454],[-73.1659,41.4567],[-73.165,41.4582],[-73.1621,41.4576],[-73.1604,41.4596],[-73.16,41.4614],[-73.1583,41.4619],[-73.1576,41.4651],[-73.1591,41.4681],[-73.1588,41.4696],[-73.1596,41.4706],[-73.1581,41.4744],[-73.1566,41.4779],[-73.1561,41.483],[-73.1579,41.4894],[-73.125,41.4876],[-73.1042,41.4894],[-73.1043,41.4836],[-73.1034,41.4817],[-73.0964,41.4776],[-73.0834,41.4692],[-73.0774,41.4652],[-73.0786,41.4578],[-73.0835,41.4391],[-73.0852,41.4365],[-73.0864,41.4337],[-73.0927,41.4134],[-73.0887,41.409],[-73.0836,41.4038],[-73.088,41.4],[-73.0887,41.3997],[-73.0934,41.3992],[-73.1075,41.3986],[-73.1105,41.3981],[-73.1121,41.3934],[-73.1143,41.3882],[-73.1158,41.3863],[-73.12,41.384],[-73.1239,41.3817],[-73.1269,41.3794],[-73.1465,41.3683],[-73.1476,41.3677],[-73.151,41.3702],[-73.1571,41.3767],[-73.1588,41.3797],[-73.1587,41.3834],[-73.1613,41.3839],[-73.1666,41.3832],[-73.1716,41.3839],[-73.1727,41.3834],[-73.1734,41.3836],[-73.1812,41.3896],[-73.1833,41.3917],[-73.188,41.3973],[-73.1876,41.3996],[-73.1854,41.4022],[-73.1849,41.4063],[-73.1866,41.4086],[-73.1903,41.4103],[-73.1968,41.4114],[-73.1998,41.4132],[-73.2016,41.4158],[-73.2077,41.4205]]]}},{"type":"Feature","properties":{"name":"Manchester","geoid":"0911044700"},"geometry":{"type":"Polygon","coordinates":[[[-72.5835,41.8006],[-72.5805,41.8016],[-72.5796,41.8021],[-72.5759,41.8029],[-72.5553,41.8081],[-72.5405,41.8117],[-72.5356,41.813],[-72.5289,41.8145],[-72.5211,41.8165],[-72.5167,41.8172],[-72.5054,41.8203],[-72.5064,41.8155],[-72.5075,41.8097],[-72.5026,41.8102],[-72.492,41.8114],[-72.4874,41.8118],[-72.4854,41.8122],[-72.476,41.813],[-72.4736,41.7991],[-72.4735,41.7983],[-72.4711,41.7844],[-72.4703,41.7798],[-72.4687,41.7705],[-72.4651,41.7502],[-72.4639,41.7456],[-72.4891,41.743],[-72.5008,41.7419],[-72.5163,41.7398],[-72.5171,41.7399],[-72.5181,41.74],[-72.5197,41.7395],[-72.5319,41.7383],[-72.5364,41.7377],[-72.5492,41.7361],[-72.5677,41.7343],[-72.5712,41.7338],[-72.5731,41.7439],[-72.5756,41.7571],[-72.5771,41.7659],[-72.5777,41.7694],[-72.5785,41.774],[-72.5798,41.7807],[-72.5799,41.7822],[-72.5815,41.7888],[-72.5815,41.7898],[-72.5835,41.8006]]]}},{"type":"Feature","properties":{"name":"Shelton","geoid":"0914068170"},"geometry":{"type":"Polygon","coordinates":[[[-73.2034,41.3013],[-73.1898,41.3196],[-73.1893,41.3204],[-73.1882,41.3219],[-73.1847,41.3265],[-73.1806,41.333],[-73.1789,41.3347],[-73.1768,41.3376],[-73.1707,41.3579],[-73.1706,41.3579],[-73.1594,41.3729],[-73.1596,41.3749],[-73.1571,41.3767],[-73.151,41.3702],[-73.1476,41.3677],[-73.1396,41.3612],[-73.1382,41.3539],[-73.1361,41.3512],[-73.1262,41.3466],[-73.1247,41.3453],[-73.1235,41.3437],[-73.1229,41.3414],[-73.1209,41.3385],[-73.1158,41.3322],[-73.1148,41.3316],[-73.0969,41.3226],[-73.0932,41.321],[-73.0909,41.3193],[-73.0892,41.3175],[-73.0865,41.3145],[-73.0853,41.3137],[-73.0821,41.3131],[-73.079,41.3116],[-73.0777,41.3077],[-73.0754,41.3056],[-73.0679,41.301],[-73.0651,41.2976],[-73.0653,41.2949],[-73.0688,41.2892],[-73.0713,41.2873],[-73.0755,41.2857],[-73.0789,41.2845],[-73.0815,41.2829],[-73.0838,41.2815],[-73.0869,41.2766],[-73.0887,41.2717],[-73.0878,41.2653],[-73.0879,41.2601],[-73.0868,41.2546],[-73.0909,41.2571],[-73.0946,41.2562],[-73.0953,41.2581],[-73.0984,41.2593],[-73.1031,41.2596],[-73.103,41.2616],[-73.1046,41.2636],[-73.1071,41.2641],[-73.106,41.267],[-73.1083,41.2686],[-73.1136,41.2668],[-73.1202,41.2647],[-73.1439,41.2572],[-73.1469,41.2554],[-73.1474,41.2562],[-73.1553,41.2691],[-73.1556,41.2691],[-73.1649,41.2688],[-73.1736,41.2686],[-73.1786,41.2726],[-73.179,41.2737],[-73.191,41.2858],[-73.1983,41.2931],[-73.2008,41.2949],[-73.2048,41.2994],[-73.2034,41.3013]]]}},{"type":"Feature","properties":{"name":"Coventry","geoid":"0911017800"},"geometry":{"type":"Polygon","coordinates":[[[-72.4215,41.8255],[-72.4052,41.827],[-72.3956,41.8282],[-72.3761,41.83],[-72.3547,41.8325],[-72.3373,41.8343],[-72.3143,41.8374],[-72.3127,41.8376],[-72.3097,41.8378],[-72.3101,41.8361],[-72.3102,41.8349],[-72.3085,41.8331],[-72.311,41.8294],[-72.3131,41.8294],[-72.3142,41.8279],[-72.313,41.8271],[-72.3133,41.8241],[-72.314,41.8225],[-72.3131,41.8204],[-72.3138,41.8185],[-72.3168,41.8164],[-72.3167,41.8145],[-72.315,41.8132],[-72.3153,41.8093],[-72.3167,41.8082],[-72.3161,41.8077],[-72.316,41.8056],[-72.3102,41.8029],[-72.3098,41.8006],[-72.3127,41.7993],[-72.3128,41.7983],[-72.309,41.7963],[-72.3059,41.7954],[-72.3027,41.7975],[-72.2999,41.7972],[-72.2963,41.7955],[-72.296,41.795],[-72.2916,41.7953],[-72.2806,41.7842],[-72.2802,41.7813],[-72.2802,41.7792],[-72.2773,41.7778],[-72.2754,41.7761],[-72.2752,41.7738],[-72.272,41.7712],[-72.2724,41.7672],[-72.2711,41.7662],[-72.2709,41.7641],[-72.2689,41.7625],[-72.2709,41.7606],[-72.2709,41.7598],[-72.2679,41.7564],[-72.2661,41.7534],[-72.266,41.75],[-72.2695,41.7458],[-72.2678,41.7457],[-72.2684,41.7448],[-72.2658,41.7437],[-72.2635,41.7405],[-72.2636,41.7394],[-72.2625,41.7383],[-72.2631,41.7371],[-72.2617,41.7368],[-72.2607,41.7341],[-72.2613,41.7327],[-72.2597,41.7296],[-72.254,41.7295],[-72.2526,41.7282],[-72.2521,41.7271],[-72.253,41.7249],[-72.2495,41.7245],[-72.2466,41.7229],[-72.2478,41.7219],[-72.2492,41.7232],[-72.2527,41.7219],[-72.2535,41.721],[-72.257,41.7222],[-72.2592,41.7222],[-72.2615,41.7195],[-72.2648,41.7176],[-72.2664,41.718],[-72.2683,41.72],[-72.2724,41.7211],[-72.2755,41.7204],[-72.2767,41.7207],[-72.2755,41.7216],[-72.2782,41.7239],[-72.2806,41.7224],[-72.2825,41.722],[-72.2824,41.7229],[-72.2845,41.7226],[-72.2848,41.7251],[-72.2946,41.725],[-72.298,41.7262],[-72.3003,41.7252],[-72.3026,41.7277],[-72.307,41.729],[-72.3116,41.7317],[-72.3151,41.7311],[-72.3166,41.732],[-72.3208,41.7324],[-72.3218,41.7338],[-72.3231,41.7336],[-72.3271,41.7345],[-72.3286,41.7364],[-72.3277,41.7381],[-72.3289,41.7388],[-72.3533,41.7658],[-72.3549,41.7671],[-72.3767,41.7644],[-72.3809,41.7639],[-72.4103,41.7655],[-72.4112,41.7699],[-72.4165,41.797],[-72.4189,41.8066],[-72.4212,41.8244],[-72.4215,41.8255]]]}},{"type":"Feature","properties":{"name":"Cornwall","geoid":"0916017240"},"geometry":{"type":"Polygon","coordinates":[[[-73.4148,41.7814],[-73.4116,41.7866],[-73.4101,41.7883],[-73.4077,41.7922],[-73.4034,41.7954],[-73.3996,41.7988],[-73.3949,41.8051],[-73.392,41.8073],[-73.39,41.8071],[-73.3887,41.8072],[-73.3864,41.8082],[-73.3811,41.8121],[-73.3777,41.8135],[-73.374,41.8168],[-73.3729,41.8198],[-73.3716,41.8215],[-73.3719,41.8228],[-73.3739,41.8251],[-73.3767,41.8248],[-73.3786,41.8257],[-73.3829,41.829],[-73.3839,41.8301],[-73.3841,41.831],[-73.3823,41.8338],[-73.3786,41.8366],[-73.3776,41.8396],[-73.3742,41.8455],[-73.374,41.848],[-73.3757,41.8503],[-73.3756,41.8515],[-73.3743,41.8526],[-73.3737,41.8543],[-73.3744,41.857],[-73.3743,41.8598],[-73.3733,41.8617],[-73.3712,41.8642],[-73.3695,41.8653],[-73.3691,41.8676],[-73.3683,41.8684],[-73.3637,41.8692],[-73.3638,41.8716],[-73.3654,41.875],[-73.3651,41.8794],[-73.3658,41.8819],[-73.3654,41.8843],[-73.363,41.8854],[-73.3605,41.8859],[-73.3584,41.8871],[-73.3578,41.8882],[-73.3587,41.8919],[-73.3587,41.8944],[-73.3592,41.896],[-73.3607,41.8971],[-73.3611,41.899],[-73.3597,41.9024],[-73.3606,41.9063],[-73.3613,41.9117],[-73.3609,41.9147],[-73.3611,41.9176],[-73.3618,41.9184],[-73.355,41.9182],[-73.3426,41.9183],[-73.3411,41.9182],[-73.2736,41.9164],[-73.263,41.9162],[-73.2671,41.9013],[-73.2682,41.8981],[-73.283,41.8446],[-73.2949,41.8013],[-73.3003,41.7819],[-73.3014,41.779],[-73.3546,41.7803],[-73.3869,41.781],[-73.4059,41.7813],[-73.4124,41.7814],[-73.4148,41.7814]]]}},{"type":"Feature","properties":{"name":"New Haven","geoid":"0917052070"},"geometry":{"type":"Polygon","coordinates":[[[-72.9971,41.3222],[-72.9964,41.3237],[-72.9889,41.3289],[-72.9887,41.3302],[-72.9873,41.3312],[-72.985,41.333],[-72.9833,41.3373],[-72.9805,41.3388],[-72.9772,41.34],[-72.9741,41.3416],[-72.9702,41.3429],[-72.9729,41.3474],[-72.9678,41.3479],[-72.9677,41.3473],[-72.9668,41.3454],[-72.9645,41.3438],[-72.9642,41.3464],[-72.9621,41.3463],[-72.9613,41.349],[-72.9586,41.3491],[-72.9577,41.3504],[-72.9553,41.3502],[-72.9547,41.3502],[-72.9528,41.3491],[-72.9535,41.3473],[-72.9515,41.3471],[-72.9514,41.3439],[-72.9552,41.3423],[-72.957,41.3398],[-72.9528,41.3372],[-72.9468,41.3366],[-72.9431,41.3363],[-72.9406,41.3358],[-72.9379,41.3357],[-72.9352,41.3355],[-72.9304,41.3349],[-72.927,41.3346],[-72.9249,41.3345],[-72.92,41.3341],[-72.9132,41.3336],[-72.9125,41.3332],[-72.9085,41.3308],[-72.9025,41.3272],[-72.8978,41.3281],[-72.8933,41.3289],[-72.8917,41.3285],[-72.8926,41.3303],[-72.8888,41.3326],[-72.8792,41.3341],[-72.8762,41.334],[-72.8699,41.3348],[-72.8662,41.336],[-72.8603,41.3366],[-72.8626,41.3316],[-72.8676,41.3204],[-72.8677,41.3198],[-72.8697,41.3153],[-72.8707,41.3129],[-72.8724,41.3088],[-72.8736,41.3068],[-72.8763,41.3036],[-72.8775,41.3009],[-72.8803,41.2973],[-72.8825,41.2932],[-72.8864,41.2881],[-72.8877,41.2857],[-72.8876,41.2847],[-72.8874,41.2823],[-72.8874,41.2761],[-72.8873,41.2743],[-72.8871,41.2552],[-72.8869,41.2543],[-72.8895,41.251],[-72.8911,41.2512],[-72.8969,41.2485],[-72.8992,41.2487],[-72.9003,41.2468],[-72.9034,41.2482],[-72.9041,41.2496],[-72.9038,41.2514],[-72.9027,41.2529],[-72.8987,41.2552],[-72.8976,41.2556],[-72.8947,41.2565],[-72.8938,41.2599],[-72.8962,41.2637],[-72.8964,41.2639],[-72.8975,41.2658],[-72.9054,41.2706],[-72.905,41.2716],[-72.9035,41.276],[-72.9031,41.2774],[-72.9059,41.2827],[-72.9062,41.2832],[-72.9064,41.2922],[-72.9073,41.2953],[-72.9076,41.2962],[-72.9131,41.2967],[-72.9219,41.2893],[-72.9239,41.2855],[-72.9267,41.2833],[-72.9288,41.2816],[-72.9296,41.281],[-72.9297,41.2809],[-72.9325,41.2803],[-72.9329,41.2805],[-72.9327,41.2818],[-72.9331,41.2821],[-72.9376,41.282],[-72.9381,41.2819],[-72.9386,41.2811],[-72.9389,41.2814],[-72.9399,41.2835],[-72.9407,41.286],[-72.9402,41.2878],[-72.9429,41.289],[-72.9437,41.2899],[-72.9465,41.2929],[-72.9479,41.2921],[-72.952,41.2945],[-72.9499,41.2962],[-72.9511,41.2973],[-72.9526,41.2994],[-72.9563,41.3016],[-72.9568,41.3031],[-72.956,41.3051],[-72.9574,41.3066],[-72.9563,41.3105],[-72.9581,41.3107],[-72.9637,41.3109],[-72.9702,41.3116],[-72.9725,41.3119],[-72.9891,41.3133],[-72.998,41.3141],[-72.9971,41.3222]]]}},{"type":"Feature","properties":{"name":"Weston","geoid":"0919083430"},"geometry":{"type":"Polygon","coordinates":[[[-73.4301,41.2543],[-73.4239,41.2564],[-73.4208,41.2575],[-73.3803,41.2712],[-73.373,41.2734],[-73.3688,41.275],[-73.3475,41.252],[-73.3414,41.2456],[-73.3368,41.2402],[-73.3327,41.2345],[-73.3314,41.2335],[-73.3258,41.2272],[-73.3267,41.2267],[-73.3258,41.2247],[-73.3248,41.2245],[-73.3236,41.2219],[-73.3253,41.2203],[-73.3259,41.2182],[-73.3257,41.2162],[-73.329,41.2134],[-73.3303,41.2112],[-73.3289,41.21],[-73.3307,41.2083],[-73.3324,41.204],[-73.3333,41.2029],[-73.333,41.201],[-73.3334,41.1991],[-73.3377,41.1968],[-73.3385,41.1945],[-73.3421,41.1927],[-73.3455,41.1903],[-73.3547,41.1851],[-73.3617,41.1809],[-73.3638,41.1794],[-73.3648,41.179],[-73.3705,41.1757],[-73.3716,41.1747],[-73.3765,41.1814],[-73.3782,41.1842],[-73.3796,41.1858],[-73.3818,41.1888],[-73.3825,41.1895],[-73.3892,41.1992],[-73.3902,41.2002],[-73.3924,41.203],[-73.4109,41.2285],[-73.4114,41.2294],[-73.4159,41.2356],[-73.4252,41.2482],[-73.4301,41.2543]]]}},{"type":"Feature","properties":{"name":"Plymouth","geoid":"0914060750"},"geometry":{"type":"Polygon","coordinates":[[[-73.0641,41.6449],[-73.0621,41.6597],[-73.0612,41.6652],[-73.0603,41.6732],[-73.0608,41.6743],[-73.059,41.6827],[-73.0557,41.7029],[-73.0553,41.7082],[-73.0369,41.7102],[-72.9989,41.7144],[-72.9985,41.7125],[-72.9959,41.6996],[-72.9935,41.6901],[-72.9914,41.6799],[-72.9895,41.6696],[-72.9893,41.6687],[-72.9876,41.6604],[-72.9858,41.6521],[-72.9831,41.6395],[-73.0031,41.6291],[-73.0215,41.6271],[-73.0186,41.6141],[-73.0348,41.6151],[-73.0362,41.6152],[-73.0504,41.6097],[-73.064,41.6396],[-73.0648,41.641],[-73.0641,41.6449]]]}},{"type":"Feature","properties":{"name":"Plainfield","geoid":"0915059980"},"geometry":{"type":"Polygon","coordinates":[[[-71.9661,41.7147],[-71.9628,41.7161],[-71.9581,41.7196],[-71.9573,41.7217],[-71.9575,41.724],[-71.9555,41.7265],[-71.9532,41.7264],[-71.9502,41.7252],[-71.9457,41.7225],[-71.9439,41.7253],[-71.9427,41.7264],[-71.9355,41.7295],[-71.9327,41.7314],[-71.9319,41.7343],[-71.9295,41.735],[-71.9237,41.7341],[-71.9222,41.7344],[-71.919,41.7361],[-71.9142,41.7415],[-71.9139,41.7423],[-71.9153,41.7466],[-71.9141,41.7481],[-71.9129,41.7511],[-71.9133,41.753],[-71.9164,41.7561],[-71.918,41.7572],[-71.9172,41.7597],[-71.9002,41.7617],[-71.8744,41.7645],[-71.8717,41.7648],[-71.8387,41.7688],[-71.8442,41.7323],[-71.8465,41.7167],[-71.8508,41.6888],[-71.8557,41.6572],[-71.856,41.6562],[-71.8579,41.6442],[-71.8745,41.6421],[-71.8843,41.6412],[-71.8844,41.6412],[-71.9091,41.6387],[-71.9365,41.6359],[-71.9519,41.6343],[-71.955,41.6348],[-71.9498,41.667],[-71.9484,41.6748],[-71.9535,41.6753],[-71.9533,41.6771],[-71.9557,41.6798],[-71.9561,41.6827],[-71.9546,41.6862],[-71.9545,41.6888],[-71.9557,41.6914],[-71.9568,41.6926],[-71.9593,41.6919],[-71.9601,41.6921],[-71.9624,41.6958],[-71.9627,41.6979],[-71.9619,41.6995],[-71.9626,41.7055],[-71.9654,41.7085],[-71.964,41.7107],[-71.9663,41.7141],[-71.9661,41.7147]]]}},{"type":"Feature","properties":{"name":"Portland","geoid":"0913061800"},"geometry":{"type":"Polygon","coordinates":[[[-72.6489,41.5759],[-72.6456,41.5823],[-72.6438,41.5841],[-72.6417,41.5878],[-72.6408,41.5899],[-72.6381,41.594],[-72.6358,41.596],[-72.6304,41.5992],[-72.6275,41.6008],[-72.6239,41.6018],[-72.6223,41.6023],[-72.6195,41.6042],[-72.6175,41.6077],[-72.6176,41.6119],[-72.6189,41.6141],[-72.6255,41.6193],[-72.6308,41.6277],[-72.6305,41.6333],[-72.605,41.636],[-72.5772,41.639],[-72.5599,41.641],[-72.5442,41.6427],[-72.5312,41.6211],[-72.5293,41.6174],[-72.5445,41.6158],[-72.5408,41.6054],[-72.5419,41.6018],[-72.5429,41.5971],[-72.5435,41.5955],[-72.5465,41.5922],[-72.5496,41.588],[-72.5504,41.5865],[-72.5541,41.5815],[-72.5577,41.578],[-72.5584,41.5689],[-72.5592,41.5664],[-72.5595,41.5624],[-72.5608,41.5605],[-72.562,41.5594],[-72.5628,41.5584],[-72.5608,41.554],[-72.5657,41.5549],[-72.5735,41.5571],[-72.5765,41.5576],[-72.5798,41.5579],[-72.5887,41.5582],[-72.5926,41.5578],[-72.5952,41.5581],[-72.5993,41.5594],[-72.6032,41.5605],[-72.6081,41.5628],[-72.6099,41.5628],[-72.614,41.5621],[-72.6238,41.5606],[-72.6245,41.561],[-72.6289,41.561],[-72.6343,41.5607],[-72.6387,41.5604],[-72.6413,41.5614],[-72.6443,41.5629],[-72.6457,41.5641],[-72.6485,41.5678],[-72.6484,41.5692],[-72.6488,41.5752],[-72.6489,41.5759]]]}},{"type":"Feature","properties":{"name":"Willington","geoid":"0911085950"},"geometry":{"type":"Polygon","coordinates":[[[-72.3119,41.8737],[-72.3084,41.8748],[-72.309,41.878],[-72.3065,41.8813],[-72.307,41.8825],[-72.3026,41.8839],[-72.3013,41.8869],[-72.2982,41.888],[-72.2991,41.8889],[-72.3028,41.8891],[-72.303,41.8905],[-72.3013,41.893],[-72.2992,41.894],[-72.293,41.8956],[-72.2911,41.897],[-72.2927,41.9005],[-72.2914,41.9031],[-72.2909,41.9056],[-72.2917,41.9068],[-72.293,41.907],[-72.2938,41.9089],[-72.2968,41.9111],[-72.2977,41.9145],[-72.2975,41.9159],[-72.2991,41.9195],[-72.3017,41.9205],[-72.3033,41.9229],[-72.3052,41.9242],[-72.3063,41.926],[-72.3069,41.9296],[-72.3089,41.9311],[-72.3092,41.9335],[-72.3063,41.9407],[-72.301,41.9407],[-72.2907,41.9406],[-72.2605,41.9402],[-72.2367,41.9399],[-72.2363,41.9438],[-72.2368,41.9455],[-72.2366,41.956],[-72.2368,41.9583],[-72.2349,41.9576],[-72.217,41.9582],[-72.2173,41.9494],[-72.2167,41.9187],[-72.2163,41.8928],[-72.2165,41.8881],[-72.2169,41.8845],[-72.2171,41.8723],[-72.2177,41.8352],[-72.2237,41.8353],[-72.2583,41.8358],[-72.2698,41.836],[-72.2966,41.8363],[-72.3002,41.8359],[-72.3101,41.8361],[-72.3097,41.8378],[-72.3089,41.8393],[-72.3095,41.8429],[-72.3089,41.8449],[-72.3097,41.8479],[-72.3066,41.8503],[-72.3053,41.8505],[-72.3041,41.8508],[-72.3038,41.8533],[-72.3072,41.8561],[-72.3065,41.8604],[-72.308,41.8633],[-72.3079,41.8649],[-72.3102,41.8678],[-72.3102,41.8704],[-72.3117,41.8719],[-72.3119,41.8737]]]}},{"type":"Feature","properties":{"name":"East Haven","geoid":"0917022910"},"geometry":{"type":"Polygon","coordinates":[[[-72.9003,41.2468],[-72.8992,41.2487],[-72.8969,41.2485],[-72.8911,41.2512],[-72.8895,41.251],[-72.8869,41.2543],[-72.8871,41.2552],[-72.8873,41.2743],[-72.8874,41.2761],[-72.8874,41.2823],[-72.8876,41.2847],[-72.8877,41.2857],[-72.8864,41.2881],[-72.8825,41.2932],[-72.8803,41.2973],[-72.8775,41.3009],[-72.8763,41.3036],[-72.8736,41.3068],[-72.8724,41.3088],[-72.8707,41.3129],[-72.8697,41.3153],[-72.8677,41.3198],[-72.8676,41.3204],[-72.8626,41.3316],[-72.8603,41.3366],[-72.8462,41.3391],[-72.828,41.3424],[-72.828,41.3512],[-72.8271,41.3581],[-72.8271,41.3615],[-72.8228,41.3618],[-72.8225,41.3642],[-72.817,41.3639],[-72.8171,41.3597],[-72.8178,41.34],[-72.819,41.3357],[-72.8218,41.3258],[-72.8232,41.3215],[-72.8238,41.3184],[-72.8238,41.3183],[-72.835,41.3144],[-72.8365,41.3135],[-72.8373,41.3126],[-72.8384,41.3088],[-72.8402,41.2998],[-72.8413,41.298],[-72.8437,41.2964],[-72.8509,41.2936],[-72.8558,41.2909],[-72.859,41.2877],[-72.8608,41.283],[-72.8603,41.2822],[-72.8593,41.281],[-72.8605,41.2775],[-72.8626,41.2736],[-72.8626,41.2714],[-72.864,41.2695],[-72.8625,41.2698],[-72.861,41.2666],[-72.8605,41.2655],[-72.8577,41.2656],[-72.8533,41.2641],[-72.8519,41.2622],[-72.852,41.2598],[-72.8523,41.2591],[-72.8572,41.2522],[-72.8594,41.247],[-72.8596,41.2463],[-72.8611,41.2458],[-72.8701,41.2453],[-72.8746,41.2444],[-72.8809,41.2432],[-72.8815,41.2431],[-72.8856,41.2443],[-72.89,41.2446],[-72.8936,41.2425],[-72.8946,41.2425],[-72.8967,41.2453],[-72.9002,41.2467],[-72.9003,41.2468]]]}},{"type":"Feature","properties":{"name":"Norwich","geoid":"0918056270"},"geometry":{"type":"Polygon","coordinates":[[[-72.1407,41.5363],[-72.1362,41.5437],[-72.1339,41.5464],[-72.1327,41.5485],[-72.1326,41.555],[-72.1321,41.5601],[-72.1322,41.5637],[-72.1321,41.5648],[-72.1358,41.5692],[-72.135,41.5695],[-72.1261,41.564],[-72.1252,41.5633],[-72.1233,41.5669],[-72.1187,41.5744],[-72.1041,41.6008],[-72.1037,41.6009],[-72.088,41.6038],[-72.0668,41.6075],[-72.0653,41.608],[-72.0639,41.6083],[-72.0631,41.6081],[-72.0581,41.6059],[-72.0553,41.6046],[-72.0539,41.6034],[-72.0479,41.5948],[-72.0475,41.5941],[-72.0459,41.5852],[-72.043,41.5819],[-72.0412,41.5804],[-72.0453,41.573],[-72.0458,41.5696],[-72.0446,41.5663],[-72.0434,41.563],[-72.0432,41.5611],[-72.0439,41.5596],[-72.045,41.5581],[-72.0461,41.556],[-72.0458,41.5493],[-72.0467,41.5481],[-72.0489,41.5463],[-72.0503,41.5418],[-72.0451,41.5406],[-72.0469,41.5352],[-72.0441,41.5329],[-72.0435,41.5325],[-72.0403,41.5311],[-72.0519,41.5174],[-72.0564,41.5138],[-72.0586,41.5121],[-72.0677,41.5175],[-72.0717,41.4979],[-72.072,41.494],[-72.0729,41.4918],[-72.078,41.4907],[-72.081,41.4921],[-72.0839,41.4938],[-72.0937,41.4972],[-72.0976,41.4955],[-72.0975,41.4952],[-72.0977,41.4951],[-72.0979,41.4949],[-72.098,41.4946],[-72.0982,41.4944],[-72.0984,41.4944],[-72.0989,41.4945],[-72.0992,41.4946],[-72.0995,41.4948],[-72.0997,41.4951],[-72.0999,41.4965],[-72.1021,41.498],[-72.1065,41.4996],[-72.1065,41.5016],[-72.108,41.5028],[-72.1117,41.502],[-72.1122,41.501],[-72.1154,41.5009],[-72.1183,41.5025],[-72.1211,41.5027],[-72.1219,41.5019],[-72.1254,41.5029],[-72.1295,41.5033],[-72.1336,41.5028],[-72.1354,41.504],[-72.1329,41.5089],[-72.1336,41.5124],[-72.1391,41.5297],[-72.1407,41.5363]]]}},{"type":"Feature","properties":{"name":"Scotland","geoid":"0915067400"},"geometry":{"type":"Polygon","coordinates":[[[-72.1225,41.7128],[-72.112,41.7459],[-72.1026,41.7444],[-72.081,41.7351],[-72.0526,41.7314],[-72.0561,41.7012],[-72.0529,41.6883],[-72.0535,41.6844],[-72.0621,41.6522],[-72.0924,41.6572],[-72.1035,41.6593],[-72.11,41.6602],[-72.1198,41.6618],[-72.12,41.6633],[-72.1197,41.6644],[-72.1211,41.6975],[-72.1225,41.7128]]]}},{"type":"Feature","properties":{"name":"Ridgefield","geoid":"0919063970"},"geometry":{"type":"Polygon","coordinates":[[[-73.5499,41.3018],[-73.5494,41.3049],[-73.5489,41.3076],[-73.5496,41.3159],[-73.5495,41.3167],[-73.549,41.3263],[-73.5486,41.3299],[-73.5481,41.3344],[-73.5452,41.3615],[-73.5447,41.3664],[-73.5447,41.3665],[-73.5437,41.3743],[-73.5436,41.3751],[-73.5349,41.3756],[-73.5343,41.3757],[-73.5107,41.3772],[-73.5064,41.3774],[-73.5048,41.3733],[-73.5022,41.3638],[-73.5016,41.3621],[-73.4871,41.3573],[-73.4854,41.3566],[-73.4759,41.3374],[-73.4742,41.3346],[-73.4728,41.3321],[-73.4701,41.3264],[-73.4698,41.3258],[-73.468,41.3183],[-73.4663,41.313],[-73.462,41.3113],[-73.458,41.309],[-73.4513,41.3061],[-73.4516,41.3042],[-73.4503,41.3004],[-73.4496,41.2936],[-73.4485,41.2872],[-73.4471,41.2785],[-73.445,41.2753],[-73.4441,41.2742],[-73.4382,41.2652],[-73.4401,41.2645],[-73.4455,41.2621],[-73.4565,41.2574],[-73.4636,41.2542],[-73.4639,41.2528],[-73.4692,41.252],[-73.4718,41.2507],[-73.4849,41.2451],[-73.4981,41.239],[-73.4984,41.2387],[-73.5026,41.2372],[-73.5174,41.2555],[-73.5184,41.2567],[-73.5252,41.2648],[-73.5263,41.2661],[-73.5405,41.283],[-73.5481,41.2921],[-73.5489,41.2929],[-73.551,41.2954],[-73.5499,41.3018]]]}},{"type":"Feature","properties":{"name":"Naugatuck","geoid":"0914049950"},"geometry":{"type":"Polygon","coordinates":[[[-73.1045,41.4921],[-73.1019,41.497],[-73.0996,41.498],[-73.0974,41.5007],[-73.0953,41.5016],[-73.096,41.508],[-73.0947,41.5115],[-73.0947,41.5138],[-73.0938,41.5139],[-73.0799,41.5141],[-73.0773,41.5141],[-73.0701,41.5143],[-73.0699,41.5143],[-73.0665,41.5142],[-73.0593,41.5145],[-73.055,41.5147],[-73.0486,41.5154],[-73.0476,41.5152],[-73.0395,41.5166],[-73.0279,41.5179],[-73.0225,41.519],[-73.0192,41.5194],[-73.0187,41.5196],[-73.0181,41.5181],[-73.0136,41.5052],[-73.011,41.4975],[-73.006,41.4832],[-73.0027,41.4746],[-73.0023,41.4747],[-73.0013,41.4711],[-73.0009,41.4699],[-73.002,41.4667],[-73.0033,41.4627],[-73.0042,41.4626],[-73.0258,41.4596],[-73.0262,41.4616],[-73.0294,41.4648],[-73.0305,41.4659],[-73.0323,41.4653],[-73.0343,41.4664],[-73.0372,41.4661],[-73.0392,41.4664],[-73.0414,41.4689],[-73.0503,41.4682],[-73.0521,41.469],[-73.0535,41.4661],[-73.0537,41.4616],[-73.0561,41.4596],[-73.0603,41.4579],[-73.0618,41.4563],[-73.0625,41.4568],[-73.0678,41.46],[-73.0702,41.4605],[-73.0774,41.4652],[-73.0834,41.4692],[-73.0964,41.4776],[-73.1034,41.4817],[-73.1043,41.4836],[-73.1042,41.4894],[-73.1045,41.4921]]]}},{"type":"Feature","properties":{"name":"Tolland","geoid":"0911076290"},"geometry":{"type":"Polygon","coordinates":[[[-72.4295,41.915],[-72.4115,41.9176],[-72.3895,41.92],[-72.3779,41.9212],[-72.3358,41.9264],[-72.3216,41.9281],[-72.3077,41.9294],[-72.3069,41.9296],[-72.3063,41.926],[-72.3052,41.9242],[-72.3033,41.9229],[-72.3017,41.9205],[-72.2991,41.9195],[-72.2975,41.9159],[-72.2977,41.9145],[-72.2968,41.9111],[-72.2938,41.9089],[-72.293,41.907],[-72.2917,41.9068],[-72.2909,41.9056],[-72.2914,41.9031],[-72.2927,41.9005],[-72.2911,41.897],[-72.293,41.8956],[-72.2992,41.894],[-72.3013,41.893],[-72.303,41.8905],[-72.3028,41.8891],[-72.2991,41.8889],[-72.2982,41.888],[-72.3013,41.8869],[-72.3026,41.8839],[-72.307,41.8825],[-72.3065,41.8813],[-72.309,41.878],[-72.3084,41.8748],[-72.3119,41.8737],[-72.3117,41.8719],[-72.3102,41.8704],[-72.3102,41.8678],[-72.3079,41.8649],[-72.308,41.8633],[-72.3065,41.8604],[-72.3072,41.8561],[-72.3038,41.8533],[-72.3041,41.8508],[-72.3053,41.8505],[-72.3066,41.8503],[-72.3097,41.8479],[-72.3089,41.8449],[-72.3095,41.8429],[-72.3089,41.8393],[-72.3097,41.8378],[-72.3127,41.8376],[-72.3143,41.8374],[-72.3373,41.8343],[-72.3547,41.8325],[-72.3761,41.83],[-72.3956,41.8282],[-72.4052,41.827],[-72.4215,41.8255],[-72.4252,41.8553],[-72.4263,41.8623],[-72.4269,41.8674],[-72.428,41.8746],[-72.4296,41.8919],[-72.4293,41.8937],[-72.4312,41.9145],[-72.4295,41.915]]]}},{"type":"Feature","properties":{"name":"Clinton","geoid":"0913015350"},"geometry":{"type":"Polygon","coordinates":[[[-72.5857,41.3099],[-72.5836,41.3109],[-72.5744,41.3147],[-72.5736,41.3148],[-72.5588,41.3223],[-72.5495,41.3274],[-72.5317,41.3368],[-72.5262,41.3383],[-72.512,41.3416],[-72.4996,41.3074],[-72.4996,41.3062],[-72.4942,41.292],[-72.4926,41.2872],[-72.4872,41.2737],[-72.4862,41.2707],[-72.4995,41.2659],[-72.5071,41.2601],[-72.507,41.2569],[-72.5103,41.2566],[-72.5145,41.2585],[-72.518,41.2578],[-72.5213,41.2656],[-72.5219,41.2655],[-72.5294,41.2644],[-72.5332,41.2627],[-72.536,41.2575],[-72.5363,41.2548],[-72.5458,41.2603],[-72.5472,41.2625],[-72.5477,41.2643],[-72.5464,41.2674],[-72.547,41.2716],[-72.5443,41.2737],[-72.5463,41.276],[-72.548,41.2774],[-72.546,41.2803],[-72.5489,41.2819],[-72.5511,41.2806],[-72.555,41.2806],[-72.5572,41.282],[-72.5574,41.2837],[-72.5611,41.2875],[-72.5639,41.2887],[-72.5646,41.2895],[-72.5646,41.2899],[-72.5656,41.2924],[-72.5676,41.2942],[-72.5701,41.2944],[-72.5708,41.2958],[-72.57,41.2966],[-72.5717,41.2976],[-72.5707,41.298],[-72.5734,41.2992],[-72.576,41.3009],[-72.5763,41.3024],[-72.5799,41.304],[-72.5818,41.3039],[-72.5811,41.3049],[-72.5825,41.3064],[-72.5856,41.3073],[-72.5862,41.3092],[-72.5857,41.3099]]]}},{"type":"Feature","properties":{"name":"Bridgeport","geoid":"0912008070"},"geometry":{"type":"MultiPolygon","coordinates":[[[[-73.2172,41.1439],[-73.2161,41.1445],[-73.215,41.1445],[-73.2153,41.1426],[-73.2167,41.142],[-73.2176,41.1424],[-73.2172,41.1439]]],[[[-73.2442,41.2266],[-73.2322,41.2273],[-73.2191,41.2278],[-73.2124,41.2285],[-73.2085,41.2278],[-73.2073,41.2278],[-73.2014,41.2295],[-73.2011,41.2283],[-73.1964,41.2277],[-73.1952,41.2273],[-73.1909,41.225],[-73.1904,41.2261],[-73.1883,41.2275],[-73.1813,41.2269],[-73.1845,41.2259],[-73.1832,41.2237],[-73.1907,41.2242],[-73.1893,41.222],[-73.1873,41.2205],[-73.1833,41.2207],[-73.1788,41.222],[-73.1773,41.2223],[-73.1717,41.2224],[-73.1695,41.2228],[-73.1647,41.2256],[-73.1576,41.2284],[-73.1591,41.2259],[-73.1611,41.2246],[-73.1628,41.2202],[-73.1619,41.2176],[-73.158,41.2054],[-73.1568,41.2013],[-73.1565,41.2005],[-73.1549,41.1957],[-73.1547,41.1934],[-73.1538,41.1925],[-73.1548,41.1916],[-73.1551,41.19],[-73.155,41.1866],[-73.1545,41.1838],[-73.1545,41.1837],[-73.1546,41.1836],[-73.1542,41.183],[-73.1553,41.1794],[-73.1556,41.1777],[-73.1588,41.1743],[-73.1588,41.1737],[-73.1648,41.1569],[-73.1722,41.1591],[-73.1707,41.1649],[-73.1759,41.1662],[-73.1778,41.1667],[-73.1816,41.1654],[-73.1844,41.1644],[-73.1862,41.1593],[-73.2027,41.1581],[-73.2094,41.1548],[-73.2155,41.1484],[-73.2165,41.1487],[-73.2171,41.1528],[-73.2175,41.1529],[-73.2197,41.1533],[-73.2213,41.1513],[-73.2238,41.1501],[-73.2227,41.1483],[-73.2276,41.143],[-73.2348,41.144],[-73.2329,41.1476],[-73.2337,41.1521],[-73.2361,41.1524],[-73.2372,41.1537],[-73.2372,41.1551],[-73.2339,41.1572],[-73.2281,41.1621],[-73.2274,41.1641],[-73.2244,41.1663],[-73.2223,41.1689],[-73.2237,41.1702],[-73.2276,41.1694],[-73.2257,41.1731],[-73.2255,41.1739],[-73.2239,41.174],[-73.2231,41.1764],[-73.2193,41.1794],[-73.2196,41.1815],[-73.218,41.1833],[-73.2187,41.1846],[-73.2198,41.1867],[-73.2204,41.1879],[-73.2198,41.1916],[-73.2194,41.1953],[-73.2191,41.1978],[-73.2194,41.1982],[-73.2229,41.2021],[-73.2231,41.2024],[-73.2256,41.2053],[-73.2275,41.2075],[-73.2316,41.2121],[-73.2329,41.2135],[-73.2332,41.2139],[-73.239,41.2207],[-73.2424,41.2247],[-73.2434,41.2258],[-73.2442,41.2266]]]]}},{"type":"Feature","properties":{"name":"Easton","geoid":"0912023890"},"geometry":{"type":"Polygon","coordinates":[[[-73.3688,41.275],[-73.3421,41.2848],[-73.3276,41.2902],[-73.3099,41.296],[-73.3048,41.2978],[-73.3059,41.2989],[-73.3142,41.3082],[-73.3155,41.3084],[-73.316,41.3109],[-73.3179,41.3119],[-73.3187,41.3139],[-73.3204,41.3154],[-73.3253,41.3225],[-73.306,41.3324],[-73.2978,41.3287],[-73.2734,41.3188],[-73.2726,41.3181],[-73.2731,41.3162],[-73.2707,41.31],[-73.2712,41.3062],[-73.2713,41.3058],[-73.2731,41.303],[-73.2762,41.3015],[-73.276,41.3009],[-73.2781,41.2981],[-73.2744,41.2938],[-73.2752,41.2918],[-73.2745,41.2839],[-73.2537,41.2591],[-73.2485,41.2534],[-73.2477,41.2521],[-73.2443,41.2481],[-73.2438,41.2475],[-73.241,41.2448],[-73.2368,41.2393],[-73.2361,41.2384],[-73.2454,41.2329],[-73.2486,41.232],[-73.2486,41.232],[-73.2513,41.2302],[-73.2526,41.2267],[-73.2557,41.2222],[-73.2566,41.2193],[-73.2602,41.2154],[-73.2604,41.2152],[-73.2613,41.2144],[-73.2621,41.2129],[-73.272,41.223],[-73.2722,41.2233],[-73.2731,41.2242],[-73.2743,41.2257],[-73.2764,41.2278],[-73.2793,41.2316],[-73.2824,41.2291],[-73.2846,41.2251],[-73.2883,41.2239],[-73.2889,41.2223],[-73.2908,41.2201],[-73.2948,41.218],[-73.2998,41.2138],[-73.3019,41.2127],[-73.3074,41.2129],[-73.3183,41.2127],[-73.329,41.2134],[-73.3257,41.2162],[-73.3259,41.2182],[-73.3253,41.2203],[-73.3236,41.2219],[-73.3248,41.2245],[-73.3258,41.2247],[-73.3267,41.2267],[-73.3258,41.2272],[-73.3314,41.2335],[-73.3327,41.2345],[-73.3368,41.2402],[-73.3414,41.2456],[-73.3475,41.252],[-73.3688,41.275]]]}},{"type":"Feature","properties":{"name":"Monroe","geoid":"0912048620"},"geometry":{"type":"Polygon","coordinates":[[[-73.3019,41.3345],[-73.2683,41.3515],[-73.2613,41.355],[-73.2562,41.3574],[-73.2291,41.3703],[-73.229,41.3703],[-73.2281,41.3688],[-73.2295,41.3672],[-73.2278,41.3651],[-73.2253,41.3653],[-73.2233,41.3642],[-73.219,41.3645],[-73.2133,41.3679],[-73.2112,41.3677],[-73.2066,41.3702],[-73.2048,41.3705],[-73.2021,41.3722],[-73.2013,41.3739],[-73.202,41.3752],[-73.2023,41.378],[-73.2036,41.3792],[-73.2011,41.381],[-73.198,41.3827],[-73.1949,41.3885],[-73.1917,41.3889],[-73.1904,41.3883],[-73.1877,41.3889],[-73.1833,41.3917],[-73.1812,41.3896],[-73.1734,41.3836],[-73.1727,41.3834],[-73.1716,41.3839],[-73.1666,41.3832],[-73.1613,41.3839],[-73.1587,41.3834],[-73.1588,41.3797],[-73.1571,41.3767],[-73.1596,41.3749],[-73.1594,41.3729],[-73.1706,41.3579],[-73.1707,41.3579],[-73.1768,41.3376],[-73.1789,41.3347],[-73.1806,41.333],[-73.1847,41.3265],[-73.1882,41.3219],[-73.1893,41.3204],[-73.1898,41.3196],[-73.2034,41.3013],[-73.2048,41.2994],[-73.2211,41.2981],[-73.2274,41.2976],[-73.2307,41.2974],[-73.2343,41.2967],[-73.2438,41.2958],[-73.2461,41.2958],[-73.2578,41.2954],[-73.2637,41.2949],[-73.2744,41.2938],[-73.2781,41.2981],[-73.276,41.3009],[-73.2762,41.3015],[-73.2731,41.303],[-73.2713,41.3058],[-73.2712,41.3062],[-73.2707,41.31],[-73.2731,41.3162],[-73.2726,41.3181],[-73.2734,41.3188],[-73.2978,41.3287],[-73.306,41.3324],[-73.3019,41.3345]]]}},{"type":"Feature","properties":{"name":"Redding","geoid":"0919063480"},"geometry":{"type":"Polygon","coordinates":[[[-73.4701,41.3264],[-73.4412,41.3318],[-73.4243,41.3353],[-73.423,41.3355],[-73.4175,41.3362],[-73.4061,41.3383],[-73.3931,41.3407],[-73.3658,41.346],[-73.3597,41.347],[-73.3471,41.3504],[-73.3348,41.3219],[-73.3333,41.3183],[-73.3253,41.3225],[-73.3204,41.3154],[-73.3187,41.3139],[-73.3179,41.3119],[-73.316,41.3109],[-73.3155,41.3084],[-73.3142,41.3082],[-73.3059,41.2989],[-73.3048,41.2978],[-73.3099,41.296],[-73.3276,41.2902],[-73.3421,41.2848],[-73.3688,41.275],[-73.373,41.2734],[-73.3803,41.2712],[-73.4208,41.2575],[-73.4239,41.2564],[-73.4301,41.2543],[-73.4306,41.2551],[-73.4382,41.2652],[-73.4441,41.2742],[-73.445,41.2753],[-73.4471,41.2785],[-73.4485,41.2872],[-73.4496,41.2936],[-73.4503,41.3004],[-73.4516,41.3042],[-73.4513,41.3061],[-73.458,41.309],[-73.462,41.3113],[-73.4663,41.313],[-73.468,41.3183],[-73.4698,41.3258],[-73.4701,41.3264]]]}},{"type":"Feature","properties":{"name":"Westport","geoid":"0919083500"},"geometry":{"type":"MultiPolygon","coordinates":[[[[-73.3642,41.0889],[-73.3618,41.0875],[-73.3603,41.0857],[-73.3588,41.0866],[-73.3569,41.0871],[-73.3538,41.0875],[-73.3542,41.0856],[-73.3551,41.0835],[-73.3577,41.082],[-73.3601,41.082],[-73.3638,41.0836],[-73.3698,41.0888],[-73.3642,41.0889]]],[[[-73.3837,41.0725],[-73.3819,41.0722],[-73.3813,41.0707],[-73.3836,41.0694],[-73.3836,41.0703],[-73.3837,41.0716],[-73.3837,41.0725]]],[[[-73.3881,41.1565],[-73.3884,41.158],[-73.3876,41.1624],[-73.3868,41.1664],[-73.3868,41.1698],[-73.3871,41.1705],[-73.3849,41.1744],[-73.3815,41.1826],[-73.3796,41.1858],[-73.3782,41.1842],[-73.3765,41.1814],[-73.3716,41.1747],[-73.3705,41.1757],[-73.3648,41.179],[-73.3638,41.1794],[-73.3617,41.1809],[-73.3547,41.1851],[-73.3455,41.1903],[-73.3421,41.1927],[-73.3385,41.1945],[-73.3286,41.181],[-73.3244,41.1755],[-73.3233,41.1737],[-73.3223,41.1725],[-73.3069,41.1523],[-73.306,41.1528],[-73.3046,41.1519],[-73.306,41.1495],[-73.3043,41.149],[-73.3034,41.1459],[-73.2988,41.1448],[-73.298,41.143],[-73.299,41.1406],[-73.2979,41.1383],[-73.2968,41.1364],[-73.2972,41.136],[-73.2961,41.1337],[-73.2972,41.1321],[-73.2965,41.1297],[-73.2973,41.126],[-73.2987,41.1248],[-73.299,41.1247],[-73.2986,41.1202],[-73.3066,41.1165],[-73.3085,41.1155],[-73.3091,41.1148],[-73.3096,41.1149],[-73.3108,41.1157],[-73.3113,41.1165],[-73.3136,41.1168],[-73.3155,41.1166],[-73.3177,41.1162],[-73.3193,41.1154],[-73.3195,41.1154],[-73.3209,41.1153],[-73.325,41.1134],[-73.3307,41.11],[-73.331,41.1101],[-73.3311,41.1101],[-73.3364,41.1118],[-73.347,41.1077],[-73.3472,41.1076],[-73.3504,41.1064],[-73.3526,41.1017],[-73.3527,41.1016],[-73.3529,41.1017],[-73.3571,41.1038],[-73.3573,41.1039],[-73.3682,41.1072],[-73.3681,41.1028],[-73.368,41.1016],[-73.3654,41.0973],[-73.3692,41.0956],[-73.3722,41.0955],[-73.3795,41.0954],[-73.3823,41.0954],[-73.3828,41.0954],[-73.3826,41.0952],[-73.3797,41.0905],[-73.381,41.0888],[-73.3837,41.0898],[-73.3833,41.0957],[-73.3829,41.0999],[-73.3844,41.1029],[-73.3834,41.1046],[-73.3843,41.1073],[-73.3826,41.1146],[-73.382,41.1167],[-73.3814,41.1183],[-73.3802,41.1211],[-73.3804,41.1234],[-73.3808,41.1271],[-73.3811,41.1286],[-73.3815,41.1319],[-73.3829,41.139],[-73.3829,41.1398],[-73.3829,41.1411],[-73.3827,41.1417],[-73.3867,41.146],[-73.3888,41.1489],[-73.3881,41.1565]]]]}},{"type":"Feature","properties":{"name":"Sharon","geoid":"0916067960"},"geometry":{"type":"Polygon","coordinates":[[[-73.505,41.8238],[-73.505,41.8239],[-73.5049,41.8243],[-73.502,41.8587],[-73.5009,41.8686],[-73.5009,41.8686],[-73.4995,41.8819],[-73.4983,41.8925],[-73.4966,41.9217],[-73.4038,41.9194],[-73.3908,41.9189],[-73.3618,41.9184],[-73.3611,41.9176],[-73.3609,41.9147],[-73.3613,41.9117],[-73.3606,41.9063],[-73.3597,41.9024],[-73.3611,41.899],[-73.3607,41.8971],[-73.3592,41.896],[-73.3587,41.8944],[-73.3587,41.8919],[-73.3578,41.8882],[-73.3584,41.8871],[-73.3605,41.8859],[-73.363,41.8854],[-73.3654,41.8843],[-73.3658,41.8819],[-73.3651,41.8794],[-73.3654,41.875],[-73.3638,41.8716],[-73.3637,41.8692],[-73.3683,41.8684],[-73.3691,41.8676],[-73.3695,41.8653],[-73.3712,41.8642],[-73.3733,41.8617],[-73.3743,41.8598],[-73.3744,41.857],[-73.3737,41.8543],[-73.3743,41.8526],[-73.3756,41.8515],[-73.3757,41.8503],[-73.374,41.848],[-73.3742,41.8455],[-73.3776,41.8396],[-73.3786,41.8366],[-73.3823,41.8338],[-73.3841,41.831],[-73.3839,41.8301],[-73.3829,41.829],[-73.3786,41.8257],[-73.3767,41.8248],[-73.3739,41.8251],[-73.3719,41.8228],[-73.3716,41.8215],[-73.3729,41.8198],[-73.374,41.8168],[-73.3777,41.8135],[-73.3811,41.8121],[-73.3864,41.8082],[-73.3887,41.8072],[-73.39,41.8071],[-73.392,41.8073],[-73.3949,41.8051],[-73.3996,41.7988],[-73.4034,41.7954],[-73.4077,41.7922],[-73.4101,41.7883],[-73.4821,41.7906],[-73.4824,41.7907],[-73.508,41.7915],[-73.505,41.8238]]]}},{"type":"Feature","properties":{"name":"Berlin","geoid":"0911004300"},"geometry":{"type":"Polygon","coordinates":[[[-72.8365,41.5805],[-72.8339,41.5832],[-72.8265,41.5869],[-72.8241,41.597],[-72.8235,41.6043],[-72.8202,41.6069],[-72.8183,41.6069],[-72.8189,41.612],[-72.8194,41.6156],[-72.8228,41.6176],[-72.8206,41.6193],[-72.8202,41.6211],[-72.8223,41.6216],[-72.818,41.6276],[-72.8253,41.6277],[-72.8252,41.6298],[-72.8233,41.6336],[-72.8142,41.6457],[-72.7964,41.6472],[-72.7946,41.6472],[-72.7912,41.6475],[-72.7885,41.6476],[-72.7786,41.6482],[-72.7713,41.6484],[-72.7689,41.6489],[-72.7678,41.6489],[-72.7672,41.6489],[-72.7582,41.6497],[-72.7516,41.65],[-72.7504,41.6502],[-72.7499,41.647],[-72.7272,41.6495],[-72.7274,41.6522],[-72.7153,41.6527],[-72.7138,41.6362],[-72.7123,41.6306],[-72.7139,41.6277],[-72.7155,41.6256],[-72.7155,41.6228],[-72.7133,41.6208],[-72.7131,41.6193],[-72.7113,41.6177],[-72.7126,41.6167],[-72.7136,41.6107],[-72.7151,41.6081],[-72.7159,41.6064],[-72.7145,41.6043],[-72.727,41.6024],[-72.7299,41.6015],[-72.7317,41.5958],[-72.7428,41.5944],[-72.7529,41.5925],[-72.7522,41.5789],[-72.7678,41.5773],[-72.7681,41.5773],[-72.7797,41.5759],[-72.8012,41.5731],[-72.8052,41.5666],[-72.8092,41.562],[-72.81,41.5623],[-72.8191,41.5543],[-72.8212,41.5542],[-72.8251,41.5554],[-72.8261,41.5559],[-72.8257,41.5643],[-72.8296,41.5624],[-72.8276,41.571],[-72.8402,41.5691],[-72.8365,41.5805]]]}},{"type":"Feature","properties":{"name":"Enfield","geoid":"0911025990"},"geometry":{"type":"Polygon","coordinates":[[[-72.6139,41.9435],[-72.6131,41.947],[-72.6122,41.9559],[-72.6116,41.9608],[-72.6095,41.9649],[-72.607,41.9738],[-72.6036,41.9898],[-72.6075,41.9993],[-72.6049,42.0119],[-72.607,42.0251],[-72.6069,42.025],[-72.5902,42.0247],[-72.5898,42.0247],[-72.5823,42.0247],[-72.5742,42.0296],[-72.5732,42.0301],[-72.5634,42.031],[-72.561,42.0313],[-72.561,42.0313],[-72.5531,42.032],[-72.5529,42.032],[-72.5501,42.0323],[-72.5315,42.034],[-72.5281,42.0343],[-72.5246,42.0343],[-72.5092,42.0342],[-72.5086,42.0311],[-72.5059,42.0165],[-72.5054,42.0136],[-72.5039,42.0065],[-72.4997,41.9842],[-72.4994,41.9816],[-72.4989,41.9779],[-72.4927,41.9475],[-72.5055,41.9464],[-72.5133,41.9454],[-72.5234,41.9446],[-72.5262,41.9444],[-72.5386,41.943],[-72.548,41.9418],[-72.5599,41.9403],[-72.5774,41.9387],[-72.6069,41.9361],[-72.6078,41.9359],[-72.6234,41.9343],[-72.6139,41.9435]]]}},{"type":"Feature","properties":{"name":"Lisbon","geoid":"0918043230"},"geometry":{"type":"Polygon","coordinates":[[[-72.0479,41.5948],[-72.047,41.5952],[-72.0436,41.6009],[-72.0402,41.6046],[-72.0379,41.6064],[-72.0356,41.6107],[-72.0364,41.6153],[-72.0371,41.616],[-72.0378,41.6188],[-72.0399,41.6224],[-72.0404,41.624],[-72.0406,41.6284],[-72.039,41.6299],[-72.0325,41.6348],[-72.0326,41.6364],[-72.0319,41.6395],[-72.032,41.642],[-72.0308,41.6437],[-72.0306,41.6454],[-72.0312,41.6472],[-72.0149,41.6446],[-71.9918,41.6408],[-71.9753,41.6381],[-71.9763,41.6356],[-71.979,41.6314],[-71.9792,41.6278],[-71.9786,41.6262],[-71.9791,41.6237],[-71.9825,41.6195],[-71.9829,41.6169],[-71.9827,41.6165],[-71.9844,41.6101],[-71.9863,41.6093],[-71.9915,41.6055],[-71.9916,41.6048],[-71.9882,41.6035],[-71.9872,41.6021],[-71.9849,41.5991],[-71.9846,41.5977],[-71.9848,41.5923],[-71.9868,41.5895],[-71.987,41.5883],[-71.9846,41.5859],[-71.9845,41.585],[-71.9859,41.583],[-71.9884,41.5808],[-71.989,41.5796],[-71.9897,41.576],[-71.9883,41.5731],[-71.988,41.5713],[-71.9889,41.5686],[-71.9892,41.5656],[-71.9911,41.5649],[-71.9931,41.5664],[-72.0,41.5657],[-72.0033,41.5666],[-72.007,41.5687],[-72.0107,41.5694],[-72.0119,41.5679],[-72.0127,41.5647],[-72.0158,41.5573],[-72.0192,41.554],[-72.0227,41.5534],[-72.0268,41.5549],[-72.0295,41.5553],[-72.0321,41.5549],[-72.0352,41.5537],[-72.0368,41.5539],[-72.0414,41.5556],[-72.0461,41.556],[-72.045,41.5581],[-72.0439,41.5596],[-72.0432,41.5611],[-72.0434,41.563],[-72.0446,41.5663],[-72.0458,41.5696],[-72.0453,41.573],[-72.0412,41.5804],[-72.043,41.5819],[-72.0459,41.5852],[-72.0475,41.5941],[-72.0479,41.5948]]]}},{"type":"Feature","properties":{"name":"Old Lyme","geoid":"0913057040"},"geometry":{"type":"Polygon","coordinates":[[[-72.367,41.3432],[-72.363,41.3437],[-72.3603,41.345],[-72.3543,41.3462],[-72.3546,41.3487],[-72.354,41.35],[-72.3501,41.3509],[-72.3391,41.3531],[-72.338,41.3509],[-72.3367,41.3531],[-72.3342,41.3556],[-72.3339,41.3557],[-72.3311,41.3563],[-72.3261,41.3569],[-72.3104,41.3598],[-72.3045,41.3612],[-72.2991,41.3622],[-72.2964,41.3624],[-72.2767,41.3663],[-72.2745,41.3561],[-72.2707,41.3504],[-72.2663,41.3422],[-72.2651,41.3393],[-72.2613,41.334],[-72.2593,41.3297],[-72.2564,41.3259],[-72.2572,41.3242],[-72.258,41.3236],[-72.258,41.3228],[-72.256,41.3156],[-72.2547,41.3125],[-72.2548,41.3103],[-72.2541,41.3098],[-72.2533,41.3095],[-72.2506,41.3047],[-72.2488,41.2993],[-72.2519,41.2986],[-72.2505,41.2944],[-72.2513,41.2903],[-72.2513,41.29],[-72.2615,41.2829],[-72.2688,41.2844],[-72.278,41.2841],[-72.2802,41.283],[-72.2847,41.2808],[-72.2988,41.2789],[-72.3178,41.2778],[-72.3276,41.2785],[-72.3293,41.2797],[-72.3339,41.2829],[-72.3417,41.2964],[-72.3465,41.3112],[-72.349,41.3116],[-72.3474,41.3188],[-72.3479,41.3218],[-72.3491,41.3245],[-72.3512,41.3264],[-72.3534,41.3298],[-72.3578,41.3351],[-72.3625,41.3389],[-72.3661,41.3411],[-72.3691,41.3423],[-72.367,41.3432]]]}},{"type":"Feature","properties":{"name":"East Lyme","geoid":"0918023400"},"geometry":{"type":"MultiPolygon","coordinates":[[[[-72.2259,41.2938],[-72.2252,41.2953],[-72.2238,41.2949],[-72.2239,41.2935],[-72.2253,41.2933],[-72.2259,41.2938]]],[[[-72.2813,41.4112],[-72.281,41.4129],[-72.2804,41.4145],[-72.2799,41.4186],[-72.2791,41.4218],[-72.2791,41.4261],[-72.2785,41.4296],[-72.2776,41.4334],[-72.2766,41.4404],[-72.2728,41.4407],[-72.242,41.4432],[-72.2204,41.4135],[-72.2193,41.4121],[-72.1928,41.3755],[-72.1924,41.3747],[-72.1917,41.3729],[-72.1933,41.3705],[-72.1927,41.3689],[-72.193,41.3671],[-72.1894,41.3585],[-72.1896,41.3546],[-72.1881,41.3495],[-72.1888,41.3464],[-72.1882,41.3456],[-72.1849,41.3447],[-72.1829,41.3442],[-72.1811,41.3427],[-72.1793,41.3346],[-72.1805,41.3281],[-72.1799,41.3257],[-72.1762,41.324],[-72.1766,41.3231],[-72.1775,41.3223],[-72.1776,41.3225],[-72.1841,41.324],[-72.191,41.3232],[-72.1915,41.3228],[-72.2014,41.3157],[-72.203,41.3132],[-72.2036,41.3054],[-72.204,41.2991],[-72.2023,41.2941],[-72.2037,41.2872],[-72.2058,41.2859],[-72.2104,41.286],[-72.2123,41.2886],[-72.2131,41.292],[-72.2198,41.2935],[-72.22,41.2949],[-72.2189,41.2961],[-72.2198,41.2972],[-72.2216,41.2966],[-72.2229,41.2993],[-72.2217,41.3006],[-72.2217,41.3011],[-72.2238,41.302],[-72.2238,41.302],[-72.2252,41.3014],[-72.2275,41.2984],[-72.23,41.2985],[-72.2302,41.2971],[-72.2316,41.2964],[-72.2331,41.2989],[-72.2357,41.3008],[-72.244,41.2996],[-72.2448,41.2984],[-72.2468,41.2977],[-72.2482,41.2995],[-72.2488,41.2993],[-72.2506,41.3047],[-72.2533,41.3095],[-72.2541,41.3098],[-72.2548,41.3103],[-72.2547,41.3125],[-72.256,41.3156],[-72.258,41.3228],[-72.258,41.3236],[-72.2572,41.3242],[-72.2564,41.3259],[-72.2593,41.3297],[-72.2613,41.334],[-72.2651,41.3393],[-72.2663,41.3422],[-72.2707,41.3504],[-72.2745,41.3561],[-72.2767,41.3663],[-72.2779,41.3753],[-72.2779,41.3763],[-72.2792,41.3882],[-72.28,41.3917],[-72.2822,41.4059],[-72.2813,41.4112]]]]}},{"type":"Feature","properties":{"name":"Hartford","geoid":"0911037070"},"geometry":{"type":"Polygon","coordinates":[[[-72.7176,41.8066],[-72.715,41.8067],[-72.7078,41.807],[-72.7017,41.8071],[-72.6956,41.8073],[-72.6914,41.8076],[-72.6912,41.8056],[-72.6911,41.805],[-72.6901,41.8008],[-72.686,41.8002],[-72.6861,41.8029],[-72.6635,41.8065],[-72.6611,41.8071],[-72.6587,41.8073],[-72.6583,41.8059],[-72.6604,41.8062],[-72.6627,41.8056],[-72.6629,41.8015],[-72.6603,41.8014],[-72.6557,41.806],[-72.6546,41.8061],[-72.6485,41.8061],[-72.6456,41.8058],[-72.646,41.7976],[-72.6452,41.7913],[-72.6459,41.7859],[-72.6518,41.779],[-72.6579,41.7769],[-72.6642,41.7722],[-72.6649,41.7695],[-72.6651,41.7658],[-72.6613,41.7587],[-72.6559,41.7543],[-72.6542,41.7532],[-72.654,41.7531],[-72.649,41.7502],[-72.6446,41.7457],[-72.6425,41.7399],[-72.6426,41.7352],[-72.6478,41.7279],[-72.6556,41.7299],[-72.6587,41.7296],[-72.6593,41.7293],[-72.6674,41.7283],[-72.6682,41.7282],[-72.6738,41.7277],[-72.6804,41.7268],[-72.6915,41.7255],[-72.6918,41.7255],[-72.6935,41.7252],[-72.7048,41.7245],[-72.7059,41.7243],[-72.7102,41.7242],[-72.7141,41.7238],[-72.7146,41.7236],[-72.7149,41.729],[-72.715,41.7314],[-72.7151,41.7422],[-72.7151,41.7426],[-72.7154,41.7444],[-72.7151,41.7461],[-72.7152,41.7478],[-72.7151,41.7497],[-72.7151,41.7501],[-72.7148,41.7564],[-72.715,41.7575],[-72.7154,41.7602],[-72.7154,41.7605],[-72.7157,41.7625],[-72.7162,41.7656],[-72.7165,41.7708],[-72.714,41.7772],[-72.7152,41.7872],[-72.7151,41.7881],[-72.7155,41.7916],[-72.7157,41.7938],[-72.7171,41.801],[-72.718,41.8022],[-72.7176,41.8066]]]}},{"type":"Feature","properties":{"name":"Middlefield","geoid":"0913047080"},"geometry":{"type":"Polygon","coordinates":[[[-72.7489,41.5443],[-72.7425,41.5441],[-72.7349,41.5443],[-72.7336,41.5462],[-72.7226,41.548],[-72.7123,41.5486],[-72.7113,41.5479],[-72.7009,41.549],[-72.6943,41.5492],[-72.6913,41.544],[-72.6902,41.542],[-72.6882,41.5386],[-72.6881,41.537],[-72.6874,41.5362],[-72.6826,41.5311],[-72.6809,41.5227],[-72.6813,41.5169],[-72.6803,41.5162],[-72.6805,41.5147],[-72.6791,41.508],[-72.6779,41.4962],[-72.6792,41.4946],[-72.6901,41.4933],[-72.695,41.4924],[-72.6991,41.4917],[-72.7228,41.4875],[-72.731,41.486],[-72.7339,41.4854],[-72.7433,41.4831],[-72.7448,41.4982],[-72.7471,41.5273],[-72.7472,41.5281],[-72.7489,41.5443]]]}},{"type":"Feature","properties":{"name":"Westbrook","geoid":"0913081680"},"geometry":{"type":"Polygon","coordinates":[[[-72.5139,41.3464],[-72.5011,41.3475],[-72.4982,41.3476],[-72.483,41.3383],[-72.4769,41.3345],[-72.4766,41.3344],[-72.4727,41.3342],[-72.4719,41.334],[-72.4648,41.3334],[-72.453,41.3325],[-72.4358,41.331],[-72.432,41.3265],[-72.4289,41.3257],[-72.4284,41.3246],[-72.4255,41.3242],[-72.4265,41.3218],[-72.4288,41.3194],[-72.4319,41.3171],[-72.4331,41.3152],[-72.4325,41.313],[-72.424,41.2904],[-72.4233,41.2884],[-72.4215,41.2836],[-72.4167,41.2783],[-72.4177,41.2784],[-72.4217,41.2751],[-72.4262,41.2741],[-72.4311,41.2761],[-72.438,41.2787],[-72.4519,41.2789],[-72.4623,41.2745],[-72.4681,41.269],[-72.471,41.2697],[-72.4719,41.27],[-72.4725,41.2701],[-72.4857,41.2709],[-72.4862,41.2707],[-72.4872,41.2737],[-72.4926,41.2872],[-72.4942,41.292],[-72.4996,41.3062],[-72.4996,41.3074],[-72.512,41.3416],[-72.5139,41.3464]]]}},{"type":"Feature","properties":{"name":"Barkhamsted","geoid":"0916002760"},"geometry":{"type":"Polygon","coordinates":[[[-73.0479,41.9095],[-73.0427,41.9312],[-73.0404,41.9392],[-73.034,41.9663],[-73.0306,41.9666],[-73.0295,41.9666],[-73.0049,41.9682],[-73.0014,41.9684],[-72.9587,41.9705],[-72.9578,41.9705],[-72.8871,41.9731],[-72.9022,41.932],[-72.903,41.9314],[-72.9059,41.9217],[-72.9066,41.9202],[-72.9153,41.8968],[-72.9406,41.8952],[-72.9414,41.895],[-72.9557,41.8942],[-72.9597,41.8939],[-72.9853,41.8921],[-72.993,41.8915],[-73.0399,41.8883],[-73.0535,41.8873],[-73.0479,41.9095]]]}},{"type":"Feature","properties":{"name":"New Milford","geoid":"0919052630"},"geometry":{"type":"Polygon","coordinates":[[[-73.5069,41.6658],[-73.5041,41.6691],[-73.4695,41.6732],[-73.4567,41.675],[-73.4532,41.675],[-73.3821,41.6833],[-73.3805,41.6716],[-73.3779,41.659],[-73.3761,41.6582],[-73.3742,41.6575],[-73.3704,41.6553],[-73.3594,41.647],[-73.3591,41.6465],[-73.3569,41.6338],[-73.3564,41.63],[-73.3489,41.5965],[-73.3486,41.5952],[-73.3431,41.5659],[-73.3494,41.5657],[-73.3646,41.5649],[-73.372,41.5651],[-73.3791,41.5621],[-73.3912,41.556],[-73.3903,41.5543],[-73.3908,41.5497],[-73.389,41.5479],[-73.389,41.5469],[-73.3907,41.5468],[-73.3917,41.545],[-73.394,41.5448],[-73.3958,41.5439],[-73.3995,41.544],[-73.4012,41.5423],[-73.4027,41.5414],[-73.4035,41.5406],[-73.4047,41.537],[-73.4046,41.5343],[-73.4045,41.5312],[-73.4026,41.5251],[-73.3998,41.5201],[-73.3974,41.5183],[-73.3939,41.5169],[-73.387,41.5148],[-73.4027,41.509],[-73.4146,41.5035],[-73.4177,41.502],[-73.4255,41.4993],[-73.4309,41.4979],[-73.4354,41.4951],[-73.4395,41.4925],[-73.4415,41.4913],[-73.4423,41.4956],[-73.4429,41.499],[-73.4441,41.5018],[-73.4436,41.5037],[-73.4453,41.5095],[-73.4428,41.5141],[-73.4451,41.5226],[-73.4459,41.5253],[-73.4504,41.5347],[-73.454,41.5427],[-73.4552,41.5472],[-73.4673,41.5736],[-73.4885,41.6174],[-73.495,41.6318],[-73.4978,41.6381],[-73.4968,41.6385],[-73.496,41.6404],[-73.4963,41.6425],[-73.4941,41.6445],[-73.49,41.6464],[-73.4881,41.6456],[-73.4867,41.6471],[-73.4847,41.6474],[-73.4903,41.6533],[-73.4912,41.6546],[-73.494,41.6611],[-73.4949,41.6612],[-73.498,41.6589],[-73.504,41.6618],[-73.5069,41.664],[-73.5069,41.6658]]]}},{"type":"Feature","properties":{"name":"Salisbury","geoid":"0916066420"},"geometry":{"type":"Polygon","coordinates":[[[-73.4965,41.9224],[-73.4935,41.9533],[-73.493,41.9585],[-73.4896,42.0001],[-73.4882,42.03],[-73.4873,42.0496],[-73.4368,42.0505],[-73.4328,42.0506],[-73.4262,42.0504],[-73.3405,42.0482],[-73.3404,42.0445],[-73.3429,42.0427],[-73.3449,42.0375],[-73.3478,42.0339],[-73.3506,42.0302],[-73.3524,42.0287],[-73.3532,42.0239],[-73.3522,42.0231],[-73.3523,42.0211],[-73.351,42.0184],[-73.3511,42.0164],[-73.3566,42.0138],[-73.3581,42.0125],[-73.3592,42.009],[-73.3587,42.007],[-73.3574,42.0049],[-73.3574,42.0026],[-73.3586,42.0015],[-73.3632,42.0012],[-73.364,41.999],[-73.365,41.9984],[-73.3654,42.0005],[-73.3693,41.9985],[-73.3665,41.9986],[-73.3651,41.9981],[-73.3675,41.9948],[-73.3667,41.9925],[-73.368,41.9875],[-73.3663,41.9846],[-73.3671,41.9822],[-73.37,41.9834],[-73.3724,41.9822],[-73.373,41.9806],[-73.3716,41.9765],[-73.3685,41.9735],[-73.3671,41.9712],[-73.3672,41.9686],[-73.3679,41.9664],[-73.3729,41.9618],[-73.3729,41.9599],[-73.3698,41.9573],[-73.3699,41.9552],[-73.3698,41.954],[-73.37,41.9528],[-73.3696,41.9506],[-73.3672,41.9483],[-73.3663,41.9463],[-73.3665,41.9432],[-73.3652,41.942],[-73.3633,41.9414],[-73.3647,41.9402],[-73.3664,41.9376],[-73.3657,41.9353],[-73.3618,41.9344],[-73.3615,41.9305],[-73.3582,41.9281],[-73.3567,41.9261],[-73.3574,41.9246],[-73.3621,41.9222],[-73.3625,41.9192],[-73.3618,41.9184],[-73.3908,41.9189],[-73.4038,41.9194],[-73.4966,41.9217],[-73.4965,41.9224]]]}},{"type":"Feature","properties":{"name":"Winchester","geoid":"0916086440"},"geometry":{"type":"Polygon","coordinates":[[[-73.165,41.9132],[-73.1515,41.9597],[-73.1247,41.961],[-73.1218,41.9613],[-73.1026,41.9623],[-73.0918,41.9625],[-73.0706,41.9636],[-73.0642,41.9639],[-73.0493,41.9651],[-73.034,41.9663],[-73.0404,41.9392],[-73.0427,41.9312],[-73.0479,41.9095],[-73.0535,41.8873],[-73.0709,41.8846],[-73.0751,41.8838],[-73.1036,41.8795],[-73.1202,41.8772],[-73.1271,41.8761],[-73.137,41.8748],[-73.1433,41.874],[-73.1532,41.8726],[-73.1528,41.8771],[-73.1515,41.8817],[-73.1516,41.8856],[-73.1533,41.8857],[-73.1532,41.8874],[-73.1582,41.892],[-73.1624,41.8931],[-73.1707,41.8943],[-73.165,41.9132]]]}},{"type":"Feature","properties":{"name":"New Fairfield","geoid":"0919050860"},"geometry":{"type":"Polygon","coordinates":[[[-73.537,41.4411],[-73.5362,41.4496],[-73.5361,41.4513],[-73.536,41.4531],[-73.5359,41.455],[-73.5359,41.4552],[-73.5359,41.4557],[-73.5358,41.4572],[-73.5348,41.4707],[-73.5344,41.4759],[-73.5343,41.4764],[-73.5343,41.4769],[-73.5341,41.4781],[-73.5341,41.4789],[-73.5341,41.479],[-73.534,41.4797],[-73.5331,41.4904],[-73.5324,41.4986],[-73.5324,41.4987],[-73.5309,41.5172],[-73.5307,41.52],[-73.4859,41.5279],[-73.4802,41.5289],[-73.4707,41.5309],[-73.4646,41.532],[-73.4504,41.5347],[-73.4459,41.5253],[-73.4451,41.5226],[-73.4428,41.5141],[-73.4453,41.5095],[-73.4436,41.5037],[-73.4441,41.5018],[-73.4429,41.499],[-73.4423,41.4956],[-73.4415,41.4913],[-73.4386,41.4863],[-73.437,41.4836],[-73.4421,41.4856],[-73.4426,41.4855],[-73.4434,41.4785],[-73.4444,41.4776],[-73.4442,41.4768],[-73.4433,41.4726],[-73.4421,41.4706],[-73.4402,41.4698],[-73.4393,41.468],[-73.4371,41.4654],[-73.4356,41.4662],[-73.4348,41.4679],[-73.4354,41.4709],[-73.4378,41.4727],[-73.4383,41.4741],[-73.4349,41.4719],[-73.4334,41.4721],[-73.4315,41.469],[-73.4297,41.4697],[-73.4269,41.4638],[-73.4394,41.461],[-73.4419,41.4605],[-73.4451,41.46],[-73.4506,41.459],[-73.4561,41.458],[-73.466,41.4557],[-73.469,41.4555],[-73.4757,41.4538],[-73.4854,41.4513],[-73.4944,41.4497],[-73.5025,41.4479],[-73.5143,41.4456],[-73.519,41.4445],[-73.5212,41.444],[-73.5363,41.4405],[-73.5371,41.4397],[-73.537,41.4411]]]}},{"type":"Feature","properties":{"name":"Colchester","geoid":"0918015910"},"geometry":{"type":"Polygon","coordinates":[[[-72.4667,41.5839],[-72.42,41.5901],[-72.4172,41.5906],[-72.4153,41.5937],[-72.4106,41.6018],[-72.4104,41.6026],[-72.4085,41.6023],[-72.4061,41.5988],[-72.4013,41.5956],[-72.3973,41.5947],[-72.3933,41.5926],[-72.3931,41.5925],[-72.3856,41.5896],[-72.3842,41.5887],[-72.3839,41.5908],[-72.3824,41.5921],[-72.382,41.5938],[-72.3805,41.5955],[-72.3776,41.5962],[-72.3766,41.5977],[-72.3761,41.6003],[-72.375,41.6014],[-72.3714,41.5995],[-72.3678,41.6002],[-72.3652,41.5998],[-72.3637,41.6012],[-72.3616,41.6008],[-72.3589,41.5983],[-72.3559,41.5976],[-72.3531,41.5989],[-72.3524,41.599],[-72.3433,41.5993],[-72.3281,41.6055],[-72.3245,41.6186],[-72.3131,41.6095],[-72.3095,41.6115],[-72.2929,41.5981],[-72.292,41.5977],[-72.2897,41.596],[-72.2871,41.5941],[-72.262,41.574],[-72.2532,41.5661],[-72.2495,41.5627],[-72.2474,41.5604],[-72.231,41.5487],[-72.2278,41.5462],[-72.2191,41.5388],[-72.2522,41.532],[-72.2639,41.5296],[-72.2958,41.5229],[-72.3038,41.5213],[-72.3144,41.5192],[-72.3229,41.5181],[-72.3234,41.5343],[-72.3446,41.5324],[-72.345,41.5325],[-72.3586,41.5314],[-72.3616,41.5308],[-72.3745,41.5299],[-72.3813,41.5292],[-72.3831,41.529],[-72.4308,41.5246],[-72.4327,41.5279],[-72.4439,41.5464],[-72.4469,41.5504],[-72.4466,41.5507],[-72.4479,41.5529],[-72.4487,41.5535],[-72.4491,41.5539],[-72.4518,41.5586],[-72.4667,41.5839]]]}},{"type":"Feature","properties":{"name":"Milford","geoid":"0917047535"},"geometry":{"type":"Polygon","coordinates":[[[-73.1225,41.1829],[-73.1214,41.1874],[-73.1208,41.1885],[-73.1162,41.1926],[-73.1154,41.1935],[-73.1106,41.2003],[-73.1093,41.2041],[-73.1095,41.2048],[-73.1107,41.2078],[-73.1103,41.2133],[-73.1103,41.214],[-73.1084,41.2183],[-73.1105,41.2253],[-73.1106,41.2274],[-73.11,41.2294],[-73.1076,41.2325],[-73.105,41.2366],[-73.1016,41.2401],[-73.0934,41.2446],[-73.0914,41.2463],[-73.0912,41.2464],[-73.0874,41.2518],[-73.0868,41.2546],[-73.0879,41.2601],[-73.0878,41.2653],[-73.0887,41.2717],[-73.0869,41.2766],[-73.079,41.2733],[-73.0723,41.2697],[-73.0621,41.2646],[-73.0552,41.2613],[-73.0515,41.2595],[-73.0441,41.2568],[-73.0352,41.2544],[-73.0341,41.2539],[-73.0303,41.2528],[-73.027,41.2523],[-73.0212,41.2508],[-73.0127,41.2495],[-73.0064,41.2481],[-73.0002,41.2466],[-72.9987,41.2464],[-72.995,41.2457],[-72.9921,41.2449],[-72.9931,41.2447],[-72.9946,41.2417],[-72.9921,41.239],[-72.9932,41.2374],[-72.9927,41.2345],[-72.9903,41.2347],[-72.9869,41.2355],[-72.9866,41.2353],[-72.9869,41.2351],[-72.987,41.2335],[-72.9875,41.2311],[-72.992,41.2237],[-72.997,41.2226],[-73.0004,41.2227],[-73.0025,41.2228],[-73.0041,41.2214],[-73.0062,41.2159],[-73.0084,41.2101],[-73.0087,41.2099],[-73.0126,41.2064],[-73.013,41.2061],[-73.0145,41.2047],[-73.0202,41.2043],[-73.0202,41.2048],[-73.0203,41.2067],[-73.0203,41.2067],[-73.0224,41.2074],[-73.0233,41.2076],[-73.0296,41.2075],[-73.0349,41.2061],[-73.0352,41.2056],[-73.0359,41.2046],[-73.0363,41.2041],[-73.0364,41.204],[-73.0375,41.2025],[-73.0379,41.2018],[-73.0447,41.2092],[-73.0466,41.2105],[-73.0489,41.2107],[-73.0496,41.2108],[-73.0555,41.2091],[-73.0557,41.209],[-73.0608,41.2058],[-73.0659,41.1984],[-73.073,41.1976],[-73.0743,41.197],[-73.0782,41.195],[-73.0791,41.1945],[-73.082,41.193],[-73.0828,41.1923],[-73.0871,41.1888],[-73.0888,41.1874],[-73.0909,41.1852],[-73.0973,41.1781],[-73.1015,41.1738],[-73.1033,41.1741],[-73.1043,41.1732],[-73.1055,41.1722],[-73.1058,41.1717],[-73.108,41.1688],[-73.108,41.1688],[-73.1122,41.1714],[-73.1199,41.1757],[-73.1215,41.1776],[-73.122,41.1789],[-73.1225,41.1829]]]}},{"type":"Feature","properties":{"name":"Ansonia","geoid":"0914001220"},"geometry":{"type":"Polygon","coordinates":[[[-73.1005,41.354],[-73.0948,41.3607],[-73.0928,41.3607],[-73.0912,41.3605],[-73.0884,41.3617],[-73.0859,41.3629],[-73.0807,41.3629],[-73.0739,41.3612],[-73.0723,41.3606],[-73.0649,41.3603],[-73.0499,41.3602],[-73.0472,41.3605],[-73.0464,41.3521],[-73.0463,41.3461],[-73.0437,41.3423],[-73.0429,41.3388],[-73.0419,41.3376],[-73.04,41.3324],[-73.0389,41.328],[-73.0391,41.3267],[-73.051,41.3247],[-73.0535,41.3246],[-73.0557,41.3239],[-73.0583,41.324],[-73.0607,41.3245],[-73.065,41.3252],[-73.0662,41.3264],[-73.0721,41.3269],[-73.0723,41.3273],[-73.0764,41.3289],[-73.0773,41.3303],[-73.0792,41.3308],[-73.0845,41.333],[-73.0862,41.334],[-73.0881,41.3351],[-73.0902,41.3381],[-73.092,41.3391],[-73.0924,41.3393],[-73.0948,41.3391],[-73.0955,41.3392],[-73.0963,41.3413],[-73.1024,41.3529],[-73.1005,41.354]]]}},{"type":"Feature","properties":{"name":"North Branford","geoid":"0917053890"},"geometry":{"type":"Polygon","coordinates":[[[-72.8238,41.3184],[-72.8232,41.3215],[-72.8218,41.3258],[-72.819,41.3357],[-72.8178,41.34],[-72.8171,41.3597],[-72.817,41.3639],[-72.8175,41.3775],[-72.8177,41.3994],[-72.8028,41.4039],[-72.7986,41.4051],[-72.7925,41.4075],[-72.7824,41.4109],[-72.7794,41.4122],[-72.7765,41.4134],[-72.7737,41.4143],[-72.7461,41.4233],[-72.738,41.4247],[-72.7206,41.4274],[-72.7215,41.4237],[-72.7222,41.4229],[-72.7234,41.4191],[-72.7282,41.4176],[-72.7313,41.4142],[-72.7328,41.412],[-72.7408,41.4043],[-72.7427,41.403],[-72.7446,41.3996],[-72.746,41.3969],[-72.7493,41.3981],[-72.7468,41.3826],[-72.7459,41.3722],[-72.7455,41.3671],[-72.7436,41.3466],[-72.7436,41.3447],[-72.7421,41.3346],[-72.7415,41.3237],[-72.7427,41.3209],[-72.7457,41.3115],[-72.7461,41.3106],[-72.7647,41.3069],[-72.7713,41.3051],[-72.775,41.3087],[-72.7803,41.313],[-72.7992,41.3243],[-72.817,41.3201],[-72.8184,41.3197],[-72.8224,41.3188],[-72.8238,41.3183],[-72.8238,41.3184]]]}},{"type":"Feature","properties":{"name":"Union","geoid":"0915077830"},"geometry":{"type":"Polygon","coordinates":[[[-72.2233,41.9817],[-72.2164,41.9964],[-72.2149,42.0001],[-72.2051,42.0311],[-72.1988,42.031],[-72.1501,42.0304],[-72.1432,42.0303],[-72.1357,42.0302],[-72.1357,42.0302],[-72.1022,42.0289],[-72.1019,42.0168],[-72.0995,41.966],[-72.0992,41.9589],[-72.1236,41.959],[-72.1517,41.9593],[-72.1907,41.9591],[-72.1953,41.9593],[-72.217,41.9582],[-72.2349,41.9576],[-72.2233,41.9817]]]}},{"type":"Feature","properties":{"name":"East Hartford","geoid":"0911022630"},"geometry":{"type":"Polygon","coordinates":[[[-72.6649,41.7695],[-72.6642,41.7722],[-72.6579,41.7769],[-72.6518,41.779],[-72.6459,41.7859],[-72.6452,41.7913],[-72.646,41.7976],[-72.6399,41.7983],[-72.6278,41.7989],[-72.6189,41.799],[-72.6168,41.7991],[-72.5835,41.8006],[-72.5815,41.7898],[-72.5815,41.7888],[-72.5799,41.7822],[-72.5798,41.7807],[-72.5785,41.774],[-72.5777,41.7694],[-72.5771,41.7659],[-72.5756,41.7571],[-72.5731,41.7439],[-72.5712,41.7338],[-72.5741,41.7335],[-72.5865,41.7319],[-72.593,41.7311],[-72.5993,41.7299],[-72.604,41.7295],[-72.6136,41.7282],[-72.6138,41.7281],[-72.6165,41.7276],[-72.6271,41.7262],[-72.6309,41.7257],[-72.6342,41.7251],[-72.6363,41.7249],[-72.6478,41.7279],[-72.6426,41.7352],[-72.6425,41.7399],[-72.6446,41.7457],[-72.649,41.7502],[-72.654,41.7531],[-72.6542,41.7532],[-72.6559,41.7543],[-72.6613,41.7587],[-72.6651,41.7658],[-72.6649,41.7695]]]}},{"type":"Feature","properties":{"name":"Groton","geoid":"0918034250"},"geometry":{"type":"Polygon","coordinates":[[[-72.0965,41.399],[-72.0958,41.4004],[-72.0805,41.4002],[-72.0701,41.3999],[-72.0456,41.3995],[-72.037,41.3994],[-72.0112,41.399],[-71.9613,41.3979],[-71.9587,41.3979],[-71.9608,41.3947],[-71.9603,41.3894],[-71.9586,41.3881],[-71.9612,41.3868],[-71.9642,41.3826],[-71.9635,41.3791],[-71.9645,41.3751],[-71.966,41.373],[-71.9673,41.3697],[-71.9669,41.3657],[-71.9676,41.3618],[-71.9671,41.3581],[-71.9687,41.3547],[-71.9711,41.3514],[-71.9702,41.349],[-71.9691,41.3452],[-71.9733,41.3403],[-71.9751,41.3372],[-71.9761,41.333],[-71.9799,41.3304],[-71.9803,41.3299],[-71.9822,41.3299],[-71.9882,41.3206],[-71.9892,41.316],[-71.9892,41.3159],[-71.9894,41.316],[-71.9937,41.3195],[-72.0001,41.3183],[-72.0007,41.3182],[-72.0037,41.3105],[-72.0051,41.3067],[-72.0057,41.3067],[-72.0103,41.307],[-72.0108,41.307],[-72.0116,41.3077],[-72.0219,41.3168],[-72.0275,41.316],[-72.0303,41.3121],[-72.0353,41.3128],[-72.0364,41.3159],[-72.0415,41.3185],[-72.0491,41.3191],[-72.0548,41.3133],[-72.0551,41.313],[-72.0605,41.3121],[-72.065,41.3152],[-72.067,41.3189],[-72.0741,41.319],[-72.082,41.3172],[-72.0836,41.328],[-72.0853,41.3392],[-72.0856,41.3406],[-72.0867,41.3481],[-72.0859,41.3495],[-72.0861,41.3526],[-72.0868,41.3557],[-72.0878,41.3631],[-72.0881,41.3638],[-72.0896,41.3676],[-72.0905,41.3696],[-72.0932,41.3771],[-72.0929,41.387],[-72.0929,41.3889],[-72.0942,41.3927],[-72.0972,41.3962],[-72.0965,41.399]]]}},{"type":"Feature","properties":{"name":"Washington","geoid":"0916079720"},"geometry":{"type":"Polygon","coordinates":[[[-73.384,41.6988],[-73.3788,41.6994],[-73.3443,41.6969],[-73.3433,41.6969],[-73.3419,41.6973],[-73.316,41.7027],[-73.3048,41.7051],[-73.2962,41.708],[-73.2943,41.7087],[-73.2882,41.7048],[-73.2795,41.6981],[-73.2788,41.6977],[-73.2755,41.6952],[-73.2668,41.6884],[-73.2606,41.6838],[-73.2608,41.6735],[-73.2614,41.6646],[-73.2592,41.647],[-73.2535,41.6045],[-73.2673,41.6032],[-73.2933,41.6006],[-73.312,41.599],[-73.3206,41.5978],[-73.3278,41.5966],[-73.3328,41.5965],[-73.3486,41.5952],[-73.3489,41.5965],[-73.3564,41.63],[-73.3569,41.6338],[-73.3591,41.6465],[-73.3594,41.647],[-73.3704,41.6553],[-73.3742,41.6575],[-73.3761,41.6582],[-73.3779,41.659],[-73.3805,41.6716],[-73.3821,41.6833],[-73.3831,41.6871],[-73.384,41.6988]]]}},{"type":"Feature","properties":{"name":"Chaplin","geoid":"0915013810"},"geometry":{"type":"Polygon","coordinates":[[[-72.1645,41.8349],[-72.1451,41.8349],[-72.1404,41.8346],[-72.134,41.8346],[-72.129,41.8343],[-72.126,41.8339],[-72.114,41.8317],[-72.0967,41.8317],[-72.0933,41.8316],[-72.0924,41.8317],[-72.0928,41.8139],[-72.0966,41.7681],[-72.0997,41.7571],[-72.1026,41.7444],[-72.112,41.7459],[-72.1225,41.7488],[-72.1507,41.7528],[-72.1563,41.7535],[-72.1567,41.7537],[-72.1579,41.7656],[-72.1593,41.7812],[-72.1632,41.822],[-72.1632,41.8222],[-72.1645,41.8349]]]}},{"type":"Feature","properties":{"name":"Greenwich","geoid":"0919033620"},"geometry":{"type":"MultiPolygon","coordinates":[[[[-73.6134,40.9889],[-73.6115,40.99],[-73.6097,40.9908],[-73.6083,40.9908],[-73.6076,40.9904],[-73.6082,40.9897],[-73.6096,40.9887],[-73.6125,40.9875],[-73.6134,40.9889]]],[[[-73.6306,40.9807],[-73.6295,40.9836],[-73.6266,40.983],[-73.6238,40.9847],[-73.6227,40.9846],[-73.6219,40.9825],[-73.6228,40.982],[-73.6236,40.9821],[-73.6251,40.9812],[-73.6268,40.9819],[-73.6278,40.9815],[-73.629,40.9807],[-73.6301,40.9801],[-73.6306,40.9807]]],[[[-73.6458,40.996],[-73.6445,40.9976],[-73.6443,40.9983],[-73.643,40.9978],[-73.6405,40.9946],[-73.6393,40.994],[-73.6384,40.9941],[-73.6377,40.9932],[-73.6375,40.9922],[-73.6395,40.9913],[-73.6391,40.9895],[-73.6408,40.9892],[-73.6414,40.9906],[-73.6426,40.9916],[-73.6447,40.9956],[-73.6458,40.996]]],[[[-73.7278,41.1007],[-73.7123,41.1079],[-73.696,41.1154],[-73.6959,41.1154],[-73.6684,41.1282],[-73.6605,41.1318],[-73.6397,41.1415],[-73.634,41.1441],[-73.6324,41.1424],[-73.6264,41.1346],[-73.6214,41.1275],[-73.6176,41.1228],[-73.6138,41.1177],[-73.6071,41.1096],[-73.6063,41.1084],[-73.5992,41.099],[-73.5965,41.0954],[-73.5924,41.0906],[-73.5774,41.0715],[-73.5726,41.0652],[-73.5683,41.0595],[-73.5679,41.059],[-73.5672,41.0545],[-73.5664,41.0527],[-73.5653,41.0485],[-73.565,41.0467],[-73.5644,41.0449],[-73.5632,41.0402],[-73.5601,41.0351],[-73.5557,41.0284],[-73.5551,41.0251],[-73.5529,41.0233],[-73.5564,41.0208],[-73.5572,41.0172],[-73.562,41.0168],[-73.5639,41.0147],[-73.5677,41.0109],[-73.5701,41.0016],[-73.584,41.0009],[-73.5851,41.0055],[-73.5876,41.0076],[-73.5876,41.0076],[-73.5877,41.0077],[-73.5932,41.0124],[-73.5957,41.016],[-73.5967,41.0159],[-73.604,41.0151],[-73.6147,41.0088],[-73.6195,41.0077],[-73.6249,41.0065],[-73.6271,41.0018],[-73.6399,41.0031],[-73.641,41.0023],[-73.6423,41.0013],[-73.6437,41.0003],[-73.6488,40.9968],[-73.6512,40.9952],[-73.652,40.9942],[-73.6568,40.9877],[-73.6578,40.9876],[-73.659,40.9889],[-73.6572,40.9909],[-73.6596,40.9943],[-73.6595,40.9955],[-73.6593,40.9972],[-73.6603,41.0005],[-73.6585,41.004],[-73.6585,41.004],[-73.6579,41.0052],[-73.6561,41.0089],[-73.6552,41.0119],[-73.6553,41.0122],[-73.6557,41.0127],[-73.6557,41.0127],[-73.6561,41.0131],[-73.6587,41.0167],[-73.6604,41.0184],[-73.6627,41.0205],[-73.6664,41.0251],[-73.6666,41.0253],[-73.6666,41.0253],[-73.6705,41.0301],[-73.6722,41.0323],[-73.6757,41.0365],[-73.6758,41.0366],[-73.68,41.0418],[-73.6872,41.0507],[-73.6924,41.0571],[-73.6943,41.0593],[-73.6943,41.0593],[-73.7062,41.0742],[-73.7169,41.0876],[-73.7178,41.0886],[-73.7226,41.0936],[-73.7278,41.1007]]]]}},{"type":"Feature","properties":{"name":"Putnam","geoid":"0915062710"},"geometry":{"type":"Polygon","coordinates":[[[-71.9338,41.9169],[-71.9281,41.917],[-71.9274,41.917],[-71.9307,41.9281],[-71.9318,41.9316],[-71.9141,41.9317],[-71.8973,41.9319],[-71.8968,41.9319],[-71.8947,41.9319],[-71.8923,41.9319],[-71.8793,41.932],[-71.867,41.9321],[-71.8527,41.9322],[-71.7978,41.9324],[-71.7977,41.9286],[-71.7972,41.9163],[-71.7967,41.9045],[-71.7968,41.9044],[-71.8248,41.8981],[-71.868,41.8878],[-71.8922,41.882],[-71.896,41.8812],[-71.8983,41.8806],[-71.9017,41.8778],[-71.9038,41.8767],[-71.9052,41.8736],[-71.9081,41.8728],[-71.9089,41.8707],[-71.9104,41.8693],[-71.912,41.8691],[-71.9142,41.87],[-71.9174,41.8692],[-71.9232,41.8705],[-71.925,41.8745],[-71.9237,41.878],[-71.9231,41.8815],[-71.9235,41.8835],[-71.9212,41.8868],[-71.9225,41.8887],[-71.924,41.8924],[-71.9257,41.8976],[-71.9266,41.8996],[-71.9273,41.9009],[-71.9288,41.902],[-71.9321,41.9058],[-71.933,41.9099],[-71.9338,41.9169]]]}},{"type":"Feature","properties":{"name":"Prospect","geoid":"0914062290"},"geometry":{"type":"Polygon","coordinates":[[[-73.0182,41.5198],[-73.0113,41.5222],[-73.0051,41.5237],[-73.0022,41.5248],[-72.9996,41.5259],[-72.9798,41.5332],[-72.9776,41.5338],[-72.9694,41.5302],[-72.9672,41.5292],[-72.9593,41.5264],[-72.9532,41.5239],[-72.949,41.5227],[-72.9484,41.5221],[-72.9406,41.5142],[-72.9386,41.5115],[-72.9376,41.5103],[-72.9351,41.5076],[-72.9346,41.5012],[-72.9376,41.4971],[-72.9412,41.4952],[-72.9419,41.491],[-72.9436,41.4885],[-72.9437,41.4833],[-72.9444,41.4794],[-72.9472,41.4782],[-72.9491,41.4729],[-72.95,41.4718],[-72.9501,41.4691],[-72.9524,41.4646],[-72.9662,41.4663],[-72.9854,41.469],[-72.9898,41.4689],[-73.0013,41.4711],[-73.0023,41.4747],[-73.0027,41.4746],[-73.006,41.4832],[-73.011,41.4975],[-73.0136,41.5052],[-73.0181,41.5181],[-73.0187,41.5196],[-73.0182,41.5198]]]}},{"type":"Feature","properties":{"name":"Mansfield","geoid":"0911044910"},"geometry":{"type":"Polygon","coordinates":[[[-72.3168,41.8164],[-72.3138,41.8185],[-72.3131,41.8204],[-72.314,41.8225],[-72.3133,41.8241],[-72.313,41.8271],[-72.3142,41.8279],[-72.3131,41.8294],[-72.311,41.8294],[-72.3085,41.8331],[-72.3102,41.8349],[-72.3101,41.8361],[-72.3002,41.8359],[-72.2966,41.8363],[-72.2698,41.836],[-72.2583,41.8358],[-72.2237,41.8353],[-72.2177,41.8352],[-72.2003,41.835],[-72.169,41.8349],[-72.166,41.8349],[-72.1645,41.8349],[-72.1632,41.8222],[-72.1632,41.822],[-72.1593,41.7812],[-72.1579,41.7656],[-72.1567,41.7537],[-72.1563,41.7535],[-72.1576,41.7518],[-72.1608,41.7501],[-72.1649,41.75],[-72.1658,41.7517],[-72.1685,41.7522],[-72.1716,41.7485],[-72.1741,41.7512],[-72.176,41.7499],[-72.176,41.7514],[-72.178,41.7527],[-72.1779,41.7554],[-72.1832,41.7561],[-72.1851,41.7557],[-72.187,41.7554],[-72.1877,41.7552],[-72.188,41.7537],[-72.1859,41.7523],[-72.1867,41.7512],[-72.1894,41.7501],[-72.1888,41.7476],[-72.1926,41.7446],[-72.1956,41.7396],[-72.1957,41.737],[-72.194,41.7348],[-72.1925,41.7345],[-72.1913,41.733],[-72.1921,41.7304],[-72.195,41.73],[-72.1989,41.7314],[-72.1981,41.7282],[-72.2095,41.728],[-72.2164,41.728],[-72.2273,41.7281],[-72.2526,41.7282],[-72.254,41.7295],[-72.2597,41.7296],[-72.2613,41.7327],[-72.2607,41.7341],[-72.2617,41.7368],[-72.2631,41.7371],[-72.2625,41.7383],[-72.2636,41.7394],[-72.2635,41.7405],[-72.2658,41.7437],[-72.2684,41.7448],[-72.2678,41.7457],[-72.2695,41.7458],[-72.266,41.75],[-72.2661,41.7534],[-72.2679,41.7564],[-72.2709,41.7598],[-72.2709,41.7606],[-72.2689,41.7625],[-72.2709,41.7641],[-72.2711,41.7662],[-72.2724,41.7672],[-72.272,41.7712],[-72.2752,41.7738],[-72.2754,41.7761],[-72.2773,41.7778],[-72.2802,41.7792],[-72.2802,41.7813],[-72.2806,41.7842],[-72.2916,41.7953],[-72.296,41.795],[-72.2963,41.7955],[-72.2999,41.7972],[-72.3027,41.7975],[-72.3059,41.7954],[-72.309,41.7963],[-72.3128,41.7983],[-72.3127,41.7993],[-72.3098,41.8006],[-72.3102,41.8029],[-72.316,41.8056],[-72.3161,41.8077],[-72.3167,41.8082],[-72.3153,41.8093],[-72.315,41.8132],[-72.3167,41.8145],[-72.3168,41.8164]]]}},{"type":"Feature","properties":{"name":"Harwinton","geoid":"0916037280"},"geometry":{"type":"Polygon","coordinates":[[[-73.1198,41.7756],[-73.1183,41.7773],[-73.1172,41.7814],[-73.1125,41.7822],[-73.1121,41.7849],[-73.1103,41.7879],[-73.1078,41.7905],[-73.1043,41.7944],[-73.1037,41.7951],[-73.1041,41.7984],[-73.088,41.7985],[-73.0829,41.7984],[-73.0825,41.7984],[-73.0767,41.7985],[-73.0606,41.7983],[-73.0596,41.7982],[-73.0476,41.7982],[-73.0299,41.7981],[-73.0252,41.7982],[-73.0169,41.7982],[-73.0127,41.7771],[-73.0124,41.7753],[-73.0091,41.7614],[-72.9989,41.7144],[-73.0369,41.7102],[-73.0553,41.7082],[-73.0629,41.7076],[-73.0684,41.7071],[-73.0705,41.7099],[-73.0719,41.711],[-73.0788,41.7147],[-73.0821,41.7172],[-73.0875,41.7176],[-73.0887,41.7181],[-73.0892,41.7195],[-73.0922,41.722],[-73.0941,41.7253],[-73.0977,41.7298],[-73.099,41.7306],[-73.1016,41.7308],[-73.1051,41.7347],[-73.1052,41.736],[-73.1093,41.7387],[-73.1108,41.739],[-73.1113,41.7391],[-73.1142,41.7405],[-73.1156,41.7419],[-73.1154,41.745],[-73.114,41.7477],[-73.1129,41.7483],[-73.1121,41.7507],[-73.1141,41.7538],[-73.1171,41.7564],[-73.117,41.7585],[-73.1161,41.7607],[-73.1171,41.7635],[-73.1164,41.7647],[-73.1162,41.7698],[-73.1204,41.7741],[-73.1198,41.7756]]]}},{"type":"Feature","properties":{"name":"Meriden","geoid":"0917046520"},"geometry":{"type":"Polygon","coordinates":[[[-72.8588,41.5324],[-72.858,41.5345],[-72.8536,41.5335],[-72.8517,41.5403],[-72.8531,41.5464],[-72.8517,41.546],[-72.8443,41.5447],[-72.8451,41.5474],[-72.8457,41.5533],[-72.846,41.5549],[-72.8485,41.5673],[-72.8402,41.5691],[-72.8276,41.571],[-72.8296,41.5624],[-72.8257,41.5643],[-72.8261,41.5559],[-72.8251,41.5554],[-72.8212,41.5542],[-72.8191,41.5543],[-72.81,41.5623],[-72.8092,41.562],[-72.8052,41.5666],[-72.8012,41.5731],[-72.7797,41.5759],[-72.7681,41.5773],[-72.7678,41.5773],[-72.7522,41.5789],[-72.7493,41.5498],[-72.7493,41.5475],[-72.749,41.5463],[-72.7489,41.5457],[-72.7489,41.5443],[-72.7472,41.5281],[-72.7471,41.5273],[-72.7448,41.4982],[-72.768,41.497],[-72.7726,41.4967],[-72.777,41.4982],[-72.7926,41.5036],[-72.7927,41.5036],[-72.7959,41.5047],[-72.8003,41.5056],[-72.8152,41.5085],[-72.8165,41.5087],[-72.823,41.5101],[-72.8407,41.5138],[-72.8503,41.5157],[-72.8537,41.5221],[-72.8531,41.5249],[-72.8574,41.5264],[-72.8578,41.5264],[-72.8579,41.5272],[-72.8612,41.5281],[-72.8588,41.5324]]]}},{"type":"Feature","properties":{"name":"Vernon","geoid":"0911078250"},"geometry":{"type":"Polygon","coordinates":[[[-72.5064,41.8155],[-72.5054,41.8203],[-72.5053,41.8213],[-72.5044,41.8247],[-72.5026,41.8336],[-72.5023,41.8347],[-72.4993,41.8503],[-72.4968,41.8606],[-72.4955,41.866],[-72.493,41.8665],[-72.4928,41.8665],[-72.4925,41.8665],[-72.4885,41.8671],[-72.485,41.8675],[-72.4644,41.8701],[-72.4508,41.8717],[-72.4382,41.8733],[-72.438,41.8733],[-72.428,41.8746],[-72.4269,41.8674],[-72.4263,41.8623],[-72.4252,41.8553],[-72.4215,41.8255],[-72.4212,41.8244],[-72.4189,41.8066],[-72.4294,41.8049],[-72.4392,41.8036],[-72.4491,41.8021],[-72.4551,41.8014],[-72.4734,41.7983],[-72.4735,41.7983],[-72.4736,41.7991],[-72.476,41.813],[-72.4854,41.8122],[-72.4874,41.8118],[-72.492,41.8114],[-72.5026,41.8102],[-72.5075,41.8097],[-72.5064,41.8155]]]}},{"type":"Feature","properties":{"name":"Burlington","geoid":"0916010100"},"geometry":{"type":"Polygon","coordinates":[[[-73.0169,41.7982],[-72.9995,41.8],[-72.9841,41.8021],[-72.949,41.8064],[-72.9259,41.8092],[-72.9241,41.8087],[-72.9212,41.8071],[-72.9214,41.8052],[-72.9243,41.8048],[-72.9274,41.8037],[-72.9281,41.8028],[-72.9269,41.7998],[-72.9255,41.7987],[-72.9247,41.7926],[-72.9245,41.7896],[-72.9249,41.7878],[-72.9231,41.7852],[-72.9223,41.783],[-72.9203,41.7794],[-72.919,41.7783],[-72.9177,41.7777],[-72.9085,41.776],[-72.9049,41.7581],[-72.9042,41.7502],[-72.9029,41.7453],[-72.9026,41.7436],[-72.902,41.7396],[-72.8998,41.732],[-72.8983,41.7232],[-72.905,41.7222],[-72.9145,41.7215],[-72.927,41.7204],[-72.9305,41.7198],[-72.9431,41.7188],[-72.9441,41.7181],[-72.9481,41.7176],[-72.9593,41.7167],[-72.9715,41.7156],[-72.9789,41.7146],[-72.9985,41.7125],[-72.9989,41.7144],[-73.0091,41.7614],[-73.0124,41.7753],[-73.0127,41.7771],[-73.0169,41.7982]]]}},{"type":"Feature","properties":{"name":"Norfolk","geoid":"0916053470"},"geometry":{"type":"Polygon","coordinates":[[[-73.263,41.9162],[-73.2489,41.9664],[-73.2488,41.9704],[-73.2436,41.994],[-73.2411,42.0062],[-73.233,42.045],[-73.2311,42.0449],[-73.2298,42.0449],[-73.1721,42.0432],[-73.1273,42.042],[-73.129,42.0363],[-73.1431,41.9886],[-73.1515,41.9597],[-73.165,41.9132],[-73.1663,41.9134],[-73.2545,41.9159],[-73.2555,41.9158],[-73.263,41.9162]]]}}]}