town_code,town,fiscal_year,policy_year,delta_2018,delta_nominal,delta_sd,delta_gcs,n_tests,frpl_share
1,Andover,2019,1,-1065.2885144176275,-1084.6045582493418,-0.009134849011131155,-0.02973797043266259,127.5,0.14074275855806775
1,Andover,2020,2,-929.8134040002851,-958.5335663317315,-0.017107998950433603,-0.055694097004786544,127.5,0.17717586524925974
1,Andover,2021,3,-476.8651503558054,-514.6060549078601,-0.021197117614734633,-0.06900598533336821,127.5,0.20449417074088003
1,Andover,2022,4,-252.40944947946187,-294.1520014471406,-0.023361528644021017,-0.07605209973707823,127.5,0.2377445279995865
1,Andover,2023,5,-74.48542187343557,-90.38602748347844,-0.01486539212545457,-0.04839342072956307,127.5,0.2097975453687192
1,Andover,2024,6,11.62210948109328,14.519444444444444,-0.006792582597351751,-0.022112858154012524,127.5,0.2222222222222222
1,Andover,2025,7,216.29109767208038,277.3298064066043,-0.0008487677705126313,-0.002763114183162186,127.5,0.24707865821754552
2,Ansonia,2019,1,3015.272599172997,3069.9461799935257,0.025855962537908447,0.08475389370593886,2209.333333333333,0.6709291032696666
2,Ansonia,2020,2,2735.0711155133567,2819.552244832041,0.04930919735343549,0.1616318272851386,2209.333333333333,0.5951227390180878
2,Ansonia,2021,3,2538.1241137195266,2739.000818267309,0.07107361162858043,0.23297393459764668,2209.333333333333,0.6566493378548369
2,Ansonia,2022,4,2254.902031997674,2627.80948632159,0.09040939655296047,0.2963551782005146,2209.333333333333,0.6637158877252342
2,Ansonia,2023,5,2644.7600213219052,3209.344136905012,0.08723225119788737,0.2859407355234187,2209.333333333333,0.6825077958864616
2,Ansonia,2024,6,2860.4512574085893,3573.5477441121448,0.08830738591463896,0.28946494597853273,2209.333333333333,0.6416802137027929
2,Ansonia,2025,7,2503.5851876403212,3210.1126809360935,0.0880112146235098,0.28849411883990606,2209.333333333333,0.6272585538004133
3,Ashford,2019,1,-955.959534478628,-973.2932013861597,-0.008197353008154235,-0.026892152407592074,468.99999999999994,0.2947375942267157
3,Ashford,2020,2,-498.23739418194197,-513.6269968473149,-0.012469738663264387,-0.040908097074967384,468.99999999999994,0.36810680381140254
3,Ashford,2021,3,-167.68743355315027,-180.95884879409712,-0.013907658405982652,-0.04562532187089842,468.99999999999994,0.37810653059726146
3,Ashford,2022,4,11.470611648851182,13.36757946776872,-0.013809297911093752,-0.045302641437738204,468.99999999999994,0.36692286895060056
3,Ashford,2023,5,85.24842908769085,103.44664312348334,-0.004880939623512568,-0.016012360589715544,468.99999999999994,0.31763568567877365
3,Ashford,2024,6,-184.86565561490232,-230.951758005112,-0.0021937769653002028,-0.0071968822668040285,468.99999999999994,0.3522048020609012
3,Ashford,2025,7,-4.040522516358404,-5.180783394710412,-0.0007905047031597126,-0.00259332164116182,468.99999999999994,0.35361566789420823
4,Avon,2019,1,-71.39106296007995,-72.68554129403951,-0.0006121783648826856,-0.00200823701594663,2848.6666666666665,0.03552507606999984
4,Avon,2020,2,-61.68572700906676,-63.59108144428111,-0.0011411334739854328,-0.0037434620595134544,2848.6666666666665,0.07476293524961988
4,Avon,2021,3,-48.01779020710353,-51.81809902743714,-0.0015528860250113457,-0.005094206812701774,2848.6666666666665,0.07693829548701941
4,Avon,2022,4,-42.07009362358843,-49.02749190241412,-0.0019136370778336167,-0.006277642326562569,2848.6666666666665,0.05712188661784181
4,Avon,2023,5,-31.10782304919329,-37.74849464977436,-0.0015682082955977633,-0.005144471168198706,2848.6666666666665,0.07574692218202272
4,Avon,2024,6,272.3363179780109,340.22842802495444,0.0012960307401664278,0.004251598971005295,2848.6666666666665,0.08215450180996638
4,Avon,2025,7,121.79437587989248,156.1655151216326,0.0027521700643624186,0.009028430461589399,2848.6666666666665,0.09989306319516927
5,Barkhamsted,2019,1,-119.34013834306079,-121.50403977625854,-0.0010233416862917462,-0.003257628598664563,239.66666666666669,0.09228393317889899
5,Barkhamsted,2020,2,-358.6722692310257,-369.7509714220087,-0.0040989563949477914,-0.013048308063406823,239.66666666666669,0.15695882701988784
5,Barkhamsted,2021,3,-611.0399590101391,-659.3999634124032,-0.00933862404345973,-0.02972787013728466,239.66666666666669,0.1809053397564892
5,Barkhamsted,2022,4,98.40445593173897,114.67822509550396,-0.008494805833845072,-0.027041723009167993,239.66666666666669,0.19730489903866336
5,Barkhamsted,2023,5,139.71131133005755,169.53586497890294,-0.006273439652898082,-0.01997039375903114,239.66666666666669,0.2043082389518099
5,Barkhamsted,2024,6,737.7887603002315,921.7158842240622,0.003128713675332448,0.009959710703009697,239.66666666666669,0.22334017641617976
5,Barkhamsted,2025,7,497.2363130563854,637.5595293678215,0.012632182708302893,0.04021233592392883,239.66666666666669,0.2474554113362592
6,Beacon Falls,2019,1,178.30129900253496,181.53429706847896,0.0015289336389467374,0.0050118129034924215,1719.9999999999998,0.18775557219374533
6,Beacon Falls,2020,2,127.81660933361636,131.764620572133,0.002624961063982498,0.008604568175173091,1719.9999999999998,0.22720955246969535
6,Beacon Falls,2021,3,-97.65933252226793,-105.38846002212868,0.0017875322876040498,0.005859493934998313,1719.9999999999998,0.26452671338276257
6,Beacon Falls,2022,4,899.6808089854578,1048.4667320198268,0.009502295224654352,0.03114832757066191,1719.9999999999998,0.26233310781890734
6,Beacon Falls,2023,5,1269.5402212334868,1540.552425450048,0.01885966898278476,0.061821605565975296,1719.9999999999998,0.24048371581695752
6,Beacon Falls,2024,6,1196.5990442714544,1494.905324531528,0.02802447836237673,0.09186366150394887,1719.9999999999998,0.27050133849107905
6,Beacon Falls,2025,7,1283.9101469541577,1646.2376691901811,0.03987143664888708,0.13069774618559116,1719.9999999999998,0.3211745813259922
7,Berlin,2019,1,-35.86554256199516,-36.515864407016124,-0.00030754702746910845,-0.001008391317675555,2301.6666666666665,0.1325376424343677
7,Berlin,2020,2,-95.00974791882552,-97.94441779082238,-0.0011222556158730374,-0.0036796740601652356,2301.6666666666665,0.17779533781114185
7,Berlin,2021,3,-10.717768026985338,-11.566012567010347,-0.0012141604767044363,-0.003981013547908688,2301.6666666666665,0.19454905032168543
7,Berlin,2022,4,224.07765985898055,261.1348040378098,0.0007073054565863215,0.0023191272152283515,2301.6666666666665,0.20612238197213517
7,Berlin,2023,5,272.9131650293387,331.17268070065546,0.003355082874182009,0.011000712535733786,2301.6666666666665,0.1976093003139378
7,Berlin,2024,6,514.2450948900536,642.4438780438869,0.008579443151268145,0.028130449041972264,2301.6666666666665,0.208808602022694
7,Berlin,2025,7,693.409483833055,889.0940033208207,0.01461733433596799,0.04792760688747496,2301.6666666666665,0.23795449496794016
8,Bethany,2019,1,-314.9162553979326,-320.6263856680512,-0.0027004068900372716,-0.008605766255331498,501.8333333333333,0.054789633291710195
8,Bethany,2020,2,-492.7894948099836,-508.01082225620513,-0.00692607680803288,-0.022072302620876807,501.8333333333333,0.1215543269419284
8,Bethany,2021,3,-339.52670465180154,-366.39812719877585,-0.009837518300422078,-0.03135060251042757,501.8333333333333,0.11378052129788263
8,Bethany,2022,4,136.47435869821226,159.04398920120693,-0.008667250674584907,-0.02762114615283495,501.8333333333333,0.10984066486686782
8,Bethany,2023,5,174.15969314294753,211.3380365580866,-0.0044734244158468614,-0.014256090452776024,501.8333333333333,0.11250678349724028
8,Bethany,2024,6,-575.1551740609872,-718.5385415873499,-0.005179710115424218,-0.01650691038012487,501.8333333333333,0.11802330008375847
8,Bethany,2025,7,-361.2834952199195,-463.2399708801103,-0.005366274594545829,-0.01710146163267559,501.8333333333333,0.13538194311404012
9,Bethel,2019,1,18.047931513508104,18.37518054648701,0.00015476101272833198,0.0005084620205001829,2849.0,0.2067628262202964
9,Bethel,2020,2,147.26675729050606,151.81554649618175,0.0014175734564944214,0.004657389165330971,2849.0,0.28857668221883404
9,Bethel,2021,3,351.39585563793656,379.20664751007007,0.004430792918589726,0.014557218772913858,2849.0,0.31332580752751626
9,Bethel,2022,4,273.24367949324295,318.4317202524481,0.006773857470244284,0.022255277315525932,2849.0,0.3242302394592455
9,Bethel,2023,5,548.0095558324588,664.9946463194651,0.011318278398779287,0.03718581703344814,2849.0,0.3022498319941093
9,Bethel,2024,6,1038.3572014307015,1297.2145654098294,0.018959378957281458,0.06229039188939847,2849.0,0.29517668072719944
9,Bethel,2025,7,845.477196776574,1084.0761817147722,0.023196126457545273,0.07621008106922295,2849.0,0.3247792588817026
10,Bethlehem,2019,1,-595.3687757908621,-606.1641323666319,-0.0051052872524066425,-0.016752170138047178,1183.6666666666667,0.1495190001974779
10,Bethlehem,2020,2,-281.3876600031611,-290.0791880437207,-0.007518186436933748,-0.0246697065403522,1183.6666666666667,0.2621012714699978
10,Bethlehem,2021,3,-287.4195589823137,-310.1670257113281,-0.009982809155207089,-0.032756965309806985,1183.6666666666667,0.2294155498978821
10,Bethlehem,2022,4,1095.001728937782,1276.089111637385,-0.0005931693295656083,-0.0019463887217844966,1183.6666666666667,0.2753758880872391
10,Bethlehem,2023,5,891.903642126505,1082.3007386175725,0.012160191654075815,0.03990169199672561,1183.6666666666667,0.2838716789769596
10,Bethlehem,2024,6,963.8335477948184,1204.112529972676,0.022837963510943488,0.07493906443001558,1183.6666666666667,0.32063793007304964
10,Bethlehem,2025,7,376.17356765121764,482.33211544452945,0.028528274571826023,0.09361089508663133,1183.6666666666667,0.2549069589599796
11,Bloomfield,2019,1,915.0956627079677,931.6883769744328,0.00784694530772082,0.025879251402975666,1410.1666666666667,0.4907970049476572
11,Bloomfield,2020,2,981.9250799451956,1012.254872538007,0.01626695286825088,0.05364846399829119,1410.1666666666667,0.5624962485959031
11,Bloomfield,2021,3,1211.099805690553,1306.9508070385752,0.02665213370204737,0.08789882450465829,1410.1666666666667,0.5642847968489104
11,Bloomfield,2022,4,781.2675239228125,910.4706907823055,0.03335150271968548,0.10999336553302189,1410.1666666666667,0.5979516234473742
11,Bloomfield,2023,5,976.2023696722041,1184.5949448276765,0.03387549273190381,0.111721486314685,1410.1666666666667,0.5493234900148785
11,Bloomfield,2024,6,1194.5490724827262,1492.3443048175477,0.03569874346791314,0.11773457323163086,1410.1666666666667,0.5829912614268805
11,Bloomfield,2025,7,1218.4174515844327,1562.2625230865278,0.035761492281453144,0.11794151902482287,1410.1666666666667,0.56838381298395
12,Bolton,2019,1,-514.8507606003335,-524.1861469524375,-0.00441484527214786,-0.014476732740746961,629.3333333333333,0.09852615667008585
12,Bolton,2020,2,-157.32302852550708,-162.18243676622328,-0.005763890241754084,-0.018900390259040233,629.3333333333333,0.16453331102373184
12,Bolton,2021,3,-284.97769901568944,-307.531907747425,-0.008207574010813621,-0.02691348123886638,629.3333333333333,0.1875279892521272
12,Bolton,2022,4,24.17217126937213,28.169676582522055,-0.008000297642178751,-0.026233800659542336,629.3333333333333,0.20240318143592229
12,Bolton,2023,5,336.74458073479263,408.630362340237,-0.0006978675902300471,-0.002288379766313846,629.3333333333333,0.20809606164142797
12,Bolton,2024,6,361.220810796806,451.2713895075127,0.003748645831958788,0.012292196102850166,629.3333333333333,0.2015617511910467
12,Bolton,2025,7,309.1972845627875,396.4547038327526,0.008843696316144227,0.028999391851135425,629.3333333333333,0.19599303135888502
13,Bozrah,2019,1,303.1137498804195,308.60987454471876,0.0025992004052245972,0.008874504852690247,41.0,0.22932685822204238
13,Bozrah,2020,2,-218.00602436177215,-224.73981458459136,0.0007297987463224009,0.0024917672768544224,41.0,0.33388981636060105
13,Bozrah,2021,3,-219.56270768894046,-236.93972756111216,-0.0011529514721102634,-0.003936546567779854,41.0,0.3470796790445979
13,Bozrah,2022,4,-53.35312181249463,-62.17646604342115,-0.0016104544916524046,-0.005498608792334002,41.0,0.3669937417909294
13,Bozrah,2023,5,596.2525965709651,723.5362601870282,0.0009032111187190234,0.0030838528033328523,41.0,0.3680474706125362
13,Bozrah,2024,6,-278.61601966092616,-348.07362857663566,0.000383480409028778,0.0013093252617215794,41.0,0.3681428831784217
13,Bozrah,2025,7,-542.2082601101022,-695.2228428577009,-0.0023832052029826834,-0.00813702787069199,41.0,0.3320182805359166
14,Branford,2019,1,702.2285259390104,714.961486825511,0.006021609609927014,0.019749250446911695,2258.333333333333,0.26749026999905073
14,Branford,2020,2,654.2715966292942,674.4807981564022,0.01163198855102321,0.038149775553541945,2258.333333333333,0.33704996757144634
14,Branford,2021,3,409.07651410949256,441.4523706005238,0.01513981965951211,0.04965451258810615,2258.333333333333,0.35029674482066286
14,Branford,2022,4,433.5128125582744,505.2055766136105,0.018857192027199314,0.06184648826398754,2258.333333333333,0.3634103371746276
14,Branford,2023,5,800.9521948037017,971.9336384439359,0.019703747487714036,0.06462296114913504,2258.333333333333,0.3310696095076401
14,Branford,2024,6,943.8258739001311,1179.11704098257,0.022186675415311472,0.07276629302553468,2258.333333333333,0.3701003548499885
14,Branford,2025,7,479.30236315615736,614.5645059597082,0.022788862070886616,0.0747413023415049,2258.333333333333,0.35690695649563153
15,Bridgeport,2019,1,2004.8388162813492,2041.1909912336748,0.017191492849612564,0.056310764444942575,17086.666666666668,0.5737966973736495
15,Bridgeport,2020,2,2056.079679665768,2119.5880587796178,0.03482237610274653,0.11406075291356378,17086.666666666668,0.7368598087823225
15,Bridgeport,2021,3,1757.112233963917,1896.1767159454582,0.04988961350898711,0.1634135149942555,17086.666666666668,0.7174544196926463
15,Bridgeport,2022,4,1721.3203165100924,2005.9859774555248,0.06464993522306116,0.2117609741965275,17086.666666666668,0.67883026058205
15,Bridgeport,2023,5,2117.1263760990846,2569.0751022561503,0.06561280104849825,0.2149148428664897,17086.666666666668,0.6600434555534015
15,Bridgeport,2024,6,3252.389704589118,4063.194526285134,0.07587115951221596,0.2485161136866216,17086.666666666668,0.8066742195802737
15,Bridgeport,2025,7,3202.188540841941,4105.866296242744,0.08826268884369502,0.28910458935895034,17086.666666666668,0.8591184186065726
16,Bridgewater,2019,1,21.82169656207003,22.21737232649498,0.0001871210480197505,0.0006137349290197692,554.5,0.017459624618070713
16,Bridgewater,2020,2,24.423294050324625,25.17768301350391,0.0003965507945012841,0.0013006397532055846,554.5,0.15103056147832267
16,Bridgewater,2021,3,29.697458780570475,32.047827551364094,0.0006512065035446759,0.002135880391114628,554.5,0.10104412260020208
16,Bridgewater,2022,4,942.4377356127911,1098.294642857143,0.008732610086424357,0.028641929319374496,554.5,0.09821428571428571
16,Bridgewater,2023,5,787.8295393716403,956.0096540627515,0.015301127338516421,0.05018588983124779,554.5,0.12872083668543846
16,Bridgewater,2024,6,646.6957049467693,807.9137763854703,0.02063711326195343,0.06768729320958629,554.5,0.126799433131946
16,Bridgewater,2025,7,273.41364906907677,350.57270124085267,0.022726979593677372,0.0745418078584462,554.5,0.11931275851097678
17,Bristol,2019,1,1652.0201602200143,1681.9749503015823,0.014166072873886625,0.04646075398685307,6712.666666666666,0.4444692112094917
17,Bristol,2020,2,1599.7282951389752,1649.1408505236743,0.027883743004703337,0.09145087248296228,6712.666666666666,0.47000818470978584
17,Bristol,2021,3,1611.7006801340913,1739.2567439186587,0.04170407633685316,0.13677769754433514,6712.666666666666,0.5371262648653652
17,Bristol,2022,4,1283.7267130606654,1496.0247436722032,0.052712032901348384,0.17288071398326282,6712.666666666666,0.5464542897859836
17,Bristol,2023,5,2125.6424848038546,2579.4091678502145,0.056773344334654814,0.18620067873613888,6712.666666666666,0.5417411902413428
17,Bristol,2024,6,2324.4183485322387,2903.8844567816254,0.06298756154250203,0.20658157183791537,6712.666666666666,0.5361157187473748
17,Bristol,2025,7,2130.3800754419553,2731.586737751664,0.06743523735726697,0.22116870361979332,6712.666666666666,0.5662943504443646
18,Brookfield,2019,1,-289.89990072484716,-295.1564289924705,-0.0024858916487155644,-0.008157081323460644,2241.1666666666665,0.10714060628978384
18,Brookfield,2020,2,-252.78302198522837,-260.59100732380836,-0.004653506062238899,-0.015269783543668468,2241.1666666666665,0.18947352623364147
18,Brookfield,2021,3,-206.2589110997121,-222.58301838877853,-0.006422176224918929,-0.021073409924091666,2241.1666666666665,0.2057720747501606
18,Brookfield,2022,4,-194.19891224195788,-226.314818374015,-0.008087431897393717,-0.026537697135382444,2241.1666666666665,0.2075725542955987
18,Brookfield,2023,5,-172.7096267876517,-209.57842059369906,-0.007082525298382265,-0.023240246558703437,2241.1666666666665,0.2081358759525344
18,Brookfield,2024,6,-10.193216221362285,-12.734335094420175,-0.005002317713957115,-0.016414356763947903,2241.1666666666665,0.22451951299468623
18,Brookfield,2025,7,171.95863332493977,220.4864416669226,-0.001759102270515725,-0.005772230774537214,2241.1666666666665,0.2468292233516568
19,Brooklyn,2019,1,597.7866040502594,608.6258012156948,0.0051260201297309745,0.016775764770280734,1092.3333333333333,0.2583765341106713
19,Brooklyn,2020,2,277.8068371959471,286.3877604507928,0.007508213758686221,0.024571894895644094,1092.3333333333333,0.31696370069453544
19,Brooklyn,2021,3,309.92829543902894,334.45718837116686,0.010165848892075897,0.03326945376483228,1092.3333333333333,0.331342094782955
19,Brooklyn,2022,4,260.5397854274075,303.6269026303486,0.012399977552115912,0.04058101632581288,1092.3333333333333,0.32641257857278916
19,Brooklyn,2023,5,629.6487000722766,764.0615207412301,0.012673195025504708,0.041475166553221636,1092.3333333333333,0.29557734979758454
19,Brooklyn,2024,6,1524.3594688268959,1904.3748174116272,0.023362383841740098,0.07645733841911548,1092.3333333333333,0.31567500892654266
19,Brooklyn,2025,7,1321.8241116311374,1694.8511932655686,0.032039390465587424,0.10485430494438545,1092.3333333333333,0.31865856671807236
20,Burlington,2019,1,-290.14289819019393,-295.4038325408907,-0.002487975351980913,-0.008158284211813534,1931.0,0.053247135617322236
20,Burlington,2020,2,-319.55737756482256,-329.4278953680594,-0.005228179864599267,-0.017143649438456667,1931.0,0.09659330329648959
20,Burlington,2021,3,-254.72523844812488,-274.88515347671745,-0.007412448784291936,-0.024306054253960818,1931.0,0.11288891209020673
20,Burlington,2022,4,885.7013530238097,1032.17540473893,0.00018244031788723067,0.0005982374237882139,1931.0,0.11391658625495872
20,Burlington,2023,5,1014.3117528948578,1230.8396417456067,0.011368138950941551,0.03727710101602341,1931.0,0.11552209190122183
20,Burlington,2024,6,920.9622578933833,1150.5536375015474,0.02200559482499566,0.07215822965825949,1931.0,0.11829273324988653
20,Burlington,2025,7,548.9183321602443,703.8265394622723,0.028896838442962428,0.0947552075436941,1931.0,0.1228100607111882
22,Canterbury,2019,1,-1518.861357807283,-1546.40168342296,-0.013024236143197452,-0.04281330352846718,570.3333333333333,0.21822149481723951
22,Canterbury,2020,2,-880.3377546346031,-907.5297085372156,-0.020573132389189175,-0.06762805525218755,570.3333333333333,0.29936479956234996
22,Canterbury,2021,3,-820.0593012787245,-884.9618838924724,-0.02760514089765424,-0.09074369223677366,570.3333333333333,0.3117187741119101
22,Canterbury,2022,4,-1094.9543508246252,-1276.0338983050847,-0.0369943744559754,-0.121608005645436,570.3333333333333,0.2627118644067797
22,Canterbury,2023,5,-574.6163144265081,-697.2812220418172,-0.028897473208985253,-0.09499185043172155,570.3333333333333,0.2700553364922628
22,Canterbury,2024,6,150.2819864472669,187.74654952024983,-0.020059908929208215,-0.06594098573590183,570.3333333333333,0.2880119088070158
22,Canterbury,2025,7,-168.15578861513313,-215.61041025131618,-0.014469836308117922,-0.04756528421747425,570.3333333333333,0.29138108009668556
23,Canton,2019,1,135.2547318710144,137.70720018725783,0.0011598093257939484,0.0038048537352509005,1310.6666666666667,0.08562118477544459
23,Canton,2020,2,275.2007671492952,283.70119387175606,0.0035196559040991545,0.011546532361551927,1310.6666666666667,0.12123764492684265
23,Canton,2021,3,341.5356116689636,368.56602668567933,0.006448323774160516,0.021154277908074597,1310.6666666666667,0.11967814218781829
23,Canton,2022,4,742.9069732914554,865.7662125304079,0.012818751070134747,0.042053009754052226,1310.6666666666667,0.1206264533812265
23,Canton,2023,5,981.814578430132,1191.4052070545458,0.020078001754379175,0.06586760277964504,1310.6666666666667,0.14423044671188123
23,Canton,2024,6,1105.4295842385982,1381.0077647012336,0.02719721386091995,0.08922278726833008,1310.6666666666667,0.11064205320038724
23,Canton,2025,7,870.2128125565439,1115.7923439121066,0.031730620858530956,0.10409501683629378,1310.6666666666667,0.14365140592163017
24,Chaplin,2019,1,-637.852959762222,-649.418648833498,-0.005469589129961053,-0.01692062895996534,103.5,0.39516680598829695
24,Chaplin,2020,2,-1514.7766898501957,-1561.5652522017613,-0.01845879924542648,-0.05710383095641658,103.5,0.4483586869495596
24,Chaplin,2021,3,-1638.2438755133012,-1767.9006677796328,-0.03250674047795304,-0.10056230573378486,103.5,0.4215358931552588
24,Chaplin,2022,4,-902.3806289825635,-1051.6130383777443,-0.04024465437147852,-0.12450018603987612,103.5,0.42316071727836435
24,Chaplin,2023,5,-96.83931122334481,-117.51186239620404,-0.035605462335257645,-0.11014845956577467,103.5,0.4967378410438909
24,Chaplin,2024,6,-427.34540305009455,-533.8805187017465,-0.02628073905094678,-0.08130165241093869,103.5,0.4310021737500937
24,Chaplin,2025,7,-84.82407847890593,-108.7619671653744,-0.01296016429137684,-0.04009334632346346,103.5,0.41862327545411526
25,Cheshire,2019,1,98.92156476127894,100.71523216214753,0.000848252417827967,0.002778551063664341,3813.6666666666665,0.0819022021807638
25,Cheshire,2020,2,147.31139841680925,151.86156650171873,0.0021114476592521063,0.006916296395015234,3813.6666666666665,0.13079363880179806
25,Cheshire,2021,3,315.9773760087223,340.985015966593,0.0048209536585269,0.015791603577242134,3813.6666666666665,0.14545734776347286
25,Cheshire,2022,4,513.1061214619698,597.9617359575084,0.009220838650063292,0.030203946962644196,3813.6666666666665,0.15301693485500173
25,Cheshire,2023,5,463.0961401460474,561.9545328192794,0.012343635633987679,0.04043303761882981,3813.6666666666665,0.14720634268379643
25,Cheshire,2024,6,580.6321788920375,725.3809368939641,0.016059361326562764,0.052604336348311624,3813.6666666666665,0.1609270167070189
25,Cheshire,2025,7,240.40806161203298,308.252729321917,0.015411354455611152,0.05048171324379422,3813.6666666666665,0.16028683413076233
26,Chester,2019,1,1218.2323554301927,1240.3216103655716,0.0104463424478139,0.032564239245307436,198.5,0.13882461823229986
26,Chester,2020,2,1259.6271094931274,1298.534588032469,0.021247644911717465,0.06623499045345799,198.5,0.22986854392644207
26,Chester,2021,3,780.0149458135878,841.7482672717855,0.02793627307206898,0.08708535877372764,198.5,0.2121204646918087
26,Chester,2022,4,1242.6927763003885,1448.2047644670547,0.038592363628844814,0.12030344290643073,198.5,0.2494741476299956
26,Chester,2023,5,1426.89852885933,1731.5024390243902,0.04038167606599967,0.12588124189006528,198.5,0.22926829268292684
26,Chester,2024,6,845.7657212094757,1056.6109725685785,0.03683281466146735,0.11481842517666022,198.5,0.23940149625935161
26,Chester,2025,7,601.4835744214205,771.2260238465526,0.035301908151779526,0.11004615142699913,198.5,0.26179367547952304
27,Clinton,2019,1,-905.7546534824434,-922.1779945310517,-0.007766846153611951,-0.025456716594684,1225.3333333333333,0.2379274377695712
27,Clinton,2020,2,-843.932035289987,-869.9994859698322,-0.01500356335622359,-0.04917587560198407,1225.3333333333333,0.33469075373956947
27,Clinton,2021,3,-922.4170393687625,-995.4205989998874,-0.02291328946881072,-0.07510089742001794,1225.3333333333333,0.36658935467223475
27,Clinton,2022,4,-801.3784453341659,-933.9074828528699,-0.0297851096375512,-0.09762406513384053,1225.3333333333333,0.37195090505904804
27,Clinton,2023,5,-618.5438451787124,-750.5860822679776,-0.027322276956346706,-0.08955185250781961,1225.3333333333333,0.35420752625399304
27,Clinton,2024,6,-176.82661118334835,-220.90861917560338,-0.021601847944632272,-0.07080249951806061,1225.3333333333333,0.35192527741557783
27,Clinton,2025,7,-395.4204103200997,-507.010538221744,-0.01708285185054,-0.05599097878177144,1225.3333333333333,0.3903555960164418
28,Colchester,2019,1,-657.5992612326833,-669.5229945516494,-0.005638913665070259,-0.018464849295073082,1868.0,0.16329350437281165
28,Colchester,2020,2,-665.2240893083203,-685.7715924412367,-0.011343210230889108,-0.03714379752488883,1868.0,0.22165359425286876
28,Colchester,2021,3,-501.57620718792697,-541.272837874688,-0.01564422620752558,-0.05122764709971728,1868.0,0.23577286933903885
28,Colchester,2022,4,-550.3226946694587,-641.3330499814616,-0.020363243314316184,-0.06668025816512797,1868.0,0.23421745146092007
28,Colchester,2023,5,-290.5081280472885,-352.52368833290694,-0.017215436847251426,-0.05637263945047208,1868.0,0.22846729416622905
28,Colchester,2024,6,-281.5500867832358,-351.7391442601653,-0.013925432275598828,-0.04559938733065799,1868.0,0.24121342618460323
28,Colchester,2025,7,-32.47595824735073,-41.640878013673984,-0.009902897640933385,-0.03242743609590118,1868.0,0.25524769101595296
30,Columbia,2019,1,-256.5097331803471,-261.16082364299194,-0.0021995709620214756,-0.007201142104125502,609.6666666666667,0.14265335235378032
30,Columbia,2020,2,-202.49940397087846,-208.7542242703533,-0.003936003351071759,-0.01288602183915591,609.6666666666667,0.20430107526881722
30,Columbia,2021,3,-316.47540223648923,-341.5224578663011,-0.006649779925249654,-0.021770613919577773,609.6666666666667,0.2435287476816386
30,Columbia,2022,4,-315.8166032318654,-368.0451984760168,-0.009357907297962898,-0.0306367111647685,609.6666666666667,0.23445895340128303
30,Columbia,2023,5,-222.45489831393363,-269.9429505414198,-0.009065887088983404,-0.02968067061938635,609.6666666666667,0.2247402913765736
30,Columbia,2024,6,32.8927505368266,41.09275212226773,-0.007047399364079832,-0.02307237418638329,609.6666666666667,0.2228184970735458
30,Columbia,2025,7,289.1155840465349,370.70582107045186,-0.0018544566567029015,-0.00607127759978525,609.6666666666667,0.2360333376741763
32,Coventry,2019,1,-536.1107298414965,-545.8316065956516,-0.004597149508390833,-0.015078372839302833,1422.3333333333335,0.19086531446082008
32,Coventry,2020,2,-395.5839560539205,-407.8027898378878,-0.0079892819315532,-0.026204362390735435,1422.3333333333335,0.2444452552081433
32,Coventry,2021,3,-119.93233102604685,-129.424227539311,-0.00901770167010155,-0.02957751704337982,1422.3333333333335,0.26158025246637034
32,Coventry,2022,4,-78.70289062985967,-91.71848695122785,-0.009692578957252597,-0.03179107380020645,1422.3333333333335,0.2534586545569754
32,Coventry,2023,5,307.27619573742686,372.87128104253753,-0.002460536070413331,-0.008070409758596677,1422.3333333333335,0.22928448487828867
32,Coventry,2024,6,599.2787721420442,748.6760345018517,0.006070411823867065,0.019910584287353185,1422.3333333333335,0.236861857243051
32,Coventry,2025,7,768.6009898290201,985.5050254373992,0.01368958505019926,0.04490101246989983,1422.3333333333335,0.263059932994168
33,Cromwell,2019,1,827.4403812901318,842.4437108640624,0.007095301269562877,0.023297146637599516,1789.666666666667,0.15888758949762902
33,Cromwell,2020,2,810.266845768622,835.2944429640877,0.01404333947202881,0.04611076070369605,1789.666666666667,0.20009954701082447
33,Cromwell,2021,3,746.8165346108452,805.9224087339887,0.02044729125631681,0.06713788810964283,1789.666666666667,0.2274678319745081
33,Cromwell,2022,4,712.1251531246248,829.8938074800735,0.026553764444360466,0.08718825607790633,1789.666666666667,0.2486817903126916
33,Cromwell,2023,5,783.5032651211528,950.7598382804088,0.026177003673211467,0.08595117669265084,1789.666666666667,0.2316084598037423
33,Cromwell,2024,6,1148.704449065901,1435.0708413503585,0.02907910612148563,0.09548011756860962,1789.666666666667,0.23089032709463003
33,Cromwell,2025,7,872.9835002962296,1119.3449371659685,0.03016098785223781,0.09903243428756216,1789.666666666667,0.254844101442397
34,Danbury,2019,1,2421.156725821496,2465.0576679667183,0.02076141892391933,0.06802827293545632,10832.333333333332,0.5851119541425607
34,Danbury,2020,2,2344.6084223140406,2417.0289038889814,0.04086643614526223,0.13390573554615579,10832.333333333332,0.6687320504632096
34,Danbury,2021,3,1978.1970060719818,2134.7589698380852,0.057829475472329465,0.18948798035251244,10832.333333333332,0.5287734791368084
34,Danbury,2022,4,1777.6735121867634,2071.658658610768,0.073073025839331,0.23943603104557126,10832.333333333332,0.5477202671022685
34,Danbury,2023,5,1842.245235917531,2235.5143373945816,0.06810885981340448,0.22317010805898882,10832.333333333332,0.5266555036903303
34,Danbury,2024,6,1974.0098853855454,2466.1208802296887,0.06493097735924264,0.21275724293928108,10832.333333333332,0.48549558992884345
34,Danbury,2025,7,1705.702805495365,2187.0628700234915,0.06259433958929815,0.2051008571909089,10832.333333333332,0.5268484293748009
35,Darien,2019,1,38.08984863410081,38.780502082253186,0.0003266204520374144,0.0010695225335908872,4212.666666666667,0.020069910187151912
35,Darien,2020,2,35.78986359004055,36.89534420335936,0.0006335185323220121,0.0020744639275932547,4212.666666666667,0.024377008453522583
35,Darien,2021,3,33.04718181218006,35.662660283519976,0.0009168981163614558,0.003002393727454899,4212.666666666667,0.027700713874885815
35,Darien,2022,4,31.371270460167658,36.55933647820398,0.0011859067605573938,0.003883265714813889,4212.666666666667,0.013127539425659389
35,Darien,2023,5,37.64449242034291,45.68056461153223,0.00118208783102442,0.003870760584886374,4212.666666666667,0.018690119935349178
35,Darien,2024,6,37.95824865008785,47.42105410209183,0.0012006817329143253,0.003931646536560809,4212.666666666667,0.013325109018734673
35,Darien,2025,7,35.267310785551416,45.21996780222105,0.0012197193388609846,0.003993985402417391,4212.666666666667,0.014890393753803525
36,Deep River,2019,1,182.73693363327072,186.050359594371,0.0015669692059052966,0.004973135482446305,191.16666666666669,0.2162480955423404
36,Deep River,2020,2,201.2651872799389,207.48188498023046,0.003292818186830772,0.010450512301364472,191.16666666666669,0.34787625786963977
36,Deep River,2021,3,241.1218630043983,260.20515565070025,0.005360438162093487,0.017012577608355076,191.16666666666669,0.32824904112032827
36,Deep River,2022,4,554.2232847455799,645.87870538415,0.010112902828786833,0.032095612152962104,191.16666666666669,0.32327586206896547
36,Deep River,2023,5,211.59070978817405,256.7595541401274,0.010360323959315128,0.03288085974985178,191.16666666666669,0.3125
36,Deep River,2024,6,739.6674226359391,924.0628878775342,0.01497712312749283,0.04753332877864056,191.16666666666669,0.3496069507654117
36,Deep River,2025,7,877.954535291752,1125.7188295165395,0.02043796329235689,0.06486455512661687,191.16666666666669,0.35411365564037317
37,Derby,2019,1,3396.0360398381617,3457.613706462547,0.02912100904161223,0.09549075895494105,1172.0,0.6215135214014235
37,Derby,2020,2,3003.9673224802004,3096.75414268393,0.05488002883187995,0.1799572122359099,1172.0,0.6954413055900102
37,Derby,2021,3,2265.3824171429046,2444.6733162901805,0.07430568305888037,0.24365591383934276,1172.0,0.5566964223349119
37,Derby,2022,4,2099.0174152264926,2446.1452415295403,0.09230475739444753,0.30267671446935257,1172.0,0.5423743781460658
37,Derby,2023,5,2265.162843216162,2748.713316672617,0.08260751973341388,0.2708784830723792,1172.0,0.4526954659050339
37,Derby,2024,6,2865.9184901132885,3580.377931149177,0.08142375099586761,0.2669967846389939,1172.0,0.5474250235600644
37,Derby,2025,7,2410.9389285053694,3091.321064513922,0.08267189808080075,0.2710895862399738,1172.0,0.5603064924403092
38,Durham,2019,1,-1012.7382477477694,-1031.101438675669,-0.00868423047443712,-0.028440765782644126,1230.6666666666667,0.08384098753980217
38,Durham,2020,2,-860.989323290793,-887.583641058389,-0.016067213921655672,-0.052619960890094485,1230.6666666666667,0.14345077787341162
38,Durham,2021,3,-728.6304563417777,-786.2970157160515,-0.022315220084786418,-0.07308211702669058,1230.6666666666667,0.14911609472796122
38,Durham,2022,4,508.80995845665797,592.9550892207806,-0.017952174691020572,-0.05879318808722902,1230.6666666666667,0.14228949060362364
38,Durham,2023,5,527.6918109290675,640.3396171466335,-0.004742986937866699,-0.015533233601650874,1230.6666666666667,0.15457508652844518
38,Durham,2024,6,726.5372491576853,907.6594264686083,0.008870053420879003,0.029049334027389722,1230.6666666666667,0.13687564511062245
38,Durham,2025,7,728.0174892015278,933.468605568707,0.02136080955391285,0.0699564323216421,1230.6666666666667,0.13978130988614587
39,Eastford,2019,1,-1093.4154436351982,-1113.2414910858995,-0.009376037429171823,-0.03135901781232141,167.0,0.1620745542949757
39,Eastford,2020,2,-478.97454725892396,-493.76915732877745,-0.013483244171917094,-0.04509594776568361,167.0,0.24621878297572988
39,Eastford,2021,3,-843.4294051358645,-910.1815858139412,-0.020715651320957134,-0.06928539734137075,167.0,0.30885563661536825
39,Eastford,2022,4,-679.8916186684344,-792.3296089385475,-0.02654572195103896,-0.08878460370833774,167.0,0.2569832402234637
39,Eastford,2023,5,-402.4060821881736,-488.30880311024714,-0.02062031667663072,-0.0689665418726136,167.0,0.23882254929186336
39,Eastford,2024,6,-335.4420000131459,-419.0660474716202,-0.01938952508399817,-0.06485004641617122,167.0,0.25799793601651183
39,Eastford,2025,7,-294.0454262899925,-377.0268958151277,-0.01467855746539482,-0.049093782794034556,167.0,0.23303233323623654
40,East Granby,2019,1,427.8350804859848,435.5926795359756,0.0036686858151673183,0.012025672939444352,784.6666666666667,0.0809079927980491
40,East Granby,2020,2,-7.949970294097281,-8.19552971106669,0.003600514819895434,0.011802213604304012,784.6666666666667,0.1340178084681083
40,East Granby,2021,3,103.60100571122219,111.800379612055,0.004488893443869164,0.014714251133964875,784.6666666666667,0.12036479792602195
40,East Granby,2022,4,361.29881362443166,421.049090544257,0.007587030770698666,0.024869709543596172,784.6666666666667,0.109772075400432
40,East Granby,2023,5,271.645537527439,329.63444930793804,0.006247705439829136,0.02047950302278635,784.6666666666667,0.158523601088371
40,East Granby,2024,6,555.4218115434769,693.8857484570514,0.011078618469086332,0.03631486833222969,784.6666666666667,0.13313926592875922
40,East Granby,2025,7,510.3484580405004,654.3720041721847,0.01456647787280989,0.04774780605465278,784.6666666666667,0.1277438559893117
41,East Haddam,2019,1,-65.2606164464327,-66.44393618629972,-0.0005596097860281603,-0.0018366614736417956,859.3333333333335,0.12475427188870408
41,East Haddam,2020,2,253.36441329460686,261.19035670166767,0.0016129900579730926,0.0052938972312706264,859.3333333333335,0.2654030265596047
41,East Haddam,2021,3,407.44139589436463,439.68784296966817,0.005106800027767269,0.016760719877977632,859.3333333333335,0.25640776604733834
41,East Haddam,2022,4,-11.728022019265005,-13.66755942417141,0.005006232238952071,0.016430652413437392,859.3333333333335,0.21237864077669902
41,East Haddam,2023,5,158.81164071249611,192.71359362811512,0.006927651844089886,0.02273682762974977,859.3333333333335,0.2545469474894281
41,East Haddam,2024,6,276.73296379880424,345.72113611213575,0.007128037164663378,0.023394500185465534,859.3333333333335,0.25718267142095985
41,East Haddam,2025,7,480.4704006076211,616.0621709296332,0.0077542608800795524,0.025449791212716864,859.3333333333335,0.2698250684668479
42,East Hampton,2019,1,-384.82680806269127,-391.80457173098847,-0.0032998898791375773,-0.010842890894079863,1556.3333333333333,0.11958557238234815
42,East Hampton,2020,2,-88.64009404804155,-91.37801746276322,-0.004059978685599533,-0.013340416660131273,1556.3333333333333,0.19311761684643042
42,East Hampton,2021,3,-47.292840944718726,-51.035774549236436,-0.004465514796700497,-0.014672941067711321,1556.3333333333333,0.20110581668063973
42,East Hampton,2022,4,233.85784495362736,272.53240038789386,-0.0024601837762231425,-0.008083755895498106,1556.3333333333333,0.20894834689711705
42,East Hampton,2023,5,647.7027515267837,785.969619667326,0.006393757197256605,0.021008825819123916,1556.3333333333333,0.2143262497314035
42,East Hampton,2024,6,1095.8091173728105,1368.9889625711505,0.01655040918519041,0.05438189988760989,1556.3333333333333,0.1984947944041242
42,East Hampton,2025,7,856.152076822643,1097.7635800795372,0.02429744935504554,0.07983738912828311,1556.3333333333333,0.2101409978308026
43,East Hartford,2019,1,3258.695649939904,3317.783030641522,0.02794331519823468,0.09145650178223415,5194.666666666666,0.688501335732132
43,East Hartford,2020,2,2911.579108205321,3001.5122327104605,0.052910106051095314,0.1731710491053652,5194.666666666666,0.6247252394430202
43,East Hartford,2021,3,2638.316180830271,2847.12246303513,0.07553366730171489,0.24721637104227293,5194.666666666666,0.6396853812423844
43,East Hartford,2022,4,2592.590165362875,3021.343248623961,0.09776512796970153,0.3199783753992877,5194.666666666666,0.6291533464728791
43,East Hartford,2023,5,2919.233425163966,3542.4101248416405,0.09485423939224787,0.3104512421839491,5194.666666666666,0.6697266980309271
43,East Hartford,2024,6,3065.911547827755,3830.2282784964996,0.09617764006201025,0.31478263933042583,5194.666666666666,0.6780648897296658
43,East Hartford,2025,7,2818.6007811879267,3614.027657159806,0.09772358051007714,0.31984239349133475,5194.666666666666,0.6246300292457561
44,East Haven,2019,1,711.4213131653588,724.3209596760792,0.006100437760392951,0.02002644703973963,2331.3333333333335,0.4447868981250661
44,East Haven,2020,2,889.0360410223311,916.4966683985525,0.013723921812159437,0.045052732958468046,2331.3333333333335,0.572737686139748
44,East Haven,2021,3,772.5649626066602,833.708664326621,0.020348666366511548,0.06680036832176865,2331.3333333333335,0.5542213190467393
44,East Haven,2022,4,930.9615925458739,1084.9206172056108,0.028331662022592415,0.09300685480753146,2331.3333333333335,0.5117870455697736
44,East Haven,2023,5,1164.6567982726585,1413.2792529035198,0.03221815630738751,0.10576539362420913,2331.3333333333335,0.3320983685355523
44,East Haven,2024,6,1590.0715733590748,1986.4686277164278,0.03822953599717508,0.12549948185225507,2331.3333333333335,0.5189497231193713
44,East Haven,2025,7,1776.2317144874821,2277.4954809232127,0.046835978394553134,0.15375261214245892,2331.3333333333335,0.5335893874999597
45,East Lyme,2019,1,-381.2242852344709,-388.1367271726332,-0.003268998245885588,-0.010726182538918196,2025.6666666666665,0.14909852736531434
45,East Lyme,2020,2,-428.1178133161361,-441.3415558891347,-0.006940108495071456,-0.022771768278470536,2025.6666666666665,0.2271003884306473
45,East Lyme,2021,3,-309.80927528785537,-334.3287485168301,-0.009596723030664816,-0.03148860759772757,2025.6666666666665,0.23613626428526824
45,East Lyme,2022,4,-377.1520261144079,-439.5240493578444,-0.012830801654595863,-0.04210021245531913,2025.6666666666665,0.23476657378900254
45,East Lyme,2023,5,-427.9073318621696,-519.2538739163626,-0.01323110877942838,-0.04341369351881841,2025.6666666666665,0.22502088337683207
45,East Lyme,2024,6,-236.68286026396612,-295.68673794936535,-0.011589554057006023,-0.038027451533988156,2025.6666666666665,0.24159752836451784
45,East Lyme,2025,7,90.49669014899965,116.03542554262137,-0.00815693040338499,-0.026764384035408616,2025.6666666666665,0.2553758931866215
46,Easton,2019,1,1.3838764853931946,1.4089692358431956,1.186674086224664e-05,3.888509275775505e-05,1160.0000000000002,0.024543829911258714
46,Easton,2020,2,1.9257319391345034,1.9852141251955437,2.8379892240325003e-05,9.299560469303134e-05,1160.0000000000002,0.0817908219580564
46,Easton,2021,3,6.86030070052484,7.403250743621338,8.720697074732552e-05,0.0002857609503735789,1160.0000000000002,0.10752097443826177
46,Easton,2022,4,104.49040398744455,121.77064499095957,0.0009832121849396623,0.003221802637788077,1160.0000000000002,0.10240491543594092
46,Easton,2023,5,100.3806968842585,121.80923728683479,0.001832109919859932,0.006003481916657355,1160.0000000000002,0.10591106540392024
46,Easton,2024,6,85.67601860849366,107.03463036816902,0.0025502686280496865,0.008356753830733785,1160.0000000000002,0.09315861601712272
46,Easton,2025,7,53.893195021923,69.10219377000546,0.0029535756968556755,0.009678315745873653,1160.0000000000002,0.09602623155593723
47,East Windsor,2019,1,-233.7238794471545,-237.96181183713017,-0.0020041822662593494,-0.006565914169815856,908.0000000000001,0.4081177711282399
47,East Windsor,2020,2,98.31344881782125,101.35016370842668,-0.0011611444426465325,-0.0038040326359165717,908.0000000000001,0.4954333965190419
47,East Windsor,2021,3,262.58926317087247,283.3715667431335,0.0010905584890436983,0.0035727855478880828,908.0000000000001,0.5163724613163512
47,East Windsor,2022,4,456.9409298777691,532.5081503242217,0.005008826962745568,0.016409449620681884,908.0000000000001,0.455880772399957
47,East Windsor,2023,5,841.9271681831593,1021.6556508439394,0.014232534696175504,0.04662729673206369,908.0000000000001,0.4797800477048852
47,East Windsor,2024,6,779.5777001909045,973.9226021285796,0.020074375651699696,0.06576578875119389,908.0000000000001,0.495809991629182
47,East Windsor,2025,7,737.3448238441201,945.4281727379554,0.024145404584472792,0.0791029123279406,908.0000000000001,0.5196092831962398
48,Ellington,2019,1,407.7067366869289,415.0993642143506,0.003496085267090415,0.011458155068280145,2308.333333333333,0.0821071752951862
48,Ellington,2020,2,760.2113905317838,783.6928702010969,0.01001489794090046,0.03282307061559129,2308.333333333333,0.1327239488117002
48,Ellington,2021,3,696.1157867475478,751.2090126736092,0.015984090812260682,0.052386648825867535,2308.333333333333,0.14707462277396816
48,Ellington,2022,4,702.5290373413213,818.710721151101,0.022008277307462513,0.07213046447934214,2308.333333333333,0.15721055937268036
48,Ellington,2023,5,953.1447186657751,1156.61511434336,0.026685408002931114,0.08745940662150364,2308.333333333333,0.1400044494564759
48,Ellington,2024,6,1380.4383643343608,1724.5748865589815,0.03200385430328821,0.10489021215861483,2308.333333333333,0.16028867448235276
48,Ellington,2025,7,933.4480758913081,1196.8729964560628,0.03403897868269596,0.11156017840400285,2308.333333333333,0.1805402046122319
49,Enfield,2019,1,1143.9332957091965,1164.6753438787064,0.009809228010706359,0.03220517151172268,4007.666666666667,0.3741732124438289
49,Enfield,2020,2,1155.8152799358993,1191.5162090923423,0.019720344036156693,0.06474485670650353,4007.666666666667,0.44046645819509567
49,Enfield,2021,3,1069.8468330733074,1154.5185420086555,0.02889428062976031,0.0948642709062962,4007.666666666667,0.46634830622295176
49,Enfield,2022,4,1062.6854665644507,1238.4285039382275,0.03800680850555046,0.12478207104560028,4007.666666666667,0.46488123359071865
49,Enfield,2023,5,1141.7279059406796,1385.4556675581157,0.03798789728828544,0.12471998267382924,4007.666666666667,0.44150459702815187
49,Enfield,2024,6,1247.1099590779852,1558.0083629742965,0.03877074916192882,0.12729020316737277,4007.666666666667,0.4495737004295403
49,Enfield,2025,7,1458.067188218562,1869.5429233501582,0.04209973870729938,0.13821977674363936,4007.666666666667,0.4770820220259549
50,Essex,2019,1,9.53850493885356,9.711459192085739,8.179267985066927e-05,0.0002611997874598192,296.1666666666667,0.10579829623522946
50,Essex,2020,2,4.504919429060225,4.6440677966101696,0.00012042236395486068,0.00038456125814492715,296.1666666666667,0.18275607958732498
50,Essex,2021,3,2.4754195187935975,2.6713335454641878,0.00014164908632851577,0.00045234746325019897,296.1666666666667,0.19091776898949953
50,Essex,2022,4,239.01310682871545,278.5402206246901,0.0021911864773847506,0.00699741643411924,296.1666666666667,0.18591968269707485
50,Essex,2023,5,203.02088523540436,246.36030582988215,0.0038502978884276734,0.012295684552094668,296.1666666666667,0.20707231602421156
50,Essex,2024,6,145.50592183140049,181.7798353909465,0.0050593814840277414,0.016156817098044715,296.1666666666667,0.2246227709190672
50,Essex,2025,7,77.89857439654106,99.88204225352112,0.005706135037104426,0.018222183961081065,296.1666666666667,0.22887323943661972
51,Fairfield,2019,1,18.713578629453462,19.05289732120934,0.00016046893674756342,0.0005260009459757493,8235.0,0.09971928270266316
51,Fairfield,2020,2,20.244799053097626,20.870122276736915,0.0003340680886278755,0.0010950414092604195,8235.0,0.15771411139639524
51,Fairfield,2021,3,18.31941532803453,19.769282874088017,0.0004911570750657717,0.0016099632199451262,8235.0,0.1606022844201306
51,Fairfield,2022,4,19.48449738833178,22.70677233276772,0.0006582366401707168,0.0021576331371246102,8235.0,0.15474957261154998
51,Fairfield,2023,5,26.723910302498115,32.42873612465983,0.0007269252342670745,0.002382787401898394,8235.0,0.15001234075880174
51,Fairfield,2024,6,31.526416065604508,39.38579716028675,0.0008236651001493209,0.0026998908986809347,8235.0,0.17125885407207186
51,Fairfield,2025,7,33.38369069962976,42.804778275723606,0.0009528412614607501,0.003123317291504962,8235.0,0.1639499152871754
52,Farmington,2019,1,-99.59537546660115,-101.40126055023092,-0.0008540303446261049,-0.002798069056601243,3829.333333333333,0.09104785368074339
52,Farmington,2020,2,-84.306201106999,-86.91025883613435,-0.0015769560191186216,-0.005166598433511935,3829.333333333333,0.1430196811791506
52,Farmington,2021,3,-65.83750719010257,-71.04813554688835,-0.0021415126432737515,-0.007016261540552126,3829.333333333333,0.1547405776656139
52,Farmington,2022,4,-57.22686704214654,-66.69083709707357,-0.0026322330281601572,-0.008624014160858888,3829.333333333333,0.1648208872115325
52,Farmington,2023,5,127.91299239796827,155.21892681257714,-0.0006813487737214745,-0.0022323105174183364,3829.333333333333,0.15739756327064314
52,Farmington,2024,6,427.16859541010024,533.6596337831844,0.0037045476064126504,0.012137250264506112,3829.333333333333,0.14450796621486606
52,Farmington,2025,7,213.84828569163116,274.19761751433276,0.006102853280373519,0.019994845649502657,3829.333333333333,0.1743811639400013
53,Franklin,2019,1,-954.3149841586207,-971.6188317208437,-0.008183250989160172,-0.0281820720143795,108.0,0.1659717443225519
53,Franklin,2020,2,-1584.1475280538034,-1633.0788232652144,-0.021767316042221534,-0.07496385838271866,108.0,0.19761958230406468
53,Franklin,2021,3,-1448.9178471616092,-1563.5906642728903,-0.034191786581632334,-0.1177521492399867,108.0,0.21543985637342908
53,Franklin,2022,4,-1618.625004705424,-1886.3072904298265,-0.04807149599698134,-0.16555209706025642,108.0,0.1947280930895274
53,Franklin,2023,5,-864.7275897916701,-1049.323340471092,-0.04730328409028474,-0.16290647329709607,108.0,0.17558886509635974
53,Franklin,2024,6,-441.68285004256694,-551.7922209982205,-0.03750664947633839,-0.12916811398800035,108.0,0.18218795017371409
53,Franklin,2025,7,-157.70692067144674,-202.21280602636534,-0.02643451578168525,-0.09103709863128133,108.0,0.2589453860640301
54,Glastonbury,2019,1,-340.5838624029869,-346.7594033250131,-0.0029205066201056116,-0.009573716880203443,5097.666666666667,0.0827611777246635
54,Glastonbury,2020,2,-277.2798309470266,-285.84447598416375,-0.005298181170476364,-0.017367975185185965,5097.666666666667,0.12433289343724842
54,Glastonbury,2021,3,-156.88124855239673,-169.2974216009104,-0.006643437876813166,-0.021777863096071028,5097.666666666667,0.13147882534359576
54,Glastonbury,2022,4,26.313386508116572,30.664998169351332,-0.006417800587506068,-0.021038201179001098,5097.666666666667,0.13596648795639446
54,Glastonbury,2023,5,75.88454520747084,92.08382548129026,-0.002846583992246392,-0.009331391009310805,5097.666666666667,0.11289685680538426
54,Glastonbury,2024,6,447.31737546446,558.8314060073682,0.0033668370527321044,0.011036833302391254,5097.666666666667,0.12987104033538627
54,Glastonbury,2025,7,222.3538190854567,285.10346595138117,0.006618777757726697,0.021697024724830687,5097.666666666667,0.12744533543050543
55,Goshen,2019,1,0.1568547294048672,0.15969885359037242,1.3450293046467362e-06,4.407515617649499e-06,1335.0,0.10836707922203843
55,Goshen,2020,2,-2.112958427142328,-2.1782236822634586,-1.677358920809872e-05,-5.4965238410288364e-05,1335.0,0.20124892716564563
55,Goshen,2021,3,9.21917181479539,9.948811804741343,6.228080910377173e-05,0.00020408747813626096,1335.0,0.2487917870113529
55,Goshen,2022,4,953.7774169264236,1111.5096392095245,0.008240922159247852,0.027004610974077258,1335.0,0.22360548739952862
55,Goshen,2023,5,763.2623536485809,926.1980443798626,0.014784551812479788,0.0484473779034633,1335.0,0.22704568159113614
55,Goshen,2024,6,556.7910394108155,695.5963181246276,0.019577153593940272,0.06415221580400991,1335.0,0.26157208131911797
55,Goshen,2025,7,248.65216472569247,318.8233702087351,0.02163029150815122,0.07088012678023194,1335.0,0.26387902161778143
56,Granby,2019,1,19.129627072881924,19.476489645812354,0.00016403655214996244,0.0005377307416331876,1547.3333333333335,0.05636793485399063
56,Granby,2020,2,-46.74175007747487,-48.18551357250034,-0.00023677395476438443,-0.0007761723385802368,1547.3333333333335,0.09657618333105988
56,Granby,2021,3,80.2634186375348,86.61576797478581,0.00045148486005247617,0.0014800194557261033,1547.3333333333335,0.1029731359586742
56,Granby,2022,4,-30.560901082604584,-35.61495117562026,0.000189425133269142,0.0006209574394349669,1547.3333333333335,0.09617370268755347
56,Granby,2023,5,451.98367628839463,548.4698610756778,0.0039011486052921633,0.0127884151748523,1547.3333333333335,0.11480390565206298
56,Granby,2024,6,545.318373440489,681.263572726143,0.008978064164458704,0.029431130064055233,1547.3333333333335,0.127812919755972
56,Granby,2025,7,626.8791655603261,803.7884106018865,0.013665294194321637,0.044796410833059255,1547.3333333333335,0.13803925270031914
57,Greenwich,2019,1,108.93070781011596,110.90586317713888,0.0009340808194717443,0.0030616422093582936,7389.0,0.1490265961221545
57,Greenwich,2020,2,100.77435222372938,103.88707972610788,0.0017982208897902236,0.005894039212843634,7389.0,0.20351674229129682
57,Greenwich,2021,3,87.14273543516752,94.03953982108185,0.0025454698461467844,0.00834330152290158,7389.0,0.20867734852746375
57,Greenwich,2022,4,76.09447444020134,88.67870042826902,0.003197979964471512,0.010482037784958816,7389.0,0.22018942578417014
57,Greenwich,2023,5,71.042825355468,86.20853052284812,0.0028730913724229054,0.0094171485312457,7389.0,0.1790371382703819
57,Greenwich,2024,6,65.42275985283055,81.73233341423034,0.0025699514678424484,0.008423545078678018,7389.0,0.18802548015580284
57,Greenwich,2025,7,48.52806495212785,62.22299023543204,0.0022388306684503825,0.007338228482209919,7389.0,0.1977634015305063
58,Griswold,2019,1,816.9727001573045,831.7862274524706,0.007005540903848884,0.02291668567173123,1432.3333333333335,0.3883103157544739
58,Griswold,2020,2,1024.0080937198754,1055.6377503303547,0.015786410307496817,0.05164086654652501,1432.3333333333335,0.4821065461500866
58,Griswold,2021,3,879.6220667530843,949.2386710246258,0.023329169529904516,0.07631491307196912,1432.3333333333335,0.5033078849547327
58,Griswold,2022,4,748.7934734483298,872.6262005626879,0.029750073564723933,0.09731912124288493,1432.3333333333335,0.5096530090870872
58,Griswold,2023,5,1193.2557403427313,1447.9832889273248,0.032976700634313974,0.10787413752907474,1432.3333333333335,0.48327303018548784
58,Griswold,2024,6,1470.0441110852496,1836.5189070458807,0.03680145948322204,0.1203857761753416,1432.3333333333335,0.4992646733950629
58,Griswold,2025,7,1836.9204418460524,2355.3109490148895,0.045010293049644254,0.14723870033283248,1432.3333333333335,0.531408231814308
59,Groton,2019,1,-639.4693608069232,-651.0643588147046,-0.005483449768919365,-0.017938576099987037,3571.666666666667,0.45131822531644517
59,Groton,2020,2,-510.5083379896916,-526.2769667011534,-0.009861058767180969,-0.032259500966739206,3571.666666666667,0.5036764549352203
59,Groton,2021,3,-507.0362354907901,-547.1649933876777,-0.014208894486514495,-0.04648302542821645,3571.666666666667,0.5030467710180425
59,Groton,2022,4,-891.5762476079203,-1039.0218679112515,-0.02185416080975241,-0.07149377550774147,3571.666666666667,0.5373116879905218
59,Groton,2023,5,-750.6670635910946,-910.9140034942146,-0.022807681111126677,-0.07461312504314455,3571.666666666667,0.4686039844882149
59,Groton,2024,6,-569.3027177906167,-711.227096636722,-0.023311842917919615,-0.07626244168120769,3571.666666666667,0.45925734505731647
59,Groton,2025,7,89.485310482518,114.73862817034033,-0.018196670661198497,-0.059528649878858884,3571.666666666667,0.546102565385604
60,Guilford,2019,1,-495.43197625391684,-504.4152569703011,-0.004248329196377336,-0.013948500058643272,2739.333333333333,0.08648743733325515
60,Guilford,2020,2,-442.3909236902363,-456.0555354152123,-0.008041831367021112,-0.02640367073958037,2739.333333333333,0.12553592454661758
60,Guilford,2021,3,-374.498985437659,-404.1382460414129,-0.01125316016714904,-0.036947396963787175,2739.333333333333,0.1348964677222899
60,Guilford,2022,4,-362.717413129114,-422.7022928487459,-0.014363461984731192,-0.04715942222819881,2739.333333333333,0.13061942278958485
60,Guilford,2023,5,-338.1294579766057,-410.31087309377017,-0.013014592890503251,-0.042730692774750535,2739.333333333333,0.12324385448331285
60,Guilford,2024,6,-322.57557925200945,-402.9920910402105,-0.011987176311945453,-0.03935738540052802,2739.333333333333,0.12235905726467278
60,Guilford,2025,7,-313.572353225859,-402.0644444018479,-0.011464730440729268,-0.03764204369124829,2739.333333333333,0.13609614905403591
61,Haddam,2019,1,283.27842130651953,288.41488746425983,0.002429112462703405,0.007956012603675762,1618.0,0.09286336865942768
61,Haddam,2020,2,353.6132286946123,364.53566677408423,0.005461345898759706,0.017887412571753976,1618.0,0.15534237293737554
61,Haddam,2021,3,203.11846258100988,219.1940229429072,0.007203086715391864,0.02359209364446146,1618.0,0.15207114284769743
61,Haddam,2022,4,1243.4612048885233,1449.1002729657866,0.017865766547310955,0.05851530796007039,1618.0,0.17844365332461729
61,Haddam,2023,5,1058.851490626627,1284.8873984404822,0.024516305616730873,0.08029765582166606,1618.0,0.15540651071486997
61,Haddam,2024,6,1704.444483839075,2129.354144529471,0.03609968362959465,0.11823641035793035,1618.0,0.1705494191497531
61,Haddam,2025,7,937.0138814850823,1201.4450948255678,0.04239283684669706,0.13884822108340308,1618.0,0.16764223835167408
62,Hamden,2019,1,2061.5697216374706,2098.9505537466516,0.01767796036304131,0.058022959435779425,4710.333333333333,0.4082325307720734
62,Hamden,2020,2,2120.021478025002,2185.504897314376,0.0358571445371057,0.11769104581256278,4710.333333333333,0.466824644549763
62,Hamden,2021,3,1964.0729607825967,2119.5170943932403,0.052699070175816466,0.17296995514864008,4710.333333333333,0.47561266959222426
62,Hamden,2022,4,1892.6416343501032,2205.639788503916,0.06892847219036861,0.22623842704351133,4710.333333333333,0.435263053073182
62,Hamden,2023,5,2486.971983510367,3017.8726574733546,0.07257629658592869,0.23821139013346906,4710.333333333333,0.4071008233570743
62,Hamden,2024,6,2725.4674671906114,3404.9131562037446,0.07776799594302379,0.2552516908815847,4710.333333333333,0.42422866788362
62,Hamden,2025,7,2300.2865688285046,2949.441912676874,0.08065102763201744,0.2647144358650092,4710.333333333333,0.47852001620047774
64,Hartford,2019,1,2343.1232300729152,2385.6092518432138,0.02009228169787524,0.06586012611679995,13911.66666666667,0.8444862582601388
64,Hartford,2020,2,2653.763710736368,2735.7334094240277,0.04284830551743959,0.14045168426879917,13911.66666666667,0.8812375468555277
64,Hartford,2021,3,2183.6242441176023,2356.4444934340067,0.06157288341074802,0.20182863886662114,13911.66666666667,0.8912815836544098
64,Hartford,2022,4,2618.763501802293,3051.8450357562633,0.08402878043870267,0.27543641684652903,13911.66666666667,0.9083825341121616
64,Hartford,2023,5,2785.2855327742045,3379.8680115209017,0.08782032218436625,0.2878646428340694,13911.66666666667,0.8675454840710111
64,Hartford,2024,6,3331.0719014275096,4161.491809374778,0.09362823991954278,0.30690231114205324,13911.66666666667,0.8840308064665205
64,Hartford,2025,7,3601.4348709669484,4617.782452912228,0.1057859660447759,0.3467539013169035,13911.66666666667,0.8619511073152452
65,Hartland,2019,1,-1522.0895947236083,-1549.688455435582,-0.01305191827475494,-0.0455840784269718,21.0,0.08127249506559851
65,Hartland,2020,2,-1229.8534216858598,-1267.8412478053162,-0.02359791136571119,-0.08241616441070651,21.0,0.23273855702094648
65,Hartland,2021,3,-1320.6831771390061,-1425.2070193504098,-0.03492276960967817,-0.12196845208981562,21.0,0.22739949371433477
65,Hartland,2022,4,-1165.3378922732543,-1358.0572125223148,-0.04491554203592132,-0.15686840414221243,21.0,0.20028736883354378
65,Hartland,2023,5,-592.9524292663699,-719.5315971913608,-0.0369481908421255,-0.1290422751374294,21.0,0.19998222380232866
65,Hartland,2024,6,-1207.6795434470405,-1508.7481378743516,-0.03675804983622763,-0.12837820397619662,21.0,0.19006523860892793
65,Hartland,2025,7,-1761.6453844743255,-2258.7927967985775,-0.04053930076412799,-0.14158429638506947,21.0,0.1611827478879502
66,Harwinton,2019,1,-358.43121767433325,-364.9303707371418,-0.0030735476915574075,-0.010078426052864325,1931.0,0.0866497493346537
66,Harwinton,2020,2,-246.32857084177337,-253.9371904970852,-0.005185815186525614,-0.017004732031581375,1931.0,0.16548611546417602
66,Harwinton,2021,3,-552.9256504172704,-596.6862694962924,-0.00992715263885371,-0.032551983514362635,1931.0,0.17770391204295574
66,Harwinton,2022,4,585.2611232192946,682.0494681129801,-0.004908538507248257,-0.01609551805843993,1931.0,0.17030865167950532
66,Harwinton,2023,5,580.8524959049298,704.8486581430498,0.003145819336693923,0.010315410965520147,1931.0,0.19334722165488885
66,Harwinton,2024,6,838.2957373657352,1047.2787583439124,0.012446472779573309,0.04081304997234507,1931.0,0.19383813150961682
66,Harwinton,2025,7,549.4180957188563,704.4673394417937,0.0218990704026906,0.071808926956377,1931.0,0.21815929851229432
67,Hebron,2019,1,-753.9426618920182,-767.6133147776986,-0.0064650583257240555,-0.02060054569314883,709.5,0.08722923977386986
67,Hebron,2020,2,-767.1363773863735,-790.8317566894747,-0.013043252761812207,-0.04156159325552707,709.5,0.15150006401411156
67,Hebron,2021,3,-537.1440026399875,-579.6556026577673,-0.017649262584450102,-0.05623838517816103,709.5,0.14431315955623703
67,Hebron,2022,4,-393.59926615054616,-458.6912738214644,-0.021024376291691033,-0.06699299567702344,709.5,0.15245737211634905
67,Hebron,2023,5,-446.15822830359485,-541.4008388641587,-0.018385124773670304,-0.05858316876542952,709.5,0.16632651421408715
67,Hebron,2024,6,-544.8137636813633,-680.6331662258714,-0.016478708361149837,-0.05250847980863682,709.5,0.1610547507204042
67,Hebron,2025,7,-250.67050694203837,-321.4113012985765,-0.014022198135539924,-0.04468094777431495,709.5,0.1785342577618369
68,Kent,2019,1,41.586418020613,42.34047202797203,0.00035660353452675645,0.001176274316353629,141.0,0.17846736596736595
68,Kent,2020,2,39.41324790936569,40.63064795231686,0.0006945721353495673,0.002291080386375955,141.0,0.29225149009805806
68,Kent,2021,3,28.636865800879416,30.90329524755754,0.000940133259592108,0.003101075845127502,141.0,0.2690842854777281
68,Kent,2022,4,79.82377225516446,93.02473588187874,0.0016246221066801433,0.005358896008712423,141.0,0.2673002673002673
68,Kent,2023,5,75.17933338711019,91.2280701754386,0.0019126813559478568,0.006309073625295457,141.0,0.2738553701326487
68,Kent,2024,6,56.004039464332664,69.96557216998099,0.0020549473935316982,0.006778345154870598,141.0,0.30830892554339445
68,Kent,2025,7,45.96264098313427,58.93358747993579,0.002203515915719534,0.00726840574022089,141.0,0.2959470304975923
69,Killingly,2019,1,-67.97855039346808,-69.21115230482395,-0.0005829160696239889,-0.001910410505792213,2000.4999999999998,0.40588903413839655
69,Killingly,2020,2,-589.5927297351346,-607.8041244457108,-0.005638673727102768,-0.018479815685884724,2000.4999999999998,0.5079871066550318
69,Killingly,2021,3,-452.26139434509184,-488.0550649536941,-0.00951681518361193,-0.031189779551253044,2000.4999999999998,0.5168503061654458
69,Killingly,2022,4,-640.5389856087593,-746.4689812933046,-0.015009436985207045,-0.04919093433307144,2000.4999999999998,0.4849183767995387
69,Killingly,2023,5,159.92940854078915,194.06997439507794,-0.013055126237345786,-0.04278600576984774,2000.4999999999998,0.4814282992476521
69,Killingly,2024,6,760.2514270431742,949.7783837538417,-0.001480212592971788,-0.004851150681509472,2000.4999999999998,0.5183795240088017
69,Killingly,2025,7,622.8001458999629,798.5582659268971,0.007738440114629557,0.025361450925462374,2000.4999999999998,0.5108220787645908
70,Killingworth,2019,1,-1091.1553246661967,-1110.9403911465042,-0.009356656909012636,-0.0306456293973013,1618.0,0.04333060077292423
70,Killingworth,2020,2,-365.5216351914747,-376.8119012310807,-0.012491004930779532,-0.04091148276900186,1618.0,0.08356283689946567
70,Killingworth,2021,3,-563.7806459572056,-608.4003702786216,-0.017325423969862565,-0.056745537139456514,1618.0,0.0899620594792631
70,Killingworth,2022,4,834.7923503242255,972.8472572918231,-0.010167079565832337,-0.03329998689246072,1618.0,0.09554096660160782
70,Killingworth,2023,5,729.494149941638,885.2212503770089,0.005444989678929846,0.017833841445215836,1618.0,0.07037499820471943
70,Killingworth,2024,6,721.107737338274,900.8763639487928,0.014762836548372444,0.048352357269675496,1618.0,0.08878196866855687
70,Killingworth,2025,7,690.3807554284135,885.2105487026797,0.025517270565254126,0.08357609182187731,1618.0,0.10775556500779811
71,Lebanon,2019,1,-1236.9680540356608,-1259.3970287470281,-0.010607001063355787,-0.03488041148906821,759.6666666666666,0.19829116618045534
71,Lebanon,2020,2,-873.4277609072727,-900.4062782851971,-0.01809664411313565,-0.05950960025997148,759.6666666666666,0.265366576154036
71,Lebanon,2021,3,-974.0375615626867,-1051.1265637965987,-0.026449016203535694,-0.08697581560989165,759.6666666666666,0.3025178306950557
71,Lebanon,2022,4,-852.160122660636,-993.0872483221476,-0.03375628925535064,-0.11100529287569734,759.6666666666666,0.28859060402684567
71,Lebanon,2023,5,-647.9194200898726,-786.232541057923,-0.028705197219265514,-0.09439511553759262,759.6666666666666,0.3075757749647091
71,Lebanon,2024,6,-636.8530061883089,-795.6173410404624,-0.026676568697550394,-0.0877241067224491,759.6666666666666,0.28901734104046245
71,Lebanon,2025,7,-642.5812553806344,-823.9217289719626,-0.0238343308720393,-0.07837759828792873,759.6666666666666,0.29906542056074764
72,Ledyard,2019,1,-11.897154161810695,-12.112875957504539,-0.00010201809693752672,-0.0003344332010344271,2114.0,0.21205986099225646
72,Ledyard,2020,2,170.02399632536716,175.2757132329719,0.0013559376715524965,0.004445001323423656,2114.0,0.2779239919991578
72,Ledyard,2021,3,142.54074980426478,153.82196175512163,0.002578224601124067,0.008451872091553004,2114.0,0.2572393294094863
72,Ledyard,2022,4,318.03857918462614,370.63463668849226,0.005305405417632236,0.017392048762590415,2114.0,0.28708010224534575
72,Ledyard,2023,5,670.8456347638706,814.0528771384137,0.011159924832669952,0.036584189444142844,2114.0,0.20902021772939347
72,Ledyard,2024,6,1439.2657938548614,1798.0677060959072,0.022043673246485363,0.07226302418573415,2114.0,0.24006266899148407
72,Ledyard,2025,7,1493.8911226420448,1915.4765974833851,0.03363150269356933,0.11024995994873366,2114.0,0.32145626777182024
73,Lisbon,2019,1,-1703.3469367346559,-1734.23239512953,-0.014606199982499672,-0.04802959150981668,522.6666666666666,0.2167865014271778
73,Lisbon,2020,2,-1428.8282902602775,-1472.9620705042391,-0.026858402571481553,-0.08831852950528352,522.6666666666666,0.35519857206604194
73,Lisbon,2021,3,-955.8426562313393,-1031.4916451094175,-0.03505475334866529,-0.11527060329387834,522.6666666666666,0.35307278193386005
73,Lisbon,2022,4,-564.7529420990435,-658.1497189752077,-0.03989750982716458,-0.1311950474150407,522.6666666666666,0.34998793145063967
73,Lisbon,2023,5,-716.0921987977434,-868.958348268693,-0.03143180044935557,-0.10335724129543657,522.6666666666666,0.33694171625206104
73,Lisbon,2024,6,-356.6095298470818,-445.5105388051368,-0.02223752457881241,-0.07312368877528423,522.6666666666666,0.3454773869346734
73,Lisbon,2025,7,288.3420045283169,369.7139325445877,-0.011568641112798355,-0.03804118166512229,522.6666666666666,0.365530637471305
74,Litchfield,2019,1,-294.79223514085743,-300.13747228381374,-0.0025278434163328524,-0.008283469585360272,1335.0,0.1130820399113082
74,Litchfield,2020,2,-116.65812755947131,-120.26147458197732,-0.003528186860155319,-0.011561486901733026,1335.0,0.23341936931881943
74,Litchfield,2021,3,217.72342339944873,234.95487538358753,-0.0016612085045050462,-0.005443600672850163,1335.0,0.24798722695926895
74,Litchfield,2022,4,323.2267698156822,376.6808313185337,0.0011104610466644285,0.003638860795862256,1335.0,0.18560578308545192
74,Litchfield,2023,5,429.6582743550817,521.378594865856,0.007322624165592106,0.023995447727811082,1335.0,0.18215595444894808
74,Litchfield,2024,6,374.55827403436047,467.93381699733493,0.011534804809259214,0.037798308310242584,1335.0,0.18507551080840984
74,Litchfield,2025,7,-82.97286336692787,-106.3883275003697,0.008956334150237534,0.02934893872399859,1335.0,0.2587864149455316
75,Lyme,2019,1,-7.440384782545275,-7.575295463210065,-6.380129951032571e-05,-0.00020904148636673007,1064.3333333333335,0.09531071292413267
75,Lyme,2020,2,-12.151310919637485,-12.526641734025013,-0.0001679987906462171,-0.0005504388966060898,1064.3333333333335,0.17694132786423775
75,Lyme,2021,3,-8.015914372182054,-8.65032403493942,-0.00023673525638767825,-0.0007756501866028613,1064.3333333333335,0.1650364287726925
75,Lyme,2022,4,912.4867105216395,1063.390426734788,0.007587838286335377,0.024861139284932908,1064.3333333333335,0.2135767829473596
75,Lyme,2023,5,733.0145230824905,889.4931271477662,0.01393723912127806,0.04566460564473275,1064.3333333333335,0.12457044673539518
75,Lyme,2024,6,569.9984934521349,712.0963257624364,0.01892917369376601,0.062020407656405915,1064.3333333333335,0.11976560160828094
75,Lyme,2025,7,256.2669043581777,328.58703727983914,0.02119539886437884,0.06944557112082617,1064.3333333333335,0.1311131506490101
76,Madison,2019,1,-21.045333394629395,-21.42693197266901,-0.00018046373385894706,-0.0005912357404704245,2104.0,0.044139197372834976
76,Madison,2020,2,-19.90903038365303,-20.52398235360768,-0.00035118366939877163,-0.0011505488242883849,2104.0,0.04057062029188917
76,Madison,2021,3,-19.31309091830848,-20.841601694172855,-0.0005167934240232669,-0.0016931199204902954,2104.0,0.03770753427005451
76,Madison,2022,4,-20.249979810196393,-23.59884743902242,-0.0006904370008957012,-0.002262011445423224,2104.0,0.03632019887326672
76,Madison,2023,5,-12.195323194907832,-14.798692008992438,-0.0006145481634330885,-0.0020133842445379927,2104.0,0.035152258328223995
76,Madison,2024,6,-5.034942479823654,-6.290128976645641,-0.0004870028596577517,-0.0015955199983062407,2104.0,0.037460424873722115
76,Madison,2025,7,-3.6683721341213875,-4.703609832919117,-0.00035284939608334746,-0.0011560060822577134,2104.0,0.03814070228106006
77,Manchester,2019,1,1996.8409047890586,2033.0480598647441,0.017122910758566173,0.0559768565376075,5193.666666666667,0.5368885806133202
77,Manchester,2020,2,1924.9328849708093,1984.3903897730138,0.03362921024719087,0.10993793660568461,5193.666666666667,0.5889915188959212
77,Manchester,2021,3,2182.458843028597,2355.1868581122585,0.05234379482616108,0.17111816646898967,5193.666666666667,0.6107490792366225
77,Manchester,2022,4,1975.9791869405485,2302.7594008668457,0.06928781635417627,0.22651021257711654,5193.666666666667,0.5802427872222095
77,Manchester,2023,5,2137.183976108721,2593.4144526971545,0.07049125819074237,0.23044440881201275,5193.666666666667,0.5746583391335941
77,Manchester,2024,6,2438.1812784454046,3046.0079278604803,0.07489236316478703,0.24483215078022927,5193.666666666667,0.5316880460430885
77,Manchester,2025,7,2031.274658349649,2604.5131483535233,0.07359595878116505,0.24059404878811155,5193.666666666667,0.57917270943525
78,Mansfield,2019,1,-72.76789985265903,-74.08734329363536,-0.000623984741236551,-0.0020500383226382942,1253.1666666666667,0.2136838988020927
78,Mansfield,2020,2,-86.33301191904968,-88.99967396781173,-0.0013642903184424018,-0.004482236906096152,1253.1666666666667,0.266160822786686
78,Mansfield,2021,3,132.24665359365707,142.71315198818814,-0.00023027526387679287,-0.0007565459289398061,1253.1666666666667,0.2875564843094179
78,Mansfield,2022,4,580.0158547250929,675.9367562914578,0.004743360690390879,0.01558382849895839,1253.1666666666667,0.2936857562408223
78,Mansfield,2023,5,1113.9583118725227,1351.7580227100489,0.014919537955934313,0.04901662259418458,1253.1666666666667,0.2776663291364959
78,Mansfield,2024,6,1694.9696018356115,2117.5172208547497,0.03019420786888053,0.09919999506758127,1253.1666666666667,0.27342563256803093
78,Mansfield,2025,7,3193.4980363186064,4094.7232766595425,0.05644443847574696,0.1854424544833767,1253.1666666666667,0.3030399693770136
79,Marlborough,2019,1,-286.42388981851434,-291.6173902977804,-0.0024560848551937603,-0.007825501987593155,482.0,0.10803823781917099
79,Marlborough,2020,2,8.269983326199899,8.525427335272006,-0.002385169748171596,-0.0075995544557809665,482.0,0.14995997689805762
79,Marlborough,2021,3,-48.59079696248871,-52.43645569620253,-0.002801835832124937,-0.008927123110929198,482.0,0.1559493670886076
79,Marlborough,2022,4,436.4406801341118,508.6176442251079,0.0009406430000250714,0.002997047781450155,482.0,0.1466605290484194
79,Marlborough,2023,5,624.0298787447547,757.243234341549,0.008747784065455103,0.02787192040474276,482.0,0.14711533183290332
79,Marlborough,2024,6,942.774355722101,1177.8033844735628,0.016761159058749954,0.05340388922281971,482.0,0.13608129760101842
79,Marlborough,2025,7,629.7402979285253,807.4569725275342,0.0225778481974404,0.07193684516682053,482.0,0.17177307990254964
80,Meriden,2019,1,2368.030500219233,2410.9681460475813,0.02030586153937992,0.06662437781951239,7872.333333333334,0.7263657794936622
80,Meriden,2020,2,2463.8592115916404,2539.963122563782,0.04143345427877824,0.13594488994634943,7872.333333333334,0.7537711405500999
80,Meriden,2021,3,2421.6568713918305,2613.3159196003926,0.06219916195096317,0.2040780420885581,7872.333333333334,0.7599329221219578
80,Meriden,2022,4,2592.7294627441556,3021.5055824968986,0.08443181709399432,0.2770243100076815,7872.333333333334,0.7538062478854178
80,Meriden,2023,5,2921.7512862325652,3545.465480561216,0.08917997283405864,0.29260320683796065,7872.333333333334,0.7449439412572598
80,Meriden,2024,6,3268.5260829020417,4083.3536246682784,0.09607999125554534,0.3152424547902425,7872.333333333334,0.765160993508643
80,Meriden,2025,7,3058.9882338335783,3922.2539615353508,0.10154510768848332,0.3331737295283053,7872.333333333334,0.7751877858061743
81,Middlebury,2019,1,-42.457726796187636,-43.22757956441958,-0.00036407500727730896,-0.0011931167184126735,3198.3333333333335,0.06974600828649004
81,Middlebury,2020,2,73.31704909407087,75.58167288050501,0.0002646186887043487,0.0008671866378817886,3198.3333333333335,0.1407372657465248
81,Middlebury,2021,3,265.4623266242533,286.4720152622612,0.00254095813950732,0.008327019368082549,3198.3333333333335,0.14916819106089987
81,Middlebury,2022,4,1185.4011523659458,1381.438461219583,0.012705773021045304,0.041638316030353534,3198.3333333333335,0.16996227666542302
81,Middlebury,2023,5,901.5148852368892,1093.963719937618,0.020800338169228938,0.06816516026171907,3198.3333333333335,0.14446359681523435
81,Middlebury,2024,6,667.5391479895296,833.9533876782933,0.025895792667257493,0.0848635653375674,3198.3333333333335,0.16736471352323537
81,Middlebury,2025,7,639.0850528396031,819.4388760746488,0.029099607544554124,0.09536284437731293,3198.3333333333335,0.19542881107150345
82,Middlefield,2019,1,-592.3569336862447,-603.0976788836699,-0.005079460706359547,-0.01663518174430758,1230.6666666666667,0.10457023348304591
82,Middlefield,2020,2,-461.4762290645924,-475.7303494653291,-0.009036619370588427,-0.029594835805237966,1230.6666666666667,0.1892477859846397
82,Middlefield,2021,3,-489.24159815751534,-527.9620214159156,-0.01323186607478912,-0.04333422575646048,1230.6666666666667,0.18295971034589015
82,Middlefield,2022,4,1018.8858684777466,1187.3854884475072,-0.004494919752592443,-0.014720816112788441,1230.6666666666667,0.1986218078638022
82,Middlefield,2023,5,981.2372581297707,1190.704644619337,0.008998650442229885,0.02947048795407925,1230.6666666666667,0.18554010520735637
82,Middlefield,2024,6,1304.4437562417666,1629.635194924451,0.02414141431623191,0.0790628844145487,1230.6666666666667,0.1961766424576342
82,Middlefield,2025,7,1121.8904183092245,1438.4949536426705,0.0379568713574342,0.1243083646036824,1230.6666666666667,0.21395690605346762
83,Middletown,2019,1,1984.6614872550927,2020.6478024740193,0.01701847225321242,0.05575610898938888,3933.0,0.4540921864827222
83,Middletown,2020,2,1854.7070844245063,1911.9954482110315,0.03292258550215256,0.10786134255523416,3933.0,0.4428099050886032
83,Middletown,2021,3,1787.9343092369406,1929.4381663753945,0.04825412220385933,0.15809069443808724,3933.0,0.49879034013520823
83,Middletown,2022,4,1548.6732462239818,1804.7871658683348,0.061533995290229966,0.2015983630555901,3933.0,0.4657477706452909
83,Middletown,2023,5,1719.0400175728792,2086.0081659677776,0.059256291187704986,0.19413612341995012,3933.0,0.38026925623482677
83,Middletown,2024,6,2234.2324535588396,2791.21565996217,0.06251072122803189,0.2047983234886171,3933.0,0.5016785152258215
83,Middletown,2025,7,1799.8716338794175,2307.8067343173434,0.06261308378684112,0.20513368484776157,3933.0,0.4814345018450185
84,Milford,2019,1,-293.15752109425557,-298.4731172453593,-0.0025138257433832416,-0.008247004135261074,4493.0,0.1848060566921777
84,Milford,2020,2,-69.12539591996561,-71.26054753587663,-0.0031065760133969465,-0.010191615427768983,4493.0,0.23558665315075072
84,Milford,2021,3,-73.16104456079702,-78.95128525596516,-0.0037339319705057806,-0.01224975616651169,4493.0,0.2891336317249385
84,Milford,2022,4,50.086749784067955,58.36991335050843,-0.0033044380911073984,-0.010840733361812143,4493.0,0.2858216959122522
84,Milford,2023,5,210.19658004222643,255.06781572523502,0.001011823326137935,0.003319446933335431,4493.0,0.27285812861244874
84,Milford,2024,6,-119.73245528979025,-149.58116989046843,0.0005778677920416886,0.00189578696261901,4493.0,0.27723141458867395
84,Milford,2025,7,403.67757501883546,517.5979267551346,0.004666758954937037,0.01531004306918856,4493.0,0.296608016320969
85,Monroe,2019,1,-561.1086109603766,-571.2827547505104,-0.004811506338985228,-0.01576127741420871,3037.0,0.07887640099141088
85,Monroe,2020,2,-498.8337933074038,-514.2418176040674,-0.009089006116596217,-0.029773284441588378,3037.0,0.1013663806800127
85,Monroe,2021,3,-149.03345751012793,-160.82852680960534,-0.010366968014745563,-0.03395956428462163,3037.0,0.12674826542651574
85,Monroe,2022,4,-67.94329299231065,-79.17950639254438,-0.010949581752154625,-0.035868059482108965,3037.0,0.10927426278899141
85,Monroe,2023,5,191.75770062546647,232.69273856503986,-0.004493753130306023,-0.014720398296858494,3037.0,0.10067485010799394
85,Monroe,2024,6,166.13475320772875,207.55133338015966,0.001208352156061238,0.003958255939813459,3037.0,0.11589520264100582
85,Monroe,2025,7,152.42927194847562,195.44577162514977,0.0037933950611687634,0.012426202458953808,3037.0,0.13097052591243277
86,Montville,2019,1,815.1161316584185,829.8959952483857,0.006989620828970937,0.022967337923612243,1896.6666666666667,0.36900835323703735
86,Montville,2020,2,753.5057356522141,776.7800904340482,0.013450932512188672,0.044198694028531875,1896.6666666666667,0.42621883632141033
86,Montville,2021,3,874.6587256007933,943.8825123545353,0.020951131084215476,0.06884374979235003,1896.6666666666667,0.4521139982641656
86,Montville,2022,4,846.0894854441925,986.0126713165762,0.028206348421899424,0.0926838167117412,1896.6666666666667,0.45496418567050817
86,Montville,2023,5,1086.7157974447728,1318.6999746269,0.030535315556017413,0.10033661741311344,1896.6666666666667,0.42765206560099644
86,Montville,2024,6,1147.3376943918595,1433.3633614310536,0.03391242460220986,0.11143352904346997,1896.6666666666667,0.43065807495380887
86,Montville,2025,7,1555.8431262809104,1994.9118463705872,0.03975358083804188,0.13062710369016794,1896.6666666666667,0.4595751665276087
87,Morris,2019,1,128.37039028395262,130.69803021610252,0.0011007760966848935,0.0036071242618376928,1335.0,0.11856951615987761
87,Morris,2020,2,345.2742563054156,355.9391194352634,0.004061502844503832,0.013309105724637081,1335.0,0.15913820541069898
87,Morris,2021,3,-107.27898628498524,-115.7694494249355,0.003141585537110083,0.010294636162318564,1335.0,0.24926750338916343
87,Morris,2022,4,728.0168215790612,848.4135819649317,0.009384329782150532,0.030751434138355203,1335.0,0.3015121996474626
87,Morris,2023,5,609.0524372643524,739.0685176892073,0.013506178335007462,0.044258286225176,1335.0,0.2463054187192118
87,Morris,2024,6,472.70757061359416,590.5512524346605,0.01459891900520009,0.04783907926312381,1335.0,0.24459845087647777
87,Morris,2025,7,197.76287915137462,253.57280803398996,0.01721465300131688,0.05641055677641819,1335.0,0.29451525685592894
88,Naugatuck,2019,1,1814.4458355598,1847.3457634343667,0.015558873039925281,0.05098099319915081,3708.3333333333335,0.4762306510483735
88,Naugatuck,2020,2,1987.3897021651126,2048.776378907417,0.03260073973599112,0.10682123869145153,3708.3333333333335,0.5291156366958936
88,Naugatuck,2021,3,2017.0059725554604,2176.639424138872,0.04989656595065419,0.16349362083383237,3708.3333333333335,0.6180459008441286
88,Naugatuck,2022,4,1849.3069271617721,2155.13854586874,0.06575437285106638,0.21545411589467792,3708.3333333333335,0.5644502118340666
88,Naugatuck,2023,5,2097.442321428596,2545.189038893897,0.06818106771739132,0.22340554747709798,3708.3333333333335,0.5389319112424107
88,Naugatuck,2024,6,2294.389320298162,2866.369338904392,0.07081358944288223,0.23203140179440485,3708.3333333333335,0.5461122164232006
88,Naugatuck,2025,7,2040.205188292647,2615.9639300401327,0.0710125227178286,0.23268323666130689,3708.3333333333335,0.5803420442085354
89,New Britain,2019,1,4032.7027797901465,4105.824626689328,0.034580426336700505,0.1131934681535393,8732.0,0.7706014454575211
89,New Britain,2020,2,3773.0756540169173,3889.6187634257394,0.06693455006989556,0.21909949252612723,8732.0,0.7487502688413136
89,New Britain,2021,3,3322.91721335776,3585.9054004587506,0.09542856517443837,0.3123700716652703,8732.0,0.7329827305757383
89,New Britain,2022,4,3345.018326509297,3898.2052282481463,0.12411209732425557,0.4062610043946193,8732.0,0.7369034735744684
89,New Britain,2023,5,3735.8312315477606,4533.3292861262335,0.1215664237980771,0.397928151224762,8732.0,0.7370678341668795
89,New Britain,2024,6,3777.240756452642,4718.888374423261,0.12160213955146344,0.39804506100355286,8732.0,0.7486982110462602
89,New Britain,2025,7,3398.5846556616757,4357.686630450596,0.12225098786921952,0.4001689616945762,8732.0,0.7380414225748421
90,New Canaan,2019,1,42.84053812787258,43.61733211471528,0.00036735761444650725,0.0012046136232500273,3768.666666666667,0.0009350010635637098
90,New Canaan,2020,2,39.36519120713641,40.58110687022901,0.0007049141290477021,0.0023115055457655093,3768.666666666667,0.002385496183206107
90,New Canaan,2021,3,36.48433301008408,39.37184057642976,0.001017767284609173,0.003337391925809458,3768.666666666667,0.0016504451486343747
90,New Canaan,2022,4,35.51395810705323,41.38712666282181,0.0013222994753771544,0.004335992774930294,3768.666666666667,0.0011818207603362042
90,New Canaan,2023,5,38.3245363498236,46.50577936838033,0.0012835747601303844,0.004209009373176061,3768.666666666667,0.0007254437297480292
90,New Canaan,2024,6,40.18306697374653,50.20050873568434,0.0012905880448290663,0.00423200685018356,3768.666666666667,0.0011942152214672126
90,New Canaan,2025,7,35.89201403439747,46.02096623872035,0.0012855089096125531,0.0042153517020784665,3768.666666666667,0.0012041258166983352
91,New Fairfield,2019,1,-571.3878042264995,-581.7483325922632,-0.004899650421242232,-0.016083335762641718,1857.0,0.07914628723877279
91,New Fairfield,2020,2,-451.39433799946966,-465.3370480174859,-0.008770356869587685,-0.028789113949890192,1857.0,0.15167275343325712
91,New Fairfield,2021,3,-589.395110912947,-636.0420604914934,-0.013824419945666204,-0.04537931660306883,1857.0,0.13799621928166353
91,New Fairfield,2022,4,-445.73791715129676,-519.4524243102961,-0.01764662258523857,-0.05792587872892599,1857.0,0.13487325808996092
91,New Fairfield,2023,5,-196.11762368745218,-237.98338626219729,-0.014428680787116246,-0.04736283158183611,1857.0,0.14653528137176242
91,New Fairfield,2024,6,-301.566170612168,-376.74513973992777,-0.013143904251770132,-0.04314549144092538,1857.0,0.16498896099870775
91,New Fairfield,2025,7,-753.6691616079006,-966.3593413365309,-0.014552554236479357,-0.04776945207654448,1857.0,0.16146522526309756
92,New Hartford,2019,1,-84.92296053378396,-86.4628021877478,-0.0007282143865771976,-0.002321966187103692,475.5,0.09962792021633492
92,New Hartford,2020,2,-192.61604889989343,-198.56559121477824,-0.0023798970058937835,-0.007588480093683059,475.5,0.1585511194347493
92,New Hartford,2021,3,-170.20624210818326,-183.6770053475936,-0.003839415531971455,-0.01224226437681533,475.5,0.1679144385026738
92,New Hartford,2022,4,226.13675278039253,263.5344222186983,-0.0019002928768795887,-0.0060592263583914355,475.5,0.178963822123553
92,New Hartford,2023,5,162.0737984638491,196.67213306782241,0.00021770433152511437,0.0006941665887202849,475.5,0.18507672484479323
92,New Hartford,2024,6,545.7176454813388,681.7623813309638,0.00654891576084418,0.020881709066947446,475.5,0.19407940887621006
92,New Hartford,2025,7,853.2767153079308,1094.0767734526962,0.015325282120687357,0.048865811425834134,475.5,0.21091607883574326
93,New Haven,2019,1,1729.1400815585619,1760.4932268844723,0.014827376199364667,0.04867369745516145,15705.333333333332,0.5893746964398625
93,New Haven,2020,2,2145.9075892250594,2212.1905811088886,0.03322853377696955,0.1090790156122248,15705.333333333332,0.7391208737508247
93,New Haven,2021,3,1787.0248726653601,1928.4567535673066,0.048552272060075015,0.1593821165145887,15705.333333333332,0.6947656449249364
93,New Haven,2022,4,2024.4920938963871,2359.295195016026,0.06591229176523654,0.21636970053372753,15705.333333333332,0.7384939850980283
93,New Haven,2023,5,2141.4481550946957,2598.588917569968,0.06944783349580888,0.2279757922805161,15705.333333333332,0.7071702444344352
93,New Haven,2024,6,2812.0613215208036,3513.0944342430626,0.07516010175024487,0.2467274050446851,15705.333333333332,0.7736619904612109
93,New Haven,2025,7,2844.3657738666125,3647.0636928938366,0.08422679997804562,0.2764905755829851,15705.333333333332,0.7869255376723816
94,Newington,2019,1,877.5529882712086,893.4649705714827,0.0075250168744256125,0.024683592052694943,3401.6666666666665,0.20979684830074044
94,Newington,2020,2,1001.3999116290931,1032.331244622304,0.016112021116645083,0.052850719543141286,3401.6666666666665,0.290782897198712
94,Newington,2021,3,933.1168444065505,1006.967226919061,0.02411349805743126,0.07909719791273125,3401.6666666666665,0.3158938134855141
94,Newington,2022,4,1036.9087321588868,1208.388907434195,0.033004990435693715,0.10826310866976582,3401.6666666666665,0.32219378608607496
94,Newington,2023,5,1163.8140595371601,1412.2566124378786,0.03545967912179924,0.11631498883898067,3401.6666666666665,0.31797102762798146
94,Newington,2024,6,1861.8329696082264,2325.9788088417417,0.04283789259397033,0.14051703575315058,3401.6666666666665,0.32424723851937104
94,Newington,2025,7,1428.578148196943,1831.731890680144,0.047086473273972924,0.1544532479980102,3401.6666666666665,0.3473677301437436
95,New London,2019,1,3852.8348205885914,3922.695262397193,0.03303805858654717,0.1078238190633859,2584.6666666666665,0.8373714995403676
95,New London,2020,2,3641.1136072470654,3753.580660762829,0.06426060776869076,0.2097224970651236,2584.6666666666665,0.8533324438662909
95,New London,2021,3,3024.761332934604,3264.152340379484,0.09019793619860497,0.29437219887155675,2584.6666666666665,0.8474745202343085
95,New London,2022,4,3153.7065793220604,3675.2550437303753,0.11724097011629164,0.3826305082521503,2584.6666666666665,0.8451331159847455
95,New London,2023,5,3162.8581058079412,3838.042028729578,0.11132441978704756,0.3633211093506181,2584.6666666666665,0.8570767441435626
95,New London,2024,6,3017.6639389873194,3769.9527771104904,0.10597833888172023,0.34587350846559056,2584.6666666666665,0.8768159002693032
95,New London,2025,7,2747.473544933253,3522.8278672791716,0.10360059609960866,0.33811344875003363,2584.6666666666665,0.8598958399979526
96,New Milford,2019,1,-104.03248404276543,-105.91882374745165,-0.0008920785506667138,-0.002926204431873031,3038.9999999999995,0.24019274726632484
96,New Milford,2020,2,-56.32900998867088,-58.06890565363357,-0.0013750998113195665,-0.004510615303040068,3038.9999999999995,0.3298484790461967
96,New Milford,2021,3,-6.894897848311789,-7.440586040026247,-0.0014342235603688404,-0.004704553579403324,3038.9999999999995,0.35115239501312334
96,New Milford,2022,4,1.984678460821725,2.312897328858694,-0.0014172049425672936,-0.004648728949612574,3038.9999999999995,0.3748874519112712
96,New Milford,2023,5,1.7305032137153118,2.099918441770994,-0.0005102873268429712,-0.0016738492773092303,3038.9999999999995,0.32788055701249735
96,New Milford,2024,6,920.5136406803663,1149.9931822148528,0.007866138402644022,0.02580258099282921,3038.9999999999995,0.36597870669342875
96,New Milford,2025,7,937.4675158843984,1202.0267477067807,0.015964046100402012,0.05236541380207944,3038.9999999999995,0.33825681820721093
97,Newtown,2019,1,-155.62603285099027,-158.44787804243018,-0.0013344932316972414,-0.00437563687940138,3507.0,0.07653771221820206
97,Newtown,2020,2,47.21143475653641,48.669705915324535,-0.0009296551786599418,-0.0030482233916595816,3507.0,0.12494861925936997
97,Newtown,2021,3,141.5671582030586,152.7713164466643,0.00028428320293128563,0.0009321291688819069,3507.0,0.13937447972410513
97,Newtown,2022,4,71.86170322542287,83.74592898463796,0.0009004973080892866,0.0029526183703950633,3507.0,0.14425150323946245
97,Newtown,2023,5,62.042485219930825,75.28686329736591,0.002767004850547435,0.009072663826207165,3507.0,0.12644795303078388
97,Newtown,2024,6,-77.46473919944798,-96.77631922496388,0.0016979066588748686,0.005567224185097689,3507.0,0.13577057259871342
97,Newtown,2025,7,-245.74511478504874,-315.0959324827712,-0.001623296081998151,-0.005322585408353976,3507.0,0.1327698547297382
99,North Branford,2019,1,-499.430918275488,-508.4867086813355,-0.00428262012421231,-0.014057734665941582,1413.5,0.15482914276991516
99,North Branford,2020,2,-315.85626230984747,-325.6124597231297,-0.006991087573519251,-0.0229483006394295,1413.5,0.20885337264690937
99,North Branford,2021,3,4.8561648155794614,5.240499994313076,-0.006949445960225657,-0.022811611712145588,1413.5,0.2286143242228819
99,North Branford,2022,4,64.06028363775422,74.6543391468796,-0.0064001290280319145,-0.021008474507276415,1413.5,0.2353435595713385
99,North Branford,2023,5,72.42916444462234,87.89081518825074,-0.0014964288187069696,-0.004912039515463712,1413.5,0.20276474974885522
99,North Branford,2024,6,146.32945697224764,182.80867380836375,0.0024668137241369956,0.008097335696006727,1413.5,0.22272983250969697
99,North Branford,2025,7,156.57433759150118,200.760600874691,0.003767797055690525,0.012367823843296244,1413.5,0.23768777334093932
100,North Canaan,2019,1,-880.7276772241066,-896.697223677318,-0.007552239832196712,-0.024834254607603985,316.5,0.23834468308014667
100,North Canaan,2020,2,-926.2971368859303,-954.9086884338684,-0.015495237780993565,-0.050953450738948344,316.5,0.4648588821250692
100,North Canaan,2021,3,-608.107183987025,-656.2350775249547,-0.020709756883682304,-0.06810050882101665,316.5,0.48039582314529816
100,North Canaan,2022,4,463.4027403713525,540.0385914134105,-0.016736078384997962,-0.0550337437608842,316.5,0.499418291194915
100,North Canaan,2023,5,978.6656842865198,1187.5841099130043,-0.000791780310044337,-0.002603634716299687,316.5,0.4138630028998564
100,North Canaan,2024,6,1129.0176917048284,1410.4762718137047,0.01683254434512142,0.05535095564343854,316.5,0.3672388760782304
100,North Canaan,2025,7,1002.5369134566598,1285.459138711004,0.03064381748070101,0.10076697541043508,316.5,0.3936313965101933
101,North Haven,2019,1,300.09023944821257,305.5315411615049,0.0025732738032684223,0.008430096668012295,2875.0,0.13127174188224924
101,North Haven,2020,2,77.753459862267,80.15511591440456,0.0032400097215873618,0.010614336928930346,2875.0,0.19123451110005227
101,North Haven,2021,3,81.56932604634822,88.02502981583879,0.003939466692434798,0.012905772015188777,2875.0,0.20166349147344453
101,North Haven,2022,4,194.57548409108574,226.75366629883735,0.005607951468515858,0.01837176165593553,2875.0,0.20438516528330855
101,North Haven,2023,5,477.83957271346725,579.8452860394727,0.007132152001265417,0.02336507321733811,2875.0,0.20730670135327814
101,North Haven,2024,6,570.7133043092674,712.9893354647891,0.011359282667398446,0.037213238188573965,2875.0,0.23108048007514004
101,North Haven,2025,7,418.415733213639,536.4952859296282,0.01424774060885796,0.04667588442430045,2875.0,0.24652546457616348
102,North Stonington,2019,1,-247.05041107321088,-251.52998304300908,-0.0021184572749527826,-0.006964455661117993,659.5,0.09377729818611581
102,North Stonington,2020,2,-279.56358032418166,-288.1987660230839,-0.0045157149762326395,-0.014845471325788092,659.5,0.12632306792191905
102,North Stonington,2021,3,-504.8645722900942,-544.8214565797041,-0.008844928683620199,-0.02907781732071825,659.5,0.21174256286924242
102,North Stonington,2022,4,-267.8893324442121,-312.1918908634807,-0.011142079709329317,-0.03662973099610708,659.5,0.21985145933452652
102,North Stonington,2023,5,341.7698826141372,414.7284290807465,-0.006092945690960307,-0.02003063767771232,659.5,0.1958915022266334
102,North Stonington,2024,6,1293.414547477433,1615.856458441162,0.007395341754938537,0.024312281564532343,659.5,0.2003954824753487
102,North Stonington,2025,7,227.95014995211835,292.27911660248475,0.01367922799816551,0.044970638774705016,659.5,0.2054729279211855
103,Norwalk,2019,1,483.60586964883385,492.3747168193282,0.0041469203322387505,0.013593282875352414,9549.666666666666,0.5033103862736293
103,Norwalk,2020,2,486.2744499707327,501.2945401100119,0.008316723740737782,0.02726157469800629,9549.666666666666,0.5732349344639596
103,Norwalk,2021,3,472.935772316566,510.3656910869647,0.012372147988352334,0.04055494051186733,9549.666666666666,0.591383515194737
103,Norwalk,2022,4,454.46493911658405,529.622689262961,0.016269184841277044,0.053329124743393304,9549.666666666666,0.5920045858565881
103,Norwalk,2023,5,479.9126440420563,582.3609015433957,0.016237515431698928,0.053225314877661356,9549.666666666666,0.5332699555453309
103,Norwalk,2024,6,487.47066740974503,608.994716945847,0.016247772996238457,0.05325893837780774,9549.666666666666,0.48973444471160266
103,Norwalk,2025,7,437.2070570178119,560.5896395522451,0.015941399262551642,0.052254669066143754,9549.666666666666,0.5031759555281871
104,Norwich,2019,1,2914.0986795562094,2966.9377527860756,0.024988396177194498,0.08187996705818147,4095.0,0.7018531036748629
104,Norwich,2020,2,2708.5602771928284,2792.22253728804,0.048214300554123006,0.15798474272261515,4095.0,0.6824325601618179
104,Norwich,2021,3,2436.2758512808664,2629.0919006337326,0.06910536597885643,0.22643890587329463,4095.0,0.6583673392632153
104,Norwich,2022,4,2676.6862107644606,3119.346790566153,0.09205795023616167,0.30164808814980554,4095.0,0.664197341241476
104,Norwich,2023,5,2681.759909153737,3254.2424914331787,0.09006564527996049,0.29511986348797287,4095.0,0.6190284216891756
104,Norwich,2024,6,3331.655420796468,4162.22079726408,0.09540868613636168,0.3126275100856332,4095.0,0.7025312499369859
104,Norwich,2025,7,3099.0617330472182,3973.6364543821123,0.10109207507250817,0.33125038190064027,4095.0,0.7362747055300459
105,Old Lyme,2019,1,-8.002166990918644,-8.147264029188864,-6.861858194712737e-05,-0.00022482505015878704,1064.3333333333335,0.06792621272549076
105,Old Lyme,2020,2,0.24469750924636946,0.252255748520423,-6.652030080533974e-05,-0.00021795014616684608,1064.3333333333335,0.17948966721645482
105,Old Lyme,2021,3,6.586041232796572,7.107285348365534,-1.0044997234109149e-05,-3.291188688136407e-05,1064.3333333333335,0.17234976528056828
105,Old Lyme,2022,4,931.6776766448444,1085.7551246749272,0.00797909107999543,0.02614305777498806,1064.3333333333335,0.18835092550099433
105,Old Lyme,2023,5,760.9004615143224,923.3319527072822,0.014572431119427872,0.04774577766537476,1064.3333333333335,0.15155508697944123
105,Old Lyme,2024,6,591.3123604596115,738.7236354100326,0.019640836329227248,0.06435213155937135,1064.3333333333335,0.13580339414827858
105,Old Lyme,2025,7,270.6189815830343,346.98936100532416,0.02190491879273054,0.07177027456053353,1064.3333333333335,0.12257768711811436
106,Old Saybrook,2019,1,30.708434667518944,31.265246706711352,0.00026332482727397486,0.0008671172380834339,873.0000000000001,0.14796803890359683
106,Old Saybrook,2020,2,31.36669629209745,32.33555370524563,0.0005322942479787104,0.0017528218775769615,873.0000000000001,0.28309741881765194
106,Old Saybrook,2021,3,27.086855753205004,29.23061156516615,0.0007645640360624433,0.002517676218196504,873.0000000000001,0.28182726550690473
106,Old Saybrook,2022,4,19.449376255706067,22.665842995628207,0.0009313424374551228,0.003066870262239777,873.0000000000001,0.26610910473294047
106,Old Saybrook,2023,5,26.760213650738315,32.47278924739513,0.0008974864422362289,0.0029553839380268734,873.0000000000001,0.26823410930782043
106,Old Saybrook,2024,6,32.541708281105926,40.65419675175773,0.0009075621700419766,0.0029885628727936665,873.0000000000001,0.24636610002463663
106,Old Saybrook,2025,7,34.01135187013808,43.60956937799043,0.0009669397242446776,0.00318409058409005,873.0000000000001,0.23923444976076555
107,Orange,2019,1,-373.14077212471636,-379.90664203902867,-0.0031996821209694425,-0.010203805589831486,1410.0,0.05370921047460602
107,Orange,2020,2,-322.3115017048745,-332.26708914901235,-0.005963503248088741,-0.019017647840401594,1410.0,0.11173086827105211
107,Orange,2021,3,-258.4000636225598,-278.85081816007926,-0.00817928379365219,-0.02608378536965402,1410.0,0.11315888361288559
107,Orange,2022,4,-12.492330080217188,-14.558265957999343,-0.008286405524090051,-0.026425397214365366,1410.0,0.13677048527553193
107,Orange,2023,5,-4.473459240333474,-5.428420752319117,-0.005125083316106471,-0.01634392161849965,1410.0,0.13789347188961606
107,Orange,2024,6,-18.021260234761606,-22.513872135102535,-0.0025157944955002524,-0.008022883825807996,1410.0,0.1285228643491611
107,Orange,2025,7,-7.4165353766005255,-9.509528327045235,-0.00036361074079115216,-0.0011595568463167842,1410.0,0.13640000174871797
108,Oxford,2019,1,-630.0953950495791,-641.5204222644765,-0.005403068012550139,-0.01772515710365018,1475.3333333333335,0.08987666635495568
108,Oxford,2020,2,-634.3310583665001,-653.9243347053714,-0.010842456838042877,-0.03556946727256706,1475.3333333333335,0.13810291904255836
108,Oxford,2021,3,-661.8406231859865,-714.2211835387349,-0.016517740181862712,-0.05418764654465376,1475.3333333333335,0.13506621607231928
108,Oxford,2022,4,-667.1721557209195,-777.5066477100349,-0.022238741417169593,-0.07295580668079273,1475.3333333333335,0.13325163738898177
108,Oxford,2023,5,-395.1874329330824,-479.54916916371565,-0.020224405642020632,-0.06634763184547977,1475.3333333333335,0.1316625805865795
108,Oxford,2024,6,-64.30634682937502,-80.33760409271717,-0.015336443740589784,-0.05031231775758138,1475.3333333333335,0.14254645436823188
108,Oxford,2025,7,-326.00185446945295,-418.0016291067065,-0.012456626298845514,-0.04086486744487343,1475.3333333333335,0.1629106706489275
109,Plainfield,2019,1,232.05191580418023,236.2595317844926,0.0019898451780208447,0.006518409533997454,1696.6666666666667,0.4529824686431015
109,Plainfield,2020,2,138.315931963373,142.5882472493464,0.0031759042946067676,0.010403746513393994,1696.6666666666667,0.5589069443033063
109,Plainfield,2021,3,558.5771622286366,602.7850632440476,0.007965703460717328,0.02609435043332421,1696.6666666666667,0.5561755952380952
109,Plainfield,2022,4,-3.9747706502194835,-4.6321036889332,0.007931619802391694,0.02598269790586261,1696.6666666666667,0.5722831505483549
109,Plainfield,2023,5,369.06531176766265,447.8506877401119,0.009106509672778556,0.02983144624926088,1696.6666666666667,0.5663156637538069
109,Plainfield,2024,6,405.28554377151994,506.3212445640711,0.011395774094033414,0.03733070458060052,1696.6666666666667,0.5483634464542176
109,Plainfield,2025,7,138.97224681675485,178.1910893254322,0.007797661944376529,0.025543873725727938,1696.6666666666667,0.5765856104286788
110,Plainville,2019,1,1230.7656391794546,1253.082150351036,0.010553815355963822,0.03464134359408585,1992.3333333333335,0.22568090138870928
110,Plainville,2020,2,1241.7064159901984,1280.0603584928665,0.021201447873079766,0.06959062819385321,1992.3333333333335,0.34534116048565505
110,Plainville,2021,3,1226.4323654470713,1323.496843338468,0.031718105406788405,0.10411000671232094,1992.3333333333335,0.368819560453865
110,Plainville,2022,4,1178.9976704818826,1373.9759949121121,0.04182801043117054,0.13729428006189132,1992.3333333333335,0.38520001984637103
110,Plainville,2023,5,1310.6351157585368,1590.419958888783,0.042512891192836175,0.1395423002314342,1992.3333333333335,0.36948055890439474
110,Plainville,2024,6,1642.1262428750408,2051.5002713556933,0.045946491208373706,0.15081258627407187,1992.3333333333335,0.39162053619884946
110,Plainville,2025,7,1731.9111361038765,2220.6673564407656,0.050280971666755804,0.16503987960792915,1992.3333333333335,0.39238208808649067
111,Plymouth,2019,1,725.7300688335591,738.8891648247944,0.00622313534024777,0.020392828562611015,1135.333333333333,0.31725730747262026
111,Plymouth,2020,2,865.9071692419029,892.6533898896138,0.013648289316497088,0.044724597648419316,1135.333333333333,0.41466151826983433
111,Plymouth,2021,3,420.5778829205418,453.8640010698048,0.017254744662540736,0.056542728151692576,1135.333333333333,0.41989836854774004
111,Plymouth,2022,4,423.9219609041963,494.0286249763096,0.02088987547729422,0.06845482638752828,1135.333333333333,0.44713364171749853
111,Plymouth,2023,5,441.99875173837495,536.3534275226525,0.018456879433203014,0.06048204924097063,1135.333333333333,0.4239221218565543
111,Plymouth,2024,6,1176.2574466270785,1469.4926662366436,0.021118133061780894,0.06920281233577658,1135.333333333333,0.4571332417197184
111,Plymouth,2025,7,1768.5340468475604,2267.6254830391645,0.032676857167455074,0.10708003437931132,1135.333333333333,0.4914320816577261
112,Pomfret,2019,1,-967.7355619683942,-985.2827543763675,-0.008298332443878979,-0.027264389668619028,479.5,0.12650437636761488
112,Pomfret,2020,2,-755.0974224254746,-778.4209413754228,-0.014773292841177423,-0.04853804248437691,479.5,0.17967869222096958
112,Pomfret,2021,3,-400.8800403442579,-432.60719702192193,-0.01821083918712943,-0.05983219148525295,479.5,0.18612987729215497
112,Pomfret,2022,4,-405.80829377263973,-472.9193857965451,-0.02169064530622982,-0.07126518608314707,479.5,0.1765834932821497
112,Pomfret,2023,5,-120.78796477157749,-146.5729001584786,-0.014428069660267115,-0.047403802636716744,479.5,0.1548768189021755
112,Pomfret,2024,6,692.0962638512563,864.632472232622,-0.0020183838004441523,-0.006631453103174818,479.5,0.18897862402167906
112,Pomfret,2025,7,444.30934353033535,569.6962360084183,0.005229115166280484,0.017180395516778583,479.5,0.1620322947125324
113,Portland,2019,1,419.5411697636153,427.14838181432714,0.0035975655307230008,0.011807777321059585,1182.0000000000002,0.18495639269239483
113,Portland,2020,2,847.6592135349363,873.8417896407784,0.010866243286785078,0.035664723811446794,1182.0000000000002,0.2270856605326592
113,Portland,2021,3,511.7421394517777,552.2433403172703,0.015254432132584072,0.050067451514794234,1182.0000000000002,0.22448368751870695
113,Portland,2022,4,725.2042250210213,845.1358484707343,0.02147305836213933,0.07047796332741216,1182.0000000000002,0.2608290638099674
113,Portland,2023,5,481.9819241219141,584.8719164704086,0.022008487830761737,0.072235327267731,1182.0000000000002,0.21702261054086858
113,Portland,2024,6,968.3513296381642,1209.7565726994537,0.023043422726346924,0.07563214677928777,1182.0000000000002,0.2329564363347105
113,Portland,2025,7,1182.799962799461,1516.59355485002,0.028797743561553298,0.09451873507790187,1182.0000000000002,0.26255624762689544
114,Preston,2019,1,325.96218679197216,331.8726043007888,0.002795125751741161,0.009137480461133756,553.0,0.23531501132175997
114,Preston,2020,2,82.24574959760473,84.78616391014565,0.003500383054540621,0.01144302067533973,553.0,0.30239447050111085
114,Preston,2021,3,-132.93397068452092,-143.4548659430374,0.0023604742559208544,0.00771657138468645,553.0,0.29996598323901413
114,Preston,2022,4,-433.8567254248029,-505.6063645326896,-0.0013598471645968303,-0.0044454446777185035,553.0,0.26518886206779313
114,Preston,2023,5,-260.6264236385659,-316.2630552048663,-0.0063898444990386945,-0.02088889175139192,553.0,0.20494827105638538
114,Preston,2024,6,5.462796213063194,6.8246445497630335,-0.007048258324311137,-0.02304129704479226,553.0,0.2353870458135861
114,Preston,2025,7,25.918550516698193,33.23292856016401,-0.005686097955010683,-0.01858829032348098,553.0,0.3027913578299953
115,Prospect,2019,1,-359.0751674335539,-365.5859967339321,-0.0030790695607427246,-0.010093126452441615,1719.9999999999998,0.13560013997433804
115,Prospect,2020,2,-238.60823458946396,-245.97838778530578,-0.005125135172347379,-0.01680008728606976,1719.9999999999998,0.18741493816050753
115,Prospect,2021,3,36.05157538700284,38.90483288467671,-0.004815992913403828,-0.015786725343523045,1719.9999999999998,0.21283380423739498
115,Prospect,2022,4,1246.017986627028,1452.079885920831,0.005868611321922937,0.01923718675524525,1719.9999999999998,0.2036038646606221
115,Prospect,2023,5,1320.1161505268162,1601.9249359377636,0.020267676873433112,0.06643702636306875,1719.9999999999998,0.18566540332356415
115,Prospect,2024,6,1394.3514056411418,1741.95638091125,0.03427030578841056,0.11233735486080862,1719.9999999999998,0.1958848752197921
115,Prospect,2025,7,1158.143873641505,1484.9793621878387,0.043892247245942914,0.1438778803127372,1719.9999999999998,0.23059008001475775
116,Putnam,2019,1,20.09508601106628,20.45945449616538,0.00017231536254489328,0.0005629900868067569,1048.3333333333335,0.5850305632558831
116,Putnam,2020,2,220.0221220655308,226.81818570049796,0.0020590050592568195,0.006727197273223634,1048.3333333333335,0.6277705178466191
116,Putnam,2021,3,-307.3613286593624,-331.68706216970696,-0.0005766183339972125,-0.0018839318857996905,1048.3333333333335,0.5390031076074934
116,Putnam,2022,4,-341.31620837001753,-397.7618350875537,-0.003503404820770112,-0.011446351358548842,1048.3333333333335,0.650398829470902
116,Putnam,2023,5,19.032035206230574,23.09485552944673,-0.0035125204814215774,-0.011476134115615166,1048.3333333333335,0.49410693885891016
116,Putnam,2024,6,247.27832584543717,308.9236011989723,-0.0032787985340088804,-0.010712515959234956,1048.3333333333335,0.5290108478447045
116,Putnam,2025,7,472.2046521282743,605.4637762187314,0.0034059797512451017,0.011128043416999231,1048.3333333333335,0.5843418038847908
117,Redding,2019,1,7.790532129396809,7.931791758170778,6.680381300957763e-05,0.0002191206105274007,1105.3333333333333,0.03516628629663121
117,Redding,2020,2,7.80754950359821,8.048709814031932,0.00013375355000293227,0.0004387198606859138,1105.3333333333333,0.073555088303255
117,Redding,2021,3,4.258199818731767,4.595209794827572,0.00017026761344855716,0.0005584882318999113,1105.3333333333333,0.08700988960620255
117,Redding,2022,4,105.27430952038954,122.68418995505179,0.0010729948175858975,0.0035194889173234827,1105.3333333333333,0.10015634160641002
117,Redding,2023,5,91.40245750002526,110.9143887201521,0.0017899670776390366,0.005871201974952846,1105.3333333333333,0.10041896107530598
117,Redding,2024,6,70.29133030497039,87.81461463165512,0.0023257654980108028,0.00762865370865323,1105.3333333333333,0.10128952632250926
117,Redding,2025,7,49.7100211124254,63.73850186140465,0.002715514865604226,0.008907055577233619,1105.3333333333333,0.10350411512328676
118,Ridgefield,2019,1,8.431981823734114,8.584872358355625,7.230424413852e-05,0.0002368808849739985,4031.0000000000005,0.017344000914130873
118,Ridgefield,2020,2,10.07240488379632,10.383522256471446,0.0001586751160170734,0.000519846412244724,4031.0000000000005,0.04743793709190945
118,Ridgefield,2021,3,8.677539187638171,9.364312330911503,0.00023308501455107075,0.0007636257757602377,4031.0000000000005,0.05274710316312467
118,Ridgefield,2022,4,9.884940471699933,11.51967578841762,0.00031784837909589766,0.0010413248381871318,4031.0000000000005,0.05500332220066092
118,Ridgefield,2023,5,19.902578517661485,24.15123608947434,0.00041620874574632477,0.001363569970213998,4031.0000000000005,0.08041209555673874
118,Ridgefield,2024,6,23.633098877032154,29.524714661597898,0.000532491696738322,0.0017445325079815106,4031.0000000000005,0.07061960453021464
118,Ridgefield,2025,7,25.04806383311128,32.11678505709348,0.0006728689455732539,0.0022044320246755594,4031.0000000000005,0.07110133281460664
119,Rocky Hill,2019,1,966.8374001015319,984.3683068425206,0.008290630705870635,0.027212811569785004,2352.6666666666665,0.14020403562168865
119,Rocky Hill,2020,2,1018.3988275237825,1049.8552246017373,0.017023400651887073,0.05587688206745539,2352.6666666666665,0.20821239750145124
119,Rocky Hill,2021,3,1182.571989649322,1276.1651921594812,0.02716395546313001,0.08916180538408887,2352.6666666666665,0.21806842518370667
119,Rocky Hill,2022,4,1214.9211889481965,1415.8404135290916,0.03758190465836078,0.12335723616026124,2352.6666666666665,0.18239689708994042
119,Rocky Hill,2023,5,1165.981721027512,1414.8870105226842,0.03928956721030107,0.12896239466983314,2352.6666666666665,0.18637826161957835
119,Rocky Hill,2024,6,1454.1250722715486,1816.6313298344892,0.04302591975901317,0.1412264384408807,2352.6666666666665,0.19970287198859268
119,Rocky Hill,2025,7,1127.4392363831828,1445.6096830920044,0.042553156399756015,0.13967466021447228,2352.6666666666665,0.22636285404272835
120,Roxbury,2019,1,68.24565180418135,69.48309685660843,0.0005852064642208551,0.0019194080600841185,554.5,0.0684337789132716
120,Roxbury,2020,2,55.80412079620521,57.52780363529469,0.0010637268000483146,0.0034888982240799077,554.5,0.12248297486649355
120,Roxbury,2021,3,32.94815883351522,35.55580025326213,0.0013462572620457076,0.0044155647582561726,554.5,0.18719374552662005
120,Roxbury,2022,4,963.2150830693095,1122.5080720758253,0.009605826599365036,0.031505976310667365,554.5,0.2239350067701281
120,Roxbury,2023,5,748.605110591713,908.4118797794772,0.015439908958468118,0.05064107714754218,554.5,0.21933724583555636
120,Roxbury,2024,6,574.5736198836089,717.8120088022633,0.019888357413142606,0.06523146249152327,554.5,0.23263124803520904
120,Roxbury,2025,7,273.8272535106315,351.1030274583431,0.021953895649998875,0.07200618386359894,554.5,0.18774935461159353
121,Salem,2019,1,-1321.8232024559388,-1345.7907892372286,-0.011334633961059675,-0.037093054423782613,533.1666666666666,0.11435853032951593
121,Salem,2020,2,-1011.4611681779297,-1042.7032741930154,-0.02000791347818542,-0.06547671729871031,533.1666666666666,0.1701523110978954
121,Salem,2021,3,-713.5632835958082,-770.0373701545478,-0.026126718635019475,-0.0855007580812102,533.1666666666666,0.182100329364074
121,Salem,2022,4,-790.407618268323,-921.1223405152778,-0.03290446396167035,-0.10768120758983248,533.1666666666666,0.22608783681182404
121,Salem,2023,5,-666.3529725057854,-808.6011540479105,-0.027283806739847784,-0.08928737635163342,533.1666666666666,0.18184997377163842
121,Salem,2024,6,-49.82243405819301,-62.242922816356156,-0.01903775459477104,-0.062301832570554404,533.1666666666666,0.18492274722615878
121,Salem,2025,7,142.43576982825238,182.63204032434803,-0.01169756271165972,-0.038280753642320434,533.1666666666666,0.23011176857330706
122,Salisbury,2019,1,100.6454363202413,102.4703613364343,0.000863034616446069,0.002827097943914476,357.16666666666663,0.16450167337909127
122,Salisbury,2020,2,95.05931871985132,97.99551973933028,0.001678168274468794,0.005497283640637959,357.16666666666663,0.28510749716347134
122,Salisbury,2021,3,81.40900807055398,87.85202367145449,0.0023762505186737943,0.007784036500450377,357.16666666666663,0.2795372765932138
122,Salisbury,2022,4,118.71794140611124,138.35108053327244,0.003394256866231199,0.011118785301052243,357.16666666666663,0.22267264266750406
122,Salisbury,2023,5,113.33532430059404,137.52932425473477,0.0035030726556627236,0.011475240174014476,357.16666666666663,0.18881959146306573
122,Salisbury,2024,6,95.67586433197292,119.52738864679905,0.0035083595342866665,0.011492558742010073,357.16666666666663,0.19009738835434153
122,Salisbury,2025,7,61.51438547159821,78.87413211950101,0.00333776314550062,0.010933725190278023,357.16666666666663,0.22759355823802252
124,Seymour,2019,1,838.8685920345367,854.0791404197746,0.007193298176696152,0.023542247459705554,1874.3333333333333,0.29036310763202516
124,Seymour,2020,2,928.3498520402688,957.0248080435516,0.015153898157941454,0.04959572252533685,1874.3333333333333,0.3644069299381129
124,Seymour,2021,3,1165.57139825547,1257.819109914295,0.025148672897982113,0.08230665073297629,1874.3333333333333,0.39755580058073897
124,Seymour,2022,4,1325.6025341063776,1544.8258349080559,0.0365157146279443,0.11950873838708202,1874.3333333333333,0.3976079466683748
124,Seymour,2023,5,1373.186451962876,1666.3242989742898,0.041097490276829816,0.1345039872258362,1874.3333333333333,0.3677511921732145
124,Seymour,2024,6,1941.0587539023547,2424.955193077104,0.04978146911029719,0.1629249387296473,1874.3333333333333,0.43313358799355506
124,Seymour,2025,7,1701.6011458223165,2181.803696181779,0.0543779241956829,0.17796823047141594,1874.3333333333333,0.4637496949015166
125,Sharon,2019,1,89.29958221249333,90.91878172588832,0.0007657439174721302,0.002580792945385062,20.0,0.2893401015228426
125,Sharon,2020,2,79.66445779171829,82.12514092446449,0.0014488666430361144,0.00488312701652956,20.0,0.3664036076662909
125,Sharon,2021,3,62.36048156071573,67.29592500976435,0.001983607772419252,0.006685369388725053,20.0,0.4101028511912511
125,Sharon,2022,4,133.6389828650364,155.7397092786306,0.003129562050486939,0.010547588400968866,20.0,0.33962776796630895
125,Sharon,2023,5,106.31541164063393,129.0108517448669,0.0032754727878332446,0.011039352544316414,20.0,0.3669295026934187
125,Sharon,2024,6,77.6333554525761,96.9869706840391,0.0032580560852751004,0.010980652890204484,20.0,0.3745928338762215
125,Sharon,2025,7,54.66429973949496,70.0909090909091,0.003192061326158132,0.010758230217460685,20.0,0.4214876033057851
126,Shelton,2019,1,561.6384207089525,571.8221711250729,0.004816049457579267,0.015812970225179794,4177.666666666667,0.21880465056026946
126,Shelton,2020,2,744.9390374601342,767.9487832767044,0.011203901703799913,0.03678678252965454,4177.666666666667,0.2906520511759586
126,Shelton,2021,3,579.6360938015389,625.5106779995397,0.016174281208148112,0.05310647853825981,4177.666666666667,0.30990037155163913
126,Shelton,2022,4,430.01380129279374,501.1279116571289,0.01986164955423382,0.06521354811458258,4177.666666666667,0.31566650916154776
126,Shelton,2023,5,467.4559617378226,567.2450573851045,0.01905403496855638,0.06256183419236772,4177.666666666667,0.2932992240426918
126,Shelton,2024,6,496.67613783069027,620.4950660502265,0.016925180604233897,0.0555719743553186,4177.666666666667,0.31921776650398703
126,Shelton,2025,7,739.3661658428549,948.0199501676512,0.01829486597198818,0.06006918604903936,4177.666666666667,0.35360724614897593
127,Sherman,2019,1,20.961292013988725,21.341366735373395,0.00017974307901995332,0.0005654878799541737,164.0,0.08154205078257717
127,Sherman,2020,2,14.5583347977247,15.008013988051873,0.00030458079991044267,0.0009582385689352888,164.0,0.06556899315168294
127,Sherman,2021,3,9.911693950588226,10.696142751384881,0.0003895735755367367,0.0012256334792839557,164.0,0.06126668879074873
127,Sherman,2022,4,7.742094852291375,9.022454194530528,0.00045596203889513524,0.0014344975512841274,164.0,0.065242211710977
127,Sherman,2023,5,22.10368407210168,26.82221763369812,0.0004657580507934537,0.0014653166850754826,164.0,0.07485029940119761
127,Sherman,2024,6,21.35667251479275,26.680786358205715,0.0005240537967173124,0.0016487203407409695,164.0,0.07602910828717281
127,Sherman,2025,7,21.535228187794097,27.612605088803516,0.0006237256028013524,0.0019622968001016686,164.0,0.06959523411836757
128,Simsbury,2019,1,75.04213199337714,76.4028123078568,0.0006434862818432089,0.0021083573352797115,3769.0000000000005,0.07120689613271215
128,Simsbury,2020,2,349.620629119535,360.4197434144419,0.0036414831765432206,0.011931175509400009,3769.0000000000005,0.11045879327417868
128,Simsbury,2021,3,541.3255180570591,584.1680589584846,0.0082833494938825,0.027140066787574472,3769.0000000000005,0.12104414579852606
128,Simsbury,2022,4,614.0341249039045,715.5808436245717,0.013548692114933482,0.04439175349961327,3769.0000000000005,0.1308060737786045
128,Simsbury,2023,5,955.39612030784,1159.3471288178405,0.021097727564729992,0.06912586938359905,3769.0000000000005,0.119454466839782
128,Simsbury,2024,6,656.0311108730347,819.5764532801641,0.02372519744576626,0.07773467046175334,3769.0000000000005,0.12872877910915811
128,Simsbury,2025,7,535.3774352124153,686.464316192193,0.02367419263537344,0.07756755521911254,3769.0000000000005,0.13088377712362523
129,Somers,2019,1,112.14853120752251,114.18203285064418,0.0009616736551045055,0.003149760581098048,1239.3333333333333,0.07986943084349064
129,Somers,2020,2,-45.11569214118039,-46.50922980843246,0.0005748065949938836,0.001882658576593925,1239.3333333333333,0.08859454199526529
129,Somers,2021,3,-181.3603012700514,-195.71383877359474,-0.0009803579883968072,-0.003210957200321016,1239.3333333333333,0.09758205086185064
129,Somers,2022,4,-81.93013444027484,-95.47944054448374,-0.0016829088912221637,-0.005512015494045076,1239.3333333333333,0.04659583081894082
129,Somers,2023,5,187.12719357353396,227.0737445776046,-0.0010399668614336159,-0.0034061935755491735,1239.3333333333333,0.05440776413499008
129,Somers,2024,6,483.6128906005048,604.1752152751778,0.0034938807355763346,0.011443474361144153,1239.3333333333333,0.05840509172594534
129,Somers,2025,7,679.5950187422919,871.3810092564945,0.01087657260468218,0.03562393486172391,1239.3333333333333,0.0634517766497462
130,Southbury,2019,1,537.8002880210734,547.5518002128692,0.004611637469780703,0.015112879638735381,3198.3333333333335,0.0526056088181681
130,Southbury,2020,2,575.3563353816143,593.1279950280491,0.009545318045678047,0.031281132500781975,3198.3333333333335,0.12225438725610455
130,Southbury,2021,3,635.8696769105937,686.1947987315584,0.014997900525186384,0.0491498880725432,3198.3333333333335,0.12215536352531331
130,Southbury,2022,4,1736.5473040205277,2023.7311484918794,0.02988879365716241,0.09794910030279828,3198.3333333333335,0.1236863654974751
130,Southbury,2023,5,1643.1002090509307,1993.8572799619503,0.03936674047999344,0.12900944936414613,3198.3333333333335,0.10319260070833439
130,Southbury,2024,6,1407.2386164462766,1758.0563102427882,0.04650013104012292,0.15238641116085355,3198.3333333333335,0.11940401820478655
130,Southbury,2025,7,842.4040011502694,1080.1357109452133,0.04827116287047813,0.15819029124984943,3198.3333333333335,0.13943498519044567
131,Southington,2019,1,543.4908751073358,553.3455702660921,0.004660434254045404,0.015269763402731997,5483.666666666667,0.1460158211896076
131,Southington,2020,2,402.71048603158766,415.14944473195004,0.008113676671766268,0.026584201460752948,5483.666666666667,0.2132579530050766
131,Southington,2021,3,357.2938205511112,385.57139958660395,0.011177471182992046,0.036622625940273726,5483.666666666667,0.22635336486640711
131,Southington,2022,4,427.1058317558836,497.739032749491,0.014839903690298743,0.04862246861941971,5483.666666666667,0.2310441727067437
131,Southington,2023,5,662.0504846759237,803.3802024381042,0.015856552342349388,0.05195348533037199,5483.666666666667,0.22296163303540065
131,Southington,2024,6,940.5930940399029,1175.078344938787,0.020468895706020694,0.06706568047276391,5483.666666666667,0.22820807895609432
131,Southington,2025,7,945.1270081695358,1211.8477969107132,0.025509565289848688,0.08358127274178664,5483.666666666667,0.2531295499467224
132,South Windsor,2019,1,-406.58670969805024,-413.95902865167517,-0.0034864810356607804,-0.011418548821455996,4713.333333333333,0.10760336306104212
132,South Windsor,2020,2,-279.69670272544556,-288.33600032137764,-0.0058848802615314765,-0.019273528777988696,4713.333333333333,0.15488616759397505
132,South Windsor,2021,3,-201.8306616828347,-217.80430062995924,-0.0076155781854617835,-0.024941725030157708,4713.333333333333,0.159677911720316
132,South Windsor,2022,4,-67.9092647451882,-79.13985067831716,-0.008197900130651772,-0.026848883420794667,4713.333333333333,0.16180434285421152
132,South Windsor,2023,5,203.97743641257645,247.52105458869488,-0.002962312577753149,-0.009701848496381308,4713.333333333333,0.1546659256868025
132,South Windsor,2024,6,68.16235839156343,85.15490044889152,2.057887132520314e-05,6.739771262595089e-05,4713.333333333333,0.1536153400158995
132,South Windsor,2025,7,16.577149513427948,21.25532541474428,0.0018934258523331552,0.0062011453134364946,4713.333333333333,0.1605968391086679
133,Sprague,2019,1,1972.321208764908,2008.083767361111,0.01691265436515909,0.055498346764764186,334.99999999999994,0.4774305555555555
133,Sprague,2020,2,1527.4024448853013,1574.5809927249286,0.03001013033005054,0.09847730483654603,334.99999999999994,0.5479325904779445
133,Sprague,2021,3,589.0132311551483,635.6299573309599,0.03506091878720596,0.1150513093173644,334.99999999999994,0.5575770267794037
133,Sprague,2022,4,1039.6695693950405,1211.6063218390805,0.04397608534476842,0.14430614976964115,334.99999999999994,0.5948275862068966
133,Sprague,2023,5,1713.1888316965444,2078.9079115270097,0.041754025211407204,0.13701452888324228,334.99999999999994,0.5689068481497235
133,Sprague,2024,6,1921.7703339538596,2400.858264518749,0.04513572986017009,0.1481114870070768,334.99999999999994,0.5712738594828752
133,Sprague,2025,7,1554.2319294033005,1992.8459595959596,0.053412480197647993,0.17527138458418354,334.99999999999994,0.547979797979798
134,Stafford,2019,1,241.3319416034029,245.70782503677722,0.00206942139924918,0.0067964411221695265,1150.6666666666667,0.34882152286611806
134,Stafford,2020,2,302.88082921139824,312.23624024829036,0.00466662450973692,0.01532623501970524,1150.6666666666667,0.4014548672336051
134,Stafford,2021,3,196.8773586952043,212.45897458269852,0.006354847860548294,0.020870736786732583,1150.6666666666667,0.4053881725987127
134,Stafford,2022,4,-18.82811758691754,-21.941842839463686,0.0061933967522404786,0.020340495361703723,1150.6666666666667,0.41226997459010994
134,Stafford,2023,5,520.2152422642338,631.2670050324127,0.008584821055407102,0.028194465790585033,1150.6666666666667,0.2964887973179609
134,Stafford,2024,6,827.618416267177,1033.9396333977734,0.013084445864410406,0.04297223657102622,1150.6666666666667,0.33936811209730905
134,Stafford,2025,7,606.3198440150611,777.4271191508446,0.016595415176028173,0.05450304233963951,1150.6666666666667,0.4073852593810734
135,Stamford,2019,1,729.5985663704181,742.8278068032517,0.006256307706626336,0.020500034948484375,14087.0,0.5253453974380029
135,Stamford,2020,2,695.5084826199018,716.9914128915066,0.012220292945091993,0.040042217263350034,14087.0,0.5810719159909631
135,Stamford,2021,3,644.7436053687311,695.7710433197179,0.017748969361128863,0.058158023752147875,14087.0,0.5987288182925059
135,Stamford,2022,4,587.2425730968674,684.3586029272956,0.0227845744254345,0.07465818401371792,14087.0,0.5893491289747854
135,Stamford,2023,5,600.5829408960569,728.7910148938719,0.021678265436991848,0.07103314285679467,14087.0,0.5374911353465632
135,Stamford,2024,6,575.8908523088979,719.4576208187839,0.020652544257074995,0.06767216366240095,14087.0,0.5204316681374198
135,Stamford,2025,7,476.6659451739777,611.1840742337881,0.019211278320904985,0.06294956953068143,14087.0,0.5093371169566451
136,Sterling,2019,1,659.3760897207416,671.3320408816278,0.005654149969355359,0.01854300814888629,402.83333333333337,0.303036006700672
136,Sterling,2020,2,731.9075222109203,754.514749380446,0.011930256972314,0.03912574895517813,402.83333333333337,0.3977136461747542
136,Sterling,2021,3,276.1235734979284,297.9770333789493,0.014298016615058737,0.04689091022397722,402.83333333333337,0.3946768211657841
136,Sterling,2022,4,-530.7581862746213,-618.5330347144458,0.009746765167753857,0.031964901339811246,402.83333333333337,0.3429451287793953
136,Sterling,2023,5,-83.0246588849262,-100.7481586468087,0.0033806787484602584,0.01108706948369331,402.83333333333337,0.3229628941192872
136,Sterling,2024,6,-210.710139231318,-263.23914478927117,-0.004702267698406933,-0.015421272644408783,402.83333333333337,0.38252237072793094
136,Sterling,2025,7,-151.9020764661203,-194.76979826039437,-0.00837258764684865,-0.027458231883523934,402.83333333333337,0.3734231977776766
137,Stonington,2019,1,-453.2680871850851,-461.4868430630369,-0.003886773847612104,-0.01272535822037554,1505.6666666666667,0.19926481292764595
137,Stonington,2020,2,-408.3326416297839,-420.94525799171385,-0.0073882262495875,-0.02418916801576811,1505.6666666666667,0.26932298582535297
137,Stonington,2021,3,-350.4302676543511,-378.16463925568496,-0.01039316579472356,-0.03402738697103902,1505.6666666666667,0.27016094079574676
137,Stonington,2022,4,-345.8289450511052,-403.0208716627826,-0.01335864899853679,-0.043736425249202404,1505.6666666666667,0.27648309415756983
137,Stonington,2023,5,-341.92950745511644,-414.9221294707142,-0.012403920677352305,-0.040610629829519226,1505.6666666666667,0.2359229955844142
137,Stonington,2024,6,-334.7416926484298,-418.1911569112988,-0.011772878289837196,-0.03854458720697139,1505.6666666666667,0.24221715200207616
137,Stonington,2025,7,-334.13690730381575,-428.43244503923194,-0.011633162724831354,-0.0380871562672336,1505.6666666666667,0.25765896836458746
138,Stratford,2019,1,1713.6420177389775,1744.7141487894178,0.014694480302111734,0.04823776904558837,5795.333333333333,0.46029208901038604
138,Stratford,2020,2,1676.433662530076,1728.215500389826,0.029069898958307135,0.09542815011483534,5795.333333333333,0.5208980689483734
138,Stratford,2021,3,1437.196912111687,1550.942090265393,0.041393862479664846,0.1358841916928473,5795.333333333333,0.5064206151845246
138,Stratford,2022,4,1365.8378073338386,1591.7150705251765,0.05310592167755251,0.17433152667990182,5795.333333333333,0.46039364159440227
138,Stratford,2023,5,1610.1442695289,1953.8661463889462,0.05221842848665109,0.17141814078995768,5795.333333333333,0.49716893840141935
138,Stratford,2024,6,1546.5468669739626,1932.0934252329673,0.05110464921475743,0.16776192252426989,5795.333333333333,0.46586280806883
138,Stratford,2025,7,1543.98467385981,1979.7068640591483,0.05202035427174758,0.1707679198882338,5795.333333333333,0.46433937302605105
139,Suffield,2019,1,183.91388370916968,187.24865038590346,0.0015770615528061301,0.005163740178830678,1782.0,0.08337564220204853
139,Suffield,2020,2,212.1256820067054,218.6778396715561,0.003396039276013628,0.01111958149460662,1782.0,0.12721420173088416
139,Suffield,2021,3,143.47801633820106,154.83340709363344,0.004626363266113703,0.015148006009397906,1782.0,0.16000311252255361
139,Suffield,2022,4,234.01131125386001,272.71124638379945,0.006633010260115553,0.021718328955398318,1782.0,0.15519527483124398
139,Suffield,2023,5,484.01793104716137,587.342555331992,0.00920640246603883,0.03014433408244696,1782.0,0.14285714285714285
139,Suffield,2024,6,799.2411655044544,998.4880730243582,0.01424091773703203,0.04662874379968774,1782.0,0.1447375056735085
139,Suffield,2025,7,750.2104191869787,961.9245200409321,0.019443648091460295,0.06366393670194335,1782.0,0.14611323521176237
140,Thomaston,2019,1,110.22671895393431,112.22537387785809,0.0009451941150299865,0.0030942919611000805,761.6666666666667,0.19824930612742855
140,Thomaston,2020,2,334.24753134677496,344.571799977303,0.0038113666963285817,0.01247731142388667,761.6666666666667,0.29506133355342573
140,Thomaston,2021,3,493.06007953426837,532.0827117946608,0.00803935687833493,0.02631852755479462,761.6666666666667,0.3415462167583972
140,Thomaston,2022,4,712.7580607716848,830.6313830799484,0.014151257249452128,0.04632712037680193,761.6666666666667,0.3362019749222929
140,Thomaston,2023,5,1001.5805918393391,1215.3907251104029,0.02179461670944447,0.07134926699914125,761.6666666666667,0.32405985576159363
140,Thomaston,2024,6,1083.0906504908994,1353.0998441963127,0.02821594645610534,0.09237084203723295,761.6666666666667,0.3440664762399377
140,Thomaston,2025,7,964.7793444144689,1237.0461461026334,0.03226093915245306,0.10561297736582645,761.6666666666667,0.3683451920657073
141,Thompson,2019,1,-1005.4722961067805,-1023.7037392138063,-0.008621924939115644,-0.028189277688295905,845.6666666666665,0.3825503355704698
141,Thompson,2020,2,-1080.658190774024,-1114.0376608164108,-0.017888568925002905,-0.05848645638114901,845.6666666666665,0.45279601539506453
141,Thompson,2021,3,-1500.0797608555358,-1618.801724565142,-0.03075175287433912,-0.10054247830943337,845.6666666666665,0.4678130729966797
141,Thompson,2022,4,-1284.7825367491062,-1497.2551756222379,-0.0417687631269627,-0.13656245801223324,845.6666666666665,0.47432668871426115
141,Thompson,2023,5,-916.1847471270456,-1111.7651971479577,-0.04100312239446148,-0.1340592050414226,845.6666666666665,0.4207075821319331
141,Thompson,2024,6,-794.5876097688098,-992.6744086390127,-0.038550067162341765,-0.12603897109004206,845.6666666666665,0.4263798423037367
141,Thompson,2025,7,-1201.504900974029,-1540.577144274792,-0.035989787738857845,-0.11766816896199418,845.6666666666665,0.43866573445499446
142,Tolland,2019,1,-905.5431132972607,-921.9626186530649,-0.0077650321965240104,-0.02541025896611714,1806.3333333333333,0.0810934690375733
142,Tolland,2020,2,-650.1486332975633,-670.2304843523458,-0.013340056727050612,-0.04365394598219307,1806.3333333333333,0.12802442560650057
142,Tolland,2021,3,-623.1925719853755,-672.5143799625375,-0.01868393303182521,-0.06114122450861118,1806.3333333333333,0.13592587067150697
142,Tolland,2022,4,-384.9154667561475,-448.5713794304437,-0.021984583159259177,-0.07194225821613257,1806.3333333333333,0.13329492146349223
142,Tolland,2023,5,-59.90424009083063,-72.69216116446184,-0.01473322982151404,-0.048212959804542634,1806.3333333333333,0.14450677211282037
142,Tolland,2024,6,379.0112700207312,473.4969230703439,-0.005908183650559662,-0.019333915530614906,1806.3333333333333,0.15822987807746422
142,Tolland,2025,7,372.21441179277366,477.2556608905814,0.0026274312353379665,0.008597995013528642,1806.3333333333333,0.14090913144681572
143,Torrington,2019,1,2456.169706798268,2500.705511955785,0.021061655235795142,0.06908685582766484,3675.5000000000005,0.5184478736972733
143,Torrington,2020,2,2586.5403123519386,2666.433608499297,0.043241238414213005,0.14184076088451048,3675.5000000000005,0.6323110239135263
143,Torrington,2021,3,2430.6550033803987,2623.0261976543084,0.06408410506819993,0.21020994210213642,3675.5000000000005,0.6714802808781696
143,Torrington,2022,4,2229.8524423698173,2598.6172871402237,0.0832050897615211,0.2729309722396613,3675.5000000000005,0.6650237739167589
143,Torrington,2023,5,2809.930717306722,3409.7742706312624,0.08623859042663111,0.28288152079613926,3675.5000000000005,0.6243018463547709
143,Torrington,2024,6,3046.11682050779,3805.498822619087,0.0901794589840675,0.29580843536269563,3675.5000000000005,0.6068407502758367
143,Torrington,2025,7,2736.3359315689763,3508.547149342138,0.09280067294328456,0.3044065929560323,3675.5000000000005,0.6624511398160198
144,Trumbull,2019,1,-286.2237884544406,-291.41366065210315,-0.0024543689859968273,-0.008048751865824924,6205.666666666667,0.09503882145778908
144,Trumbull,2020,2,-246.93017469803598,-254.5573767488443,-0.004571795234032486,-0.014992548239499316,6205.666666666667,0.1665638683122546
144,Trumbull,2021,3,-198.4488373486601,-214.15482597721416,-0.006273494014297246,-0.020573025873820962,6205.666666666667,0.17148066029079512
144,Trumbull,2022,4,-180.78919118399583,-210.68744667227384,-0.00782376132870001,-0.02565690568590997,6205.666666666667,0.1797743239070953
144,Trumbull,2023,5,-157.37374165593,-190.96874234881255,-0.006718872177402782,-0.02203357982546627,6205.666666666667,0.17168337253214427
144,Trumbull,2024,6,-49.5741029792937,-61.93268401592383,-0.0050265438624145665,-0.016483831291091926,6205.666666666667,0.17497903204848028
144,Trumbull,2025,7,266.4670155902696,341.6656840839283,-0.001039890423463245,-0.0034101718339241112,6205.666666666667,0.17200110835332888
146,Vernon,2019,1,1333.8788537362195,1358.0650362175456,0.011438011170788083,0.037449546933931585,2674.0,0.43531408570850666
146,Vernon,2020,2,1572.4159114627114,1620.9848394169321,0.02492147761158083,0.08159618237315613,2674.0,0.512359393109569
146,Vernon,2021,3,1429.7131093173123,1542.8659911232182,0.037181267523976776,0.12173634055878407,2674.0,0.5354249348331493
146,Vernon,2022,4,1690.7299931089271,1970.336738205866,0.05167927721488583,0.16920472350239718,2674.0,0.5522162401357033
146,Vernon,2023,5,1818.426237952267,2206.6106331452393,0.05583427103453844,0.18280871756534015,2674.0,0.5355652004002677
146,Vernon,2024,6,2111.188041312566,2637.496878469412,0.060454242048000935,0.1979351078720692,2674.0,0.5337441217442059
146,Vernon,2025,7,2258.520144997712,2895.8887412335857,0.06756126237896036,0.22120442344367944,2674.0,0.5535587405498128
147,Voluntown,2019,1,-1333.3834321555748,-1357.56063154468,-0.011433762930734056,-0.03771344674489612,122.0,0.20074873853833217
147,Voluntown,2020,2,-1781.619645702198,-1836.6504779286665,-0.026711151392630403,-0.08810481655457507,122.0,0.2505645435703901
147,Voluntown,2021,3,-1472.0247327030252,-1588.5263157894738,-0.03933376347555884,-0.12973959693745307,122.0,0.26165413533834586
147,Voluntown,2022,4,-1120.3048301869842,-1305.5767472652187,-0.04894037739441223,-0.1614263237501626,122.0,0.26796128747517417
147,Voluntown,2023,5,-1363.7145708373453,-1654.8304296210736,-0.049200466908608416,-0.16228421035337154,122.0,0.29839253056117043
147,Voluntown,2024,6,-474.9982748841589,-593.413018058984,-0.03799618865384373,-0.12532770234844845,122.0,0.30856177731583734
147,Voluntown,2025,7,-961.717134844277,-1233.1197617233497,-0.03362030100220496,-0.1108941508648747,122.0,0.31516242986770104
148,Wallingford,2019,1,129.22530444403077,131.56844586630746,0.0011081069856075639,0.0036343310119550418,4453.666666666667,0.22108099006566762
148,Wallingford,2020,2,160.4797398322008,165.43665286341766,0.002484220754668685,0.008147661414014584,4453.666666666667,0.30690697820576385
148,Wallingford,2021,3,312.40776142433884,337.1328886357522,0.005163117308882392,0.01693381379032166,4453.666666666667,0.3214681309772981
148,Wallingford,2022,4,376.1107177090051,438.31053317528995,0.008388266713237108,0.027511547394273302,4453.666666666667,0.32684015801882876
148,Wallingford,2023,5,547.162150157587,663.9663426502079,0.011972075165230854,0.0392655985528319,4453.666666666667,0.31542086636096256
148,Wallingford,2024,6,1127.0467131244973,1408.0139379280306,0.020260386961212292,0.06644931726242227,4453.666666666667,0.32120251698221614
148,Wallingford,2025,7,1116.7484504979734,1431.901890160209,0.027157608370018706,0.08907058577522886,4453.666666666667,0.35095713013467794
149,Warren,2019,1,-5.804725061143985,-5.909977602774366,-4.977551739930967e-05,-0.00016310898919162382,1335.0,0.057799291958673504
149,Warren,2020,2,1.4074669864411355,1.4509409567590863,-3.770648799057693e-05,-0.0001235600846249446,1335.0,0.172389024565436
149,Warren,2021,3,3.6725112140894836,3.96316758747698,-6.214704329759613e-06,-2.0364914205109937e-05,1335.0,0.2430939226519337
149,Warren,2022,4,916.3139158024773,1067.8505612330373,0.007851177123676481,0.025727458628587392,1335.0,0.22616853744345788
149,Warren,2023,5,771.0555262137176,935.6548466901568,0.014512753778358421,0.047556725130250305,1335.0,0.1799235324986881
149,Warren,2024,6,568.812567354903,710.6147540983607,0.01937825251401798,0.06350043846867881,1335.0,0.22950819672131148
149,Warren,2025,7,258.78252123266014,331.8125770653514,0.021565820849927222,0.07066886340327742,1335.0,0.2466091245376079
150,Washington,2019,1,43.10484476089115,43.88643121328596,0.0003696240438246416,0.0012123231924009554,554.5,0.14504315033722534
150,Washington,2020,2,38.835731569330484,40.03529323421191,0.0007026404420316503,0.002304577632395462,554.5,0.2365397612074792
150,Washington,2021,3,37.49428214641377,40.46172089231453,0.0010241539114371485,0.003359103825000239,554.5,0.25939375972726597
150,Washington,2022,4,951.5938659407776,1108.964980544747,0.009184071311879314,0.030122668798401624,554.5,0.2918287937743191
150,Washington,2023,5,786.6896784714768,954.6264639557721,0.015560311260947588,0.0510359824740571,554.5,0.29824689023059575
150,Washington,2024,6,608.9123091854035,760.7111651407514,0.02044871791400541,0.06706937872736124,554.5,0.2773240132203776
150,Washington,2025,7,266.64542301638903,341.8944392082941,0.022413688946965455,0.07351425155274399,554.5,0.27489789506754636
151,Waterbury,2019,1,4053.2032630064773,4126.696829141358,0.03475621798028054,0.1137112189671657,16178.666666666664,0.7300208879750061
151,Waterbury,2020,2,3908.9114678511874,4029.6502864280646,0.06827513381710446,0.22337438140979912,16178.666666666664,0.7421525043143005
151,Waterbury,2021,3,3661.516120392443,3951.3023006415833,0.09967263454946969,0.32609695274438333,16178.666666666664,0.8148356896058284
151,Waterbury,2022,4,3626.7610269961333,4226.541506514418,0.13077211035596153,0.42784448192613933,16178.666666666664,0.7785720600328375
151,Waterbury,2023,5,3828.521936988096,4645.80692857859,0.1288454679853539,0.42154112485202155,16178.666666666664,0.7269842791828837
151,Waterbury,2024,6,4057.672313356234,5069.230144783847,0.13012109223555968,0.42571455904204974,16178.666666666664,0.7764414659898939
151,Waterbury,2025,7,3553.8908886450654,4556.8212596174535,0.12919820587332592,0.42269517030195974,16178.666666666664,0.8076680558692829
152,Waterford,2019,1,17.152490428498616,17.46350312830329,0.0001470826054243756,0.00048298838614717777,2024.6666666666667,0.21248178727537642
152,Waterford,2020,2,18.808993109249357,19.38996702623597,0.0003083697213361889,0.0010126214015252785,2024.6666666666667,0.3025957211131121
152,Waterford,2021,3,17.137409411462464,18.493728556161763,0.0004553230070394795,0.0014951851288679456,2024.6666666666667,0.3191030616645106
152,Waterford,2022,4,15.42191101108456,17.972330272917684,0.0005875658939595297,0.0019294429960621683,2024.6666666666667,0.28622497992094365
152,Waterford,2023,5,24.538460579424406,29.776752504708696,0.0006509005880037182,0.0021374208298465727,2024.6666666666667,0.2880612842468464
152,Waterford,2024,6,29.015100803395427,36.24842330475324,0.0007384179614810208,0.0024248095040795416,2024.6666666666667,0.3061582922195079
152,Waterford,2025,7,31.61400797738162,40.535679953857986,0.0008625547941837774,0.0028324487916454267,2024.6666666666667,0.30120481927710846
153,Watertown,2019,1,299.89102381696017,305.3287133089499,0.002571565529230434,0.008424294102387486,2352.666666666666,0.26344120519895337
153,Watertown,2020,2,446.67113924793244,460.46795866651854,0.006401770548281455,0.020971815519266416,2352.666666666666,0.34121986100308604
153,Watertown,2021,3,539.3716746720745,582.0595810470572,0.01102688265859449,0.03612340478693374,2352.666666666666,0.37278792629491425
153,Watertown,2022,4,917.5478038639122,1069.288505191084,0.018894855076727543,0.06189840950153699,2352.666666666666,0.3762140438358203
153,Watertown,2023,5,1191.3443685079278,1445.6638913479533,0.02653906750745259,0.0869403899471318,2352.666666666666,0.35149056653107574
153,Watertown,2024,6,1741.9576699165684,2176.2191841397357,0.03764614950793614,0.12332652295748105,2352.666666666666,0.3570770534694329
153,Watertown,2025,7,1378.8704527805428,1767.996370840817,0.04484485153021626,0.14690903808369976,2352.666666666666,0.3992075101375748
154,Westbrook,2019,1,36.18276965599511,36.83884353191604,0.000310267249800158,0.0010150027816968098,484.83333333333326,0.18457144396842076
154,Westbrook,2020,2,32.00301831954407,32.99153050626801,0.0005846931318902485,0.0019127547483334785,484.83333333333326,0.29255591474920645
154,Westbrook,2021,3,31.9237497478447,34.45031557316894,0.0008584392859780168,0.002808283064831119,484.83333333333326,0.3625421987377073
154,Westbrook,2022,4,30.92104389453836,36.03465308914051,0.001123587237373683,0.0036756833734397625,484.83333333333326,0.367809104035261
154,Westbrook,2023,5,36.037787974962335,43.73087259790899,0.001122344019458827,0.003671616332388388,484.83333333333326,0.36041074396855727
154,Westbrook,2024,6,34.387760973437345,42.96046133749641,0.0011427931877159622,0.003738513378975635,484.83333333333326,0.27718482174148534
154,Westbrook,2025,7,36.016932089649615,46.181136955188244,0.0011778922262969393,0.003853335751680204,484.83333333333326,0.3448333029393723
155,West Hartford,2019,1,501.9991275962755,511.1014853340128,0.004304642519138062,0.014103542369191412,7988.333333333333,0.20164171125666353
155,West Hartford,2020,2,542.7780298370734,559.5434077718259,0.008958964124990965,0.029352757995378485,7988.333333333333,0.2454742277472276
155,West Hartford,2021,3,524.9630032275419,566.5105530608391,0.013460521877667136,0.04410146481829555,7988.333333333333,0.2562329143851641
155,West Hartford,2022,4,563.1375254266973,656.2671505994134,0.018289426158201068,0.059922675479690254,7988.333333333333,0.254579210043391
155,West Hartford,2023,5,511.1269858534658,620.238653805291,0.018367697542756474,0.06017912041872168,7988.333333333333,0.23880481104326637
155,West Hartford,2024,6,947.659030876477,1183.9057852166031,0.02183955212666936,0.0715541528415514,7988.333333333333,0.24712663733293572
155,West Hartford,2025,7,885.9735929682993,1136.0009157278357,0.024935217933696352,0.08169665681863064,7988.333333333333,0.2609614302156581
156,West Haven,2019,1,2812.0207967251595,2863.008971506082,0.024113078331918242,0.07906158183577572,5150.0,0.6306089893426505
156,West Haven,2020,2,2603.3720696817713,2683.7852667046777,0.04643699382943944,0.1522568847210962,5150.0,0.5462453333486142
156,West Haven,2021,3,2358.7123584595083,2545.389740775979,0.06666295230322972,0.21857343912658916,5150.0,0.6372614829645281
156,West Haven,2022,4,2207.4366463193696,2572.4944486891745,0.08559172154541829,0.2806367898896834,5150.0,0.605122725753307
156,West Haven,2023,5,2347.299013482462,2848.3833186186644,0.08160673225411219,0.267570869701789,5150.0,0.5573738328591941
156,West Haven,2024,6,2796.078551574049,3493.1272380393307,0.08325919033633847,0.27298892326176055,5150.0,0.5782213090695627
156,West Haven,2025,7,2588.8756846002625,3319.472692812703,0.08523284085799541,0.2794600975384457,5150.0,0.5776156468625631
157,Weston,2019,1,10.88253324746513,11.079857715309451,9.331772259701348e-05,0.00030641902699005916,1941.3333333333333,0.0212042269977411
157,Weston,2020,2,11.783986900543077,12.147971776690477,0.00019436541026917033,0.0006382202462483679,1941.3333333333333,0.01657116442955947
157,Weston,2021,3,11.34190745709424,12.239548743015524,0.0002916222667137534,0.0009575738533713817,1941.3333333333333,0.021695047330623666
157,Weston,2022,4,15.19298117683119,17.705540859623273,0.00042190208030508093,0.0013853619798507826,1941.3333333333333,0.012871269551014612
157,Weston,2023,5,21.608373407776554,26.221171654598724,0.0005138761596797514,0.0016873690062330885,1941.3333333333333,0.013584926165926289
157,Weston,2024,6,23.529600598556623,29.39541476927923,0.0006145947971402175,0.002018089752855642,1941.3333333333333,0.010654708686367068
157,Weston,2025,7,25.110014181170357,32.19621818318586,0.0007326563122991702,0.002405757749814841,1941.3333333333333,0.011283391787571343
158,Westport,2019,1,40.241763194231886,40.971435626821844,0.0003450731193905384,0.0011305574694566284,4763.333333333333,0.03185152180487185
158,Westport,2020,2,36.78042548748802,37.916502668216644,0.000660465267945748,0.0021638716551191694,4763.333333333333,0.030389294181182438
158,Westport,2021,3,31.65409958581435,34.1593242814292,0.0009318991718941063,0.003053166156280489,4763.333333333333,0.03211804414258909
158,Westport,2022,4,30.881060543802903,35.988057438036115,0.001196704266057216,0.0039207427953563585,4763.333333333333,0.021041656793516893
158,Westport,2023,5,35.943380698413314,43.616311943244256,0.0011598456361555716,0.0037999834634708757,4763.333333333333,0.022860800585236495
158,Westport,2024,6,38.39904693521898,47.97174124047919,0.0011737253150698652,0.003845457230589937,4763.333333333333,0.019712793978774016
158,Westport,2025,7,35.4739619459111,45.484937220348186,0.0012064806348076947,0.003952772953876202,4763.333333333333,0.024323697503709833
159,Wethersfield,2019,1,1845.625599440452,1879.0908855983669,0.015826239515201873,0.05197236117879806,3150.666666666666,0.18942036850401842
159,Wethersfield,2020,2,1723.08628548973,1776.3091338778556,0.030601704413276316,0.1004940455327949,3150.666666666666,0.2539491687051702
159,Wethersfield,2021,3,1413.503963276165,1525.3739921976594,0.04272250089836943,0.14029796813189815,3150.666666666666,0.24213263979193758
159,Wethersfield,2022,4,1483.8350930557426,1729.2263159718427,0.05544638682132243,0.18208239798021025,3150.666666666666,0.25001399332052165
159,Wethersfield,2023,5,1679.6815549400494,2038.2477452604455,0.05402341663973147,0.17740945466014565,3150.666666666666,0.2800347085272541
159,Wethersfield,2024,6,1858.663978970651,2322.019804361351,0.05518599536133038,0.1812272890332249,3150.666666666666,0.2786622122538179
159,Wethersfield,2025,7,1356.402869982839,1739.1882948045195,0.0546963534863401,0.17961933634485486,3150.666666666666,0.2810213418637756
160,Willington,2019,1,-83.54947791112674,-85.06441527842806,-0.0007164367730879116,-0.0023518922055626498,523.0,0.21597619730860432
160,Willington,2020,2,-37.4809274732673,-38.63864182405448,-0.0010378357261711787,-0.003406968830642276,523.0,0.2688984709382806
160,Willington,2021,3,101.803846322964,109.86098625914985,-0.0001648677439517625,-0.0005412217470044203,523.0,0.33870553486580196
160,Willington,2022,4,438.5837098645618,511.11508037764736,0.003595987568136854,0.011804775313736554,523.0,0.3742451305605171
160,Willington,2023,5,833.172401219695,1011.0319799635391,0.011456877681683648,0.03761021534880103,523.0,0.38164687441432543
160,Willington,2024,6,1019.5961928032854,1273.7765292314018,0.02052131398805509,0.06736661242050487,523.0,0.381986673290053
160,Willington,2025,7,941.9196503917528,1207.7353025863383,0.027725307007944955,0.09101561491291,523.0,0.33536017343879676
161,Wilton,2019,1,10.245264050995102,10.43103341469156,8.785313923728299e-05,0.00028824799439725914,3276.3333333333335,0.02304461486997138
161,Wilton,2020,2,10.271762753726943,10.589037910707852,0.00017593350485049154,0.0005772415233047626,3276.3333333333335,0.06004594153313897
161,Wilton,2021,3,9.152805136018145,9.877192616974293,0.0002544188088918471,0.0008347534537376254,3276.3333333333335,0.049737510937044295
161,Wilton,2022,4,8.759816989633498,10.208483498241705,0.00032953423957795435,0.0010812087589382408,3276.3333333333335,0.04887185199746631
161,Wilton,2023,5,19.24080955398625,23.34819750509069,0.0004066710422661034,0.0013342962281181721,3276.3333333333335,0.0730138212459403
161,Wilton,2024,6,24.76073977874248,30.933470916415605,0.0005309140202556117,0.0017419400475005582,3276.3333333333335,0.06923708220500058
161,Wilton,2025,7,27.826746742501488,35.67962976785848,0.0006910430695312063,0.002267326820234594,3276.3333333333335,0.06131436675588352
162,Winchester,2019,1,225.83480900920324,229.92969505228928,0.001936533487253918,0.0061764160291372,619.3333333333333,0.4877405747429475
162,Winchester,2020,2,224.68282282864817,231.6228466194048,0.003863188693009576,0.012321326082990339,619.3333333333333,0.5837706398233491
162,Winchester,2021,3,149.3044077735671,161.12092109767744,0.0051434739896679136,0.01640469189111922,619.3333333333333,0.5513612857889332
162,Winchester,2022,4,208.30902290404455,242.75840755204675,0.006929723861070095,0.022101790552406714,619.3333333333333,0.5235111772914149
162,Winchester,2023,5,705.2425609246818,855.7926086875082,0.011040645333745323,0.03521324018417151,619.3333333333333,0.5506958622885721
162,Winchester,2024,6,890.7162891184936,1112.7674968693475,0.01675188230718075,0.053428765927002284,619.3333333333333,0.5741848708315941
162,Winchester,2025,7,1128.1599593471053,1446.533798611361,0.025145568661923835,0.08019974576608616,619.3333333333333,0.5944886138791955
163,Windham,2019,1,3671.9344292315996,3738.514745664461,0.03148683773066096,0.10311503361712832,3017.9999999999995,0.8357084198830975
163,Windham,2020,2,3368.6544488333584,3472.7057586905926,0.06037304962940701,0.1977133777407814,3017.9999999999995,0.7438996921690818
163,Windham,2021,3,2983.8081703293155,3219.9579901977127,0.08595920468998089,0.28150449267497557,3017.9999999999995,0.7510843439226729
163,Windham,2022,4,3131.3263440661112,3649.173646988012,0.11281032809034779,0.3694382037630968,3017.9999999999995,0.726977479059036
163,Windham,2023,5,3431.4855403523097,4164.014092401313,0.11074847886820789,0.3626859330627788,3017.9999999999995,0.7446552966610618
163,Windham,2024,6,3916.5749578190175,4892.957909669096,0.1154468972327599,0.3780726026214163,3017.9999999999995,0.7415363706679777
163,Windham,2025,7,3359.9013420836036,4308.086642373242,0.11867189618055292,0.38863402761307414,3017.9999999999995,0.7385075823033672
164,Windsor,2019,1,-155.5110029012523,-158.33076234453947,-0.0013335068498782385,-0.004377368615497853,2708.3333333333326,0.3618772095752052
164,Windsor,2020,2,-119.45741593107986,-123.14722763144408,-0.0023578541914872487,-0.0077398904540151164,2708.3333333333326,0.3879266167879471
164,Windsor,2021,3,-246.85626007074532,-266.3933945047793,-0.00447464662159389,-0.014688471745456035,2708.3333333333326,0.41246059801682006
164,Windsor,2022,4,282.050943760175,328.6954976852448,-0.002056059778850389,-0.006749220334600414,2708.3333333333326,0.45162187353557615
164,Windsor,2023,5,-38.44809944659608,-46.65571981551639,-0.0010522453817267113,-0.003454099924716278,2708.3333333333326,0.414882226980728
164,Windsor,2024,6,505.1971052231125,631.1402688740739,0.004304167137170488,0.014128855913884271,2708.3333333333326,0.4228530156770643
164,Windsor,2025,7,457.8747011694713,587.0898229308057,0.010347235129805347,0.033965826511144284,2708.3333333333326,0.46625409314345745
165,Windsor Locks,2019,1,425.98494907774494,433.7090011412693,0.003652820938341663,0.011974366638873501,1253.6666666666667,0.3709125192279065
165,Windsor Locks,2020,2,586.10156818436,604.2051275743954,0.00867864188552255,0.028449585024529135,1253.6666666666667,0.4446193676934525
165,Windsor Locks,2021,3,236.07924755947553,254.76344862179917,0.01070302143334505,0.035085733724681004,1253.6666666666667,0.42025031503480675
165,Windsor Locks,2022,4,359.35252861656653,418.7809360372417,0.013784469366232108,0.045187074017517787,1253.6666666666667,0.3854798327452951
165,Windsor Locks,2023,5,391.7525294153006,475.381007448946,0.013490926367626652,0.04422480634852773,1253.6666666666667,0.41282536647134455
165,Windsor Locks,2024,6,650.1762935292352,812.262058652067,0.014040367137458957,0.046025936306817956,1253.6666666666667,0.41124882771905813
165,Windsor Locks,2025,7,610.6358885424788,782.9611786018063,0.017252190333888206,0.05655466168987565,1253.6666666666667,0.4019141241323784
166,Wolcott,2019,1,-426.4863012699691,-434.21944396085786,-0.0036571200333899846,-0.01201414177667176,1885.0000000000002,0.2279379911496901
166,Wolcott,2020,2,-164.7938709976648,-169.88403931091807,-0.00507022747719496,-0.01665639388230091,1885.0000000000002,0.2742148410124354
166,Wolcott,2021,3,-66.71396190577087,-71.9939561907306,-0.005642299700536945,-0.018535729735369842,1885.0000000000002,0.29467744089755576
166,Wolcott,2022,4,282.31944759797585,329.0084057061142,-0.0032214104373843025,-0.010582775889833113,1885.0000000000002,0.3073663283457152
166,Wolcott,2023,5,415.7578055868249,504.51075521992146,0.004000832778912704,0.013143285369842609,1885.0000000000002,0.28038311825773643
166,Wolcott,2024,6,624.9086170992929,780.6952742605097,0.010772531614344116,0.03538924643620185,1885.0000000000002,0.2885815869395231
166,Wolcott,2025,7,904.8625380786563,1160.220440003506,0.019103800101710575,0.06275860808495164,1885.0000000000002,0.3488474011745113
167,Woodbridge,2019,1,-206.88388836998644,-210.6351521841981,-0.0017740293427726337,-0.005659896786977873,961.0,0.059138937076170954
167,Woodbridge,2020,2,-171.50661810680006,-176.80413037297424,-0.0032446985930384446,-0.010351947794024511,961.0,0.11631213006280855
167,Woodbridge,2021,3,-138.45271261651212,-149.4103819029635,-0.004431930603725037,-0.014139715268140935,961.0,0.11689596259329196
167,Woodbridge,2022,4,92.62473954701532,107.94268034522065,-0.003637673462109379,-0.011605702252979192,961.0,0.13939097866796937
167,Woodbridge,2023,5,86.1412357836112,104.53003969324443,-0.0011249830224922795,-0.003589167124179166,961.0,0.1387336698909399
167,Woodbridge,2024,6,74.97540800709235,93.6664099602105,0.0009886003514343478,0.0031540492695252935,961.0,0.13541265562828905
167,Woodbridge,2025,7,55.48440232722451,71.14244978923878,0.0026516111120768893,0.008459750271155617,961.0,0.131415819489214
168,Woodbury,2019,1,865.1305040282135,880.8172391331138,0.00741849407204193,0.02434258225222429,1183.6666666666667,0.06954102920723226
168,Woodbury,2020,2,1055.9256470796515,1088.5411760272812,0.01647305649574994,0.054053656820265784,1183.6666666666667,0.18181133070821637
168,Woodbury,2021,3,928.0159859833868,1001.4626673431951,0.02443079357555748,0.08016567733623975,1183.6666666666667,0.15904921743881972
168,Woodbury,2022,4,2251.7870448222434,2624.179353955212,0.04373986748490822,0.14352526424001041,1183.6666666666667,0.1590945706460448
168,Woodbury,2023,5,2038.0209736186382,2473.082854338988,0.05379740326164611,0.17652743280985636,1183.6666666666667,0.19827361759227735
168,Woodbury,2024,6,1484.6624413459854,1854.7815154335042,0.057473821272479915,0.18859100082692268,1183.6666666666667,0.22373136396935078
168,Woodbury,2025,7,850.4825653540138,1090.4940968001154,0.05680897219058304,0.1864094066510395,1183.6666666666667,0.22664990830980983
169,Woodstock,2019,1,-194.9093345056242,-198.44347309584367,-0.0016713475433857271,-0.005470375087861937,1033.0,0.07158196134574087
169,Woodstock,2020,2,-146.22334863166768,-150.739908934285,-0.002925212757902277,-0.009574316880323109,1033.0,0.1399827713512183
169,Woodstock,2021,3,-127.71960809324288,-137.8278190515743,-0.004020408397301834,-0.013158927972023313,1033.0,0.14151015950656023
169,Woodstock,2022,4,-167.89655497554386,-195.66267342203702,-0.005460121356217123,-0.017871155500815958,1033.0,0.12547942610919077
169,Woodstock,2023,5,67.20551473913085,81.55205877163435,-0.0032124865239433484,-0.010514573297587412,1033.0,0.13634249234076
169,Woodstock,2024,6,292.6858394296237,365.65098549340536,0.0005511597636822236,0.0018039639048210037,1033.0,0.1440779832375558
169,Woodstock,2025,7,528.9422539667137,678.2130863067746,0.00618203523084635,0.020234003186793737,1033.0,0.17266534865450528
