town_code,town,fiscal_year,ccd_year,grade_source,share_pk,share_k,share_el,share_ms,share_hs,county,wage_year,county_wage_ratio,wage_adjustment_factor,eqv_grand_list_year,equalized_valuation,income_vintage,aggregate_household_income,resident_students,frpl_count,ell_count,alliance_or_psd
1,Andover,2019,2018,local+region,0.0898561554268634,0.0534279843078647,0.2549971978329908,0.2460302634036988,0.3556883990285821,Tolland County,2017,0.737424215138964,1.0,2015,371631556.56,2015,128804200,440.52,62,4.0,0
2,Ansonia,2019,2018,local,0.0472885032537961,0.0759219088937093,0.3882863340563991,0.2290672451193058,0.2594360086767895,New Haven County,2017,0.8436730896212258,1.0,2015,1376772795.17,2015,437115100,2471.2,1658,91.0,1
3,Ashford,2019,2018,local+region,0.0729902083856389,0.0571227717800652,0.3332161687170474,0.1856490082852121,0.3510218428320361,Windham County,2017,0.6551863857374393,1.0,2015,442599628.13,2015,161218700,559.82,165,7.0,0
4,Avon,2019,2018,local,0.0184831102613129,0.0656469088591459,0.3648820905035054,0.2479286169534735,0.3030592734225621,Hartford County,2017,0.9967585089141004,1.0,2015,3687550799.84,2015,1209848400,3237.15,115,79.0,0
5,Barkhamsted,2019,2018,local+region,0.0370777336376186,0.0407855070013805,0.2669596821908545,0.2370382892401318,0.4181387879300143,Litchfield County,2017,0.6910228705204394,1.0,2015,502811081.1,2015,148204800,530.97,49,0.0,0
6,Beacon Falls,2019,2018,region,0.0207156308851224,0.065442561205273,0.3380414312617703,0.2532956685499059,0.3225047080979284,New Haven County,2017,0.8436730896212258,1.0,2015,675139685.47,2015,222784900,868.15,163,11.0,0
7,Berlin,2019,2018,local,0.0182992465016146,0.0678148546824542,0.3437387872264083,0.2457839971295299,0.3243631144599928,Hartford County,2017,0.9967585089141004,1.0,2015,3282737375.94,2015,826291200,2867.11,380,77.0,0
8,Bethany,2019,2018,local+region,0.0243209907822425,0.0588823987359557,0.3020923065583814,0.2460124331470741,0.3686918707763462,New Haven County,2017,0.8436730896212258,1.0,2015,835493140.53,2015,229645400,784.82,43,9.0,0
9,Bethel,2019,2018,local,0.0322372662798194,0.0560928433268858,0.3745970341715022,0.240167633784655,0.2969052224371373,Fairfield County,2017,1.2753916801728795,1.0917972267242932,2015,2795820302.47,2015,818554400,3032.46,627,157.0,0
10,Bethlehem,2019,2018,region,0.0121432908318154,0.0479659987856709,0.3163327261687917,0.2046144505160898,0.418943533697632,Litchfield County,2017,0.6910228705204394,1.0,2015,489510704.32,2015,146770600,354.47,53,0.0,0
11,Bloomfield,2019,2018,local,0.1469368954398894,0.0483648088438507,0.2888070013818516,0.2109626900046061,0.3049286043298019,Hartford County,2017,0.9967585089141004,1.0,2015,3020013609.5,2015,776296000,2267.74,1113,47.0,1
12,Bolton,2019,2018,local,0.0128040973111395,0.058898847631242,0.353393085787452,0.2407170294494238,0.3341869398207426,Tolland County,2017,0.737424215138964,1.0,2015,623371565.51,2015,243802900,740.92,73,5.0,0
13,Bozrah,2019,2018,local,0.1194029850746268,0.0845771144278607,0.4129353233830846,0.3830845771144278,0.0,New London County,2017,0.815505132360886,1.0,2015,335663370.37,2015,89691200,296.52,68,5.0,0
14,Branford,2019,2018,local,0.0473684210526315,0.0726315789473684,0.3403508771929824,0.2350877192982456,0.3045614035087719,New Haven County,2017,0.8436730896212258,1.0,2015,5185659054.87,2015,1205326800,2949.64,789,119.0,0
15,Bridgeport,2019,2018,local,0.0483428123161404,0.0772210237301431,0.4012551480682487,0.2179839184153755,0.2551970974700921,Fairfield County,2017,1.2753916801728795,1.0917972267242932,2015,8675714411.43,2015,2849023900,20862.79,11971,3455.0,1
16,Bridgewater,2019,2018,region,0.0600292825768667,0.0512445095168374,0.2752562225475842,0.2313323572474378,0.3821376281112738,Litchfield County,2017,0.6910228705204394,1.0,2015,547995101.34,2015,109847000,114.55,2,1.0,0
17,Bristol,2019,2018,local,0.0393057682491066,0.0617662072485962,0.3628126595201633,0.2436191934660541,0.2924961715160796,Hartford County,2017,0.9967585089141004,1.0,2015,5566370034.54,2015,1863133400,8254.79,3669,384.0,1
18,Brookfield,2019,2018,local,0.0168003054600992,0.0584192439862542,0.3329515082092402,0.2558228331424207,0.3360061092019855,Fairfield County,2017,1.2753916801728795,1.0917972267242932,2015,3334293606.06,2015,790868100,2697.39,289,97.0,0
19,Brooklyn,2019,2018,local,0.1285714285714285,0.1054945054945055,0.4725274725274725,0.2934065934065934,0.0,Windham County,2017,0.6551863857374393,1.0,2015,775936748.57,2015,217839800,1207.54,312,9.0,0
20,Burlington,2019,2018,region,0.0199115044247787,0.0575221238938053,0.3446902654867256,0.2429203539823008,0.3349557522123894,Hartford County,2017,0.9967585089141004,1.0,2015,1296612790.81,2015,445013100,1596.33,85,26.0,0
21,Canaan,2019,2018,local+region,0.0008886667222083,0.1041406315087894,0.3359160209947513,0.2231386597794995,0.3359160209947513,Litchfield County,2017,0.6910228705204394,1.0,2015,227108759.41,2015,48281100,104.45,17,4.0,0
22,Canterbury,2019,2018,local,0.1053763440860215,0.1032258064516129,0.5053763440860215,0.2860215053763441,0.0,Windham County,2017,0.6551863857374393,1.0,2015,511511717.14,2015,165854400,641.55,140,0.0,0
23,Canton,2019,2018,local,0.0161290322580645,0.0651612903225806,0.36,0.2451612903225806,0.3135483870967742,Hartford County,2017,0.9967585089141004,1.0,2015,1607651531.15,2015,482178000,1623.43,139,9.0,0
24,Chaplin,2019,2018,local+region,0.0867220364577715,0.0619443117555511,0.3923139744518236,0.2373607408662958,0.2216589364685578,Windham County,2017,0.6551863857374393,1.0,2015,231600713.93,2015,67757200,263.18,104,1.0,0
25,Cheshire,2019,2018,local,0.0234192037470726,0.0629976580796252,0.3288056206088993,0.2367681498829039,0.3480093676814988,New Haven County,2017,0.8436730896212258,1.0,2015,4007441337.36,2015,1255624500,4248.97,348,50.0,0
26,Chester,2019,2018,local+region,0.0,0.0724942464883739,0.3349734148083485,0.2421897732984154,0.3503425654048621,Middlesex County,2017,0.8200822378294015,1.0,2015,653799037.06,2015,172117700,432.2,60,5.0,0
27,Clinton,2019,2018,local,0.033849684452094,0.0608146873207114,0.3218588640275387,0.2495697074010327,0.333907056798623,Middlesex County,2017,0.8200822378294015,1.0,2015,2175563971.43,2015,482747000,1773.65,422,84.0,0
28,Colchester,2019,2018,local,0.0420095279341706,0.0550021654395842,0.3425725422260719,0.2252057167605023,0.3352100476396708,New London County,2017,0.815505132360886,1.0,2015,1697800703.77,2015,605007700,2547.56,416,14.0,0
29,Colebrook,2019,2018,local+region,0.0,0.0419676313481623,0.2990193733556565,0.2564777166547078,0.4025352786414733,Litchfield County,2017,0.6910228705204394,1.0,2015,260426298.57,2015,55310200,192.25,37,0.0,0
30,Columbia,2019,2018,local,0.0877598152424942,0.1039260969976905,0.4757505773672055,0.3325635103926097,0.0,Tolland County,2017,0.737424215138964,1.0,2015,698989199.4,2015,213634500,693.99,99,3.0,0
31,Cornwall,2019,2018,local+region,0.0009107986565719,0.0782717595491546,0.3513975066886776,0.2251380429213867,0.344281892184209,Litchfield County,2017,0.6910228705204394,1.0,2015,535527004.89,2015,67683400,118.8,16,3.0,0
32,Coventry,2019,2018,local,0.0597196831200487,0.0621572212065813,0.3772090188909202,0.2218159658744667,0.2790981109079829,Tolland County,2017,0.737424215138964,1.0,2015,1425790911.8,2015,487940400,1713.25,327,8.0,0
33,Cromwell,2019,2018,local,0.0331262939958592,0.0678053830227743,0.3799171842650103,0.2468944099378882,0.2722567287784679,Middlesex County,2017,0.8200822378294015,1.0,2015,1942145341.12,2015,555979900,2026.59,322,73.0,0
34,Danbury,2019,2018,local,0.0242461110628313,0.078039454245242,0.3953245850351959,0.2255149039714956,0.2768749456852351,Fairfield County,2017,1.2753916801728795,1.0917972267242932,2015,10377904867.45,2015,2473895200,11266.22,6592,3000.0,1
35,Darien,2019,2018,local,0.0221518987341772,0.0670886075949367,0.3795358649789029,0.2322784810126582,0.2989451476793249,Fairfield County,2017,1.2753916801728795,1.0917972267242932,2015,13441534266.13,2015,2053530800,4783.28,96,25.0,0
36,Deep River,2019,2018,local+region,0.0,0.0532606477567559,0.3158907384193802,0.2529496934184571,0.3778989204054067,Middlesex County,2017,0.8200822378294015,1.0,2015,700774862.86,2015,196785200,610.41,132,14.0,0
37,Derby,2019,2018,local,0.0338983050847457,0.0639445300462249,0.3713405238828968,0.2665639445300462,0.2642526964560863,New Haven County,2017,0.8436730896212258,1.0,2015,1027004775.71,2015,312661300,1507.61,937,39.0,1
38,Durham,2019,2018,region,0.017391304347826,0.0658385093167702,0.3285714285714285,0.2540372670807453,0.3341614906832298,Middlesex County,2017,0.8200822378294015,1.0,2015,992588484.29,2015,353361700,1121.17,94,4.0,0
39,Eastford,2019,2018,local,0.103030303030303,0.1515151515151515,0.4303030303030303,0.3151515151515151,0.0,Windham County,2017,0.6551863857374393,1.0,2015,221338838.63,2015,60841200,185.1,30,0.0,0
40,East Granby,2019,2018,local,0.0106132075471698,0.0695754716981132,0.3726415094339622,0.2370283018867924,0.3101415094339622,Hartford County,2017,0.9967585089141004,1.0,2015,859087878.64,2015,195928600,877.54,71,11.0,0
41,East Haddam,2019,2018,local,0.0317775571002979,0.0685203574975173,0.3604766633565044,0.2154915590863952,0.323733862959285,Middlesex County,2017,0.8200822378294015,1.0,2015,1228377309.71,2015,356957600,1058.08,132,1.0,0
42,East Hampton,2019,2018,local,0.028969957081545,0.0622317596566523,0.3878755364806867,0.2494635193133047,0.2714592274678111,Middlesex County,2017,0.8200822378294015,1.0,2015,1605563611.43,2015,540664900,1965.12,235,8.0,0
43,East Hartford,2019,2018,local,0.0466823253082795,0.0666470933646506,0.361714621256606,0.2072812683499706,0.3176746917204932,Hartford County,2017,0.9967585089141004,1.0,2015,3903976521.46,2015,1217859700,8092.94,5572,800.0,1
44,East Haven,2019,2018,local,0.0718270571827057,0.0617154811715481,0.3357740585774058,0.2179218967921896,0.3127615062761506,New Haven County,2017,0.8436730896212258,1.0,2015,2913405599.78,2015,880051000,3309.45,1472,240.0,1
45,East Lyme,2019,2018,local,0.0211659858893427,0.0575566282955811,0.3174897883401411,0.2231711845525436,0.3806164129223914,New London County,2017,0.815505132360886,1.0,2015,3157522071.43,2015,752096200,2615.72,390,42.0,0
46,Easton,2019,2018,local+region,0.0231663116989874,0.0617768311972997,0.3513557274346423,0.256373849468794,0.3073272802002765,Fairfield County,2017,1.2753916801728795,1.0917972267242932,2015,1900955420.92,2015,437474300,1303.79,32,13.0,0
47,East Windsor,2019,2018,local,0.0512820512820512,0.0815018315018315,0.3708791208791209,0.2206959706959707,0.2756410256410256,Hartford County,2017,0.9967585089141004,1.0,2015,1352524745.14,2015,374368700,1166.33,476,45.0,1
48,Ellington,2019,2018,local,0.0281844802342606,0.0706442166910688,0.3744509516837481,0.232796486090776,0.2939238653001464,Tolland County,2017,0.737424215138964,1.0,2015,1897496888.57,2015,679516100,2752.5,226,59.0,0
49,Enfield,2019,2018,local,0.0485207100591716,0.0633136094674556,0.3609467455621302,0.2278106508875739,0.2994082840236686,Hartford County,2017,0.9967585089141004,1.0,2015,4062151475.43,2015,1287525600,5545.56,2075,104.0,0
50,Essex,2019,2018,local+region,0.0508132813550208,0.0437558811668234,0.3161715284312407,0.2277949545189765,0.3614643545279383,Middlesex County,2017,0.8200822378294015,1.0,2015,1484198508.41,2015,351057100,727.8,77,16.0,0
51,Fairfield,2019,2018,local,0.0201937786843447,0.0634370219275879,0.360326364099949,0.2449770525242223,0.3110657827638959,Fairfield County,2017,1.2753916801728795,1.0917972267242932,2015,15395112105.71,2015,3571598000,9978.01,995,258.0,0
52,Farmington,2019,2018,local,0.026702596766291,0.0590396864282214,0.361342479176874,0.24546790788829,0.3074473297403233,Hartford County,2017,0.9967585089141004,1.0,2015,5329528756.98,2015,1325042000,4107.73,374,149.0,0
53,Franklin,2019,2018,local,0.0909090909090909,0.0844155844155844,0.4805194805194805,0.3441558441558441,0.0,New London County,2017,0.815505132360886,1.0,2015,313054322.87,2015,74111000,247.03,41,0.0,0
54,Glastonbury,2019,2018,local,0.0095302927161334,0.0605854322668482,0.341218515997277,0.2431926480599047,0.3454731109598366,Hartford County,2017,0.9967585089141004,1.0,2015,5953139267.98,2015,1981399200,6041.48,500,125.0,0
55,Goshen,2019,2018,statewide,0.0355005763573833,0.0680215654512204,0.3555868685468388,0.228575552192152,0.3123154374524054,Litchfield County,2017,0.6910228705204394,1.0,2015,747908438.9,2015,113752400,350.66,38,2.0,0
56,Granby,2019,2018,local,0.0245857830037413,0.0603955104222341,0.347407803313736,0.2175307322287547,0.3500801710315339,Hartford County,2017,0.9967585089141004,1.0,2015,1448556776.72,2015,592274100,1827.28,103,4.0,0
57,Greenwich,2019,2018,local,0.018734846815076,0.0729556975975314,0.3739255014326647,0.2276834912938064,0.3067004628609213,Fairfield County,2017,1.2753916801728795,1.0917972267242932,2015,46177528894.29,2015,5523504900,8877.61,1323,418.0,0
58,Griswold,2019,2018,local,0.0492917847025495,0.0770538243626062,0.3535410764872521,0.2175637393767705,0.3025495750708215,New London County,2017,0.815505132360886,1.0,2015,977864766.86,2015,365045200,1684.22,654,21.0,0
59,Groton,2019,2018,local,0.044206607724523,0.0863192182410423,0.3920428106095858,0.2259190321079572,0.2515123313168916,New London County,2017,0.815505132360886,1.0,2015,4914736071.57,2015,1340800900,4785.98,2160,136.0,1
60,Guilford,2019,2018,local,0.0088119112731692,0.0592525068368277,0.338498936493467,0.2604071710726223,0.3330294743239137,New Haven County,2017,0.8436730896212258,1.0,2015,4478517998.3,2015,1146082500,3410.9,295,62.0,0
61,Haddam,2019,2018,region,0.0218362282878411,0.062531017369727,0.3409429280397023,0.2540942928039702,0.3205955334987593,Middlesex County,2017,0.8200822378294015,1.0,2015,1295235844.29,2015,378433500,1227.61,114,7.0,0
62,Hamden,2019,2018,local,0.0346701649175412,0.0684032983508245,0.3663793103448275,0.2471889055472264,0.2833583208395802,New Haven County,2017,0.8436730896212258,1.0,2015,5521880061.43,2015,2071777900,6305.23,2574,381.0,1
63,Hampton,2019,2018,local+region,0.1139028475711892,0.0737018425460636,0.3350083752093802,0.2479061976549413,0.2294807370184254,Windham County,2017,0.6551863857374393,1.0,2015,212505191.88,2015,67739300,149.3,38,0.0,0
64,Hartford,2019,2018,local,0.0613616083145241,0.0735394467482021,0.3630255629625741,0.2343184084824943,0.2677549734922051,Hartford County,2017,0.9967585089141004,1.0,2015,7050499019.13,2015,2010141800,20503.59,17315,4108.0,1
65,Hartland,2019,2018,local,0.08125,0.08125,0.50625,0.33125,0.0,Hartford County,2017,0.9967585089141004,1.0,2015,283255541.43,2015,79365900,258.39,21,0.0,0
66,Harwinton,2019,2018,region,0.0199115044247787,0.0575221238938053,0.3446902654867256,0.2429203539823008,0.3349557522123894,Litchfield County,2017,0.6910228705204394,1.0,2015,746402312.91,2015,249277100,807.85,70,5.0,0
67,Hebron,2019,2018,local+region,0.0495939833233418,0.0552618671317238,0.3003978418442422,0.242954690160559,0.3517916175401331,Tolland County,2017,0.737424215138964,1.0,2015,1071376676.23,2015,418011600,1501.79,131,4.0,0
68,Kent,2019,2018,local+region,0.0672696718070383,0.0778469750889679,0.3982799525504152,0.251087386318703,0.2055160142348754,Litchfield County,2017,0.6910228705204394,1.0,2015,825204801.75,2015,93237800,274.56,49,1.0,0
69,Killingly,2019,2018,local,0.0605199025182778,0.0706742485783915,0.343216896831844,0.1961819658813972,0.3294069861900893,Windham County,2017,0.6551863857374393,1.0,2015,1772252233.3,2015,454910800,2333.15,947,50.0,1
70,Killingworth,2019,2018,region,0.0218362282878411,0.062531017369727,0.3409429280397023,0.2540942928039702,0.3205955334987593,Middlesex County,2017,0.8200822378294015,1.0,2015,1018704217.37,2015,317229400,853.9,37,4.0,0
71,Lebanon,2019,2018,local,0.0585858585858585,0.0555555555555555,0.3181818181818182,0.2393939393939393,0.3282828282828283,New London County,2017,0.815505132360886,1.0,2015,898645326.67,2015,257287000,963.23,191,8.0,0
72,Ledyard,2019,2018,local,0.0289615225486139,0.0707488622258998,0.3479520066197766,0.2316921803889118,0.3206454282167977,New London County,2017,0.815505132360886,1.0,2015,1557080422.86,2015,566853700,2395.55,508,28.0,0
73,Lisbon,2019,2018,local,0.0723192019950124,0.0773067331670823,0.5087281795511222,0.341645885286783,0.0,New London County,2017,0.815505132360886,1.0,2015,541196237.98,2015,151009900,553.54,120,6.0,0
74,Litchfield,2019,2018,local,0.0426966292134831,0.0640449438202247,0.3606741573033707,0.2213483146067415,0.3112359550561798,Litchfield County,2017,0.6910228705204394,1.0,2015,1422154128.96,2015,371259400,902.0,102,2.0,0
75,Lyme,2019,2018,region,0.0389817024661893,0.0525059665871121,0.3102625298329355,0.2211614956245027,0.3770883054892601,New London County,2017,0.815505132360886,1.0,2015,695103048.38,2015,126164000,262.3,25,5.0,0
76,Madison,2019,2018,local,0.0184026499815973,0.0529996319470003,0.3113728376886271,0.2241442767758557,0.3930806036069194,New Haven County,2017,0.8436730896212258,1.0,2015,4209286504.01,2015,944962000,2831.95,125,28.0,0
77,Manchester,2019,2018,local,0.0462903225806451,0.0830645161290322,0.3777419354838709,0.2064516129032258,0.2864516129032258,Hartford County,2017,0.9967585089141004,1.0,2015,5549612279.41,2015,1881170100,7496.9,4025,459.0,1
78,Mansfield,2019,2018,local+region,0.0392156862745098,0.0535763601215133,0.2993648163490748,0.2386081193040596,0.3692350179508423,Tolland County,2017,0.737424215138964,1.0,2015,1536756457.29,2015,463974800,1722.17,368,66.0,0
79,Marlborough,2019,2018,local+region,0.0240497813656239,0.0491927346115035,0.3279515640766902,0.2610178599263288,0.3377880600198535,Hartford County,2017,0.9967585089141004,1.0,2015,823378394.29,2015,287327000,1036.67,112,6.0,0
80,Meriden,2019,2018,local,0.015149602322939,0.0790304254513319,0.4201489710895089,0.1990910238606236,0.2865799772755965,New Haven County,2017,0.8436730896212258,1.0,2015,4482937774.6,2015,1651281000,8780.7,6378,1217.0,1
81,Middlebury,2019,2018,region,0.0169350360910605,0.0735702387562465,0.3300943920044419,0.2406996113270405,0.3387007218212104,New Haven County,2017,0.8436730896212258,1.0,2015,1354921069.89,2015,328936300,1204.37,84,17.0,0
82,Middlefield,2019,2018,region,0.017391304347826,0.0658385093167702,0.3285714285714286,0.2540372670807453,0.3341614906832298,Middlesex County,2017,0.8200822378294015,1.0,2015,597503925.66,2015,189883700,583.34,61,0.0,0
83,Middletown,2019,2018,local,0.0224989078200087,0.0801660113586719,0.3918741808650065,0.2051114023591087,0.300349497597204,Middlesex County,2017,0.8200822378294015,1.0,2015,4904971237.2,2015,1595111000,4853.64,2204,180.0,1
84,Milford,2019,2018,local,0.040721557420968,0.0616181460975174,0.3468476513663154,0.2352205751026969,0.3155920700125022,New Haven County,2017,0.8436730896212258,1.0,2015,9595765060.67,2015,2088567700,5822.32,1076,148.0,0
85,Monroe,2019,2018,local,0.0148148148148148,0.0634460547504025,0.3523349436392914,0.2434782608695652,0.3259259259259259,Fairfield County,2017,1.2753916801728795,1.0917972267242932,2015,3114308718.52,2015,953912300,3207.55,253,27.0,0
86,Montville,2019,2018,local,0.0228266148615832,0.0684798445847498,0.3715395823215153,0.2428363283147158,0.2943176299174356,New London County,2017,0.815505132360886,1.0,2015,1779326758.86,2015,558837900,2373.93,876,91.0,0
87,Morris,2019,2018,statewide,0.0355005763573833,0.0680215654512204,0.3555868685468388,0.228575552192152,0.3123154374524054,Litchfield County,2017,0.6910228705204394,1.0,2015,428473618.42,2015,107875300,261.45,31,3.0,0
88,Naugatuck,2019,2018,local,0.0373896888063167,0.0715281003251277,0.3660009289363679,0.2306084533209475,0.2944728286112401,New Haven County,2017,0.8436730896212258,1.0,2015,2309625442.26,2015,987129700,4504.12,2145,256.0,1
89,New Britain,2019,2018,local,0.0372603281280885,0.0840086973710219,0.4181656453844633,0.2180272781182052,0.2425380509982209,Hartford County,2017,0.9967585089141004,1.0,2015,3659454404.9,2015,1483333000,11426.14,8805,1663.0,1
90,New Canaan,2019,2018,local,0.0110550348473924,0.0559961547704878,0.3739485700552751,0.2492189377553472,0.3097813025714972,Fairfield County,2017,1.2753916801728795,1.0917972267242932,2015,12102749021.31,2015,2120477000,4278.07,4,49.0,0
91,New Fairfield,2019,2018,local,0.0344210996870809,0.0500670540902995,0.3361645060348681,0.2288779615556549,0.3504693786320965,Fairfield County,2017,1.2753916801728795,1.0917972267242932,2015,2375448376.83,2015,604760200,2249.0,178,43.0,0
92,New Hartford,2019,2018,local+region,0.0150876059469931,0.0603504237879725,0.2937053957681329,0.2340387803955898,0.3968177941013117,Litchfield County,2017,0.6910228705204394,1.0,2015,929942157.24,2015,249471900,983.66,98,2.0,0
93,New Haven,2019,2018,local,0.0739264531435349,0.0702728351126927,0.3591459074733096,0.2273309608540925,0.2693238434163701,New Haven County,2017,0.8436730896212258,1.0,2015,10248531793.24,2015,2861763500,18962.47,11176,3364.0,1
94,Newington,2019,2018,local,0.0148846440089307,0.061275117836765,0.3502852890101712,0.2485735549491441,0.3249813941949888,Hartford County,2017,0.9967585089141004,1.0,2015,3732257305.71,2015,1137938500,4213.6,884,222.0,0
95,New London,2019,2018,local,0.010250569476082,0.0743166287015945,0.4302391799544419,0.1919134396355353,0.2932801822323462,New London County,2017,0.815505132360886,1.0,2015,1850395190.81,2015,544709700,3687.73,3088,897.0,1
96,New Milford,2019,2018,local,0.0223786773950213,0.0608498868493839,0.3316570279104853,0.2489313552929343,0.336183052552175,Litchfield County,2017,0.6910228705204394,1.0,2015,4102917657.14,2015,1062969400,4046.75,972,134.0,0
97,Newtown,2019,2018,local,0.0163475011676786,0.0576833255488089,0.3166744511910322,0.2382064455861746,0.3710882765063055,Fairfield County,2017,1.2753916801728795,1.0917972267242932,2015,4507343812.92,2015,1339428400,4455.32,341,16.0,0
98,Norfolk,2019,2018,local+region,0.0421549418340816,0.052693677292602,0.331970166943393,0.2137750989007469,0.3594061150291763,Litchfield County,2017,0.6910228705204394,1.0,2015,369963681.39,2015,69428700,186.53,41,0.0,0
99,North Branford,2019,2018,local,0.0179294389820705,0.0595720069404279,0.3666859456333141,0.2400231347599768,0.3157894736842105,New Haven County,2017,0.8436730896212258,1.0,2015,1759467895.71,2015,572464500,1834.28,284,13.0,0
100,North Canaan,2019,2018,local+region,0.017158949505534,0.0845940576767742,0.3625646735215141,0.2386098194599078,0.2970724998362695,Litchfield County,2017,0.6910228705204394,1.0,2015,434299950.12,2015,91076900,381.8,91,17.0,0
101,North Haven,2019,2018,local,0.0187838268067494,0.0611270296084049,0.3556192295447309,0.2327284304361668,0.3317414836039478,New Haven County,2017,0.8436730896212258,1.0,2015,4058639885.94,2015,877641700,3199.47,420,79.0,0
102,North Stonington,2019,2018,local,0.0497237569060773,0.0732044198895027,0.3867403314917127,0.2361878453038674,0.2541436464088398,New London County,2017,0.815505132360886,1.0,2015,732984049.29,2015,175731000,778.44,73,3.0,0
103,Norwalk,2019,2018,local,0.020838805708782,0.0736362840381752,0.3655546799754837,0.2264250065668505,0.3135452237107083,Fairfield County,2017,1.2753916801728795,1.0917972267242932,2015,19278296085.16,2015,3693082200,11847.56,5963,1784.0,1
104,Norwich,2019,2018,local,0.0703703703703703,0.1034188034188034,0.5219373219373219,0.2923076923076923,0.0119658119658119,New London County,2017,0.815505132360886,1.0,2015,2707000524.98,2015,1047824500,5295.98,3717,769.0,1
105,Old Lyme,2019,2018,region,0.0389817024661893,0.0525059665871121,0.3102625298329355,0.2211614956245028,0.3770883054892601,New London County,2017,0.815505132360886,1.0,2015,2257046618.41,2015,346411700,1030.53,70,10.0,0
106,Old Saybrook,2019,2018,local,0.0396039603960396,0.0561056105610561,0.3110561056105611,0.2326732673267326,0.3605610561056105,Middlesex County,2017,0.8200822378294015,1.0,2015,3284001675.56,2015,440885200,1250.27,185,51.0,0
107,Orange,2019,2018,local+region,0.0185194441667499,0.0656999328772796,0.3567197697833507,0.2279030576541323,0.3311577955184873,New Haven County,2017,0.8436730896212258,1.0,2015,2821921300.73,2015,673338000,2290.11,123,86.0,0
108,Oxford,2019,2018,local,0.0106204583566238,0.0592509782001117,0.3499161542761319,0.2699832308552264,0.3102291783119061,New Haven County,2017,0.8436730896212258,1.0,2015,2066309614.29,2015,497551600,1924.86,173,43.0,0
109,Plainfield,2019,2018,local,0.0584741891274554,0.0603015075376884,0.3622658748286889,0.2334399269072636,0.2855185015989036,Windham County,2017,0.6551863857374393,1.0,2015,1340096638.69,2015,399852700,2245.12,1017,38.0,0
110,Plainville,2019,2018,local,0.0427899015832263,0.0765939238339751,0.3543003851091142,0.2237911852802738,0.3025246041934104,Hartford County,2017,0.9967585089141004,1.0,2015,1903145342.24,2015,541631400,2397.19,541,120.0,0
111,Plymouth,2019,2018,local,0.0500352360817477,0.0641296687808315,0.3446088794926004,0.2494714587737843,0.2917547568710359,Litchfield County,2017,0.6910228705204394,1.0,2015,1044566375.75,2015,367706700,1610.68,511,20.0,0
112,Pomfret,2019,2018,local,0.0527704485488126,0.100263852242744,0.4775725593667546,0.3693931398416886,0.0,Windham County,2017,0.6551863857374393,1.0,2015,490571570.0,2015,162113100,584.96,74,4.0,0
113,Portland,2019,2018,local,0.0198019801980198,0.0708301599390708,0.3716679360243716,0.2399086062452399,0.2977913175932978,Middlesex County,2017,0.8200822378294015,1.0,2015,1216996256.35,2015,426754600,1367.89,253,15.0,0
114,Preston,2019,2018,local,0.0795454545454545,0.1045454545454545,0.4863636363636364,0.3295454545454545,0.0,New London County,2017,0.815505132360886,1.0,2015,561386147.63,2015,160401800,675.69,159,6.0,0
115,Prospect,2019,2018,region,0.0207156308851224,0.065442561205273,0.3380414312617703,0.2532956685499058,0.3225047080979284,New Haven County,2017,0.8436730896212258,1.0,2015,1194661788.57,2015,357764400,1371.68,186,20.0,0
116,Putnam,2019,2018,local,0.0807660283097418,0.08992506244796,0.3646960865945046,0.231473771856786,0.2331390507910075,Windham County,2017,0.6551863857374393,1.0,2015,917122081.87,2015,231964300,1143.53,669,44.0,1
117,Redding,2019,2018,local+region,0.0420731190092459,0.0570992329411194,0.3155483925693443,0.2268943203712904,0.3583849351089999,Fairfield County,2017,1.2753916801728795,1.0917972267242932,2015,2448565997.41,2015,558537900,1393.38,49,7.0,0
118,Ridgefield,2019,2018,local,0.0124018189334435,0.0611823067383216,0.3387763538652336,0.2482430756510955,0.3393964448119057,Fairfield County,2017,1.2753916801728795,1.0917972267242932,2015,7178046687.67,2015,1880339700,4900.83,85,53.0,0
119,Rocky Hill,2019,2018,local,0.0215328467153284,0.0788321167883211,0.4142335766423358,0.2127737226277372,0.2726277372262773,Hartford County,2017,0.9967585089141004,1.0,2015,3059763411.88,2015,817086500,2838.72,398,220.0,0
120,Roxbury,2019,2018,region,0.0600292825768667,0.0512445095168374,0.2752562225475841,0.2313323572474377,0.3821376281112738,Litchfield County,2017,0.6910228705204394,1.0,2015,993373055.93,2015,154106300,219.19,15,1.0,0
121,Salem,2019,2018,local,0.0315533980582524,0.0970873786407767,0.4951456310679611,0.3762135922330097,0.0,New London County,2017,0.815505132360886,1.0,2015,525692171.41,2015,173007100,612.11,70,0.0,0
122,Salisbury,2019,2018,local+region,0.0563471502590673,0.1005002680007146,0.4091254243344649,0.2398606396283723,0.1941665177773807,Litchfield County,2017,0.6910228705204394,1.0,2015,1776854715.71,2015,195199400,352.58,58,17.0,0
123,Scotland,2019,2018,local+region,0.0646562123039807,0.0915963007639726,0.3502211499798955,0.2291113791716928,0.2644149577804583,Windham County,2017,0.6551863857374393,1.0,2015,153419903.45,2015,51657600,204.97,56,0.0,0
124,Seymour,2019,2018,local,0.0097042513863216,0.0683918669131238,0.3747689463955638,0.2421441774491682,0.3049907578558225,New Haven County,2017,0.8436730896212258,1.0,2015,1707622371.43,2015,545968000,2276.46,661,63.0,0
125,Sharon,2019,2018,local+region,0.0009332503777442,0.0999911119011643,0.3138832103812994,0.2324237845524842,0.3527686427873078,Litchfield County,2017,0.6910228705204394,1.0,2015,1041780155.72,2015,152414000,197.0,57,1.0,0
126,Shelton,2019,2018,local,0.0130119453924914,0.0750853242320819,0.3641211604095563,0.2455204778156996,0.3022610921501706,Fairfield County,2017,1.2753916801728795,1.0917972267242932,2015,6807601488.27,2015,1680185600,4940.48,1081,224.0,0
127,Sherman,2019,2018,local,0.050179211469534,0.0931899641577061,0.4767025089605735,0.3799283154121863,0.0,Fairfield County,2017,1.2753916801728795,1.0917972267242932,2015,1010075818.21,2015,231385700,441.49,36,4.0,0
128,Simsbury,2019,2018,local,0.0105937423010593,0.0660261148066026,0.3449125400344912,0.226410445922641,0.3520571569352057,Hartford County,2017,0.9967585089141004,1.0,2015,3600147476.48,2015,1258884500,4114.77,293,62.0,0
129,Somers,2019,2018,local,0.0276564774381368,0.061863173216885,0.3296943231441048,0.2445414847161572,0.3362445414847161,Tolland County,2017,0.737424215138964,1.0,2015,1208933114.29,2015,365243700,1439.85,115,3.0,0
130,Southbury,2019,2018,region,0.0169350360910605,0.0735702387562465,0.3300943920044419,0.2406996113270405,0.3387007218212104,New Haven County,2017,0.8436730896212258,1.0,2015,3110267821.74,2015,809879500,2452.21,129,26.0,0
131,Southington,2019,2018,local,0.0143307086614173,0.0670866141732283,0.3568503937007874,0.2403149606299212,0.3214173228346457,Hartford County,2017,0.9967585089141004,1.0,2015,5582080125.71,2015,1705309900,6526.69,953,107.0,0
132,South Windsor,2019,2018,local,0.0209677419354838,0.0776497695852534,0.3788018433179723,0.226036866359447,0.2965437788018433,Hartford County,2017,0.9967585089141004,1.0,2015,3793497465.43,2015,1151624300,4386.48,472,211.0,0
133,Sprague,2019,2018,local,0.1118210862619808,0.0958466453674121,0.4888178913738019,0.2971246006389776,0.0063897763578274,New London County,2017,0.815505132360886,1.0,2015,248829841.78,2015,87471300,460.8,220,5.0,0
134,Stafford,2019,2018,local,0.058,0.0733333333333333,0.376,0.2326666666666666,0.26,Tolland County,2017,0.737424215138964,1.0,2015,1101222495.71,2015,359863700,1556.67,543,3.0,0
135,Stamford,2019,2018,local,0.0164973027223685,0.0811692384895245,0.3907916196211266,0.2228704052189185,0.2886714339480617,Fairfield County,2017,1.2753916801728795,1.0917972267242932,2015,32919448012.83,2015,5876992500,15587.84,8189,2098.0,1
136,Sterling,2019,2018,local,0.0803324099722991,0.0664819944598338,0.4903047091412742,0.3628808864265928,0.0,Windham County,2017,0.6551863857374393,1.0,2015,338381571.91,2015,100354400,531.29,161,0.0,0
137,Stonington,2019,2018,local,0.0256410256410256,0.0665680473372781,0.3362919132149901,0.2406311637080868,0.3308678500986193,New London County,2017,0.815505132360886,1.0,2015,4024424140.95,2015,789201700,2198.08,438,15.0,0
138,Stratford,2019,2018,local,0.0264714581484767,0.0666962437148772,0.3555161194912747,0.2422360248447205,0.3090801538006507,Fairfield County,2017,1.2753916801728795,1.0917972267242932,2015,6666989581.6,2015,1743290100,7125.91,3280,364.0,0
139,Suffield,2019,2018,local,0.0182669789227166,0.0604215456674473,0.3189695550351288,0.2229508196721311,0.3793911007025761,Hartford County,2017,0.9967585089141004,1.0,2015,2007892424.54,2015,606702200,2146.91,179,20.0,0
140,Thomaston,2019,2018,local,0.0473372781065088,0.0733727810650887,0.3550295857988165,0.2378698224852071,0.2863905325443787,Litchfield County,2017,0.6910228705204394,1.0,2015,763493536.95,2015,237335500,983.61,195,14.0,0
141,Thompson,2019,2018,local,0.040650406504065,0.0833333333333333,0.3770325203252032,0.25,0.2489837398373983,Windham County,2017,0.6551863857374393,1.0,2015,944526861.07,2015,304874700,1043.0,399,5.0,1
142,Tolland,2019,2018,local,0.0211148648648648,0.0548986486486486,0.3412162162162162,0.2407094594594594,0.3420608108108108,Tolland County,2017,0.737424215138964,1.0,2015,1815100660.84,2015,678171400,2552.61,207,11.0,0
143,Torrington,2019,2018,local,0.0244409776391055,0.0774830993239729,0.4196567862714508,0.2561102444097763,0.2223088923556942,Litchfield County,2017,0.6910228705204394,1.0,2015,2798903684.36,2015,1017072900,4351.45,2256,393.0,1
144,Trumbull,2019,2018,local,0.0334721808985421,0.0678369532877119,0.34721808985421,0.2317762570663493,0.3196965188931865,Fairfield County,2017,1.2753916801728795,1.0917972267242932,2015,6564257538.57,2015,1637546700,6576.26,625,141.0,0
145,Union,2019,2018,local,0.0769230769230769,0.0769230769230769,0.5384615384615384,0.3076923076923077,0.0,Tolland County,2017,0.737424215138964,1.0,2015,130349339.52,2015,37772200,90.0,7,0.0,0
146,Vernon,2019,2018,local,0.0385356454720616,0.0802825947334617,0.3776493256262042,0.2263969171483622,0.27713551701991,Tolland County,2017,0.737424215138964,1.0,2015,2514856753.38,2015,973610800,3411.33,1485,98.0,1
147,Voluntown,2019,2018,local,0.1628787878787878,0.0416666666666666,0.4621212121212121,0.3333333333333333,0.0,New London County,2017,0.815505132360886,1.0,2015,288676721.43,2015,82092600,368.62,74,0.0,0
148,Wallingford,2019,2018,local,0.037521815008726,0.0636998254799302,0.344153577661431,0.2200698080279232,0.3345549738219895,New Haven County,2017,0.8436730896212258,1.0,2015,6012104552.86,2015,1645969800,5939.0,1313,328.0,0
149,Warren,2019,2018,statewide,0.0355005763573833,0.0680215654512204,0.3555868685468388,0.228575552192152,0.3123154374524054,Litchfield County,2017,0.6910228705204394,1.0,2015,522128520.88,2015,76000900,138.41,8,0.0,0
150,Washington,2019,2018,region,0.0600292825768667,0.0512445095168374,0.2752562225475842,0.2313323572474377,0.3821376281112738,Litchfield County,2017,0.6910228705204394,1.0,2015,1797628194.18,2015,237170800,275.78,40,11.0,0
151,Waterbury,2019,2018,local,0.0404778411818036,0.080475707962242,0.3922990773825396,0.2283611540717828,0.2583862194016319,New Haven County,2017,0.8436730896212258,1.0,2015,5805276093.45,2015,2115095600,18426.87,13452,2604.0,1
152,Waterford,2019,2018,local,0.0184221065278334,0.0588706447737284,0.3516219463356027,0.2334801762114537,0.3376051261513816,New London County,2017,0.815505132360886,1.0,2015,4530813119.5,2015,745551200,2800.24,595,58.0,0
153,Watertown,2019,2018,local,0.0266229029905178,0.0685630926331145,0.3537563822027717,0.24981765134938,0.3012399708242159,Litchfield County,2017,0.6910228705204394,1.0,2015,2613640809.93,2015,800229100,2805.18,739,77.0,0
154,Westbrook,2019,2018,local,0.0506706408345752,0.0655737704918032,0.3099850968703427,0.2414307004470939,0.3323397913561848,Middlesex County,2017,0.8200822378294015,1.0,2015,1797325216.49,2015,327006800,742.26,137,69.0,0
155,West Hartford,2019,2018,local,0.0261649119149379,0.0661940998644845,0.3536954028979464,0.2300635880329407,0.3238819972896904,Hartford County,2017,0.9967585089141004,1.0,2015,9251991620.47,2015,3080951600,10007.85,2018,573.0,0
156,West Haven,2019,2018,local,0.0149716055756324,0.0810531750129065,0.3930476682154534,0.246601273446911,0.2643262777490965,New Haven County,2017,0.8436730896212258,1.0,2015,3761443254.29,2015,1356145700,6952.01,4384,838.0,1
157,Weston,2019,2018,local,0.0116933737548722,0.047206582936336,0.3417063663923776,0.2516240796881767,0.3477695972282373,Fairfield County,2017,1.2753916801728795,1.0917972267242932,2015,3542264876.03,2015,956937900,2310.86,49,18.0,0
158,Westport,2019,2018,local,0.0132510437465964,0.0629878380831366,0.3479760392085678,0.2385187874387366,0.3372662915229624,Fairfield County,2017,1.2753916801728795,1.0917972267242932,2015,15522449617.14,2015,2631957900,5588.43,178,56.0,0
159,Wethersfield,2019,2018,local,0.0170058544744912,0.0716476163925285,0.3610259269584611,0.2297184276554223,0.3206021745190967,Hartford County,2017,0.9967585089141004,1.0,2015,3174823746.86,2015,1007898700,3869.7,733,303.0,0
160,Willington,2019,2018,local+region,0.0468330276589043,0.0556142203449489,0.2956334870968339,0.2268474777228181,0.3750717871764946,Tolland County,2017,0.737424215138964,1.0,2015,614961716.0,2015,214500700,662.11,143,5.0,0
161,Wilton,2019,2018,local,0.0158122927824534,0.0617189492476409,0.3430247385870951,0.2558020913032389,0.3236419280795715,Fairfield County,2017,1.2753916801728795,1.0917972267242932,2015,6590104066.97,2015,1435597100,4035.65,93,25.0,0
162,Winchester,2019,2018,local,0.0671641791044776,0.1361940298507462,0.6436567164179104,0.1529850746268656,0.0,Litchfield County,2017,0.6910228705204394,1.0,2015,1035239069.71,2015,339869200,1137.9,555,52.0,1
163,Windham,2019,2018,local,0.0771531100478468,0.0795454545454545,0.4123803827751196,0.2514952153110047,0.1794258373205741,Windham County,2017,0.6551863857374393,1.0,2015,1327764697.25,2015,457058800,3312.16,2768,883.0,1
164,Windsor,2019,2018,local,0.0350015351550506,0.0687749462695732,0.3226895916487565,0.2204482652747927,0.3530856616518268,Hartford County,2017,0.9967585089141004,1.0,2015,4440057841.89,2015,1023896200,3954.38,1431,124.0,1
165,Windsor Locks,2019,2018,local,0.0640614990390775,0.0807174887892376,0.3376040999359385,0.2203715566944266,0.2972453555413196,Hartford County,2017,0.9967585089141004,1.0,2015,1902931359.17,2015,412773800,1612.24,598,66.0,1
166,Wolcott,2019,2018,local,0.021505376344086,0.0613799283154121,0.3351254480286738,0.2473118279569892,0.3346774193548387,New Haven County,2017,0.8436730896212258,1.0,2015,1866134566.47,2015,546381100,2469.97,563,52.0,0
167,Woodbridge,2019,2018,local+region,0.0132899621029825,0.0717657953561058,0.4026858517203716,0.2086207195471249,0.3036376712734151,New Haven County,2017,0.8436730896212258,1.0,2015,1650627061.53,2015,513226400,1521.84,90,21.0,0
168,Woodbury,2019,2018,region,0.0121432908318154,0.0479659987856709,0.3163327261687917,0.2046144505160899,0.418943533697632,Litchfield County,2017,0.6910228705204394,1.0,2015,1540777617.26,2015,453854500,1136.02,79,21.0,0
169,Woodstock,2019,2018,local,0.0383693045563549,0.0863309352517985,0.5071942446043165,0.3681055155875299,0.0,Windham County,2017,0.6551863857374393,1.0,2015,1026593476.26,2015,278280100,1313.18,94,4.0,0
1,Andover,2020,2018,local+region,0.0870779076458427,0.0517760531948254,0.2471129811571214,0.248830121813471,0.3652029361887393,Tolland County,2018,0.7393197720764075,1.0,2016,367263335.71,2016,133036000,412.02,73,4.0,0
2,Ansonia,2020,2018,local,0.0472885032537961,0.0759219088937093,0.3882863340563991,0.2290672451193058,0.2594360086767895,New Haven County,2018,0.83813586844203,1.0,2016,1435095889.72,2016,429500800,2476.8,1474,108.0,1
3,Ashford,2020,2018,local+region,0.0730929208900375,0.0572031554791598,0.3336850736284323,0.1859102553072694,0.3501085946951008,Windham County,2018,0.6570369932981016,1.0,2016,426435908.57,2016,151921400,567.77,209,10.0,0
4,Avon,2020,2018,local,0.0184831102613129,0.0656469088591459,0.3648820905035054,0.2479286169534735,0.3030592734225621,Hartford County,2018,1.002302854949662,1.000767618316554,2016,3718810939.63,2016,1228550400,3170.02,237,106.0,0
5,Barkhamsted,2020,2018,local+region,0.036150292600767,0.0397653218608437,0.260282106725523,0.2381213798357551,0.425680898977111,Litchfield County,2018,0.6999940952437188,1.0,2016,524028657.02,2016,152409000,522.43,82,2.0,0
6,Beacon Falls,2020,2018,region,0.0207156308851224,0.065442561205273,0.3380414312617703,0.2532956685499059,0.3225047080979284,New Haven County,2018,0.83813586844203,1.0,2016,665356885.71,2016,222954200,827.43,188,12.0,0
7,Berlin,2020,2018,local,0.0182992465016146,0.0678148546824542,0.3437387872264083,0.2457839971295299,0.3243631144599928,Hartford County,2018,1.002302854949662,1.000767618316554,2016,3296394142.38,2016,878822200,2834.72,504,74.0,0
8,Bethany,2020,2018,local+region,0.0249627032203984,0.0604360183230698,0.3100630505270541,0.2443334884751905,0.360204739454287,New Haven County,2018,0.83813586844203,1.0,2016,826080617.01,2016,261968700,765.09,93,9.0,0
9,Bethel,2020,2018,local,0.0322372662798194,0.0560928433268858,0.3745970341715022,0.240167633784655,0.2969052224371373,Fairfield County,2018,1.2727111688465058,1.0909037229488352,2016,2909170000.58,2016,844066000,3056.38,882,189.0,0
10,Bethlehem,2020,2018,region,0.0121432908318154,0.0479659987856709,0.3163327261687917,0.2046144505160898,0.4189435336976321,Litchfield County,2018,0.6999940952437188,1.0,2016,512397019.22,2016,150089000,358.64,94,0.0,0
11,Bloomfield,2020,2018,local,0.1469368954398894,0.0483648088438507,0.2888070013818516,0.2109626900046061,0.3049286043298019,Hartford County,2018,1.002302854949662,1.000767618316554,2016,2996916298.2,2016,799145800,2332.46,1312,57.0,1
12,Bolton,2020,2018,local,0.0128040973111395,0.058898847631242,0.353393085787452,0.2407170294494238,0.3341869398207426,Tolland County,2018,0.7393197720764075,1.0,2016,628759698.58,2016,244025000,717.18,118,7.0,0
13,Bozrah,2020,2018,local,0.1194029850746268,0.0845771144278607,0.4129353233830846,0.3830845771144278,0.0,New London County,2018,0.8201558855658233,1.0,2016,344503098.91,2016,93708400,281.53,94,5.0,0
14,Branford,2020,2018,local,0.0473684210526315,0.0726315789473684,0.3403508771929824,0.2350877192982456,0.3045614035087719,New Haven County,2018,0.83813586844203,1.0,2016,5299801670.64,2016,1210654700,2898.68,977,121.0,0
15,Bridgeport,2020,2018,local,0.0483428123161404,0.0772210237301431,0.4012551480682487,0.2179839184153755,0.2551970974700921,Fairfield County,2018,1.2727111688465058,1.0909037229488352,2016,9430537961.27,2016,2964526400,20334.94,14984,3657.0,1
16,Bridgewater,2020,2018,region,0.0600292825768667,0.0512445095168374,0.2752562225475841,0.2313323572474377,0.3821376281112738,Litchfield County,2018,0.6999940952437188,1.0,2016,526098187.14,2016,111514900,112.56,17,1.0,0
17,Bristol,2020,2018,local,0.0393057682491066,0.0617662072485962,0.3628126595201633,0.2436191934660541,0.2924961715160796,Hartford County,2018,1.002302854949662,1.000767618316554,2016,6156041690.36,2016,1899996000,8161.56,3836,386.0,1
18,Brookfield,2020,2018,local,0.0168003054600992,0.0584192439862542,0.3329515082092402,0.2558228331424207,0.3360061092019855,Fairfield County,2018,1.2727111688465058,1.0909037229488352,2016,3191478027.14,2016,778217800,2665.28,505,112.0,0
19,Brooklyn,2020,2018,local,0.1285714285714285,0.1054945054945055,0.4725274725274725,0.2934065934065934,0.0,Windham County,2018,0.6570369932981016,1.0,2016,869861570.83,2016,235088300,1220.96,387,11.0,0
20,Burlington,2020,2018,region,0.0199115044247787,0.0575221238938053,0.3446902654867256,0.2429203539823008,0.3349557522123894,Hartford County,2018,1.002302854949662,1.000767618316554,2016,1335552332.99,2016,472098900,1542.55,149,27.0,0
21,Canaan,2020,2018,local+region,0.0010316022544283,0.095360305958132,0.3082477858293075,0.205414653784219,0.3899456521739131,Litchfield County,2018,0.6999940952437188,1.0,2016,245942595.51,2016,52032200,105.2,36,3.0,0
22,Canterbury,2020,2018,local,0.1053763440860215,0.1032258064516129,0.5053763440860215,0.2860215053763441,0.0,Windham County,2018,0.6570369932981016,1.0,2016,533723720.92,2016,158196700,658.06,197,0.0,0
23,Canton,2020,2018,local,0.0161290322580645,0.0651612903225806,0.36,0.2451612903225806,0.3135483870967742,Hartford County,2018,1.002302854949662,1.000767618316554,2016,1554910972.42,2016,497258600,1567.17,190,8.0,0
24,Chaplin,2020,2018,local+region,0.0876193532857257,0.0625852523469469,0.3963732648639975,0.2357698788413705,0.2176522506619594,Windham County,2018,0.6570369932981016,1.0,2016,286928672.32,2016,74924800,249.8,112,6.0,0
25,Cheshire,2020,2018,local,0.0234192037470726,0.0629976580796252,0.3288056206088993,0.2367681498829039,0.3480093676814988,New Haven County,2018,0.83813586844203,1.0,2016,4098891226.53,2016,1279591500,4235.68,554,50.0,0
26,Chester,2020,2018,local+region,0.0,0.0717617723582078,0.3315888791724086,0.2429736761596378,0.3536756723097457,Middlesex County,2018,0.8222668359363468,1.0,2016,655781424.14,2016,182790700,417.63,96,5.0,0
27,Clinton,2020,2018,local,0.033849684452094,0.0608146873207114,0.3218588640275387,0.2495697074010327,0.333907056798623,Middlesex County,2018,0.8222668359363468,1.0,2016,2254579500.78,2016,499770100,1750.87,586,104.0,0
28,Colchester,2020,2018,local,0.0420095279341706,0.0550021654395842,0.3425725422260719,0.2252057167605023,0.3352100476396708,New London County,2018,0.8201558855658233,1.0,2016,1718352555.71,2016,653150700,2395.63,531,13.0,0
29,Colebrook,2020,2018,local+region,0.0,0.0427292892062195,0.3044461855943146,0.2560446715296247,0.3967798536698412,Litchfield County,2018,0.6999940952437188,1.0,2016,258092027.1,2016,52827000,183.66,48,0.0,0
30,Columbia,2020,2018,local,0.0877598152424942,0.1039260969976905,0.4757505773672055,0.3325635103926097,0.0,Tolland County,2018,0.7393197720764075,1.0,2016,693045685.71,2016,218268200,651.0,133,3.0,0
31,Cornwall,2020,2018,local+region,0.0007865757734661,0.0840829333225767,0.3769109757573313,0.2408938727764108,0.297325642370215,Litchfield County,2018,0.6999940952437188,1.0,2016,556350642.86,2016,65833200,121.76,23,5.0,0
32,Coventry,2020,2018,local,0.0597196831200487,0.0621572212065813,0.3772090188909202,0.2218159658744667,0.2790981109079829,Tolland County,2018,0.7393197720764075,1.0,2016,1453811079.34,2016,508163800,1644.54,402,11.0,0
33,Cromwell,2020,2018,local,0.0331262939958592,0.0678053830227743,0.3799171842650103,0.2468944099378882,0.2722567287784679,Middlesex County,2018,0.8222668359363468,1.0,2016,2054513018.97,2016,587637700,1989.01,398,79.0,0
34,Danbury,2020,2018,local,0.0242461110628313,0.078039454245242,0.3953245850351959,0.2255149039714956,0.2768749456852351,Fairfield County,2018,1.2727111688465058,1.0909037229488352,2016,10962930311.67,2016,2550595700,11319.93,7570,3015.0,1
35,Darien,2020,2018,local,0.0221518987341772,0.0670886075949367,0.3795358649789029,0.2322784810126582,0.2989451476793249,Fairfield County,2018,1.2727111688465058,1.0909037229488352,2016,13337401712.87,2016,2170048100,4717.56,115,47.0,0
36,Deep River,2020,2018,local+region,0.0,0.0517338631763647,0.3068353264253357,0.2548652979488751,0.3865655124494245,Middlesex County,2018,0.8222668359363468,1.0,2016,708960792.8,2016,190637300,589.29,205,11.0,0
37,Derby,2020,2018,local,0.0338983050847457,0.0639445300462249,0.3713405238828968,0.2665639445300462,0.2642526964560863,New Haven County,2018,0.83813586844203,1.0,2016,1028072826.82,2016,343581300,1435.06,998,43.0,1
38,Durham,2020,2018,region,0.017391304347826,0.0658385093167701,0.3285714285714285,0.2540372670807453,0.3341614906832298,Middlesex County,2018,0.8222668359363468,1.0,2016,1029057511.0,2016,405331700,1080.51,155,7.0,0
39,Eastford,2020,2018,local,0.103030303030303,0.1515151515151515,0.4303030303030303,0.3151515151515151,0.0,Windham County,2018,0.6570369932981016,1.0,2016,224628570.8,2016,62094200,199.01,49,0.0,0
40,East Granby,2020,2018,local,0.0106132075471698,0.0695754716981132,0.3726415094339622,0.2370283018867924,0.3101415094339622,Hartford County,2018,1.002302854949662,1.000767618316554,2016,855195439.4,2016,209376000,880.48,118,10.0,0
41,East Haddam,2020,2018,local,0.0317775571002979,0.0685203574975173,0.3604766633565044,0.2154915590863952,0.323733862959285,Middlesex County,2018,0.8222668359363468,1.0,2016,1239198726.3,2016,367914600,1036.16,275,0.0,0
42,East Hampton,2020,2018,local,0.028969957081545,0.0622317596566523,0.3878755364806867,0.2494635193133047,0.2714592274678111,Middlesex County,2018,0.8222668359363468,1.0,2016,1624575092.96,2016,520597300,1947.0,376,9.0,0
43,East Hartford,2020,2018,local,0.0466823253082795,0.0666470933646506,0.361714621256606,0.2072812683499706,0.3176746917204932,Hartford County,2018,1.002302854949662,1.000767618316554,2016,3940968591.43,2016,1229704800,8097.96,5059,882.0,1
44,East Haven,2020,2018,local,0.0718270571827057,0.0617154811715481,0.3357740585774058,0.2179218967921896,0.3127615062761506,New Haven County,2018,0.83813586844203,1.0,2016,2806683518.57,2016,888926700,3291.21,1885,271.0,1
45,East Lyme,2020,2018,local,0.0211659858893427,0.0575566282955811,0.3174897883401411,0.2231711845525436,0.3806164129223914,New London County,2018,0.8201558855658233,1.0,2016,3072426220.0,2016,793302500,2584.76,587,32.0,0
46,Easton,2020,2018,local+region,0.0234607633771468,0.0625620356723914,0.3558215778867266,0.2596324480404247,0.2985231750233104,Fairfield County,2018,1.2727111688465058,1.0909037229488352,2016,1828909082.86,2016,455840600,1259.31,103,15.0,0
47,East Windsor,2020,2018,local,0.0512820512820512,0.0815018315018315,0.3708791208791209,0.2206959706959707,0.2756410256410256,Hartford County,2018,1.002302854949662,1.000767618316554,2016,1367284018.84,2016,391713800,1160.6,575,55.0,1
48,Ellington,2020,2018,local,0.0281844802342606,0.0706442166910688,0.3744509516837481,0.232796486090776,0.2939238653001464,Tolland County,2018,0.7393197720764075,1.0,2016,1980074302.41,2016,671795800,2735.0,363,58.0,0
49,Enfield,2020,2018,local,0.0485207100591716,0.0633136094674556,0.3609467455621302,0.2278106508875739,0.2994082840236686,Hartford County,2018,1.002302854949662,1.000767618316554,2016,4134220641.43,2016,1334976100,5455.58,2403,114.0,0
50,Essex,2020,2018,local+region,0.0523009626022049,0.0450369400185653,0.325428211747053,0.225102046006536,0.3521318396256406,Middlesex County,2018,0.8222668359363468,1.0,2016,1558722412.71,2016,333719300,678.5,124,14.0,0
51,Fairfield,2020,2018,local,0.0201937786843447,0.0634370219275879,0.360326364099949,0.2449770525242223,0.3110657827638959,Fairfield County,2018,1.2727111688465058,1.0909037229488352,2016,16008062419.92,2016,3604507100,9834.25,1551,264.0,0
52,Farmington,2020,2018,local,0.026702596766291,0.0590396864282214,0.361342479176874,0.24546790788829,0.3074473297403233,Hartford County,2018,1.002302854949662,1.000767618316554,2016,5493137151.69,2016,1359387600,4069.37,582,149.0,0
53,Franklin,2020,2018,local,0.0909090909090909,0.0844155844155844,0.4805194805194805,0.3441558441558441,0.0,New London County,2018,0.8201558855658233,1.0,2016,323758066.27,2016,79793000,222.65,44,0.0,0
54,Glastonbury,2020,2018,local,0.0095302927161334,0.0605854322668482,0.341218515997277,0.2431926480599047,0.3454731109598366,Hartford County,2018,1.002302854949662,1.000767618316554,2016,6169974908.49,2016,1993730400,6024.15,749,134.0,0
55,Goshen,2020,2018,statewide,0.0355005763573833,0.0680215654512204,0.3555868685468388,0.228575552192152,0.3123154374524054,Litchfield County,2018,0.6999940952437188,1.0,2016,795171986.44,2016,112741800,337.89,68,4.0,0
56,Granby,2020,2018,local,0.0245857830037413,0.0603955104222341,0.347407803313736,0.2175307322287547,0.3500801710315339,Hartford County,2018,1.002302854949662,1.000767618316554,2016,1465058076.98,2016,560913500,1832.75,177,5.0,0
57,Greenwich,2020,2018,local,0.018734846815076,0.0729556975975314,0.3739255014326647,0.2276834912938064,0.3067004628609213,Fairfield County,2018,1.2727111688465058,1.0909037229488352,2016,48596792469.77,2016,5702594800,8883.79,1808,424.0,0
58,Griswold,2020,2018,local,0.0492917847025495,0.0770538243626062,0.3535410764872521,0.2175637393767705,0.3025495750708215,New London County,2018,0.8201558855658233,1.0,2016,1028908777.14,2016,356145600,1657.31,799,22.0,0
59,Groton,2020,2018,local,0.044206607724523,0.0863192182410423,0.3920428106095858,0.2259190321079572,0.2515123313168916,New London County,2018,0.8201558855658233,1.0,2016,5310972334.29,2016,1343847500,4697.46,2366,150.0,1
60,Guilford,2020,2018,local,0.0088119112731692,0.0592525068368277,0.338498936493467,0.2604071710726223,0.3330294743239137,New Haven County,2018,0.83813586844203,1.0,2016,4585386661.39,2016,1217082400,3337.69,419,65.0,0
61,Haddam,2020,2018,region,0.0218362282878411,0.062531017369727,0.3409429280397022,0.2540942928039702,0.3205955334987593,Middlesex County,2018,0.8222668359363468,1.0,2016,1273531662.6,2016,377760300,1210.23,188,11.0,0
62,Hamden,2020,2018,local,0.0346701649175412,0.0684032983508245,0.3663793103448275,0.2471889055472264,0.2833583208395802,New Haven County,2018,0.83813586844203,1.0,2016,5598845330.04,2016,2130456000,6330.0,2955,369.0,1
63,Hampton,2020,2018,local+region,0.1166073077430418,0.0754517873631447,0.3429626698324759,0.244506001846722,0.2204722332146154,Windham County,2018,0.6570369932981016,1.0,2016,215119348.31,2016,61761000,138.78,43,0.0,0
64,Hartford,2020,2018,local,0.0613616083145241,0.0735394467482021,0.3630255629625741,0.2343184084824943,0.2677549734922051,Hartford County,2018,1.002302854949662,1.000767618316554,2016,5813578705.71,2016,2133068000,20501.85,18067,4476.0,1
65,Hartland,2020,2018,local,0.08125,0.08125,0.50625,0.33125,0.0,Hartford County,2018,1.002302854949662,1.000767618316554,2016,295636192.4,2016,81224100,244.91,57,1.0,0
66,Harwinton,2020,2018,region,0.0199115044247787,0.0575221238938053,0.3446902654867256,0.2429203539823008,0.3349557522123893,Litchfield County,2018,0.6999940952437188,1.0,2016,804809617.13,2016,235920900,797.65,132,3.0,0
67,Hebron,2020,2018,local+region,0.0506041921706121,0.0563875284186821,0.3065168211477079,0.2410474721751759,0.3454439860878218,Tolland County,2018,0.7393197720764075,1.0,2016,1078827558.57,2016,427730000,1405.94,213,3.0,0
68,Kent,2020,2018,local+region,0.067660516605166,0.0783173431734317,0.4006396063960639,0.2525264452644526,0.2008560885608856,Litchfield County,2018,0.6999940952437188,1.0,2016,861121039.36,2016,104390000,260.05,76,4.0,0
69,Killingly,2020,2018,local,0.0605199025182778,0.0706742485783915,0.343216896831844,0.1961819658813972,0.3294069861900893,Windham County,2018,0.6570369932981016,1.0,2016,2024241275.11,2016,480440600,2246.12,1141,41.0,1
70,Killingworth,2020,2018,region,0.0218362282878411,0.062531017369727,0.3409429280397022,0.2540942928039702,0.3205955334987593,Middlesex County,2018,0.8222668359363468,1.0,2016,987490860.0,2016,303045300,849.66,71,3.0,0
71,Lebanon,2020,2018,local,0.0585858585858585,0.0555555555555555,0.3181818181818182,0.2393939393939393,0.3282828282828283,New London County,2018,0.8201558855658233,1.0,2016,905784250.71,2016,266021700,972.24,258,9.0,0
72,Ledyard,2020,2018,local,0.0289615225486139,0.0707488622258998,0.3479520066197766,0.2316921803889118,0.3206454282167977,New London County,2018,0.8201558855658233,1.0,2016,1639827665.46,2016,600001400,2374.75,660,32.0,0
73,Lisbon,2020,2018,local,0.0723192019950124,0.0773067331670823,0.5087281795511222,0.341645885286783,0.0,New London County,2018,0.8201558855658233,1.0,2016,551635867.14,2016,152365600,560.25,199,6.0,0
74,Litchfield,2020,2018,local,0.0426966292134831,0.0640449438202247,0.3606741573033707,0.2213483146067415,0.3112359550561798,Litchfield County,2018,0.6999940952437188,1.0,2016,1527189335.37,2016,370568500,891.1,208,2.0,0
75,Lyme,2020,2018,region,0.0389817024661893,0.0525059665871121,0.3102625298329355,0.2211614956245027,0.3770883054892601,New London County,2018,0.8201558855658233,1.0,2016,712450053.1,2016,136265400,248.67,44,4.0,0
76,Madison,2020,2018,local,0.0184026499815973,0.0529996319470003,0.3113728376886271,0.2241442767758557,0.3930806036069194,New Haven County,2018,0.83813586844203,1.0,2016,4202834047.67,2016,954510700,2735.97,111,37.0,0
77,Manchester,2020,2018,local,0.0462903225806451,0.0830645161290322,0.3777419354838709,0.2064516129032258,0.2864516129032258,Hartford County,2018,1.002302854949662,1.000767618316554,2016,5706117120.0,2016,1868588700,7490.77,4412,460.0,1
78,Mansfield,2020,2018,local+region,0.0391040067381458,0.0534237838535232,0.2985122767897896,0.2379286043785776,0.3710313282399637,Tolland County,2018,0.7393197720764075,1.0,2016,1592412043.0,2016,481504100,1686.95,449,56.0,0
79,Marlborough,2020,2018,local+region,0.0236607850939558,0.0483970604194551,0.322647069463034,0.2622401362380381,0.3430549487855169,Hartford County,2018,1.002302854949662,1.000767618316554,2016,857309243.92,2016,286793800,986.93,148,7.0,0
80,Meriden,2020,2018,local,0.015149602322939,0.0790304254513319,0.4201489710895089,0.1990910238606236,0.2865799772755965,New Haven County,2018,0.83813586844203,1.0,2016,4437677591.43,2016,1761937300,8753.32,6598,1337.0,1
81,Middlebury,2020,2018,region,0.0169350360910605,0.0735702387562465,0.330094392004442,0.2406996113270405,0.3387007218212104,New Haven County,2018,0.83813586844203,1.0,2016,1345565924.29,2016,338834300,1215.03,171,19.0,0
82,Middlefield,2020,2018,region,0.017391304347826,0.0658385093167701,0.3285714285714285,0.2540372670807453,0.3341614906832297,Middlesex County,2018,0.8222668359363468,1.0,2016,572716342.86,2016,202180200,544.26,103,4.0,0
83,Middletown,2020,2018,local,0.0224989078200087,0.0801660113586719,0.3918741808650065,0.2051114023591087,0.300349497597204,Middlesex County,2018,0.8222668359363468,1.0,2016,5073575969.92,2016,1593511500,4850.84,2148,188.0,1
84,Milford,2020,2018,local,0.040721557420968,0.0616181460975174,0.3468476513663154,0.2352205751026969,0.3155920700125022,New Haven County,2018,0.83813586844203,1.0,2016,9373441511.43,2016,2147326700,5662.46,1334,164.0,0
85,Monroe,2020,2018,local,0.0148148148148148,0.0634460547504025,0.3523349436392914,0.2434782608695652,0.3259259259259259,Fairfield County,2018,1.2727111688465058,1.0909037229488352,2016,3175730980.8,2016,976481400,3147.0,319,30.0,0
86,Montville,2020,2018,local,0.0228266148615832,0.0684798445847498,0.3715395823215153,0.2428363283147158,0.2943176299174356,New London County,2018,0.8201558855658233,1.0,2016,1791570395.71,2016,571748000,2273.48,969,91.0,0
87,Morris,2020,2018,statewide,0.0355005763573833,0.0680215654512204,0.3555868685468388,0.228575552192152,0.3123154374524054,Litchfield County,2018,0.6999940952437188,1.0,2016,455342094.61,2016,114102400,245.07,39,4.0,0
88,Naugatuck,2020,2018,local,0.0373896888063167,0.0715281003251277,0.3660009289363679,0.2306084533209475,0.2944728286112401,New Haven County,2018,0.83813586844203,1.0,2016,2313557449.96,2016,1023106800,4552.88,2409,273.0,1
89,New Britain,2020,2018,local,0.0372603281280885,0.0840086973710219,0.4181656453844633,0.2180272781182052,0.2425380509982209,Hartford County,2018,1.002302854949662,1.000767618316554,2016,3809056758.57,2016,1528053100,11484.47,8599,1716.0,1
90,New Canaan,2020,2018,local,0.0110550348473924,0.0559961547704878,0.3739485700552751,0.2492189377553472,0.3097813025714972,Fairfield County,2018,1.2727111688465058,1.0909037229488352,2016,11927334535.62,2016,2255985000,4192.0,10,46.0,0
91,New Fairfield,2020,2018,local,0.0344210996870809,0.0500670540902995,0.3361645060348681,0.2288779615556549,0.3504693786320965,Fairfield County,2018,1.2727111688465058,1.0909037229488352,2016,2403502028.29,2016,624883100,2182.33,331,64.0,0
92,New Hartford,2020,2018,local+region,0.0153971608568541,0.0615886434274164,0.2997313980134269,0.2330888380127482,0.3901939596895542,Litchfield County,2018,0.6999940952437188,1.0,2016,960479365.11,2016,260358300,939.76,149,1.0,0
93,New Haven,2020,2018,local,0.0739264531435349,0.0702728351126927,0.3591459074733096,0.2273309608540925,0.2693238434163701,New Haven County,2018,0.83813586844203,1.0,2016,9408561904.29,2016,2920508000,18826.42,13915,3461.0,1
94,Newington,2020,2018,local,0.0148846440089307,0.061275117836765,0.3502852890101712,0.2485735549491441,0.3249813941949888,Hartford County,2018,1.002302854949662,1.000767618316554,2016,3912907247.88,2016,1140817200,4195.57,1220,233.0,0
95,New London,2020,2018,local,0.010250569476082,0.0743166287015945,0.4302391799544419,0.1919134396355353,0.2932801822323462,New London County,2018,0.8201558855658233,1.0,2016,1816064648.2,2016,539080600,3597.66,3070,834.0,1
96,New Milford,2020,2018,local,0.0223786773950213,0.0608498868493839,0.3316570279104853,0.2489313552929343,0.336183052552175,Litchfield County,2018,0.6999940952437188,1.0,2016,4182241084.5,2016,1017962900,3916.95,1292,155.0,0
97,Newtown,2020,2018,local,0.0163475011676786,0.0576833255488089,0.3166744511910322,0.2382064455861746,0.3710882765063055,Fairfield County,2018,1.2727111688465058,1.0909037229488352,2016,4595571873.28,2016,1358833400,4281.76,535,24.0,0
98,Norfolk,2020,2018,local+region,0.0401357899919666,0.0501697374899582,0.3160693461867371,0.2169633833475861,0.3766617429837518,Litchfield County,2018,0.6999940952437188,1.0,2016,372322901.94,2016,66542200,191.45,58,2.0,0
99,North Branford,2020,2018,local,0.0179294389820705,0.0595720069404279,0.3666859456333141,0.2400231347599768,0.3157894736842105,New Haven County,2018,0.83813586844203,1.0,2016,1820454894.42,2016,590672100,1790.73,374,15.0,0
100,North Canaan,2020,2018,local+region,0.0170842824601366,0.0841606853770003,0.3607469807022821,0.2374536181430065,0.3005544333175742,Litchfield County,2018,0.6999940952437188,1.0,2016,431908297.6,2016,96320900,361.4,168,11.0,0
101,North Haven,2020,2018,local,0.0187838268067494,0.0611270296084049,0.3556192295447309,0.2327284304361668,0.3317414836039478,New Haven County,2018,0.83813586844203,1.0,2016,4231389799.17,2016,938410000,3195.03,611,77.0,0
102,North Stonington,2020,2018,local,0.0497237569060773,0.0732044198895027,0.3867403314917127,0.2361878453038674,0.2541436464088398,New London County,2018,0.8201558855658233,1.0,2016,844064866.04,2016,185338000,752.04,95,0.0,0
103,Norwalk,2020,2018,local,0.020838805708782,0.0736362840381752,0.3655546799754837,0.2264250065668505,0.3135452237107083,Fairfield County,2018,1.2727111688465058,1.0909037229488352,2016,19248812948.62,2016,3873775500,11865.99,6802,1801.0,1
104,Norwich,2020,2018,local,0.0703703703703703,0.1034188034188034,0.5219373219373219,0.2923076923076923,0.0119658119658119,New London County,2018,0.8201558855658233,1.0,2016,2711519845.69,2016,1088353700,5289.9,3610,812.0,1
105,Old Lyme,2020,2018,region,0.0389817024661893,0.0525059665871121,0.3102625298329355,0.2211614956245028,0.3770883054892601,New London County,2018,0.8201558855658233,1.0,2016,2282498687.26,2016,364955500,1030.7,185,19.0,0
106,Old Saybrook,2020,2018,local,0.0396039603960396,0.0561056105610561,0.3110561056105611,0.2326732673267326,0.3605610561056105,Middlesex County,2018,0.8222668359363468,1.0,2016,3240199816.11,2016,460443100,1201.0,340,59.0,0
107,Orange,2020,2018,local+region,0.0184229927758601,0.0653577600857896,0.3548619322778781,0.2283287773538296,0.3330285375066424,New Haven County,2018,0.83813586844203,1.0,2016,2999466924.27,2016,687066600,2291.22,256,69.0,0
108,Oxford,2020,2018,local,0.0106204583566238,0.0592509782001117,0.3499161542761319,0.2699832308552264,0.3102291783119061,New Haven County,2018,0.83813586844203,1.0,2016,2220174858.87,2016,501101700,1853.69,256,35.0,0
109,Plainfield,2020,2018,local,0.0584741891274554,0.0603015075376884,0.3622658748286889,0.2334399269072636,0.2855185015989036,Windham County,2018,0.6570369932981016,1.0,2016,1459675422.47,2016,418703500,2164.94,1210,42.0,0
110,Plainville,2020,2018,local,0.0427899015832263,0.0765939238339751,0.3543003851091142,0.2237911852802738,0.3025246041934104,Hartford County,2018,1.002302854949662,1.000767618316554,2016,1970685972.86,2016,570164400,2296.28,793,159.0,0
111,Plymouth,2020,2018,local,0.0500352360817477,0.0641296687808315,0.3446088794926004,0.2494714587737843,0.2917547568710359,Litchfield County,2018,0.6999940952437188,1.0,2016,1061913334.29,2016,381438500,1577.19,654,24.0,0
112,Pomfret,2020,2018,local,0.0527704485488126,0.100263852242744,0.4775725593667546,0.3693931398416886,0.0,Windham County,2018,0.6570369932981016,1.0,2016,537711145.73,2016,172461400,567.68,102,2.0,0
113,Portland,2020,2018,local,0.0198019801980198,0.0708301599390708,0.3716679360243716,0.2399086062452399,0.2977913175932978,Middlesex County,2018,0.8222668359363468,1.0,2016,1163821357.14,2016,438798000,1360.72,309,22.0,0
114,Preston,2020,2018,local,0.0795454545454545,0.1045454545454545,0.4863636363636364,0.3295454545454545,0.0,New London County,2018,0.8201558855658233,1.0,2016,653887459.32,2016,152103400,648.16,196,10.0,0
115,Prospect,2020,2018,region,0.0207156308851224,0.065442561205273,0.3380414312617703,0.2532956685499059,0.3225047080979284,New Haven County,2018,0.83813586844203,1.0,2016,1241043580.77,2016,367776100,1344.61,252,20.0,0
116,Putnam,2020,2018,local,0.0807660283097418,0.08992506244796,0.3646960865945046,0.231473771856786,0.2331390507910075,Windham County,2018,0.6570369932981016,1.0,2016,960049439.66,2016,246876900,1170.81,735,44.0,1
117,Redding,2020,2018,local+region,0.0415655599646007,0.056410402809101,0.3117416997345057,0.2241571269519541,0.3661252105398384,Fairfield County,2018,1.2727111688465058,1.0909037229488352,2016,2343266694.39,2016,584269300,1345.93,99,10.0,0
118,Ridgefield,2020,2018,local,0.0124018189334435,0.0611823067383216,0.3387763538652336,0.2482430756510955,0.3393964448119057,Fairfield County,2018,1.2727111688465058,1.0909037229488352,2016,7218488531.19,2016,1914044900,4827.36,229,66.0,0
119,Rocky Hill,2020,2018,local,0.0215328467153284,0.0788321167883211,0.4142335766423358,0.2127737226277372,0.2726277372262773,Hartford County,2018,1.002302854949662,1.000767618316554,2016,3033011923.65,2016,852173900,2876.87,599,250.0,0
120,Roxbury,2020,2018,region,0.0600292825768667,0.0512445095168374,0.2752562225475842,0.2313323572474377,0.3821376281112738,Litchfield County,2018,0.6999940952437188,1.0,2016,955603326.6,2016,185789500,204.11,25,2.0,0
121,Salem,2020,2018,local,0.0315533980582524,0.0970873786407767,0.4951456310679611,0.3762135922330097,0.0,New London County,2018,0.8201558855658233,1.0,2016,528682784.29,2016,190759600,605.34,103,2.0,0
122,Salisbury,2020,2018,local+region,0.0557015086128475,0.0992933607935318,0.4043053321786465,0.2371353094002663,0.2035644890147077,Litchfield County,2018,0.6999940952437188,1.0,2016,1745722541.66,2016,202770400,343.73,98,9.0,0
123,Scotland,2020,2018,local+region,0.0626506024096385,0.0887550200803212,0.3393574297188755,0.2341365461847389,0.2751004016064257,Windham County,2018,0.6570369932981016,1.0,2016,161579502.5,2016,55392700,205.61,61,1.0,0
124,Seymour,2020,2018,local,0.0097042513863216,0.0683918669131238,0.3747689463955638,0.2421441774491682,0.3049907578558225,New Haven County,2018,0.83813586844203,1.0,2016,1773770129.89,2016,571557300,2255.72,822,67.0,0
125,Sharon,2020,2018,local+region,0.0008981363670383,0.1021181049322655,0.3203951800014969,0.2370930319586857,0.3394955467405134,Litchfield County,2018,0.6999940952437188,1.0,2016,967765608.12,2016,180610800,177.4,65,1.0,0
126,Shelton,2020,2018,local,0.0130119453924914,0.0750853242320819,0.3641211604095563,0.2455204778156996,0.3022610921501706,Fairfield County,2018,1.2727111688465058,1.0909037229488352,2016,6645615451.43,2016,1745418300,4906.21,1426,235.0,0
127,Sherman,2020,2018,local,0.050179211469534,0.0931899641577061,0.4767025089605735,0.3799283154121863,0.0,Fairfield County,2018,1.2727111688465058,1.0909037229488352,2016,1014614866.63,2016,253655800,411.78,27,6.0,0
128,Simsbury,2020,2018,local,0.0105937423010593,0.0660261148066026,0.3449125400344912,0.226410445922641,0.3520571569352057,Hartford County,2018,1.002302854949662,1.000767618316554,2016,3670050776.3,2016,1290358100,4110.13,454,65.0,0
129,Somers,2020,2018,local,0.0276564774381368,0.061863173216885,0.3296943231441048,0.2445414847161572,0.3362445414847161,Tolland County,2018,0.7393197720764075,1.0,2016,1281788715.89,2016,379758100,1377.06,122,7.0,0
130,Southbury,2020,2018,region,0.0169350360910605,0.0735702387562465,0.330094392004442,0.2406996113270405,0.3387007218212104,New Haven County,2018,0.83813586844203,1.0,2016,3307258040.47,2016,838341900,2445.72,299,20.0,0
131,Southington,2020,2018,local,0.0143307086614173,0.0670866141732283,0.3568503937007874,0.2403149606299212,0.3214173228346457,Hartford County,2018,1.002302854949662,1.000767618316554,2016,5818674670.23,2016,1745873300,6396.01,1364,114.0,0
132,South Windsor,2020,2018,local,0.0209677419354838,0.0776497695852534,0.3788018433179723,0.226036866359447,0.2965437788018433,Hartford County,2018,1.002302854949662,1.000767618316554,2016,3912083492.73,2016,1188586900,4480.71,694,262.0,0
133,Sprague,2020,2018,local,0.1118210862619808,0.0958466453674121,0.4888178913738019,0.2971246006389776,0.0063897763578274,New London County,2018,0.8201558855658233,1.0,2016,272333312.42,2016,90165000,434.36,238,3.0,0
134,Stafford,2020,2018,local,0.058,0.0733333333333333,0.376,0.2326666666666666,0.26,Tolland County,2018,0.7393197720764075,1.0,2016,1189185893.29,2016,366317800,1536.91,617,3.0,0
135,Stamford,2020,2018,local,0.0164973027223685,0.0811692384895245,0.3907916196211266,0.2228704052189185,0.2886714339480617,Fairfield County,2018,1.2727111688465058,1.0909037229488352,2016,32825480972.96,2016,6123892800,15584.99,9056,2050.0,1
136,Sterling,2020,2018,local,0.0803324099722991,0.0664819944598338,0.4903047091412742,0.3628808864265928,0.0,Windham County,2018,0.6570369932981016,1.0,2016,343901639.8,2016,98967800,500.36,199,0.0,0
137,Stonington,2020,2018,local,0.0256410256410256,0.0665680473372781,0.3362919132149901,0.2406311637080868,0.3308678500986193,New London County,2018,0.8201558855658233,1.0,2016,3905088640.04,2016,856360200,2131.27,574,17.0,0
138,Stratford,2020,2018,local,0.0264714581484767,0.0666962437148772,0.3555161194912747,0.2422360248447205,0.3090801538006507,Fairfield County,2018,1.2727111688465058,1.0909037229488352,2016,6585078287.63,2016,1780183300,7080.08,3688,406.0,0
139,Suffield,2020,2018,local,0.0182669789227166,0.0604215456674473,0.3189695550351288,0.2229508196721311,0.3793911007025761,Hartford County,2018,1.002302854949662,1.000767618316554,2016,2056960887.14,2016,622586100,2075.24,264,26.0,0
140,Thomaston,2020,2018,local,0.0473372781065088,0.0733727810650887,0.3550295857988165,0.2378698224852071,0.2863905325443787,Litchfield County,2018,0.6999940952437188,1.0,2016,783973368.57,2016,237890500,969.29,286,14.0,0
141,Thompson,2020,2018,local,0.040650406504065,0.0833333333333333,0.3770325203252032,0.25,0.2489837398373983,Windham County,2018,0.6570369932981016,1.0,2016,977570036.23,2016,299873800,1015.91,460,3.0,1
142,Tolland,2020,2018,local,0.0211148648648648,0.0548986486486486,0.3412162162162162,0.2407094594594594,0.3420608108108108,Tolland County,2018,0.7393197720764075,1.0,2016,1852817304.27,2016,686232900,2476.09,317,16.0,0
143,Torrington,2020,2018,local,0.0244409776391055,0.0774830993239729,0.4196567862714508,0.2561102444097763,0.2223088923556942,Litchfield County,2018,0.6999940952437188,1.0,2016,2754467636.16,2016,1006851200,4322.24,2733,373.0,1
144,Trumbull,2020,2018,local,0.0334721808985421,0.0678369532877119,0.34721808985421,0.2317762570663493,0.3196965188931865,Fairfield County,2018,1.2727111688465058,1.0909037229488352,2016,7035069969.54,2016,1653982400,6550.04,1091,191.0,0
145,Union,2020,2018,local,0.0769230769230769,0.0769230769230769,0.5384615384615384,0.3076923076923077,0.0,Tolland County,2018,0.7393197720764075,1.0,2016,130830403.22,2016,37457500,91.0,6,0.0,0
146,Vernon,2020,2018,local,0.0385356454720616,0.0802825947334617,0.3776493256262042,0.2263969171483622,0.27713551701991,Tolland County,2018,0.7393197720764075,1.0,2016,2564921991.43,2016,1004476100,3425.33,1755,110.0,1
147,Voluntown,2020,2018,local,0.1628787878787878,0.0416666666666666,0.4621212121212121,0.3333333333333333,0.0,New London County,2018,0.8201558855658233,1.0,2016,277880670.36,2016,83926400,323.27,81,0.0,0
148,Wallingford,2020,2018,local,0.037521815008726,0.0636998254799302,0.344153577661431,0.2200698080279232,0.3345549738219895,New Haven County,2018,0.83813586844203,1.0,2016,6207709482.37,2016,1670189800,5728.12,1758,328.0,0
149,Warren,2020,2018,statewide,0.0355005763573833,0.0680215654512204,0.3555868685468388,0.228575552192152,0.3123154374524054,Litchfield County,2018,0.6999940952437188,1.0,2016,508724538.95,2016,77892900,139.22,24,0.0,0
150,Washington,2020,2018,region,0.0600292825768667,0.0512445095168374,0.2752562225475842,0.2313323572474377,0.3821376281112738,Litchfield County,2018,0.6999940952437188,1.0,2016,1638902438.77,2016,220742300,266.34,63,4.0,0
151,Waterbury,2020,2018,local,0.0404778411818036,0.080475707962242,0.3922990773825396,0.2283611540717828,0.2583862194016319,New Haven County,2018,0.83813586844203,1.0,2016,5928360337.11,2016,2121347100,18316.99,13594,2810.0,1
152,Waterford,2020,2018,local,0.0184221065278334,0.0588706447737284,0.3516219463356027,0.2334801762114537,0.3376051261513816,New London County,2018,0.8201558855658233,1.0,2016,4842942666.83,2016,766677200,2726.41,825,72.0,0
153,Watertown,2020,2018,local,0.0266229029905178,0.0685630926331145,0.3537563822027717,0.24981765134938,0.3012399708242159,Litchfield County,2018,0.6999940952437188,1.0,2016,2734482018.94,2016,832386300,2789.99,952,121.0,0
154,Westbrook,2020,2018,local,0.0506706408345752,0.0655737704918032,0.3099850968703427,0.2414307004470939,0.3323397913561848,Middlesex County,2018,0.8222668359363468,1.0,2016,1623483420.0,2016,391316200,683.63,200,81.0,0
155,West Hartford,2020,2018,local,0.0261649119149379,0.0661940998644845,0.3536954028979464,0.2300635880329407,0.3238819972896904,Hartford County,2018,1.002302854949662,1.000767618316554,2016,8907859188.57,2016,3193881600,9838.1,2415,600.0,0
156,West Haven,2020,2018,local,0.0149716055756324,0.0810531750129065,0.3930476682154534,0.246601273446911,0.2643262777490965,New Haven County,2018,0.83813586844203,1.0,2016,3928816873.16,2016,1342171600,6980.38,3813,913.0,1
157,Weston,2020,2018,local,0.0116933737548722,0.047206582936336,0.3417063663923776,0.2516240796881767,0.3477695972282373,Fairfield County,2018,1.2727111688465058,1.0909037229488352,2016,3399888205.19,2016,954125100,2293.14,38,14.0,0
158,Westport,2020,2018,local,0.0132510437465964,0.0629878380831366,0.3479760392085678,0.2385187874387366,0.3372662915229624,Fairfield County,2018,1.2727111688465058,1.0909037229488352,2016,16088221534.41,2016,2737780200,5462.45,166,58.0,0
159,Wethersfield,2020,2018,local,0.0170058544744912,0.0716476163925285,0.3610259269584611,0.2297184276554223,0.3206021745190967,Hartford County,2018,1.002302854949662,1.000767618316554,2016,3392683688.39,2016,1022718300,3859.04,980,331.0,0
160,Willington,2020,2018,local+region,0.0471285897713384,0.0559652003534644,0.297499222931574,0.2282791067049206,0.3711278802387024,Tolland County,2018,0.7393197720764075,1.0,2016,639312199.51,2016,226802800,628.49,169,4.0,0
161,Wilton,2020,2018,local,0.0158122927824534,0.0617189492476409,0.3430247385870951,0.2558020913032389,0.3236419280795715,Fairfield County,2018,1.2727111688465058,1.0909037229488352,2016,6070177139.94,2016,1522487900,3913.67,235,22.0,0
162,Winchester,2020,2018,local,0.0671641791044776,0.1361940298507462,0.6436567164179104,0.1529850746268656,0.0,Litchfield County,2018,0.6999940952437188,1.0,2016,1013459789.65,2016,330519800,1118.59,653,57.0,1
163,Windham,2020,2018,local,0.0771531100478468,0.0795454545454545,0.4123803827751196,0.2514952153110047,0.1794258373205741,Windham County,2018,0.6570369932981016,1.0,2016,1291164325.49,2016,430945500,3329.75,2477,929.0,1
164,Windsor,2020,2018,local,0.0350015351550506,0.0687749462695732,0.3226895916487565,0.2204482652747927,0.3530856616518268,Hartford County,2018,1.002302854949662,1.000767618316554,2016,4242507811.76,2016,1046422500,3902.8,1514,98.0,1
165,Windsor Locks,2020,2018,local,0.0640614990390775,0.0807174887892376,0.3376040999359385,0.2203715566944266,0.2972453555413196,Hartford County,2018,1.002302854949662,1.000767618316554,2016,1900652209.02,2016,444847300,1626.11,723,83.0,1
166,Wolcott,2020,2018,local,0.021505376344086,0.0613799283154121,0.3351254480286738,0.2473118279569892,0.3346774193548387,New Haven County,2018,0.83813586844203,1.0,2016,1754388962.86,2016,550705400,2454.28,673,64.0,0
167,Woodbridge,2020,2018,local+region,0.0132178569099367,0.0713764273136584,0.4005010643710833,0.2091688288191356,0.3057358225861858,New Haven County,2018,0.83813586844203,1.0,2016,1653069479.75,2016,484325600,1547.56,180,26.0,0
168,Woodbury,2020,2018,region,0.0121432908318154,0.0479659987856709,0.3163327261687917,0.2046144505160898,0.418943533697632,Litchfield County,2018,0.6999940952437188,1.0,2016,1550059471.8,2016,447501400,1061.54,193,17.0,0
169,Woodstock,2020,2018,local,0.0383693045563549,0.0863309352517985,0.5071942446043165,0.3681055155875299,0.0,Windham County,2018,0.6570369932981016,1.0,2016,1016356375.71,2016,297956700,1300.16,182,3.0,0
1,Andover,2021,2019,local+region,0.0959506907284463,0.0456908051087839,0.242161267076555,0.2410726606461109,0.3751245764401036,Tolland County,2019,0.7221768356480486,1.0,2017,384095516.02,2017,134151000,425.44,87,7.0,0
2,Ansonia,2021,2019,local,0.0472406181015452,0.0799116997792494,0.3938189845474614,0.2331125827814569,0.2459161147902869,New Haven County,2019,0.8388155537400925,1.0,2017,1406781545.71,2017,451413900,2456.41,1613,121.0,1
3,Ashford,2021,2019,local+region,0.0712100464372342,0.0745221416203614,0.3129929948055182,0.1871333778466854,0.3541414392902006,Windham County,2019,0.6593570394576543,1.0,2017,453251481.3,2017,144148100,544.82,206,6.0,0
4,Avon,2021,2019,local,0.0177103099304237,0.0705249841872232,0.3678051865907653,0.241302972802024,0.3026565464895636,Hartford County,2019,1.0025798684267102,1.0008599561422369,2017,3693549948.84,2017,1217529300,3184.37,245,93.0,0
5,Barkhamsted,2021,2019,local+region,0.0361907726842616,0.0571433252909394,0.2457162987510394,0.2515617127431663,0.4093878905305932,Litchfield County,2019,0.6995169913001104,1.0,2017,539457408.84,2017,156336900,491.97,89,1.0,0
6,Beacon Falls,2021,2019,region,0.0221900627110467,0.0593342981186685,0.3400868306801736,0.2479498311625663,0.3304389773275445,New Haven County,2019,0.8388155537400925,1.0,2017,743663061.61,2017,232543500,786.31,208,13.0,0
7,Berlin,2021,2019,local,0.0215722120658135,0.0650822669104204,0.343327239488117,0.2354661791590493,0.3345521023765996,Hartford County,2019,1.0025798684267102,1.0008599561422369,2017,3322195404.29,2017,914680400,2796.21,544,87.0,0
8,Bethany,2021,2019,local+region,0.0288845337409496,0.0735242677042354,0.3006617375762483,0.249043451385528,0.3478860095930385,New Haven County,2019,0.8388155537400925,1.0,2017,842626226.6,2017,277723700,764.63,87,11.0,0
9,Bethel,2021,2019,local,0.0286715514495062,0.0691302962726983,0.3513857916533928,0.2567696718700223,0.2940426887543804,Fairfield County,2019,1.2777228361353572,1.0925742787117858,2017,2866121635.71,2017,856928400,3118.16,977,208.0,0
10,Bethlehem,2021,2019,region,0.0183080808080808,0.0618686868686868,0.303030303030303,0.1976010101010101,0.4191919191919191,Litchfield County,2019,0.6995169913001104,1.0,2017,540062982.89,2017,156452200,357.43,82,1.0,0
11,Bloomfield,2021,2019,local,0.1432481751824817,0.0556569343065693,0.2796532846715328,0.218978102189781,0.302463503649635,Hartford County,2019,1.0025798684267102,1.0008599561422369,2017,3067207322.29,2017,830255300,2335.7,1318,63.0,1
12,Bolton,2021,2019,local,0.0155038759689922,0.0503875968992248,0.3397932816537468,0.2364341085271318,0.3578811369509044,Tolland County,2019,0.7221768356480486,1.0,2017,638184674.22,2017,247584000,714.56,134,6.0,0
13,Bozrah,2021,2019,local,0.1135135135135135,0.0756756756756756,0.4486486486486487,0.3621621621621622,0.0,New London County,2019,0.8187785756259764,1.0,2017,321252800.0,2017,93381000,267.95,93,4.0,0
14,Branford,2021,2019,local,0.0440702257255464,0.0659261913292726,0.3489788606234325,0.2382658545324256,0.3027588677893228,New Haven County,2019,0.8388155537400925,1.0,2017,5433604019.25,2017,1293288000,2829.03,991,152.0,0
15,Bridgeport,2021,2019,local,0.045298592809905,0.0807518273581622,0.3973447367112525,0.2230122818358112,0.2535925612848689,Fairfield County,2019,1.2777228361353572,1.0925742787117858,2017,9951637059.85,2017,3108286600,20066.78,14397,4158.0,1
16,Bridgewater,2021,2019,region,0.0638297872340425,0.0524822695035461,0.2652482269503546,0.2269503546099291,0.3914893617021276,Litchfield County,2019,0.6995169913001104,1.0,2017,554540921.67,2017,108120900,118.76,12,0.0,0
17,Bristol,2021,2019,local,0.0362687706795622,0.0738101298040213,0.3553066938152202,0.2360651565283787,0.2985492491728175,Hartford County,2019,1.0025798684267102,1.0008599561422369,2017,5613277357.14,2017,1930170400,8210.36,4410,434.0,1
18,Brookfield,2021,2019,local,0.0199310080490609,0.0674587964737447,0.3296282100421617,0.2499041778459179,0.3330778075891146,Fairfield County,2019,1.2777228361353572,1.0925742787117858,2017,3439647398.11,2017,814370600,2677.72,551,115.0,0
19,Brooklyn,2021,2019,local,0.1251384274640088,0.0985603543743078,0.4916943521594684,0.2846068660022148,0.0,Windham County,2019,0.6593570394576543,1.0,2017,913932194.59,2017,251194300,1255.5,416,16.0,0
20,Burlington,2021,2019,region,0.0197752808988764,0.0665168539325842,0.3384269662921348,0.2525842696629213,0.3226966292134831,Hartford County,2019,1.0025798684267102,1.0008599561422369,2017,1367367294.01,2017,484204300,1532.48,173,30.0,0
21,Canaan,2021,2019,local+region,0.0,0.0896906177567267,0.3060566360979542,0.209614028015721,0.3946387181295979,Litchfield County,2019,0.6995169913001104,1.0,2017,252602400.0,2017,60453900,108.4,48,2.0,0
22,Canterbury,2021,2019,local,0.0959488272921108,0.1066098081023454,0.5202558635394456,0.2771855010660981,0.0,Windham County,2019,0.6593570394576543,1.0,2017,536259037.89,2017,180668300,648.02,202,0.0,0
23,Canton,2021,2019,local,0.0204865556978233,0.0774647887323943,0.3597951344430217,0.2330345710627401,0.3092189500640205,Hartford County,2019,1.0025798684267102,1.0008599561422369,2017,1552114126.9,2017,535277600,1570.88,188,14.0,0
24,Chaplin,2021,2019,local+region,0.0815604796375089,0.0860916173951483,0.421395811460463,0.197601812455103,0.2133502790517765,Windham County,2019,0.6593570394576543,1.0,2017,286918371.07,2017,75362700,239.6,101,7.0,0
25,Cheshire,2021,2019,local,0.0245940783190066,0.0656638013371537,0.3388252148997134,0.2258834765998089,0.3450334288443171,New Haven County,2019,0.8388155537400925,1.0,2017,4244943198.78,2017,1336586500,4152.42,604,55.0,0
26,Chester,2021,2019,local+region,0.0,0.0765919366442262,0.3370045212345953,0.2206105128939995,0.3657930292271789,Middlesex County,2019,0.827263476229379,1.0,2017,649168688.47,2017,186933700,405.43,86,6.0,0
27,Clinton,2021,2019,local,0.0339487790351399,0.0565812983918999,0.3097081596188207,0.2435973793924955,0.3561643835616438,Middlesex County,2019,0.827263476229379,1.0,2017,2362965231.26,2017,507050500,1685.81,618,103.0,0
28,Colchester,2021,2019,local,0.045002163565556,0.0683686715707486,0.3241021202942449,0.2237126784941583,0.3388143660752921,New London County,2019,0.8187785756259764,1.0,2017,1818727792.42,2017,672627600,2383.65,562,14.0,0
29,Colebrook,2021,2019,local+region,0.0,0.0749767441860465,0.2941395348837209,0.2295813953488372,0.4013023255813953,Litchfield County,2019,0.6995169913001104,1.0,2017,257037960.65,2017,53687500,171.43,44,0.0,0
30,Columbia,2021,2019,local,0.0661764705882353,0.1078431372549019,0.5147058823529411,0.3112745098039216,0.0,Tolland County,2019,0.7221768356480486,1.0,2017,742444901.58,2017,248666900,620.05,151,6.0,0
31,Cornwall,2021,2019,local+region,0.0,0.0906229750995094,0.3303249097472924,0.2989447375728963,0.2801073775803017,Litchfield County,2019,0.6995169913001104,1.0,2017,565972391.4,2017,64753300,110.4,28,6.0,0
32,Coventry,2021,2019,local,0.0573819485953377,0.0765092647937836,0.3586371787208607,0.2390914524805738,0.2683801554094441,Tolland County,2019,0.7221768356480486,1.0,2017,1482536633.92,2017,500844900,1689.73,442,15.0,0
33,Cromwell,2021,2019,local,0.0299796747967479,0.073170731707317,0.3866869918699187,0.2306910569105691,0.2794715447154471,Middlesex County,2019,0.827263476229379,1.0,2017,2060363680.0,2017,628172400,2061.83,469,92.0,0
34,Danbury,2021,2019,local,0.0226833571368562,0.0772914391329916,0.3861211459295975,0.2292699319499286,0.2846341258506259,Fairfield County,2019,1.2777228361353572,1.0925742787117858,2017,11055197340.0,2017,2641768000,11729.03,6202,3328.0,1
35,Darien,2021,2019,local,0.0179438463162339,0.0730420097107874,0.3685877137428752,0.2440363099007811,0.2963901203293224,Fairfield County,2019,1.2777228361353572,1.0925742787117858,2017,13174027653.09,2017,2286325900,4729.12,131,63.0,0
36,Deep River,2021,2019,local+region,0.0,0.0631174696873684,0.3100181599350154,0.2341717240880693,0.3926926462895467,Middlesex County,2019,0.827263476229379,1.0,2017,722637736.7,2017,200086800,560.55,184,7.0,0
37,Derby,2021,2019,local,0.03828125,0.07109375,0.3484375,0.2875,0.2546875,New Haven County,2019,0.8388155537400925,1.0,2017,1118231607.43,2017,360227800,1431.66,797,31.0,1
38,Durham,2021,2019,region,0.0225314777998674,0.0689198144466534,0.344599072233267,0.2339297548045062,0.3300198807157057,Middlesex County,2019,0.827263476229379,1.0,2017,1057191265.94,2017,395798700,1019.34,152,9.0,0
39,Eastford,2021,2019,local,0.1133333333333333,0.0733333333333333,0.5266666666666666,0.2866666666666667,0.0,Windham County,2019,0.6593570394576543,1.0,2017,235165657.55,2017,62473300,187.79,58,0.0,0
40,East Granby,2021,2019,local,0.0108303249097472,0.0697954271961492,0.3742478941034898,0.2394705174488568,0.3056558363417569,Hartford County,2019,1.0025798684267102,1.0008599561422369,2017,863094514.09,2017,213412900,864.04,104,15.0,0
41,East Haddam,2021,2019,local,0.0281124497991967,0.071285140562249,0.3684738955823293,0.2289156626506024,0.3032128514056225,Middlesex County,2019,0.827263476229379,1.0,2017,1246607350.0,2017,358193500,1029.61,264,3.0,0
42,East Hampton,2021,2019,local,0.0310288513881328,0.0680457267283614,0.3750680457267283,0.2514970059880239,0.2743603701687534,Middlesex County,2019,0.827263476229379,1.0,2017,1682912341.78,2017,551530700,1884.58,379,6.0,0
43,East Hartford,2021,2019,local,0.0474360868922713,0.0706369144377124,0.3509679326141569,0.2252105807595684,0.3057484852962908,Hartford County,2019,1.0025798684267102,1.0008599561422369,2017,4178783909.58,2017,1283285500,8116.49,5192,1021.0,1
44,East Haven,2021,2019,local,0.0804597701149425,0.0609543712991988,0.326715430163706,0.219435736677116,0.3124346917450366,New Haven County,2019,0.8388155537400925,1.0,2017,2968812967.57,2017,913466400,3247.8,1800,280.0,1
45,East Lyme,2021,2019,local,0.0186081131373278,0.0628954224041682,0.3103833271306289,0.2277633048008931,0.3803498325269818,New London County,2019,0.8187785756259764,1.0,2017,3302735614.93,2017,796474500,2562.08,605,52.0,0
46,Easton,2021,2019,local+region,0.0218826989250062,0.0633035218901966,0.3532492826465293,0.250087987714357,0.3114765088239108,Fairfield County,2019,1.2777228361353572,1.0925742787117858,2017,1779672427.91,2017,499658700,1274.17,137,19.0,0
47,East Windsor,2021,2019,local,0.0515463917525773,0.0815370196813495,0.3776944704779756,0.2136832239925023,0.2755388940955951,Hartford County,2019,1.0025798684267102,1.0008599561422369,2017,1370636530.0,2017,401400300,1129.03,583,69.0,1
48,Ellington,2021,2019,local,0.0280269058295964,0.0728699551569506,0.3703288490284006,0.2324364723467862,0.296337817638266,Tolland County,2019,0.7221768356480486,1.0,2017,2007169946.08,2017,700014800,2699.31,397,48.0,0
49,Enfield,2021,2019,local,0.0496510468594217,0.0679960119641076,0.3569292123629112,0.2177467597208374,0.3076769690927218,Hartford County,2019,1.0025798684267102,1.0008599561422369,2017,4406984332.18,2017,1425487800,5360.8,2500,131.0,0
50,Essex,2021,2019,local+region,0.0494281508322953,0.0554194418422705,0.2950710822412781,0.247809884600735,0.352271440483421,Middlesex County,2019,0.827263476229379,1.0,2017,1567616412.89,2017,352608900,659.97,126,14.0,0
51,Fairfield,2021,2019,local,0.0176641729010806,0.0673316708229426,0.3543225270157938,0.2505195344970906,0.3101620947630922,Fairfield County,2019,1.2777228361353572,1.0925742787117858,2017,16468486024.41,2017,3758268700,9669.85,1553,243.0,0
52,Farmington,2021,2019,local,0.0277175222945288,0.0723065798987707,0.3552663292359604,0.2431911303928657,0.3015184381778741,Hartford County,2019,1.0025798684267102,1.0008599561422369,2017,5222254320.0,2017,1407887600,4097.18,634,172.0,0
53,Franklin,2021,2019,local,0.0949367088607595,0.1075949367088607,0.5189873417721519,0.2784810126582278,0.0,New London County,2019,0.8187785756259764,1.0,2017,346211391.37,2017,78492700,222.8,48,1.0,0
54,Glastonbury,2021,2019,local,0.0096319229446164,0.0632954936360509,0.3445132438940488,0.240798073615411,0.3417612659098727,Hartford County,2019,1.0025798684267102,1.0008599561422369,2017,5970627695.71,2017,2065125000,5940.12,781,158.0,0
55,Goshen,2021,2019,statewide,0.0352880520918864,0.0697817411063797,0.3530542878420439,0.2289216903129714,0.3129542286467184,Litchfield County,2019,0.6995169913001104,1.0,2017,791818742.86,2017,115874400,349.69,87,6.0,0
56,Granby,2021,2019,local,0.0256983240223463,0.0675977653631284,0.3458100558659218,0.2318435754189944,0.3290502793296089,Hartford County,2019,1.0025798684267102,1.0008599561422369,2017,1414808600.0,2017,586876100,1757.74,181,5.0,0
57,Greenwich,2021,2019,local,0.0217415418746533,0.0660011092623405,0.3714919578480311,0.2308374930671103,0.3099278979478647,Fairfield County,2019,1.2777228361353572,1.0925742787117858,2017,50416714164.96,2017,5955425200,8817.44,1840,413.0,0
58,Griswold,2021,2019,local,0.0402266288951841,0.0702549575070821,0.3444759206798867,0.2419263456090651,0.3031161473087819,New London County,2019,0.8187785756259764,1.0,2017,1073274955.02,2017,363047800,1649.09,830,22.0,0
59,Groton,2021,2019,local,0.0456255879586077,0.0947789275634995,0.3845249294449671,0.2384760112888052,0.2365945437441204,New London County,2019,0.8187785756259764,1.0,2017,5754589926.39,2017,1342864300,4703.34,2366,186.0,1
60,Guilford,2021,2019,local,0.0101977750309023,0.0593325092707045,0.3485784919653893,0.2379480840543881,0.3439431396786155,New Haven County,2019,0.8388155537400925,1.0,2017,4246530455.71,2017,1318248800,3284.0,443,68.0,0
61,Haddam,2021,2019,region,0.0216383307573415,0.0690365790829469,0.3353941267387944,0.2452344152498712,0.3286965481710459,Middlesex County,2019,0.827263476229379,1.0,2017,1337706958.76,2017,388420300,1209.96,184,13.0,0
62,Hamden,2021,2019,local,0.03698224852071,0.0678624260355029,0.3553994082840236,0.2379807692307692,0.301775147928994,New Haven County,2019,0.8388155537400925,1.0,2017,5741256858.83,2017,2177346800,6362.32,3026,389.0,1
63,Hampton,2021,2019,local+region,0.1153677052495823,0.0865257789371867,0.3605240789049447,0.2352492892106574,0.2023331476976287,Windham County,2019,0.6593570394576543,1.0,2017,226365034.3,2017,64663900,136.3,57,0.0,0
64,Hartford,2021,2019,local,0.064211050273768,0.0710137713622034,0.3615950445218738,0.2341684641336209,0.2690116697085338,Hartford County,2019,1.0025798684267102,1.0008599561422369,2017,7430863343.0,2017,2241312700,19958.9,17789,4425.0,1
65,Hartland,2021,2019,local,0.0764331210191082,0.10828025477707,0.5031847133757962,0.3121019108280254,0.0,Hartford County,2019,1.0025798684267102,1.0008599561422369,2017,302920272.47,2017,84315700,233.07,53,1.0,0
66,Harwinton,2021,2019,region,0.0197752808988764,0.0665168539325842,0.3384269662921348,0.2525842696629213,0.3226966292134831,Litchfield County,2019,0.6995169913001104,1.0,2017,848020215.9,2017,246141700,782.2,139,4.0,0
67,Hebron,2021,2019,local+region,0.0512655486607811,0.063328030698612,0.3106089124741445,0.2338927410573696,0.3409047671090925,Tolland County,2019,0.7221768356480486,1.0,2017,1163379075.62,2017,434256900,1330.44,192,2.0,0
68,Kent,2021,2019,local+region,0.0779505145609809,0.0935406174731771,0.3864134004817166,0.2433216553536238,0.1987738121305013,Litchfield County,2019,0.6995169913001104,1.0,2017,909469321.44,2017,106780700,241.56,65,3.0,0
69,Killingly,2021,2019,local,0.0596833130328867,0.0726755988631749,0.3495736906211936,0.2013804303694681,0.3166869671132765,Windham County,2019,0.6593570394576543,1.0,2017,1968237326.97,2017,486544000,2230.82,1153,58.0,1
70,Killingworth,2021,2019,region,0.0216383307573415,0.0690365790829469,0.3353941267387944,0.2452344152498711,0.3286965481710458,Middlesex County,2019,0.827263476229379,1.0,2017,1027116068.2,2017,327650400,766.99,69,6.0,0
71,Lebanon,2021,2019,local,0.0553846153846153,0.0707692307692307,0.3241025641025641,0.2338461538461538,0.3158974358974359,New London County,2019,0.8187785756259764,1.0,2017,1008534747.89,2017,286045100,952.01,288,10.0,0
72,Ledyard,2021,2019,local,0.0286188303608461,0.0725839900456242,0.3579427623392783,0.2252177519701368,0.3156366652841145,New London County,2019,0.8187785756259764,1.0,2017,1660436363.45,2017,624153200,2375.22,611,35.0,0
73,Lisbon,2021,2019,local,0.0763723150357995,0.1241050119331742,0.4725536992840095,0.3269689737470167,0.0,New London County,2019,0.8187785756259764,1.0,2017,594207503.09,2017,165402900,572.12,202,8.0,0
74,Litchfield,2021,2019,local,0.0532879818594104,0.0748299319727891,0.3582766439909297,0.2188208616780045,0.2947845804988662,Litchfield County,2019,0.6995169913001104,1.0,2017,1440658954.98,2017,364651000,883.11,219,2.0,0
75,Lyme,2021,2019,region,0.0551242236024844,0.0597826086956521,0.296583850931677,0.2158385093167701,0.3726708074534162,New London County,2019,0.8187785756259764,1.0,2017,754053082.62,2017,148592700,248.43,41,4.0,0
76,Madison,2021,2019,local,0.0164750957854406,0.0605363984674329,0.310727969348659,0.2249042145593869,0.3873563218390805,New Haven County,2019,0.8388155537400925,1.0,2017,4269820426.65,2017,958754000,2625.47,99,37.0,0
77,Manchester,2021,2019,local,0.0472692430533375,0.0855956563398275,0.3807090386458001,0.2082401788565953,0.2781858831044395,Hartford County,2019,1.0025798684267102,1.0008599561422369,2017,6186246719.98,2017,1940185400,7651.26,4673,531.0,1
78,Mansfield,2021,2019,local+region,0.0367421317131998,0.0534431006737452,0.3000607423244655,0.2393805551011505,0.3703734701874389,Tolland County,2019,0.7221768356480486,1.0,2017,1629782576.71,2017,521920300,1679.67,483,57.0,0
79,Marlborough,2021,2019,local+region,0.0247885343444528,0.0754433653961608,0.3157843723010732,0.2341275983837904,0.3498561295745225,Hartford County,2019,1.0025798684267102,1.0008599561422369,2017,876042728.53,2017,302927300,987.5,154,9.0,0
80,Meriden,2021,2019,local,0.0145373906615744,0.0809412344462239,0.4042133793273377,0.2040162621658248,0.2962917333990391,New Haven County,2019,0.8388155537400925,1.0,2017,4822476186.64,2017,1886269300,8950.79,6802,1447.0,1
81,Middlebury,2021,2019,region,0.0200219418540866,0.0658255622600109,0.350246845858475,0.2314865606143719,0.3324190894130553,New Haven County,2019,0.8388155537400925,1.0,2017,1396256302.71,2017,349614000,1273.73,190,24.0,0
82,Middlefield,2021,2019,region,0.0225314777998674,0.0689198144466534,0.3445990722332671,0.2339297548045063,0.3300198807157057,Middlesex County,2019,0.827263476229379,1.0,2017,637122386.78,2017,198156100,519.24,95,4.0,0
83,Middletown,2021,2019,local,0.0215479331574318,0.0881706244503078,0.3854441512752858,0.2071240105540897,0.2977132805628847,Middlesex County,2019,0.827263476229379,1.0,2017,4940759434.29,2017,1631683300,4823.67,2406,189.0,1
84,Milford,2021,2019,local,0.0403009134873723,0.0696758015403904,0.3433637829124127,0.2332079527135948,0.3134515493462296,New Haven County,2019,0.8388155537400925,1.0,2017,9699877201.66,2017,2268006600,5616.78,1624,158.0,0
85,Monroe,2021,2019,local,0.0144092219020172,0.0659622158181236,0.3557476785142491,0.2417547230227345,0.3221261607428754,Fairfield County,2019,1.2777228361353572,1.0925742787117858,2017,3175907795.26,2017,927390700,3195.31,405,34.0,0
86,Montville,2021,2019,local,0.0278592375366568,0.0654936461388074,0.3636363636363636,0.2590420332355816,0.2839687194525904,New London County,2019,0.8187785756259764,1.0,2017,1937335767.49,2017,612689600,2258.28,1021,104.0,0
87,Morris,2021,2019,statewide,0.0352880520918864,0.0697817411063797,0.3530542878420439,0.2289216903129714,0.3129542286467184,Litchfield County,2019,0.6995169913001104,1.0,2017,480396515.71,2017,110985500,228.67,57,6.0,0
88,Naugatuck,2021,2019,local,0.0364762560220234,0.0715760495526496,0.3652213810506997,0.2358339068593714,0.2908924065152558,New Haven County,2019,0.8388155537400925,1.0,2017,2414595090.87,2017,1048128500,4617.78,2854,323.0,1
89,New Britain,2021,2019,local,0.0398724082934609,0.0791467304625199,0.414274322169059,0.2232854864433811,0.2434210526315789,Hartford County,2019,1.0025798684267102,1.0008599561422369,2017,3797547507.14,2017,1606108500,11391.81,8350,1841.0,1
90,New Canaan,2021,2019,local,0.0092680608365019,0.0731939163498098,0.3650190114068441,0.2364543726235741,0.3160646387832699,Fairfield County,2019,1.2777228361353572,1.0925742787117858,2017,11464169241.29,2017,2245523500,4241.28,7,48.0,0
91,New Fairfield,2021,2019,local,0.039008719596145,0.0651675080312069,0.325378614043139,0.2464433226250573,0.3240018357044515,Fairfield County,2019,1.2777228361353572,1.0925742787117858,2017,2542127926.43,2017,664339900,2116.0,292,82.0,0
92,New Hartford,2021,2019,local+region,0.0175532481836107,0.0598875526264366,0.3056330271969872,0.2305593057751407,0.3863668662178245,Litchfield County,2019,0.6995169913001104,1.0,2017,975469254.58,2017,284993300,935.0,157,6.0,0
93,New Haven,2021,2019,local,0.0626832128200117,0.0707445769005276,0.3546511627906977,0.2375415282392026,0.2743795192495603,New Haven County,2019,0.8388155537400925,1.0,2017,10608364295.11,2017,3000224100,18506.96,12858,3499.0,1
94,Newington,2021,2019,local,0.0150262960180315,0.066366140746306,0.3453543701477586,0.2474330077635863,0.3258201853243175,Hartford County,2019,1.0025798684267102,1.0008599561422369,2017,4227649658.15,2017,1138716000,4156.46,1313,248.0,0
95,New London,2021,2019,local,0.0109112356237098,0.0760837511058684,0.4452963727514007,0.183426717782365,0.2842819227366558,New London County,2019,0.8187785756259764,1.0,2017,2045197009.74,2017,596282400,3511.61,2976,811.0,1
96,New Milford,2021,2019,local,0.0239185750636132,0.0689567430025445,0.3279898218829516,0.2389312977099236,0.3402035623409669,Litchfield County,2019,0.6995169913001104,1.0,2017,4343771207.06,2017,1052166100,3901.44,1370,192.0,0
97,Newtown,2021,2019,local,0.018020182604517,0.0591061989428159,0.324363286881307,0.231379144641999,0.3671311869293608,Fairfield County,2019,1.2777228361353572,1.0925742787117858,2017,4504405100.0,2017,1443598000,4204.5,586,17.0,0
98,Norfolk,2021,2019,local+region,0.0251358144814724,0.0377037217222087,0.320481634638774,0.2377361550312171,0.3789426741263277,Litchfield County,2019,0.6995169913001104,1.0,2017,405327613.83,2017,66368900,155.02,52,3.0,0
99,North Branford,2021,2019,local,0.0200945626477541,0.0691489361702127,0.3670212765957447,0.2304964539007092,0.3132387706855792,New Haven County,2019,0.8388155537400925,1.0,2017,1847595800.38,2017,587864500,1758.42,402,15.0,0
100,North Canaan,2021,2019,local+region,0.033694040445468,0.078619427706092,0.3517840805123513,0.2495031075496103,0.2863993437864782,Litchfield County,2019,0.6995169913001104,1.0,2017,467642414.29,2017,107880800,347.63,167,13.0,0
101,North Haven,2021,2019,local,0.0177215189873417,0.0740506329113924,0.3541139240506329,0.2335443037974683,0.3205696202531645,New Haven County,2019,0.8388155537400925,1.0,2017,4162286378.6,2017,1000138700,3228.15,651,94.0,0
102,North Stonington,2021,2019,local,0.0499325236167341,0.0715249662618083,0.3792172739541161,0.2267206477732793,0.2726045883940621,New London County,2019,0.8187785756259764,1.0,2017,830683720.56,2017,190655700,765.08,162,0.0,0
103,Norwalk,2021,2019,local,0.0225906201683559,0.0706923209070606,0.3589589417625837,0.2267651606253221,0.3209929565366775,Fairfield County,2019,1.2777228361353572,1.0925742787117858,2017,19216599802.87,2017,3864959800,12227.26,7231,2050.0,1
104,Norwich,2021,2019,local,0.0745412844036697,0.0969036697247706,0.5209288990825688,0.2998853211009174,0.0077408256880733,New London County,2019,0.8187785756259764,1.0,2017,2801852044.1,2017,1108436000,5317.7,3501,836.0,1
105,Old Lyme,2021,2019,region,0.0551242236024844,0.0597826086956521,0.296583850931677,0.2158385093167701,0.3726708074534161,New London County,2019,0.8187785756259764,1.0,2017,2311940149.48,2017,408032100,1050.19,181,26.0,0
106,Old Saybrook,2021,2019,local,0.0461796809403862,0.0486985726280436,0.3249370277078086,0.2233417296389588,0.3568429890848026,Middlesex County,2019,0.827263476229379,1.0,2017,3248889821.11,2017,442357700,1170.93,330,68.0,0
107,Orange,2021,2019,local+region,0.0202157201634462,0.0812930023593902,0.3565708939467434,0.2252768319809616,0.3166435515494585,New Haven County,2019,0.8388155537400925,1.0,2017,2963530031.43,2017,704816800,2341.84,265,77.0,0
108,Oxford,2021,2019,local,0.0093457943925233,0.0619158878504672,0.3545560747663551,0.2605140186915888,0.3136682242990654,New Haven County,2019,0.8388155537400925,1.0,2017,2259033790.18,2017,541908600,1784.31,241,49.0,0
109,Plainfield,2021,2019,local,0.0638297872340425,0.0730804810360777,0.351063829787234,0.2391304347826087,0.272895467160037,Windham County,2019,0.6593570394576543,1.0,2017,1410326107.14,2017,428160500,2150.4,1196,35.0,0
110,Plainville,2021,2019,local,0.0430703624733475,0.068230277185501,0.3658848614072494,0.2311300639658848,0.291684434968017,Hartford County,2019,1.0025798684267102,1.0008599561422369,2017,2050590737.41,2017,616478800,2304.65,850,155.0,0
111,Plymouth,2021,2019,local,0.0500736377025036,0.0611192930780559,0.3490427098674521,0.2643593519882179,0.2754050073637702,Litchfield County,2019,0.6995169913001104,1.0,2017,1208618001.27,2017,403399200,1495.6,628,20.0,0
112,Pomfret,2021,2019,local,0.0497382198952879,0.0968586387434555,0.5209424083769634,0.3324607329842932,0.0,Windham County,2019,0.6593570394576543,1.0,2017,543867857.6,2017,176064900,580.24,108,0.0,0
113,Portland,2021,2019,local,0.0192901234567901,0.0856481481481481,0.3773148148148148,0.2322530864197531,0.2854938271604938,Middlesex County,2019,0.827263476229379,1.0,2017,1245216040.02,2017,455296900,1336.4,300,31.0,0
114,Preston,2021,2019,local,0.069284064665127,0.0969976905311778,0.4942263279445728,0.3394919168591224,0.0,New London County,2019,0.8187785756259764,1.0,2017,618729907.14,2017,164204900,646.74,194,15.0,0
115,Prospect,2021,2019,region,0.0221900627110467,0.0593342981186685,0.3400868306801736,0.2479498311625663,0.3304389773275446,New Haven County,2019,0.8388155537400925,1.0,2017,1270606762.51,2017,382039200,1348.47,287,14.0,0
116,Putnam,2021,2019,local,0.0913793103448275,0.0706896551724138,0.3853448275862069,0.2422413793103448,0.2103448275862069,Windham County,2019,0.6593570394576543,1.0,2017,971360287.65,2017,277953900,1139.14,614,47.0,1
117,Redding,2021,2019,local+region,0.0380301813209386,0.069851353446622,0.3205400997050545,0.2173153218339353,0.3542630436934494,Fairfield County,2019,1.2777228361353572,1.0925742787117858,2017,2236521145.71,2017,605220000,1287.21,112,13.0,0
118,Ridgefield,2021,2019,local,0.0111134857875614,0.0596281256678777,0.3413122462064544,0.2400085488352212,0.3479375935028852,Fairfield County,2019,1.2777228361353572,1.0925742787117858,2017,6873742407.14,2017,1951362200,4701.68,248,56.0,0
119,Rocky Hill,2021,2019,local,0.0263157894736842,0.0763528539659006,0.4040029651593773,0.2160859896219421,0.2772424017790956,Hartford County,2019,1.0025798684267102,1.0008599561422369,2017,3102901837.36,2017,874597300,2815.63,614,226.0,0
120,Roxbury,2021,2019,region,0.0638297872340425,0.0524822695035461,0.2652482269503546,0.226950354609929,0.3914893617021276,Litchfield County,2019,0.6995169913001104,1.0,2017,944954328.57,2017,188133500,181.63,34,2.0,0
121,Salem,2021,2019,local,0.036144578313253,0.1253012048192771,0.5228915662650603,0.3156626506024096,0.0,New London County,2019,0.8187785756259764,1.0,2017,546135040.1,2017,201607100,631.52,115,2.0,0
122,Salisbury,2021,2019,local+region,0.0505905387481841,0.1124234194404092,0.4249589465041369,0.2124755258005431,0.1995515695067264,Litchfield County,2019,0.6995169913001104,1.0,2017,1813192573.17,2017,222235000,336.27,94,11.0,0
123,Scotland,2021,2019,local+region,0.0951752389622212,0.0447883477469276,0.3807009558488848,0.2450159308147473,0.2343195266272189,Windham County,2019,0.6593570394576543,1.0,2017,177539297.76,2017,54806600,184.76,72,1.0,0
124,Seymour,2021,2019,local,0.011574074074074,0.0763888888888889,0.362037037037037,0.2518518518518518,0.2981481481481481,New Haven County,2019,0.8388155537400925,1.0,2017,1799436659.55,2017,578921300,2276.41,905,84.0,0
125,Sharon,2021,2019,local+region,0.0063449062522278,0.0951735937834176,0.292828117202538,0.2630284451415128,0.3426249376203037,Litchfield County,2019,0.6995169913001104,1.0,2017,1061795413.67,2017,189643900,153.62,63,1.0,0
126,Shelton,2021,2019,local,0.0139664804469273,0.0715513536742587,0.37559088955737,0.2434464976364417,0.2954447786850021,Fairfield County,2019,1.2777228361353572,1.0925742787117858,2017,7292360722.59,2017,1832800400,4866.08,1508,260.0,0
127,Sherman,2021,2019,local,0.0875912408759124,0.0401459854014598,0.5036496350364964,0.3686131386861314,0.0,Fairfield County,2019,1.2777228361353572,1.0925742787117858,2017,1020795587.32,2017,258905600,391.73,24,5.0,0
128,Simsbury,2021,2019,local,0.0113188976377952,0.0696358267716535,0.3565452755905511,0.2271161417322834,0.3353838582677165,Hartford County,2019,1.0025798684267102,1.0008599561422369,2017,3451701684.29,2017,1369232200,4105.94,497,61.0,0
129,Somers,2021,2019,local,0.0355819125277983,0.067457375833951,0.3469236471460341,0.2253521126760563,0.3246849518161601,Tolland County,2019,0.7221768356480486,1.0,2017,1312447348.29,2017,432271900,1342.46,131,9.0,0
130,Southbury,2021,2019,region,0.0200219418540866,0.0658255622600109,0.350246845858475,0.2314865606143719,0.3324190894130553,New Haven County,2019,0.8388155537400925,1.0,2017,3031733541.43,2017,872180800,2431.33,297,18.0,0
131,Southington,2021,2019,local,0.0163543982216576,0.0708161321054303,0.3456652905684344,0.23261352810416,0.3345506510003175,Hartford County,2019,1.0025798684267102,1.0008599561422369,2017,6103583714.73,2017,1779724200,6308.72,1428,119.0,0
132,South Windsor,2021,2019,local,0.0211640211640211,0.072089947089947,0.3855820105820106,0.2310405643738977,0.2901234567901234,Hartford County,2019,1.0025798684267102,1.0008599561422369,2017,3919928541.43,2017,1187165400,4684.43,748,308.0,0
133,Sprague,2021,2019,local,0.1139705882352941,0.1029411764705882,0.4889705882352941,0.2941176470588235,0.0,New London County,2019,0.8187785756259764,1.0,2017,238467977.14,2017,89955500,382.01,213,8.0,0
134,Stafford,2021,2019,local,0.0656077348066298,0.06146408839779,0.3632596685082873,0.2534530386740331,0.2562154696132597,Tolland County,2019,0.7221768356480486,1.0,2017,1149552836.23,2017,392483200,1489.93,604,4.0,0
135,Stamford,2021,2019,local,0.0166272225256386,0.0811335639298501,0.381515868681352,0.229746950664482,0.2909763941986771,Fairfield County,2019,1.2777228361353572,1.0925742787117858,2017,30661834478.57,2017,6534378900,16114.14,9648,2389.0,1
136,Sterling,2021,2019,local,0.0777777777777777,0.0972222222222222,0.4805555555555555,0.3444444444444444,0.0,Windham County,2019,0.6593570394576543,1.0,2017,336481307.14,2017,104138200,504.21,199,0.0,0
137,Stonington,2021,2019,local,0.0230414746543778,0.0629800307219662,0.3415258576548899,0.2406554019457245,0.3317972350230415,New London County,2019,0.8187785756259764,1.0,2017,3965851387.14,2017,889767900,2076.54,561,13.0,0
138,Stratford,2021,2019,local,0.026784400294334,0.0662251655629139,0.3468727005150846,0.2472406181015452,0.3128771155261221,Fairfield County,2019,1.2777228361353572,1.0925742787117858,2017,6849326658.09,2017,1836107600,7165.98,3629,458.0,0
139,Suffield,2021,2019,local,0.0222854433380749,0.0654338549075391,0.3233760075865339,0.2233285917496444,0.3655761024182077,Hartford County,2019,1.0025798684267102,1.0008599561422369,2017,2099279393.1,2017,678209800,2056.21,329,40.0,0
140,Thomaston,2021,2019,local,0.0471698113207547,0.0754716981132075,0.3761792452830189,0.2275943396226415,0.2735849056603773,Litchfield County,2019,0.6995169913001104,1.0,2017,809588693.73,2017,257147100,972.05,332,13.0,0
141,Thompson,2021,2019,local,0.0503080082135523,0.0770020533880903,0.3921971252566735,0.2535934291581109,0.2268993839835729,Windham County,2019,0.6593570394576543,1.0,2017,1037471213.19,2017,323325700,1008.95,472,1.0,1
142,Tolland,2021,2019,local,0.021021021021021,0.0617760617760617,0.329043329043329,0.2428142428142428,0.3453453453453453,Tolland County,2019,0.7221768356480486,1.0,2017,1913454822.39,2017,694999900,2413.08,328,13.0,0
143,Torrington,2021,2019,local,0.0155755015839493,0.0760295670538542,0.41129883843717,0.264519535374868,0.2325765575501584,Litchfield County,2019,0.6995169913001104,1.0,2017,2834037933.58,2017,1061155600,4232.44,2842,394.0,1
144,Trumbull,2021,2019,local,0.0332989538824222,0.0673346102843671,0.3466922056873434,0.2389862973331368,0.3136879328127302,Fairfield County,2019,1.2777228361353572,1.0925742787117858,2017,6823143797.47,2017,1748586500,6647.98,1140,243.0,0
145,Union,2021,2019,local,0.0652173913043478,0.0869565217391304,0.5217391304347826,0.3260869565217391,0.0,Tolland County,2019,0.7221768356480486,1.0,2017,134726905.62,2017,41753000,82.21,6,0.0,0
146,Vernon,2021,2019,local,0.0328653477983407,0.0813656668793873,0.3793873643905552,0.2303765156349712,0.2760051052967454,Tolland County,2019,0.7221768356480486,1.0,2017,2940732662.18,2017,1008738400,3406.64,1824,126.0,1
147,Voluntown,2021,2019,local,0.1685823754789272,0.0881226053639846,0.4061302681992337,0.3371647509578544,0.0,New London County,2019,0.8187785756259764,1.0,2017,337932630.63,2017,85716500,332.5,87,0.0,0
148,Wallingford,2021,2019,local,0.0391219684899982,0.0660293857319879,0.3432465923172242,0.2196848999822977,0.3319171534784917,New Haven County,2019,0.8388155537400925,1.0,2017,6320175829.96,2017,1731394800,5723.74,1840,347.0,0
149,Warren,2021,2019,statewide,0.0352880520918864,0.0697817411063797,0.3530542878420439,0.2289216903129714,0.3129542286467184,Litchfield County,2019,0.6995169913001104,1.0,2017,534291700.0,2017,82670500,135.75,33,0.0,0
150,Washington,2021,2019,region,0.0638297872340425,0.0524822695035461,0.2652482269503546,0.2269503546099291,0.3914893617021276,Litchfield County,2019,0.6995169913001104,1.0,2017,1649790904.46,2017,246733400,269.86,70,4.0,0
151,Waterbury,2021,2019,local,0.0428945820185056,0.080226774348826,0.3909718136599454,0.2287532759266192,0.2571535540461036,New Haven County,2019,0.8388155537400925,1.0,2017,6134163548.57,2017,2198307900,18239.26,14862,2912.0,1
152,Waterford,2021,2019,local,0.0208588957055214,0.056441717791411,0.3505112474437628,0.2396728016359918,0.3325153374233129,New London County,2019,0.8187785756259764,1.0,2017,4701087261.43,2017,789257100,2666.85,851,80.0,0
153,Watertown,2021,2019,local,0.0258780036968576,0.0695009242144177,0.3611829944547134,0.2502772643253235,0.2931608133086876,Litchfield County,2019,0.6995169913001104,1.0,2017,2640022335.8,2017,863157400,2768.33,1032,123.0,0
154,Westbrook,2021,2019,local,0.0692771084337349,0.0632530120481927,0.3132530120481928,0.216867469879518,0.3373493975903614,Middlesex County,2019,0.827263476229379,1.0,2017,1664555780.22,2017,399578400,681.3,247,89.0,0
155,West Hartford,2021,2019,local,0.0254318109568718,0.0666525378828017,0.3504291618098972,0.2332308996503126,0.3242555897001166,Hartford County,2019,1.0025798684267102,1.0008599561422369,2017,9605646775.17,2017,3276298900,9745.04,2497,627.0,0
156,West Haven,2021,2019,local,0.0159833217512161,0.0790479499652536,0.386726893676164,0.2414871438498957,0.2767546907574704,New Haven County,2019,0.8388155537400925,1.0,2017,4224962528.49,2017,1426088100,6852.76,4367,940.0,1
157,Weston,2021,2019,local,0.0140227870289219,0.0565293602103418,0.3282208588957055,0.2537248028045574,0.3475021910604732,Fairfield County,2019,1.2777228361353572,1.0925742787117858,2017,3418855302.45,2017,986182900,2258.58,49,16.0,0
158,Westport,2021,2019,local,0.0131777108433734,0.0609939759036144,0.3446912650602409,0.2370105421686747,0.3441265060240964,Fairfield County,2019,1.2777228361353572,1.0925742787117858,2017,16216507898.72,2017,2989590200,5324.11,171,62.0,0
159,Wethersfield,2021,2019,local,0.0184615384615384,0.0679720279720279,0.3538461538461538,0.2383216783216783,0.3213986013986014,Hartford County,2019,1.0025798684267102,1.0008599561422369,2017,3379119933.94,2017,1070567500,3845.0,931,342.0,0
160,Willington,2021,2019,local+region,0.0350156229951067,0.0700312459902135,0.33340962764906,0.2283627586637397,0.3331807447018799,Tolland County,2019,0.7221768356480486,1.0,2017,652303251.56,2017,227344600,622.96,211,7.0,0
161,Wilton,2021,2019,local,0.0156128024980484,0.0546448087431694,0.3484257090814467,0.2461618527192297,0.3351548269581056,Fairfield County,2019,1.2777228361353572,1.0925742787117858,2017,6210325309.49,2017,1519787600,3840.16,191,31.0,0
162,Winchester,2021,2019,local,0.0861759425493716,0.111310592459605,0.6373429084380611,0.1651705565529623,0.0,Litchfield County,2019,0.6995169913001104,1.0,2017,1020494160.0,2017,348149900,1109.98,612,37.0,1
163,Windham,2021,2019,local,0.0710629328515507,0.0761818729298404,0.4074074074074074,0.2547425474254742,0.1906052393857271,Windham County,2019,0.6593570394576543,1.0,2017,1415621220.04,2017,448162400,3299.23,2478,965.0,1
164,Windsor,2021,2019,local,0.0378443838934302,0.0675143808658795,0.3327278231910384,0.2146533454435361,0.3472600666061156,Hartford County,2019,1.0025798684267102,1.0008599561422369,2017,4518598159.08,2017,1116824400,3917.95,1616,134.0,1
165,Windsor Locks,2021,2019,local,0.0611216131064902,0.0730938878386893,0.3610586011342155,0.2136105860113421,0.2911153119092627,Hartford County,2019,1.0025798684267102,1.0008599561422369,2017,2098683808.36,2017,440073200,1634.74,687,100.0,1
166,Wolcott,2021,2019,local,0.0201096892138939,0.0717550274223034,0.3368372943327239,0.2394881170018281,0.3318098720292504,New Haven County,2019,0.8388155537400925,1.0,2017,1835063728.44,2017,562972600,2395.84,706,72.0,0
167,Woodbridge,2021,2019,local+region,0.0098527127322938,0.0643710565176533,0.3908242717143241,0.2315807011487639,0.3033712578869647,New Haven County,2019,0.8388155537400925,1.0,2017,1736438738.5,2017,464919800,1556.94,182,33.0,0
168,Woodbury,2021,2019,region,0.0183080808080808,0.0618686868686868,0.303030303030303,0.1976010101010101,0.4191919191919192,Litchfield County,2019,0.6995169913001104,1.0,2017,1536696981.16,2017,464889700,1024.84,163,17.0,0
169,Woodstock,2021,2019,local,0.0441176470588235,0.1127450980392156,0.5049019607843137,0.3382352941176471,0.0,Windham County,2019,0.6593570394576543,1.0,2017,1148727212.51,2017,295303400,1300.26,184,5.0,0
1,Andover,2022,2020,local+region,0.0765181527106962,0.0586639170782004,0.2550605090356542,0.2213506043418297,0.3884068168336193,Tolland County,2020,0.7322251284570549,1.0,2018,402489808.03,2018,130721000,386.97,92,3.0,0
2,Ansonia,2022,2020,local,0.0266125394677492,0.081190798376184,0.4050518718989626,0.2426702751465945,0.2444745151105097,New Haven County,2020,0.8392394811264389,1.0,2018,1593903582.24,2018,509694600,2388.07,1585,133.0,1
3,Ashford,2022,2020,local+region,0.0519281332164767,0.0605828220858895,0.3306091148115688,0.1973269062226117,0.3595530236634531,Windham County,2020,0.6558147562967191,1.0,2018,482676222.98,2018,151807500,517.82,190,6.0,0
4,Avon,2022,2020,local,0.013839716768587,0.0637270679111683,0.3653041519150306,0.2491149018345671,0.3080141615706469,Hartford County,2020,0.9897898216870028,1.0,2018,3656627122.86,2018,1322069100,3133.65,179,92.0,0
5,Barkhamsted,2022,2020,local+region,0.0254825047297907,0.0568455874741485,0.2489444692833403,0.239200769981301,0.4295266685314192,Litchfield County,2020,0.711406455381919,1.0,2018,509629045.71,2018,162273800,476.42,94,1.0,0
6,Beacon Falls,2022,2020,region,0.020582329317269,0.0632530120481927,0.3438755020080321,0.2469879518072289,0.3253012048192771,New Haven County,2020,0.8392394811264389,1.0,2018,732814099.27,2018,259711500,724.27,190,11.0,0
7,Berlin,2022,2020,local,0.0196879643387815,0.0620356612184249,0.3439821693907875,0.2347696879643387,0.3395245170876672,Hartford County,2020,0.9897898216870028,1.0,2018,3430505776.12,2018,977491100,2741.09,565,94.0,0
8,Bethany,2022,2020,local+region,0.0211998556316961,0.0702245217799933,0.3405226810841187,0.2239489091230594,0.3441040323811323,New Haven County,2020,0.8392394811264389,1.0,2018,805874274.29,2018,298449100,755.64,83,11.0,0
9,Bethel,2022,2020,local,0.0227272727272727,0.0564935064935064,0.3529220779220779,0.2581168831168831,0.3097402597402597,Fairfield County,2020,1.2853539041650623,1.0951179680550207,2018,3146911297.12,2018,880545000,3056.47,991,183.0,0
10,Bethlehem,2022,2020,region,0.0203174603174603,0.0577777777777777,0.3047619047619047,0.1879365079365079,0.4292063492063492,Litchfield County,2020,0.711406455381919,1.0,2018,516995100.0,2018,160530100,363.14,100,3.0,0
11,Bloomfield,2022,2020,local,0.1500728508984944,0.0441962117532782,0.2802331228751821,0.2326372025254978,0.2928606119475473,Hartford County,2020,0.9897898216870028,1.0,2018,3671060628.05,2018,864314700,2294.5,1372,67.0,1
12,Bolton,2022,2020,local,0.0080213903743315,0.0614973262032085,0.3342245989304813,0.2446524064171123,0.3516042780748663,Tolland County,2020,0.7322251284570549,1.0,2018,633650480.0,2018,222619300,701.57,142,9.0,0
13,Bozrah,2022,2020,local,0.0867052023121387,0.0982658959537572,0.4277456647398844,0.3872832369942196,0.0,New London County,2020,0.8425455076543145,1.0,2018,365149684.1,2018,97557300,258.86,95,7.0,0
14,Branford,2022,2020,local,0.0166860690725649,0.0613116026387272,0.3624369421808304,0.2444703143189755,0.3150950717889018,New Haven County,2020,0.8392394811264389,1.0,2018,5424165983.1,2018,1346122500,2622.38,953,149.0,0
15,Bridgeport,2022,2020,local,0.0389084872380161,0.0695683751815729,0.3980078854534136,0.2293525627723594,0.2641626893546379,Fairfield County,2020,1.2853539041650623,1.0951179680550207,2018,10588391889.45,2018,3178344500,19150.59,13000,3972.0,1
16,Bridgewater,2022,2020,region,0.010204081632653,0.0553935860058309,0.2944606413994169,0.2186588921282799,0.4212827988338193,Litchfield County,2020,0.711406455381919,1.0,2018,513403434.7,2018,116255800,112.0,11,0.0,0
17,Bristol,2022,2020,local,0.0303508080409933,0.0630666141111549,0.3571147024044147,0.2340034161082643,0.3154644593351727,Hartford County,2020,0.9897898216870028,1.0,2018,5842394883.95,2018,2024441200,7929.3,4333,407.0,1
18,Brookfield,2022,2020,local,0.0141287284144427,0.0529827315541601,0.3410518053375196,0.2378335949764521,0.3540031397174254,Fairfield County,2020,1.2853539041650623,1.0951179680550207,2018,3602044338.85,2018,834716100,2601.5,540,92.0,0
19,Brooklyn,2022,2020,local,0.0784313725490196,0.0955882352941176,0.5318627450980392,0.2941176470588235,0.0,Windham County,2020,0.6558147562967191,1.0,2018,925789653.74,2018,273787600,1154.98,377,14.0,0
20,Burlington,2022,2020,region,0.020651675080312,0.0619550252409362,0.3441945846718678,0.2505736576411198,0.3226250573657641,Hartford County,2020,0.9897898216870028,1.0,2018,1360148082.86,2018,502510900,1492.32,170,31.0,0
21,Canaan,2022,2020,local+region,0.0,0.1075018615040953,0.3431062298337056,0.2171134276495408,0.3322784810126582,Litchfield County,2020,0.711406455381919,1.0,2018,258664193.93,2018,68224400,99.1,38,2.0,0
22,Canterbury,2022,2020,local,0.0817757009345794,0.0934579439252336,0.4929906542056075,0.3317757009345794,0.0,Windham County,2020,0.6558147562967191,1.0,2018,582875012.25,2018,190539500,590.0,155,1.0,0
23,Canton,2022,2020,local,0.0133511348464619,0.0634178905206942,0.3604806408544726,0.2429906542056074,0.3197596795727637,Hartford County,2020,0.9897898216870028,1.0,2018,1543858847.14,2018,511741000,1492.21,180,8.0,0
24,Chaplin,2022,2020,local+region,0.0510570327915061,0.0835478718406464,0.3713238748473175,0.239537724325848,0.2545334961946819,Windham County,2020,0.6558147562967191,1.0,2018,312104757.14,2018,76641400,238.68,101,4.0,0
25,Cheshire,2022,2020,local,0.0228821811100292,0.0642648490749756,0.3493184031158715,0.2222492697176241,0.3412852969814995,New Haven County,2020,0.8392394811264389,1.0,2018,4002765242.86,2018,1380066000,4077.98,624,75.0,0
26,Chester,2022,2020,local+region,0.0,0.0632003279584585,0.3640338890407215,0.2222690922917879,0.3504966907090319,Middlesex County,2020,0.8163097308708526,1.0,2018,630911104.29,2018,180473100,408.86,102,6.0,0
27,Clinton,2022,2020,local,0.0281509916826615,0.0626999360204734,0.3141394753678823,0.2341650671785028,0.3608445297504798,Middlesex County,2020,0.8163097308708526,1.0,2018,2346625118.46,2018,531303200,1551.28,577,108.0,0
28,Colchester,2022,2020,local,0.0370709382151029,0.0649885583524027,0.3295194508009153,0.2292906178489702,0.3391304347826087,New London County,2020,0.8425455076543145,1.0,2018,1829126259.79,2018,700535400,2211.62,518,13.0,0
29,Colebrook,2022,2020,local+region,0.0,0.0403923831506058,0.3346797461050201,0.2215810732833237,0.4033467974610502,Litchfield County,2020,0.711406455381919,1.0,2018,276991268.19,2018,61933500,167.89,50,0.0,0
30,Columbia,2022,2020,local,0.0525,0.09,0.5625,0.295,0.0,Tolland County,2020,0.7322251284570549,1.0,2018,792834394.57,2018,255630200,614.18,144,8.0,0
31,Cornwall,2022,2020,local+region,0.0075032156638559,0.1050450192939831,0.368348339764661,0.3015101710256776,0.2175932542518222,Litchfield County,2020,0.711406455381919,1.0,2018,569618504.62,2018,72343800,120.9,25,3.0,0
32,Coventry,2022,2020,local,0.0499687695190505,0.0693316677076827,0.3703935040599625,0.2417239225484072,0.2685821361648969,Tolland County,2020,0.7322251284570549,1.0,2018,1542001856.12,2018,524039400,1609.73,408,16.0,0
33,Cromwell,2022,2020,local,0.0238095238095238,0.0790273556231003,0.3799392097264438,0.2375886524822695,0.2796352583586626,Middlesex County,2020,0.8163097308708526,1.0,2018,2139271610.76,2018,666180500,2038.75,507,97.0,0
34,Danbury,2022,2020,local,0.0175230678066536,0.0679759586895792,0.3841530517226784,0.2399051891983408,0.2904427325827478,Fairfield County,2020,1.2853539041650623,1.0951179680550207,2018,12034805501.4,2018,2789000900,11704.88,6411,3298.0,1
35,Darien,2022,2020,local,0.0152589727057812,0.0670535138620245,0.3750268643885665,0.2456479690522243,0.2970126799914034,Fairfield County,2020,1.2853539041650623,1.0951179680550207,2018,12105108512.86,2018,2419771400,4646.72,61,55.0,0
36,Deep River,2022,2020,local+region,0.0,0.0414223264740377,0.3017912357394178,0.2526945025195047,0.4040919352670397,Middlesex County,2020,0.8163097308708526,1.0,2018,742184152.47,2018,200551700,528.96,171,6.0,0
37,Derby,2022,2020,local,0.035159443990188,0.0703188879803761,0.3409648405560098,0.2657399836467702,0.2878168438266558,New Haven County,2020,0.8392394811264389,1.0,2018,1128133165.88,2018,361604600,1358.84,737,40.0,1
38,Durham,2022,2020,region,0.0194986072423398,0.0654596100278551,0.3565459610027855,0.2388579387186629,0.3196378830083565,Middlesex County,2020,0.8163097308708526,1.0,2018,1024699541.0,2018,398104300,948.77,135,10.0,0
39,Eastford,2022,2020,local,0.0942028985507246,0.1376811594202898,0.4927536231884058,0.2753623188405797,0.0,Windham County,2020,0.6558147562967191,1.0,2018,221369501.43,2018,67229500,179.0,46,1.0,0
40,East Granby,2022,2020,local,0.0072639225181598,0.0690072639225181,0.3571428571428571,0.2530266343825665,0.3135593220338983,Hartford County,2020,0.9897898216870028,1.0,2018,868031340.0,2018,225773900,847.21,93,16.0,0
41,East Haddam,2022,2020,local,0.0214362272240085,0.0696677384780278,0.3590568060021436,0.2315112540192926,0.3183279742765273,Middlesex County,2020,0.8163097308708526,1.0,2018,1332416463.81,2018,409036400,955.84,203,2.0,0
42,East Hampton,2022,2020,local,0.0302363936228697,0.0621220450797141,0.3798790544255085,0.2352941176470588,0.2924683892248488,Middlesex County,2020,0.8163097308708526,1.0,2018,1684550042.58,2018,565494000,1866.49,390,7.0,0
43,East Hartford,2022,2020,local,0.0388023220287198,0.0655362053162236,0.3539566147265505,0.2274671555148182,0.3142377024136877,Hartford County,2020,0.9897898216870028,1.0,2018,4354385580.36,2018,1356056300,8026.66,5050,1076.0,1
44,East Haven,2022,2020,local,0.0577617328519855,0.0682310469314079,0.3259927797833935,0.2306859205776173,0.3173285198555957,New Haven County,2020,0.8392394811264389,1.0,2018,2948030680.65,2018,922460700,3136.07,1605,272.0,1
45,East Lyme,2022,2020,local,0.0184049079754601,0.0456288343558282,0.3132668711656441,0.2223926380368098,0.4003067484662577,New London County,2020,0.8425455076543145,1.0,2018,3330529179.26,2018,827693800,2462.02,578,57.0,0
46,Easton,2022,2020,local+region,0.0214328640993909,0.0650924020796318,0.3413382060273378,0.2516377007224792,0.3204988270711602,Fairfield County,2020,1.2853539041650623,1.0951179680550207,2018,1742567551.92,2018,519446600,1249.94,128,16.0,0
47,East Windsor,2022,2020,local,0.0422264875239923,0.0777351247600767,0.4030710172744721,0.210172744721689,0.2667946257197697,Hartford County,2020,0.9897898216870028,1.0,2018,1493801048.45,2018,419101400,1116.52,509,77.0,1
48,Ellington,2022,2020,local,0.0186737804878048,0.0594512195121951,0.3708079268292683,0.2393292682926829,0.3117378048780488,Tolland County,2020,0.7322251284570549,1.0,2018,2072861392.69,2018,794225700,2627.05,413,41.0,0
49,Enfield,2022,2020,local,0.0398365679264555,0.0655771195097037,0.3444330949948928,0.2314606741573033,0.3186925434116445,Hartford County,2020,0.9897898216870028,1.0,2018,4422084042.79,2018,1477046600,5164.76,2401,143.0,0
50,Essex,2022,2020,local+region,0.0504232913483378,0.0488953128226306,0.3071236836671484,0.2215084074729102,0.3720493046889728,Middlesex County,2020,0.8163097308708526,1.0,2018,1518423857.14,2018,359633200,645.44,120,10.0,0
51,Fairfield,2022,2020,local,0.0158730158730158,0.0626398210290827,0.3518696069031639,0.2435282837967401,0.3260892723979972,Fairfield County,2020,1.2853539041650623,1.0951179680550207,2018,16727103155.1,2018,3938089600,9441.06,1461,229.0,0
52,Farmington,2022,2020,local,0.023803680981595,0.0593865030674846,0.3597546012269939,0.2444171779141104,0.3126380368098159,Hartford County,2020,0.9897898216870028,1.0,2018,5400657148.56,2018,1420131700,4040.75,666,164.0,0
53,Franklin,2022,2020,local,0.0981595092024539,0.0736196319018405,0.5153374233128835,0.3128834355828221,0.0,New London County,2020,0.8425455076543145,1.0,2018,331651928.57,2018,78216100,210.55,41,0.0,0
54,Glastonbury,2022,2020,local,0.0090623910770303,0.0660508888114325,0.3490763332171488,0.2328337399790868,0.3429766469153015,Hartford County,2020,0.9897898216870028,1.0,2018,6164889917.57,2018,2061780400,5817.61,791,156.0,0
55,Goshen,2022,2020,statewide,0.0295683399534041,0.063334629845715,0.3546923926153797,0.2310699370209288,0.3213347005645722,Litchfield County,2020,0.711406455381919,1.0,2018,786763276.57,2018,129810100,330.94,74,7.0,0
56,Granby,2022,2020,local,0.0203606748109365,0.0616637579988365,0.3333333333333333,0.2536358347876672,0.3310063990692263,Hartford County,2020,0.9897898216870028,1.0,2018,1554087392.3,2018,612605600,1694.85,163,3.0,0
57,Greenwich,2022,2020,local,0.0163000113986093,0.0659979482503134,0.3668072495155591,0.2327596033283939,0.3181351875071241,Fairfield County,2020,1.2853539041650623,1.0951179680550207,2018,49305412147.51,2018,6066427300,8588.06,1891,353.0,0
58,Griswold,2022,2020,local,0.0294648226097414,0.063138905592303,0.3481659651232712,0.2477450390859892,0.3114852675886951,New London County,2020,0.8425455076543145,1.0,2018,1102490817.88,2018,384789500,1546.15,788,21.0,0
59,Groton,2022,2020,local,0.0388037567968363,0.0860108749382105,0.3830944142362827,0.2397429560059318,0.2523479980227385,New London County,2020,0.8425455076543145,1.0,2018,6380799758.26,2018,1342069100,4448.07,2390,169.0,1
60,Guilford,2022,2020,local,0.0068292682926829,0.0500813008130081,0.3460162601626016,0.2386991869918699,0.3583739837398374,New Haven County,2020,0.8392394811264389,1.0,2018,4726265502.95,2018,1317839600,3138.89,410,59.0,0
61,Haddam,2022,2020,region,0.0191152375750955,0.0693610049153468,0.3391589295466958,0.2364827962861824,0.3358820316766794,Middlesex County,2020,0.8163097308708526,1.0,2018,1364072036.14,2018,402371100,1132.01,202,8.0,0
62,Hamden,2022,2020,local,0.0277092427405579,0.0595938508255836,0.3554754222812677,0.2376162459669766,0.319605238185614,New Haven County,2020,0.8392394811264389,1.0,2018,5946966632.81,2018,2219547700,6226.12,2710,353.0,1
63,Hampton,2022,2020,local+region,0.073989016475287,0.0822100183058745,0.3699450823764353,0.2119487435513396,0.2619071392910634,Windham County,2020,0.6558147562967191,1.0,2018,210897474.29,2018,70800100,127.0,46,0.0,0
64,Hartford,2022,2020,local,0.0633868887064618,0.0636800750557054,0.3668347601735663,0.2284508033305969,0.2776474727336695,Hartford County,2020,0.9897898216870028,1.0,2018,7617691245.24,2018,2329056200,19083.37,17335,4263.0,1
65,Hartland,2022,2020,local,0.0482758620689655,0.0689655172413793,0.5103448275862069,0.3724137931034483,0.0,Hartford County,2020,0.9897898216870028,1.0,2018,295071813.83,2018,88780200,229.67,46,2.0,0
66,Harwinton,2022,2020,region,0.020651675080312,0.0619550252409362,0.3441945846718678,0.2505736576411198,0.3226250573657641,Litchfield County,2020,0.711406455381919,1.0,2018,821069974.29,2018,237658000,763.32,130,2.0,0
67,Hebron,2022,2020,local+region,0.0493867567008888,0.0623406600978433,0.3343726314338868,0.2166992969442378,0.337200654823143,Tolland County,2020,0.7322251284570549,1.0,2018,1179254288.63,2018,457629400,1246.25,190,5.0,0
68,Kent,2022,2020,local+region,0.0477290806469942,0.0715936209704913,0.4420495725848201,0.2636210967587156,0.1750066290389787,Litchfield County,2020,0.711406455381919,1.0,2018,846850212.86,2018,119005700,235.69,63,2.0,0
69,Killingly,2022,2020,local,0.0376623376623376,0.0727272727272727,0.3601731601731602,0.2073593073593073,0.3220779220779221,Windham County,2020,0.6558147562967191,1.0,2018,1935827301.43,2018,508358500,2115.82,1026,64.0,1
70,Killingworth,2022,2020,region,0.0191152375750955,0.0693610049153468,0.3391589295466958,0.2364827962861824,0.3358820316766794,Middlesex County,2020,0.8163097308708526,1.0,2018,1038938845.81,2018,315381700,732.67,70,4.0,0
71,Lebanon,2022,2020,local,0.0535331905781584,0.0449678800856531,0.3329764453961456,0.2430406852248394,0.3254817987152034,New London County,2020,0.8425455076543145,1.0,2018,952466475.71,2018,299851900,894.0,258,9.0,0
72,Ledyard,2022,2020,local,0.0295250320924261,0.0586221651690201,0.3645699614890886,0.2199400941377834,0.3273427471116816,New London County,2020,0.8425455076543145,1.0,2018,1703274467.84,2018,634202200,2319.91,666,35.0,0
73,Lisbon,2022,2020,local,0.0889929742388758,0.0866510538641686,0.5152224824355972,0.3091334894613583,0.0,New London County,2020,0.8425455076543145,1.0,2018,593737663.33,2018,177924800,580.02,203,12.0,0
74,Litchfield,2022,2020,local,0.0380368098159509,0.0699386503067484,0.3668711656441717,0.2355828220858895,0.2895705521472392,Litchfield County,2020,0.711406455381919,1.0,2018,1500782011.43,2018,376742700,818.94,152,2.0,0
75,Lyme,2022,2020,region,0.0741029641185647,0.0600624024960998,0.3034321372854914,0.2106084243369734,0.3517940717628705,New London County,2020,0.8425455076543145,1.0,2018,705404162.86,2018,162937600,238.79,51,2.0,0
76,Madison,2022,2020,local,0.0154597233523189,0.0565500406834825,0.3169243287225387,0.2229454841334418,0.388120423108218,New Haven County,2020,0.8392394811264389,1.0,2018,4190771740.0,2018,982690500,2477.96,90,35.0,0
77,Manchester,2022,2020,local,0.0322634017207147,0.0739576439444076,0.3742554599602912,0.2238583719391131,0.2956651224354732,Hartford County,2020,0.9897898216870028,1.0,2018,6078718053.03,2018,2030052600,7390.01,4288,521.0,1
78,Mansfield,2022,2020,local+region,0.0323923434923548,0.0488829910884627,0.2903531880314713,0.2391143901435646,0.3892570872441465,Tolland County,2020,0.7322251284570549,1.0,2018,1598281817.35,2018,531004000,1579.92,464,49.0,0
79,Marlborough,2022,2020,local+region,0.0255900385862746,0.0567431290391307,0.3315578912482541,0.2320466071913975,0.3540623339349429,Hartford County,2020,0.9897898216870028,1.0,2018,858535497.49,2018,322655000,934.13,137,7.0,0
80,Meriden,2022,2020,local,0.0132556987115956,0.0706144697720515,0.3991575817641229,0.2164271555996035,0.3005450941526263,New Haven County,2020,0.8392394811264389,1.0,2018,4763873221.64,2018,1922504500,8867.0,6684,1394.0,1
81,Middlebury,2022,2020,region,0.0177854274239816,0.0602409638554216,0.3605851979345955,0.231784279977051,0.32960413080895,New Haven County,2020,0.8392394811264389,1.0,2018,1448411293.31,2018,363378800,1206.15,205,26.0,0
82,Middlefield,2022,2020,region,0.0194986072423398,0.0654596100278551,0.3565459610027855,0.2388579387186629,0.3196378830083565,Middlesex County,2020,0.8163097308708526,1.0,2018,641544039.66,2018,202708900,493.4,98,4.0,0
83,Middletown,2022,2020,local,0.0200276243093922,0.0667587476979742,0.3964088397790055,0.2124769797421731,0.3043278084714548,Middlesex County,2020,0.8163097308708526,1.0,2018,5330504787.56,2018,1695732900,4603.35,2144,166.0,1
84,Milford,2022,2020,local,0.0338415767943473,0.0641502417255485,0.3482707326143547,0.2341018966158423,0.319635552249907,New Haven County,2020,0.8392394811264389,1.0,2018,9943726239.0,2018,2474890300,5426.46,1551,128.0,0
85,Monroe,2022,2020,local,0.0113636363636363,0.0587121212121212,0.3579545454545454,0.2436868686868686,0.3282828282828283,Fairfield County,2020,1.2853539041650623,1.0951179680550207,2018,3373117218.48,2018,942651000,3202.95,350,36.0,0
86,Montville,2022,2020,local,0.0195372750642673,0.0704370179948586,0.3737789203084833,0.2601542416452442,0.2760925449871465,New London County,2020,0.8425455076543145,1.0,2018,1962363426.77,2018,592508600,2127.64,968,97.0,0
87,Morris,2022,2020,statewide,0.0295683399534041,0.063334629845715,0.3546923926153797,0.2310699370209288,0.3213347005645722,Litchfield County,2020,0.711406455381919,1.0,2018,493510366.39,2018,112892100,215.58,65,4.0,0
88,Naugatuck,2022,2020,local,0.0313605281773166,0.0601273284602688,0.360999764206555,0.2395661400613063,0.3079462390945531,New Haven County,2020,0.8392394811264389,1.0,2018,2458756828.57,2018,1104807700,4538.93,2562,337.0,1
89,New Britain,2022,2020,local,0.019134775374376,0.0750831946755407,0.4127495840266223,0.2318011647254575,0.2612312811980033,Hartford County,2020,0.9897898216870028,1.0,2018,4301131554.12,2018,1679709000,11097.79,8178,1815.0,1
90,New Canaan,2022,2020,local,0.0104290116141265,0.0625740696847594,0.3654894524768902,0.2420004740459824,0.3195069921782413,Fairfield County,2020,1.2853539041650623,1.0951179680550207,2018,11009175830.0,2018,2399808700,4230.76,5,29.0,0
91,New Fairfield,2022,2020,local,0.0329722091380122,0.0560527555346208,0.3462081959491286,0.2336316533207725,0.3311351860574658,Fairfield County,2020,1.2853539041650623,1.0951179680550207,2018,2557246632.28,2018,704396200,2053.78,277,80.0,0
92,New Hartford,2022,2020,local+region,0.0196931700840831,0.0492329252102079,0.3260313713920441,0.2183704577863008,0.3866720755273639,Litchfield County,2020,0.711406455381919,1.0,2018,968233325.71,2018,299754000,882.86,158,7.0,0
93,New Haven,2022,2020,local,0.0554294648711353,0.0585565138447571,0.3591062692288294,0.2379079033640994,0.2889998486911787,New Haven County,2020,0.8392394811264389,1.0,2018,11084391336.18,2018,3144900900,18017.75,13306,3469.0,1
94,Newington,2022,2020,local,0.0217721518987341,0.0630379746835443,0.3473417721518987,0.2430379746835443,0.3248101265822785,Hartford County,2020,0.9897898216870028,1.0,2018,3992003011.88,2018,1150296300,4044.15,1303,267.0,0
95,New London,2022,2020,local,0.0119852489244007,0.0500921942224953,0.4526736324523663,0.1966810079901659,0.2885679164105716,New London County,2020,0.8425455076543145,1.0,2018,2073700922.86,2018,624816100,3324.92,2810,842.0,1
96,New Milford,2022,2020,local,0.0274267276149502,0.0602312449583221,0.3277762839472977,0.2333960742134982,0.3511696692659317,Litchfield County,2020,0.711406455381919,1.0,2018,4521426196.05,2018,1133351300,3665.1,1374,177.0,0
97,Newtown,2022,2020,local,0.0148994288552272,0.0620809535634467,0.3327539111000745,0.2301961758132605,0.3600695306679911,Fairfield County,2020,1.2853539041650623,1.0951179680550207,2018,4813620373.39,2018,1535262700,4034.62,582,21.0,0
98,Norfolk,2022,2020,local+region,0.0564179861385022,0.0438806558855017,0.3259705865780132,0.2192483236603369,0.3544824477376458,Litchfield County,2020,0.711406455381919,1.0,2018,372263964.29,2018,72277700,152.95,51,2.0,0
99,North Branford,2022,2020,local,0.023038605230386,0.0628891656288916,0.3561643835616438,0.2478206724782067,0.3100871731008717,New Haven County,2020,0.8392394811264389,1.0,2018,1895049756.8,2018,651526900,1665.65,392,17.0,0
100,North Canaan,2022,2020,local+region,0.0281682583968236,0.0676038201523768,0.3586847658904746,0.2469596165539936,0.2985835390063311,Litchfield County,2020,0.711406455381919,1.0,2018,399931676.56,2018,110836000,352.41,176,12.0,0
101,North Haven,2022,2020,local,0.0140110785272075,0.0632127728901922,0.3695014662756598,0.2407950472466601,0.3124796350602802,New Haven County,2020,0.8392394811264389,1.0,2018,4390105929.8,2018,1099488700,3126.45,639,105.0,0
102,North Stonington,2022,2020,local,0.0242165242165242,0.0683760683760683,0.3717948717948718,0.2535612535612536,0.282051282051282,New London County,2020,0.8425455076543145,1.0,2018,813650667.98,2018,197129700,709.57,156,0.0,0
103,Norwalk,2022,2020,local,0.0160743765748544,0.0640368407333391,0.3533756190807194,0.2284299244069858,0.3380832392041011,Fairfield County,2020,1.2853539041650623,1.0951179680550207,2018,20400626724.29,2018,4088482400,11932.34,7064,1972.0,1
104,Norwich,2022,2020,local,0.0452474946856969,0.0926207105982386,0.5262678408745824,0.3258426966292135,0.0100212572122684,New London County,2020,0.8425455076543145,1.0,2018,2839954451.43,2018,1165074500,5078.31,3373,815.0,1
105,Old Lyme,2022,2020,region,0.0741029641185647,0.0600624024960998,0.3034321372854914,0.2106084243369735,0.3517940717628705,New London County,2020,0.8425455076543145,1.0,2018,2322423659.3,2018,418287300,1045.92,197,24.0,0
106,Old Saybrook,2022,2020,local,0.0457943925233644,0.0439252336448598,0.311214953271028,0.2476635514018691,0.3514018691588785,Middlesex County,2020,0.8163097308708526,1.0,2018,3247477200.0,2018,487677900,1052.2,280,69.0,0
107,Orange,2022,2020,local+region,0.020734439496517,0.0699787333007449,0.3650125286366016,0.2292983331740765,0.3149759653920598,New Haven County,2020,0.8392394811264389,1.0,2018,3188559180.88,2018,723492000,2310.44,316,72.0,0
108,Oxford,2022,2020,local,0.0087064676616915,0.0528606965174129,0.347636815920398,0.2587064676616915,0.332089552238806,New Haven County,2020,0.8392394811264389,1.0,2018,2348022312.38,2018,556781400,1681.03,224,39.0,0
109,Plainfield,2022,2020,local,0.0446115288220551,0.0736842105263157,0.3644110275689223,0.2401002506265664,0.2771929824561403,Windham County,2020,0.6558147562967191,1.0,2018,1597579200.29,2018,434436100,2006.0,1148,37.0,0
110,Plainville,2022,2020,local,0.0369217081850533,0.0560498220640569,0.3701067615658363,0.2362099644128114,0.3007117437722419,Hartford County,2020,0.9897898216870028,1.0,2018,2117220717.69,2018,639447300,2217.03,854,162.0,0
111,Plymouth,2022,2020,local,0.0527950310559006,0.062111801242236,0.3454968944099379,0.2437888198757763,0.295807453416149,Litchfield County,2020,0.711406455381919,1.0,2018,1091847260.16,2018,443206200,1424.63,637,26.0,0
112,Pomfret,2022,2020,local,0.0267857142857142,0.0595238095238095,0.4970238095238095,0.4166666666666667,0.0,Windham County,2020,0.6558147562967191,1.0,2018,579012715.98,2018,169081000,521.0,92,0.0,0
113,Portland,2022,2020,local,0.0205371248025276,0.0647709320695102,0.3973143759873617,0.2424960505529226,0.2748815165876777,Middlesex County,2020,0.8163097308708526,1.0,2018,1237244836.5,2018,442148200,1288.2,336,34.0,0
114,Preston,2022,2020,local,0.07,0.08,0.505,0.345,0.0,New London County,2020,0.8425455076543145,1.0,2018,684613182.21,2018,171544700,588.26,156,8.0,0
115,Prospect,2022,2020,region,0.020582329317269,0.0632530120481927,0.3438755020080321,0.2469879518072289,0.3253012048192771,New Haven County,2020,0.8392394811264389,1.0,2018,1304469054.21,2018,382165300,1311.37,267,28.0,0
116,Putnam,2022,2020,local,0.0747493163172288,0.0610756608933454,0.3846855059252507,0.243391066545123,0.2360984503190519,Windham County,2020,0.6558147562967191,1.0,2018,1089907262.21,2018,287234300,1059.35,689,40.0,1
117,Redding,2022,2020,local+region,0.0285189918421077,0.0741493787894802,0.3438575587819853,0.2085960546165598,0.3448780159698667,Fairfield County,2020,1.2853539041650623,1.0951179680550207,2018,2255613671.94,2018,594375000,1228.08,123,12.0,0
118,Ridgefield,2022,2020,local,0.0092797171895713,0.0565620857269111,0.3444542642509942,0.2392841361025187,0.3504197967300044,Fairfield County,2020,1.2853539041650623,1.0951179680550207,2018,7182156822.68,2018,2007165700,4545.18,250,50.0,0
119,Rocky Hill,2022,2020,local,0.0155479711793704,0.0705346985210466,0.3996966249525976,0.2313234736442927,0.2828972317026924,Hartford County,2020,0.9897898216870028,1.0,2018,3156173942.86,2018,895390900,2774.17,506,215.0,0
120,Roxbury,2022,2020,region,0.010204081632653,0.0553935860058309,0.2944606413994168,0.2186588921282798,0.4212827988338192,Litchfield County,2020,0.711406455381919,1.0,2018,869258799.16,2018,185207600,192.02,43,2.0,0
121,Salem,2022,2020,local,0.0364583333333333,0.0885416666666666,0.5703125,0.3046875,0.0,New London County,2020,0.8425455076543145,1.0,2018,578611547.5,2018,213953400,592.69,134,3.0,0
122,Salisbury,2022,2020,local+region,0.0432945057210596,0.1163539841253479,0.446981410851115,0.2337216094560698,0.1596484898464076,Litchfield County,2020,0.711406455381919,1.0,2018,1805418949.86,2018,217363900,350.29,78,8.0,0
123,Scotland,2022,2020,local+region,0.0584738406502354,0.0779651208669805,0.3443459504958308,0.2443643633111503,0.2748507246758029,Windham County,2020,0.6558147562967191,1.0,2018,159566579.57,2018,62046800,168.08,60,1.0,0
124,Seymour,2022,2020,local,0.009077878643096,0.060200668896321,0.3707596751075012,0.2651696129956999,0.2947921643573817,New Haven County,2020,0.8392394811264389,1.0,2018,1878208065.31,2018,581270100,2185.57,869,88.0,0
125,Sharon,2022,2020,local+region,0.0064346120848143,0.1093884054418433,0.3740858765371573,0.2334027862891694,0.2766883196470155,Litchfield County,2020,0.711406455381919,1.0,2018,1041880691.43,2018,189930900,147.22,50,6.0,0
126,Shelton,2022,2020,local,0.0164121267380898,0.0620013676772281,0.3731479370868475,0.2527923410075222,0.2956462274903123,Fairfield County,2020,1.2853539041650623,1.0951179680550207,2018,7468412580.11,2018,1890695900,4571.28,1443,269.0,0
127,Sherman,2022,2020,local,0.052,0.092,0.456,0.4,0.0,Fairfield County,2020,1.2853539041650623,1.0951179680550207,2018,984060241.43,2018,268162200,367.86,24,1.0,0
128,Simsbury,2022,2020,local,0.0120180270405608,0.0630946419629444,0.3622934401602403,0.2346019028542814,0.3279919879819729,Hartford County,2020,0.9897898216870028,1.0,2018,3701102835.02,2018,1471292100,4021.22,526,63.0,0
129,Somers,2022,2020,local,0.02152190622598,0.0599538816295157,0.3512682551883166,0.2205995388162951,0.3466564181398924,Tolland County,2020,0.7322251284570549,1.0,2018,1316698431.48,2018,461490100,1309.13,61,5.0,0
130,Southbury,2022,2020,region,0.0177854274239816,0.0602409638554216,0.3605851979345955,0.231784279977051,0.32960413080895,New Haven County,2020,0.8392394811264389,1.0,2018,3160107069.93,2018,945085500,2344.64,290,20.0,0
131,Southington,2022,2020,local,0.0139791937581274,0.0692457737321196,0.3483420026007802,0.2368335500650195,0.3315994798439531,Hartford County,2020,0.9897898216870028,1.0,2018,6275864930.41,2018,1813062500,6124.37,1415,139.0,0
132,South Windsor,2022,2020,local,0.0176289114147201,0.0663287791978845,0.3902600264433671,0.2377699427060379,0.2880123402379903,Hartford County,2020,0.9897898216870028,1.0,2018,4276879349.18,2018,1198763900,4678.49,757,329.0,0
133,Sprague,2022,2020,local,0.1008064516129032,0.0967741935483871,0.4879032258064516,0.314516129032258,0.0,New London County,2020,0.8425455076543145,1.0,2018,262421802.82,2018,95112100,348.0,207,11.0,0
134,Stafford,2022,2020,local,0.0449101796407185,0.0658682634730539,0.3390718562874251,0.2582335329341317,0.2919161676646706,Tolland County,2020,0.7322251284570549,1.0,2018,1157153640.72,2018,417893600,1365.61,563,6.0,0
135,Stamford,2022,2020,local,0.0123785356192362,0.0712384724887045,0.384229745621093,0.2294980503806399,0.3026551958903262,Fairfield County,2020,1.2853539041650623,1.0951179680550207,2018,33352891563.9,2018,6938362600,15732.61,9272,2168.0,1
136,Sterling,2022,2020,local,0.0651465798045602,0.0553745928338762,0.5211726384364821,0.3583061889250814,0.0,Windham County,2020,0.6558147562967191,1.0,2018,387267104.11,2018,116801500,428.64,147,0.0,0
137,Stonington,2022,2020,local,0.0218433670751198,0.0724560468833244,0.3361747469366009,0.2386787426744805,0.3308470964304741,New London County,2020,0.8425455076543145,1.0,2018,4253386333.99,2018,909758800,1956.72,541,10.0,0
138,Stratford,2022,2020,local,0.019903498190591,0.0547346200241254,0.3572074788902292,0.2411037394451146,0.3270506634499396,Fairfield County,2020,1.2853539041650623,1.0951179680550207,2018,7041461635.75,2018,1903573000,6957.09,3203,447.0,0
139,Suffield,2022,2020,local,0.0199319397180359,0.0651434127369956,0.3257170636849781,0.2119591638308215,0.3772484200291687,Hartford County,2020,0.9897898216870028,1.0,2018,2097715915.71,2018,730106900,1991.04,309,44.0,0
140,Thomaston,2022,2020,local,0.0317073170731707,0.0695121951219512,0.3865853658536585,0.2353658536585365,0.2768292682926829,Litchfield County,2020,0.711406455381919,1.0,2018,819229660.56,2018,257545500,945.86,318,14.0,0
141,Thompson,2022,2020,local,0.0377358490566037,0.0765199161425576,0.3784067085953878,0.2526205450733753,0.2547169811320754,Windham County,2020,0.6558147562967191,1.0,2018,1058757996.57,2018,316468800,988.77,469,1.0,1
142,Tolland,2022,2020,local,0.0185266872518747,0.0604322893692104,0.3206881340979268,0.2562858403176004,0.3440670489633877,Tolland County,2020,0.7322251284570549,1.0,2018,1883061330.73,2018,752237000,2325.67,310,17.0,0
143,Torrington,2022,2020,local,0.0154015401540154,0.0624312431243124,0.4037403740374037,0.2714521452145214,0.2469746974697469,Litchfield County,2020,0.711406455381919,1.0,2018,2927200014.28,2018,1072833300,4025.42,2677,391.0,1
144,Trumbull,2022,2020,local,0.0291710075904152,0.0628069653222205,0.3539217145408543,0.2284566155677928,0.3256436969787171,Fairfield County,2020,1.2853539041650623,1.0951179680550207,2018,7073070227.47,2018,1819020900,6574.91,1182,278.0,0
145,Union,2022,2020,local,0.0869565217391304,0.0434782608695652,0.5,0.3695652173913043,0.0,Tolland County,2020,0.7322251284570549,1.0,2018,132309248.57,2018,41916100,79.93,6,0.0,0
146,Vernon,2022,2020,local,0.0320026393929396,0.0649950511382382,0.371164632134609,0.23094688221709,0.3008907951171231,Tolland County,2020,0.7322251284570549,1.0,2018,2855989612.83,2018,1021617400,3254.16,1797,126.0,1
147,Voluntown,2022,2020,local,0.1306122448979592,0.0897959183673469,0.4244897959183673,0.3551020408163265,0.0,New London County,2020,0.8425455076543145,1.0,2018,324695813.86,2018,85104300,317.21,85,0.0,0
148,Wallingford,2022,2020,local,0.0397338754389207,0.0582147477360931,0.3352430234707078,0.2321197560524856,0.3346885973017926,New Haven County,2020,0.8392394811264389,1.0,2018,6505882705.08,2018,1798414500,5424.67,1773,326.0,0
149,Warren,2022,2020,statewide,0.0295683399534041,0.063334629845715,0.3546923926153797,0.2310699370209288,0.3213347005645722,Litchfield County,2020,0.711406455381919,1.0,2018,630823018.22,2018,84018700,119.38,27,0.0,0
150,Washington,2022,2020,region,0.010204081632653,0.0553935860058309,0.2944606413994169,0.2186588921282798,0.4212827988338192,Litchfield County,2020,0.711406455381919,1.0,2018,1724692275.71,2018,250944000,257.0,75,3.0,0
151,Waterbury,2022,2020,local,0.0275389136823772,0.0727114400783716,0.3939806247959073,0.2339719168390116,0.2717971046043322,New Haven County,2020,0.8392394811264389,1.0,2018,7042998792.4,2018,2323174900,17985.49,14003,2952.0,1
152,Waterford,2022,2020,local,0.0213037920749893,0.0605027694929697,0.334043459735833,0.2475500639113762,0.3365999147848317,New London County,2020,0.8425455076543145,1.0,2018,5308593614.8,2018,803946400,2539.96,727,70.0,0
153,Watertown,2022,2020,local,0.0248376003056935,0.0630492930836836,0.3660680168131448,0.2476117692013756,0.2984333205961024,Litchfield County,2020,0.711406455381919,1.0,2018,2621860887.14,2018,854202200,2687.3,1011,111.0,0
154,Westbrook,2022,2020,local,0.0744186046511627,0.075968992248062,0.3224806201550387,0.2046511627906976,0.3224806201550387,Middlesex County,2020,0.8163097308708526,1.0,2018,1784401413.35,2018,430000700,657.95,242,73.0,0
155,West Hartford,2022,2020,local,0.0227048371174728,0.0639464736207085,0.3495667434463091,0.2288033344301853,0.3349786113853241,Hartford County,2020,0.9897898216870028,1.0,2018,9876620438.26,2018,3379950100,9329.12,2375,573.0,0
156,West Haven,2022,2020,local,0.0147368421052631,0.0742105263157894,0.3892982456140351,0.2312280701754386,0.2905263157894737,New Haven County,2020,0.8392394811264389,1.0,2018,4422795404.01,2018,1466868500,6701.12,4055,948.0,1
157,Weston,2022,2020,local,0.0105866784296427,0.0538156153506837,0.3370092633436259,0.2461402734891927,0.3524481693868548,Fairfield County,2020,1.2853539041650623,1.0951179680550207,2018,3197754780.0,2018,1016239400,2253.08,29,14.0,0
158,Westport,2022,2020,local,0.0129480202664665,0.0632388815912929,0.3589791705760931,0.2264965284293488,0.3383373991367986,Fairfield County,2020,1.2853539041650623,1.0951179680550207,2018,15922769472.27,2018,3059287800,5275.25,111,50.0,0
159,Wethersfield,2022,2020,local,0.0177815410668924,0.0649167372283375,0.3570420547558566,0.240191927744849,0.3200677392040643,Hartford County,2020,0.9897898216870028,1.0,2018,3317732535.71,2018,1134729900,3751.79,938,325.0,0
160,Willington,2022,2020,local+region,0.0176750447007224,0.051418311856647,0.3277917380861249,0.241023336828033,0.3620915685284726,Tolland County,2020,0.7322251284570549,1.0,2018,630800925.71,2018,233353800,587.85,220,7.0,0
161,Wilton,2022,2020,local,0.0118886787354768,0.0621453661172656,0.327749256957579,0.2488516617130505,0.3493650364766279,Fairfield County,2020,1.2853539041650623,1.0951179680550207,2018,6065752622.86,2018,1559805700,3662.64,179,29.0,0
162,Winchester,2022,2020,local,0.0915887850467289,0.1252336448598131,0.6448598130841121,0.1383177570093458,0.0,Litchfield County,2020,0.711406455381919,1.0,2018,1061929332.18,2018,353672800,1067.79,559,31.0,1
163,Windham,2022,2020,local,0.0546075085324232,0.0778777536456717,0.4073844244492708,0.2668321439652498,0.1932981694073844,Windham County,2020,0.6558147562967191,1.0,2018,1358375665.71,2018,455406300,3189.92,2319,965.0,1
164,Windsor,2022,2020,local,0.037522879804759,0.0628431970713849,0.3328248932275778,0.224222086638194,0.3425869432580842,Hartford County,2020,0.9897898216870028,1.0,2018,4440713888.57,2018,1117753500,3883.78,1754,128.0,1
165,Windsor Locks,2022,2020,local,0.0585526315789473,0.0532894736842105,0.3710526315789473,0.2118421052631579,0.3052631578947368,Hartford County,2020,0.9897898216870028,1.0,2018,2089399970.0,2018,453910200,1561.69,602,98.0,1
166,Wolcott,2022,2020,local,0.0255695025569502,0.0548582054858205,0.3458856345885635,0.2510460251046025,0.3226406322640632,New Haven County,2020,0.8392394811264389,1.0,2018,1845005929.57,2018,591446300,2293.68,705,75.0,0
167,Woodbridge,2022,2020,local+region,0.0125720506849729,0.0655070009374905,0.3751764599147186,0.2369882360056854,0.3097562524571325,New Haven County,2020,0.8392394811264389,1.0,2018,1624329395.3,2018,472995300,1535.25,214,32.0,0
168,Woodbury,2022,2020,region,0.0203174603174603,0.0577777777777777,0.3047619047619047,0.1879365079365079,0.4292063492063492,Litchfield County,2020,0.711406455381919,1.0,2018,1523513731.43,2018,477977400,993.12,158,13.0,0
169,Woodstock,2022,2020,local,0.0278833967046894,0.1039290240811153,0.4993662864385297,0.3688212927756654,0.0,Windham County,2020,0.6558147562967191,1.0,2018,1177609481.82,2018,311099200,1267.14,159,6.0,0
1,Andover,2023,2021,local+region,0.0719318642039238,0.0976218157053251,0.2671754956145741,0.2142280018456467,0.3490428226305301,Tolland County,2021,0.7285071942446043,1.0,2019,394252048.0,2019,142904000,381.32,80,6.0,0
2,Ansonia,2023,2021,local,0.0445037828215398,0.0725411659991099,0.4009790832220739,0.2287494437027147,0.2532265242545616,New Haven County,2021,0.8441032887975334,1.0,2019,1597658141.0,2019,548255700,2379.46,1624,132.0,1
3,Ashford,2023,2021,local+region,0.0640146536702567,0.0569019143735615,0.3467460407138907,0.2098258092525082,0.3225115819897828,Windham County,2021,0.652158273381295,1.0,2019,502174333.0,2019,153243700,506.87,161,5.0,0
4,Avon,2023,2021,local,0.0202767943353717,0.0640489217895075,0.3649822980366913,0.2433215320244608,0.3073704538139684,Hartford County,2021,0.9692446043165468,1.0,2019,3736845069.0,2019,1299015100,3128.84,237,73.0,0
5,Barkhamsted,2023,2021,local+region,0.0289394687844359,0.0599460424820458,0.2728578485389671,0.2150093095717596,0.4232473306227913,Litchfield County,2021,0.7109969167523125,1.0,2019,564299423.0,2019,161254000,450.3,92,2.0,0
6,Beacon Falls,2023,2021,region,0.0224032586558044,0.0697556008146639,0.3482688391038696,0.2367617107942973,0.3228105906313646,New Haven County,2021,0.8441032887975334,1.0,2019,757378988.0,2019,257643900,727.7,175,12.0,0
7,Berlin,2023,2021,local,0.0193035579106737,0.0730507191521574,0.3451930355791067,0.2271006813020439,0.3353520060560181,Hartford County,2021,0.9692446043165468,1.0,2019,3486411070.0,2019,1002426900,2682.06,530,91.0,0
8,Bethany,2023,2021,local+region,0.0227247327743781,0.0655007003496781,0.3649324733767782,0.2277607933322736,0.3190813001668918,New Haven County,2021,0.8441032887975334,1.0,2019,868733461.0,2019,336175700,755.51,85,12.0,0
9,Bethel,2023,2021,local,0.0250873293108923,0.0597014925373134,0.3515401714830105,0.2442045093680533,0.3194664973007304,Fairfield County,2021,1.2995118191161357,1.0998372730387118,2019,3247452608.0,2019,863302000,3110.01,940,173.0,0
10,Bethlehem,2023,2021,region,0.0188916876574307,0.0566750629722921,0.3041561712846347,0.1952141057934509,0.4250629722921914,Litchfield County,2021,0.7109969167523125,1.0,2019,580233650.0,2019,149003800,362.84,103,4.0,0
11,Bloomfield,2023,2021,local,0.1501486620416253,0.0545094152626362,0.2661050545094152,0.2175421209117938,0.3116947472745292,Hartford County,2021,0.9692446043165468,1.0,2019,3403726280.0,2019,886772500,2291.91,1259,86.0,1
12,Bolton,2023,2021,local,0.0160857908847185,0.0549597855227882,0.3512064343163539,0.2412868632707774,0.3364611260053619,Tolland County,2021,0.7285071942446043,1.0,2019,680220855.0,2019,227316800,711.21,148,10.0,0
13,Bozrah,2023,2021,local,0.1272727272727272,0.0424242424242424,0.4545454545454545,0.3757575757575757,0.0,New London County,2021,0.8435380267214799,1.0,2019,391912529.0,2019,99576100,266.27,98,7.0,0
14,Branford,2023,2021,local,0.0393580435613297,0.0687810470003821,0.3519296904852885,0.2265953381734811,0.3133358807795185,New Haven County,2021,0.8441032887975334,1.0,2019,5266404324.0,2019,1325128300,2709.4,897,176.0,0
15,Bridgeport,2023,2021,local,0.0458475242336913,0.0776002095886822,0.3838616714697406,0.2226879748493581,0.2700026198585276,Fairfield County,2021,1.2995118191161357,1.0998372730387118,2019,11354459050.0,2019,3246023200,18879.06,12461,4500.0,1
16,Bridgewater,2023,2021,region,0.0459317585301837,0.0590551181102362,0.2716535433070866,0.2047244094488189,0.4186351706036745,Litchfield County,2021,0.7109969167523125,1.0,2019,519228063.0,2019,121351500,124.3,16,0.0,0
17,Bristol,2023,2021,local,0.0379481811044229,0.0704004187385501,0.3474221408008375,0.2263805286574195,0.3178487306987699,Hartford County,2021,0.9692446043165468,1.0,2019,6247923284.0,2019,2126868800,7928.14,4295,429.0,1
18,Brookfield,2023,2021,local,0.0154559505409582,0.0680061823802163,0.3377125193199382,0.2299072642967542,0.3489180834621329,Fairfield County,2021,1.2995118191161357,1.0998372730387118,2019,3585049565.0,2019,864835500,2637.7,549,105.0,0
19,Brooklyn,2023,2021,local,0.1005780346820809,0.0867052023121387,0.5028901734104047,0.3098265895953757,0.0,Windham County,2021,0.652158273381295,1.0,2019,963304463.0,2019,265713400,1180.74,349,14.0,0
20,Burlington,2023,2021,region,0.0236878773803994,0.0613098002786809,0.3594983743613563,0.245703669298653,0.3098002786809103,Hartford County,2021,0.9692446043165468,1.0,2019,1427961453.0,2019,524179800,1471.58,170,29.0,0
21,Canaan,2023,2021,local+region,0.0,0.081081081081081,0.3442916600811337,0.2442179021126389,0.3304093567251461,Litchfield County,2021,0.7109969167523125,1.0,2019,256346918.0,2019,66065100,103.12,36,0.0,0
22,Canterbury,2023,2021,local,0.1019522776572668,0.106290672451193,0.4793926247288503,0.3123644251626898,0.0,Windham County,2021,0.652158273381295,1.0,2019,614712895.0,2019,201578200,603.58,163,2.0,0
23,Canton,2023,2021,local,0.0187416331994645,0.0676037483266398,0.3607764390896921,0.2423025435073627,0.3105756358768406,Hartford County,2021,0.9692446043165468,1.0,2019,1659979517.0,2019,494188800,1490.67,215,8.0,0
24,Chaplin,2023,2021,local+region,0.0638039196615279,0.0996936244711374,0.3349705782230219,0.2685081619089303,0.2330237157353823,Windham County,2021,0.652158273381295,1.0,2019,321658803.0,2019,85473900,269.76,134,1.0,0
25,Cheshire,2023,2021,local,0.0260516252390057,0.0760038240917782,0.3546845124282983,0.2196462715105162,0.3236137667304015,New Haven County,2021,0.8441032887975334,1.0,2019,4499110379.0,2019,1466099800,4137.05,609,94.0,0
26,Chester,2023,2021,local+region,0.0,0.0908160280783855,0.3834454518865166,0.1976272301842644,0.3281112898508336,Middlesex County,2021,0.8033016443987667,1.0,2019,681499766.0,2019,174489900,410.0,94,6.0,0
27,Clinton,2023,2021,local,0.036964980544747,0.0680933852140077,0.3197146562905317,0.228923476005188,0.3463035019455253,Middlesex County,2021,0.8033016443987667,1.0,2019,2347957614.0,2019,557727400,1524.53,540,124.0,0
28,Colchester,2023,2021,local,0.0437725631768953,0.0898014440433213,0.3334837545126354,0.2157039711191336,0.3172382671480144,New London County,2021,0.8435380267214799,1.0,2019,1956061777.0,2019,715907300,2227.89,509,35.0,0
29,Colebrook,2023,2021,local+region,0.0,0.0528269313767803,0.3169615882606819,0.2247734138972809,0.4054380664652567,Litchfield County,2021,0.7109969167523125,1.0,2019,289800096.0,2019,64739900,165.73,46,0.0,0
30,Columbia,2023,2021,local,0.0613636363636363,0.0886363636363636,0.5568181818181818,0.2931818181818181,0.0,Tolland County,2021,0.7285071942446043,1.0,2019,811420802.0,2019,276110900,636.29,143,5.0,0
31,Cornwall,2023,2021,local+region,0.0071428571428571,0.1071428571428571,0.3440685045948203,0.3363199665831245,0.2053258145363408,Litchfield County,2021,0.7109969167523125,1.0,2019,568319828.0,2019,93137300,128.16,43,8.0,0
32,Coventry,2023,2021,local,0.0628398791540785,0.0767371601208459,0.3643504531722054,0.2404833836858006,0.2555891238670695,Tolland County,2021,0.7285071942446043,1.0,2019,1461430484.0,2019,556614300,1626.8,373,14.0,0
33,Cromwell,2023,2021,local,0.0284679089026915,0.0657349896480331,0.386128364389234,0.2375776397515528,0.2820910973084886,Middlesex County,2021,0.8033016443987667,1.0,2019,2298015657.0,2019,670778600,1968.84,456,93.0,0
34,Danbury,2023,2021,local,0.0191966173361522,0.0772938689217759,0.3715010570824524,0.2385623678646934,0.293446088794926,Fairfield County,2021,1.2995118191161357,1.0998372730387118,2019,12401181837.0,2019,2828990100,11759.11,6193,3740.0,1
35,Darien,2023,2021,local,0.0198983911939034,0.0734546994072819,0.3734123624047417,0.2322184589331075,0.3010160880609653,Fairfield County,2021,1.2995118191161357,1.0998372730387118,2019,12456992079.0,2019,2520314000,4708.37,88,54.0,0
36,Deep River,2023,2021,local+region,0.0,0.0640956490471053,0.2729234088457389,0.2616864437252786,0.401294498381877,Middlesex County,2021,0.8033016443987667,1.0,2019,746386736.0,2019,223644500,502.4,157,6.0,0
37,Derby,2023,2021,local,0.0390930414386239,0.0813135261923377,0.344800625488663,0.236903831118061,0.2978889757623143,New Haven County,2021,0.8441032887975334,1.0,2019,1237558917.0,2019,374514800,1400.5,634,47.0,1
38,Durham,2023,2021,region,0.0234776228906823,0.0696991929567131,0.3778429933969185,0.2193690388848129,0.309611151870873,Middlesex County,2021,0.8033016443987667,1.0,2019,1061426007.0,2019,411499100,892.77,138,10.0,0
39,Eastford,2023,2021,local,0.1197183098591549,0.0985915492957746,0.5492957746478874,0.2323943661971831,0.0,Windham County,2021,0.652158273381295,1.0,2019,261088420.0,2019,69551700,180.05,43,1.0,0
40,East Granby,2023,2021,local,0.0073349633251833,0.0757946210268948,0.3753056234718826,0.2334963325183374,0.3080684596577017,Hartford County,2021,0.9692446043165468,1.0,2019,936219422.0,2019,215359300,845.3,134,11.0,0
41,East Haddam,2023,2021,local,0.0361570247933884,0.0754132231404958,0.3677685950413223,0.2345041322314049,0.2861570247933884,Middlesex County,2021,0.8033016443987667,1.0,2019,1368095622.0,2019,425210400,974.28,248,6.0,0
42,East Hampton,2023,2021,local,0.0337268128161888,0.059584035975267,0.3597526700393479,0.2428330522765598,0.3041034288926363,Middlesex County,2021,0.8033016443987667,1.0,2019,1730978664.0,2019,545583800,1814.99,389,5.0,0
43,East Hartford,2023,2021,local,0.0452596474511672,0.0763855804351278,0.3566777830713038,0.2108940765443862,0.3107829124980149,Hartford County,2021,0.9692446043165468,1.0,2019,4300018416.0,2019,1406132900,7853.95,5260,1070.0,1
44,East Haven,2023,2021,local,0.0715292459478506,0.0722339675828047,0.324876673713883,0.226215644820296,0.3051444679351656,New Haven County,2021,0.8441032887975334,1.0,2019,3006863749.0,2019,954299500,3203.87,1064,324.0,1
45,East Lyme,2023,2021,local,0.0227445034116755,0.0576194086429113,0.322592873388931,0.2160727824109173,0.3809704321455648,New London County,2021,0.8435380267214799,1.0,2019,3476753904.0,2019,861915500,2501.99,563,79.0,0
46,Easton,2023,2021,local+region,0.0213889484427613,0.0664585183757226,0.3529176493055618,0.2413895609968777,0.3178453228790764,Fairfield County,2021,1.2995118191161357,1.0998372730387118,2019,1829224359.0,2019,549690900,1302.98,138,25.0,0
47,East Windsor,2023,2021,local,0.0437317784256559,0.0699708454810495,0.3828960155490767,0.2206025267249757,0.282798833819242,Hartford County,2021,0.9692446043165468,1.0,2019,1537329603.0,2019,424065500,1098.42,527,71.0,1
48,Ellington,2023,2021,local,0.0297937356760886,0.0760122230710466,0.3689839572192513,0.2291825821237585,0.2960275019098548,Tolland County,2021,0.7285071942446043,1.0,2019,2130763585.0,2019,814517900,2607.06,365,37.0,0
49,Enfield,2023,2021,local,0.0451745379876796,0.0737166324435318,0.3408624229979466,0.2240246406570842,0.3162217659137577,Hartford County,2021,0.9692446043165468,1.0,2019,4670727429.0,2019,1558119000,5055.44,2232,167.0,1
50,Essex,2023,2021,local+region,0.0455300461899019,0.0533800541536781,0.3045803089945164,0.2293681312430316,0.3671414594188718,Middlesex County,2021,0.8033016443987667,1.0,2019,1668418148.0,2019,383444800,627.8,130,17.0,0
51,Fairfield,2023,2021,local,0.015811552113585,0.0751855437237818,0.3505431859739701,0.2386791438098311,0.3197805743788319,Fairfield County,2021,1.2995118191161357,1.0998372730387118,2019,16488524937.0,2019,4203792700,9359.23,1404,219.0,0
52,Farmington,2023,2021,local,0.0202439024390243,0.0748780487804878,0.3619512195121951,0.2334146341463414,0.3095121951219512,Hartford County,2021,0.9692446043165468,1.0,2019,5577584810.0,2019,1373804000,4091.55,644,175.0,0
53,Franklin,2023,2021,local,0.1306818181818181,0.1136363636363636,0.4829545454545454,0.2727272727272727,0.0,New London County,2021,0.8435380267214799,1.0,2019,351604914.0,2019,75232100,233.5,41,0.0,0
54,Glastonbury,2023,2021,local,0.0125066056015501,0.0632376255064294,0.3582878280782103,0.2281134401972873,0.3378545006165228,Hartford County,2021,0.9692446043165468,1.0,2019,6506346765.0,2019,2087259400,5748.61,649,154.0,0
55,Goshen,2023,2021,statewide,0.0346661487637028,0.0700502993636071,0.3498866106389824,0.2253270243335922,0.3200699169001153,Litchfield County,2021,0.7109969167523125,1.0,2019,807176353.0,2019,163036900,330.33,75,6.0,0
56,Granby,2023,2021,local,0.0228180262407301,0.0713063320022818,0.3388476896748431,0.2395892755276668,0.327438676554478,Hartford County,2021,0.9692446043165468,1.0,2019,1555978687.0,2019,621485700,1724.68,198,8.0,0
57,Greenwich,2023,2021,local,0.0218477629285299,0.0685647879140034,0.3625798954096456,0.231144683323649,0.315862870424172,Fairfield County,2021,1.2995118191161357,1.0998372730387118,2019,48909139349.0,2019,6264053900,8378.15,1500,376.0,0
58,Griswold,2023,2021,local,0.0426401869158878,0.0735981308411214,0.3551401869158878,0.2219626168224299,0.3066588785046729,New London County,2021,0.8435380267214799,1.0,2019,1131328360.0,2019,386470000,1572.61,760,18.0,0
59,Groton,2023,2021,local,0.0438081253059226,0.0917767988252569,0.3852178169358786,0.2212432697014194,0.2579539892315223,New London County,2021,0.8435380267214799,1.0,2019,5907920847.0,2019,1381275900,4430.18,2076,188.0,1
60,Guilford,2023,2021,local,0.0128783000643915,0.0701867353509336,0.3412749517063748,0.2250482936252414,0.3506117192530586,New Haven County,2021,0.8441032887975334,1.0,2019,4870370408.0,2019,1394393700,3148.23,388,47.0,0
61,Haddam,2023,2021,region,0.0214446952595936,0.0756207674943566,0.3713318284424379,0.2234762979683973,0.3081264108352144,Middlesex County,2021,0.8033016443987667,1.0,2019,1400560756.0,2019,409324500,1100.34,171,9.0,0
62,Hamden,2023,2021,local,0.03008356545961,0.0638811513463324,0.3455896007428041,0.2308263695450325,0.329619312906221,New Haven County,2021,0.8441032887975334,1.0,2019,5946027117.0,2019,2226004800,6335.04,2579,395.0,1
63,Hampton,2023,2021,local+region,0.0738886663996796,0.0656788145774929,0.3694433319983981,0.2490321719396609,0.2419570150847683,Windham County,2021,0.652158273381295,1.0,2019,243848959.0,2019,79530300,129.99,42,0.0,0
64,Hartford,2023,2021,local,0.070939040519418,0.0692557412528556,0.3516893110496573,0.224479980762294,0.2836359264157749,Hartford County,2021,0.9692446043165468,1.0,2019,7482907669.0,2019,2460038100,18689.51,16214,4291.0,1
65,Hartland,2023,2021,local,0.0647482014388489,0.0719424460431654,0.539568345323741,0.3237410071942446,0.0,Hartford County,2021,0.9692446043165468,1.0,2019,290756982.0,2019,92415100,225.02,45,2.0,0
66,Harwinton,2023,2021,region,0.0236878773803994,0.0613098002786809,0.3594983743613563,0.245703669298653,0.3098002786809103,Litchfield County,2021,0.7109969167523125,1.0,2019,860046409.0,2019,251310800,734.43,142,4.0,0
67,Hebron,2023,2021,local+region,0.0488624519621313,0.0833064754764206,0.3316238543003669,0.2236345371307515,0.3125726811303294,Tolland County,2021,0.7285071942446043,1.0,2019,1224365692.0,2019,501577800,1244.54,207,6.0,0
68,Kent,2023,2021,local+region,0.0470588235294117,0.1215686274509803,0.3892214195619768,0.2750028666437335,0.1671482628138974,Litchfield County,2021,0.7109969167523125,1.0,2019,899435770.0,2019,144710000,233.7,64,4.0,0
69,Killingly,2023,2021,local,0.0529436679373147,0.0681914443032613,0.3570520965692503,0.2028801355357899,0.3189326556543837,Windham County,2021,0.652158273381295,1.0,2019,2009698025.0,2019,533522400,2151.93,1036,66.0,1
70,Killingworth,2023,2021,region,0.0214446952595936,0.0756207674943566,0.3713318284424379,0.2234762979683973,0.3081264108352144,Middlesex County,2021,0.8033016443987667,1.0,2019,1119590110.0,2019,301605500,696.27,49,2.0,0
71,Lebanon,2023,2021,local,0.0596529284164859,0.0585683297180043,0.3156182212581345,0.2212581344902386,0.3449023861171366,New London County,2021,0.8435380267214799,1.0,2019,1036435589.0,2019,297893500,871.33,268,8.0,0
72,Ledyard,2023,2021,local,0.0353182751540041,0.0767967145790554,0.3486652977412731,0.2238193018480492,0.3154004106776181,New London County,2021,0.8435380267214799,1.0,2019,1709335985.0,2019,656917700,2411.25,504,33.0,0
73,Lisbon,2023,2021,local,0.1056338028169014,0.0868544600938967,0.5023474178403756,0.3051643192488263,0.0,New London County,2021,0.8435380267214799,1.0,2019,647297450.0,2019,180897100,557.96,188,10.0,0
74,Litchfield,2023,2021,local,0.0299760191846522,0.0839328537170263,0.369304556354916,0.2398081534772182,0.276978417266187,Litchfield County,2021,0.7109969167523125,1.0,2019,1562726123.0,2019,401240000,828.96,151,5.0,0
75,Lyme,2023,2021,region,0.0671296296296296,0.0648148148148148,0.3148148148148148,0.2091049382716049,0.3441358024691358,New London County,2021,0.8435380267214799,1.0,2019,759019899.0,2019,182764500,232.8,29,3.0,0
76,Madison,2023,2021,local,0.020927369716865,0.0656544932293803,0.3344275748871563,0.2203528929011079,0.3586376692654903,New Haven County,2021,0.8441032887975334,1.0,2019,4388761355.0,2019,1099862500,2446.5,86,37.0,0
77,Manchester,2023,2021,local,0.0342866428339291,0.0752356191095222,0.3739031524211895,0.2140071498212544,0.3025674358141046,Hartford County,2021,0.9692446043165468,1.0,2019,6434918381.0,2019,2108753500,7514.03,4318,573.0,1
78,Mansfield,2023,2021,local+region,0.0371359740085639,0.0613038301093753,0.2740988557774956,0.2145634053828138,0.4128979347217512,Tolland County,2021,0.7285071942446043,1.0,2019,1619256923.0,2019,543984500,1570.23,436,54.0,0
79,Marlborough,2023,2021,local+region,0.0296350199220639,0.0820662090149462,0.3294046445183259,0.2227462857888681,0.3361478407557958,Hartford County,2021,0.9692446043165468,1.0,2019,870785453.0,2019,346126300,910.85,134,6.0,0
80,Meriden,2023,2021,local,0.0122771809703694,0.0702396411285562,0.3790579624601581,0.2395230787392279,0.2989021367016881,New Haven County,2021,0.8441032887975334,1.0,2019,5017843147.0,2019,1929321500,8912.08,6639,1490.0,1
81,Middlebury,2023,2021,region,0.0164960182025028,0.0748009101251422,0.3606370875995449,0.2263936291240045,0.3216723549488055,New Haven County,2021,0.8441032887975334,1.0,2019,1461055180.0,2019,407017700,1218.3,176,26.0,0
82,Middlefield,2023,2021,region,0.0234776228906823,0.0696991929567131,0.3778429933969185,0.2193690388848129,0.309611151870873,Middlesex County,2021,0.8033016443987667,1.0,2019,656614906.0,2019,206290100,490.46,91,5.0,0
83,Middletown,2023,2021,local,0.0296330066104399,0.0699794848415773,0.3815819466605881,0.2233872806017779,0.2954182812856166,Middlesex County,2021,0.8033016443987667,1.0,2019,5522636123.0,2019,1717901700,4531.0,1723,192.0,1
84,Milford,2023,2021,local,0.0415734526472781,0.0678598061148396,0.3486204325130499,0.2319164802386279,0.3100298284862043,New Haven County,2021,0.8441032887975334,1.0,2019,10378646160.0,2019,2645462600,5391.08,1471,135.0,0
85,Monroe,2023,2021,local,0.017406962785114,0.0762304921968787,0.3520408163265306,0.234093637454982,0.3202280912364946,Fairfield County,2021,1.2995118191161357,1.0998372730387118,2019,3176321139.0,2019,998001800,3347.41,337,43.0,0
86,Montville,2023,2021,local,0.0212443095599393,0.0824481537683358,0.3783510369246333,0.2468386444107233,0.2711178553363682,New London County,2021,0.8435380267214799,1.0,2019,2086941843.0,2019,645410800,2167.65,927,94.0,0
87,Morris,2023,2021,statewide,0.0346661487637028,0.0700502993636071,0.3498866106389824,0.2253270243335922,0.3200699169001153,Litchfield County,2021,0.7109969167523125,1.0,2019,548277885.0,2019,112976900,223.3,55,7.0,0
88,Naugatuck,2023,2021,local,0.0346915017462165,0.0731082654249127,0.3578579743888242,0.229569266589057,0.3047729918509895,New Haven County,2021,0.8441032887975334,1.0,2019,2698945311.0,2019,1092002400,4603.55,2481,378.0,1
89,New Britain,2023,2021,local,0.0308916210352309,0.0794503564417811,0.3886765161690257,0.232152081826635,0.2688294245273272,Hartford County,2021,0.9692446043165468,1.0,2019,4450468320.0,2019,1720167200,11201.14,8256,1790.0,1
90,New Canaan,2023,2021,local,0.0121212121212121,0.062060606060606,0.3745454545454545,0.2375757575757575,0.3136969696969697,Fairfield County,2021,1.2995118191161357,1.0998372730387118,2019,10430282373.0,2019,2395542100,4135.4,3,21.0,0
91,New Fairfield,2023,2021,local,0.0320906087777253,0.0608777725342142,0.3449740443605474,0.2439830108541765,0.3180745634733364,Fairfield County,2021,1.2995118191161357,1.0998372730387118,2019,2340953415.0,2019,730546200,2081.41,305,83.0,0
92,New Hartford,2023,2021,local+region,0.0191165750021015,0.0685947691251879,0.3047406956217366,0.2238039393484213,0.3837440209025526,Litchfield County,2021,0.7109969167523125,1.0,2019,1010920777.0,2019,322187800,853.7,158,10.0,0
93,New Haven,2023,2021,local,0.0610428809325562,0.0625520399666944,0.3420587010824313,0.2356369691923397,0.2987094088259783,New Haven County,2021,0.8441032887975334,1.0,2019,11789933691.0,2019,3214313600,17495.08,12372,3635.0,1
94,Newington,2023,2021,local,0.0235897435897435,0.0646153846153846,0.3446153846153846,0.2312820512820513,0.3358974358974358,Hartford County,2021,0.9692446043165468,1.0,2019,4210605850.0,2019,1160570700,3972.06,1263,296.0,0
95,New London,2023,2021,local,0.0210628645495787,0.068697342838626,0.4313026571613739,0.1918340894361633,0.2871030460142579,New London County,2021,0.8435380267214799,1.0,2019,2282298423.0,2019,670679200,3284.42,2815,847.0,1
96,New Milford,2023,2021,local,0.0263802012510198,0.0647266793581724,0.3304324177318466,0.2202882784878977,0.3581724231710633,Litchfield County,2021,0.7109969167523125,1.0,2019,4580713749.0,2019,1197808100,3641.57,1194,222.0,0
97,Newtown,2023,2021,local,0.0166253101736972,0.0709677419354838,0.3406947890818858,0.2215880893300248,0.3501240694789082,Fairfield County,2021,1.2995118191161357,1.0998372730387118,2019,5105461445.0,2019,1565807100,4033.28,510,42.0,0
98,Norfolk,2023,2021,local+region,0.0274756725815684,0.0549513451631368,0.3091013165426445,0.2243846594161419,0.3840870062965083,Litchfield County,2021,0.7109969167523125,1.0,2019,447531364.0,2019,77340700,137.4,47,2.0,0
99,North Branford,2023,2021,local,0.0310913705583756,0.0812182741116751,0.3559644670050761,0.2461928934010152,0.2855329949238578,New Haven County,2021,0.8441032887975334,1.0,2019,2023444113.0,2019,676828100,1622.57,329,20.0,0
100,North Canaan,2023,2021,local+region,0.0413223140495867,0.0881542699724518,0.3326567106471412,0.1856121018800444,0.3522546034507757,Litchfield County,2021,0.7109969167523125,1.0,2019,453463960.0,2019,113725800,355.19,147,14.0,0
101,North Haven,2023,2021,local,0.0174880763116057,0.073449920508744,0.3710651828298887,0.2254372019077901,0.3125596184419714,New Haven County,2021,0.8441032887975334,1.0,2019,4448012262.0,2019,1089062300,3198.16,663,137.0,0
102,North Stonington,2023,2021,local,0.0508474576271186,0.0730117340286831,0.3624511082138201,0.2333767926988266,0.2803129074315515,New London County,2021,0.8435380267214799,1.0,2019,860285949.0,2019,187503300,765.73,150,0.0,0
103,Norwalk,2023,2021,local,0.0230600613765892,0.0701446733888645,0.342393686979395,0.2231477422183252,0.3412538360368259,Fairfield County,2021,1.2995118191161357,1.0998372730387118,2019,21228733652.0,2019,4322640600,11823.28,6305,2061.0,1
104,Norwich,2023,2021,local,0.041627834731283,0.092264678471575,0.5324634979807393,0.3230817023920472,0.0105622864243553,New London County,2021,0.8435380267214799,1.0,2019,3101045587.0,2019,1176798200,4961.0,3071,836.0,1
105,Old Lyme,2023,2021,region,0.0671296296296296,0.0648148148148148,0.3148148148148148,0.2091049382716049,0.3441358024691358,New London County,2021,0.8435380267214799,1.0,2019,2209456433.0,2019,455699900,1062.32,161,26.0,0
106,Old Saybrook,2023,2021,local,0.080184331797235,0.0488479262672811,0.304147465437788,0.2359447004608295,0.3308755760368663,Middlesex County,2021,0.8033016443987667,1.0,2019,3402728103.0,2019,488801200,1032.68,277,77.0,0
107,Orange,2023,2021,local+region,0.023631804059685,0.0674580588612829,0.3793978724491262,0.2243557556908712,0.3051565089390344,New Haven County,2021,0.8441032887975334,1.0,2019,3247031909.0,2019,739744600,2313.38,319,71.0,0
108,Oxford,2023,2021,local,0.0112226816302421,0.0832841110454813,0.3431777909037212,0.2368576491435322,0.325457767277023,New Haven County,2021,0.8441032887975334,1.0,2019,2426456708.0,2019,608416600,1762.08,232,40.0,0
109,Plainfield,2023,2021,local,0.0576923076923076,0.0779352226720647,0.3618421052631579,0.2343117408906882,0.2682186234817814,Windham County,2021,0.652158273381295,1.0,2019,1658021168.0,2019,448714100,2009.48,1138,33.0,1
110,Plainville,2023,2021,local,0.0496921723834652,0.0668425681618293,0.3518029903254178,0.2405452946350044,0.2911169744942832,Hartford County,2021,0.9692446043165468,1.0,2019,2241761391.0,2019,682337100,2305.94,852,153.0,0
111,Plymouth,2023,2021,local,0.0500770416024653,0.0747303543913713,0.3451463790446841,0.2449922958397534,0.2850539291217257,Litchfield County,2021,0.7109969167523125,1.0,2019,1114762000.0,2019,470411400,1424.79,604,24.0,0
112,Pomfret,2023,2021,local,0.0501392757660167,0.1030640668523676,0.4484679665738161,0.3983286908077994,0.0,Windham County,2021,0.652158273381295,1.0,2019,561859679.0,2019,200019700,555.28,86,1.0,0
113,Portland,2023,2021,local,0.0284321689683184,0.0633631194151096,0.3988627132412672,0.239642567018684,0.2696994313566206,Middlesex County,2021,0.8033016443987667,1.0,2019,1329165042.0,2019,452822600,1244.11,270,33.0,0
114,Preston,2023,2021,local,0.0969267139479905,0.1158392434988179,0.4846335697399527,0.3026004728132387,0.0,New London County,2021,0.8435380267214799,1.0,2019,734092178.0,2019,177765200,609.91,125,7.0,0
115,Prospect,2023,2021,region,0.0224032586558044,0.0697556008146639,0.3482688391038697,0.2367617107942973,0.3228105906313646,New Haven County,2021,0.8441032887975334,1.0,2019,1349041292.0,2019,389900800,1303.42,242,28.0,0
116,Putnam,2023,2021,local,0.0790408525754884,0.0959147424511545,0.3756660746003552,0.2255772646536412,0.2238010657193605,Windham County,2021,0.652158273381295,1.0,2019,1046182269.0,2019,317945700,1076.69,532,44.0,1
117,Redding,2023,2021,local+region,0.0359502754659025,0.0620959303501953,0.3831972543979157,0.1944583082019274,0.3242982315840589,Fairfield County,2021,1.2995118191161357,1.0998372730387118,2019,2275727563.0,2019,644368000,1214.91,122,12.0,0
118,Ridgefield,2023,2021,local,0.0107715981534403,0.0659485601231039,0.3554627390635304,0.2253242470872719,0.3424928555726533,Fairfield County,2021,1.2995118191161357,1.0998372730387118,2019,7087156132.0,2019,2080000300,4563.99,367,62.0,0
119,Rocky Hill,2023,2021,local,0.0173775671406003,0.0829383886255924,0.3672985781990521,0.2511848341232227,0.2812006319115324,Hartford County,2021,0.9692446043165468,1.0,2019,3337771481.0,2019,908261100,2666.62,497,196.0,0
120,Roxbury,2023,2021,region,0.0459317585301837,0.0590551181102362,0.2716535433070866,0.2047244094488189,0.4186351706036745,Litchfield County,2021,0.7109969167523125,1.0,2019,958479107.0,2019,161973300,168.69,37,0.0,0
121,Salem,2023,2021,local,0.038860103626943,0.1139896373056994,0.533678756476684,0.3134715025906736,0.0,New London County,2021,0.8435380267214799,1.0,2019,597338517.0,2019,224257500,571.9,104,3.0,0
122,Salisbury,2023,2021,local+region,0.0539083557951482,0.0997304582210242,0.4269478728267209,0.2377326965211771,0.1816806166359294,Litchfield County,2021,0.7109969167523125,1.0,2019,1892788454.0,2019,190849500,349.54,66,9.0,0
123,Scotland,2023,2021,local+region,0.1046625122006156,0.0615661836474209,0.3693971018845258,0.2360037039817803,0.228370498285657,Windham County,2021,0.652158273381295,1.0,2019,169044963.0,2019,58026600,165.21,64,2.0,0
124,Seymour,2023,2021,local,0.0121477162293488,0.0743440233236151,0.3790087463556851,0.2410106899902818,0.293488824101069,New Haven County,2021,0.8441032887975334,1.0,2019,1960288651.0,2019,600736400,2153.63,792,111.0,0
125,Sharon,2023,2021,local+region,0.0,0.1136363636363636,0.4031100478468899,0.2129186602870813,0.270334928229665,Litchfield County,2021,0.7109969167523125,1.0,2019,1099161889.0,2019,191078500,128.09,47,6.0,0
126,Shelton,2023,2021,local,0.0177151941857824,0.0738133091074267,0.3715648421530774,0.2457415398591869,0.2911651146945264,Fairfield County,2021,1.2995118191161357,1.0998372730387118,2019,7319857732.0,2019,1971137900,4589.17,1346,302.0,0
127,Sherman,2023,2021,local,0.0766283524904214,0.0766283524904214,0.4559386973180077,0.3908045977011494,0.0,Fairfield County,2021,1.2995118191161357,1.0998372730387118,2019,1064359711.0,2019,238575200,387.44,29,1.0,0
128,Simsbury,2023,2021,local,0.0093480934809348,0.0745387453874538,0.3690036900369003,0.2243542435424354,0.3227552275522755,Hartford County,2021,0.9692446043165468,1.0,2019,3775735149.0,2019,1586689700,4093.61,489,72.0,0
129,Somers,2023,2021,local,0.0209111277072442,0.0896191187453323,0.3577296489917849,0.2046303211351755,0.327109783420463,Tolland County,2021,0.7285071942446043,1.0,2019,1357427426.0,2019,508467300,1360.1,74,8.0,0
130,Southbury,2023,2021,region,0.0164960182025028,0.0748009101251422,0.3606370875995449,0.2263936291240045,0.3216723549488055,New Haven County,2021,0.8441032887975334,1.0,2019,3313326363.0,2019,989052500,2354.82,243,19.0,0
131,Southington,2023,2021,local,0.0167014613778705,0.0693753011080777,0.3528183716075156,0.2344628231893367,0.3266420427171992,Hartford County,2021,0.9692446043165468,1.0,2019,6351002217.0,2019,1939453800,6149.04,1371,139.0,0
132,South Windsor,2023,2021,local,0.0204081632653061,0.0784767515253524,0.384809593940669,0.2409004839049021,0.2754050073637702,Hartford County,2021,0.9692446043165468,1.0,2019,4477495898.0,2019,1222668600,4894.42,757,360.0,0
133,Sprague,2023,2021,local,0.0931899641577061,0.1075268817204301,0.5017921146953405,0.2974910394265233,0.0,New London County,2021,0.8435380267214799,1.0,2019,286662001.0,2019,100883200,376.16,214,12.0,0
134,Stafford,2023,2021,local,0.0632727272727272,0.0727272727272727,0.3403636363636363,0.2567272727272727,0.2669090909090909,Tolland County,2021,0.7285071942446043,1.0,2019,1169182413.0,2019,431253900,1392.97,413,11.0,0
135,Stamford,2023,2021,local,0.0128430021300588,0.0763688760806916,0.3720711690264378,0.2260994862799148,0.3126174664828969,Fairfield County,2021,1.2995118191161357,1.0998372730387118,2019,33016329131.0,2019,6922498300,15948.17,8572,2184.0,1
136,Sterling,2023,2021,local,0.0729483282674772,0.0972644376899696,0.4468085106382978,0.3829787234042553,0.0,Windham County,2021,0.652158273381295,1.0,2019,391017107.0,2019,118442000,430.39,139,0.0,0
137,Stonington,2023,2021,local,0.0182724252491694,0.0669988925802879,0.358250276854928,0.2198228128460686,0.3366555924695459,New London County,2021,0.8435380267214799,1.0,2019,4442709950.0,2019,949589300,1881.97,444,11.0,0
138,Stratford,2023,2021,local,0.025221238938053,0.0678466076696165,0.3424778761061947,0.2377581120943953,0.3266961651917404,Fairfield County,2021,1.2995118191161357,1.0998372730387118,2019,6820084632.0,2019,1932675300,7068.02,3514,509.0,1
139,Suffield,2023,2021,local,0.0201870999507631,0.0718857705563761,0.3377646479566716,0.2166420482520925,0.3535204332840965,Hartford County,2021,0.9692446043165468,1.0,2019,2229391807.0,2019,784766400,1988.0,284,44.0,0
140,Thomaston,2023,2021,local,0.0595947556615017,0.0762812872467222,0.3933253873659118,0.232419547079857,0.2383790226460071,Litchfield County,2021,0.7109969167523125,1.0,2019,886571052.0,2019,277077000,944.27,306,23.0,0
141,Thompson,2023,2021,local,0.048025613660619,0.071504802561366,0.3948772678762006,0.247598719316969,0.2379935965848452,Windham County,2021,0.652158273381295,1.0,2019,1011830428.0,2019,327376300,957.91,403,2.0,1
142,Tolland,2023,2021,local,0.0239385727190605,0.0618789521228545,0.3364950316169828,0.2402890695573622,0.3373983739837398,Tolland County,2021,0.7285071942446043,1.0,2019,1823444350.0,2019,787367700,2283.63,330,24.0,0
143,Torrington,2023,2021,local,0.0237908496732026,0.0786928104575163,0.3835294117647059,0.2635294117647059,0.2504575163398693,Litchfield County,2021,0.7109969167523125,1.0,2019,2917726089.0,2019,1102588800,4180.67,2610,441.0,1
144,Trumbull,2023,2021,local,0.0334886429819452,0.0685789167152009,0.3573092603377985,0.2236458940011648,0.3169772859638905,Fairfield County,2021,1.2995118191161357,1.0998372730387118,2019,7234399798.0,2019,1824897100,6739.15,1157,295.0,0
145,Union,2023,2021,local,0.024390243902439,0.0975609756097561,0.5121951219512195,0.3658536585365853,0.0,Tolland County,2021,0.7285071942446043,1.0,2019,142597226.0,2019,41401300,69.0,6,0.0,0
146,Vernon,2023,2021,local,0.0378668349637109,0.0814136951719785,0.3493215525402335,0.2243609971599874,0.3070369201640896,Tolland County,2021,0.7285071942446043,1.0,2019,2837530661.0,2019,1035277500,3377.74,1809,129.0,1
147,Voluntown,2023,2021,local,0.1585365853658536,0.0528455284552845,0.4268292682926829,0.3577235772357723,0.0040650406504065,New London County,2021,0.8435380267214799,1.0,2019,341960406.0,2019,90526900,311.67,93,0.0,0
148,Wallingford,2023,2021,local,0.042420814479638,0.0674962292609351,0.3391779788838612,0.2256787330316742,0.3252262443438914,New Haven County,2021,0.8441032887975334,1.0,2019,6714365812.0,2019,1847986500,5351.58,1688,349.0,0
149,Warren,2023,2021,statewide,0.0346661487637028,0.0700502993636071,0.3498866106389824,0.2253270243335922,0.3200699169001153,Litchfield County,2021,0.7109969167523125,1.0,2019,701459359.0,2019,97302000,133.39,24,0.0,0
150,Washington,2023,2021,region,0.0459317585301837,0.0590551181102362,0.2716535433070866,0.2047244094488188,0.4186351706036745,Litchfield County,2021,0.7109969167523125,1.0,2019,1763218775.0,2019,265740200,274.94,82,8.0,0
151,Waterbury,2023,2021,local,0.0428801719505642,0.0803868887694787,0.3803868887694788,0.2145620634067705,0.2817839871037076,New Haven County,2021,0.8441032887975334,1.0,2019,7244162032.0,2019,2364004600,18355.28,13344,3185.0,1
152,Waterford,2023,2021,local,0.0245266781411359,0.0649741824440619,0.3377796901893287,0.2444061962134251,0.3283132530120481,New London County,2021,0.8435380267214799,1.0,2019,4908983774.0,2019,818128700,2527.24,728,94.0,0
153,Watertown,2023,2021,local,0.0286932919736331,0.0752229546335789,0.3695230709577355,0.2225668863900736,0.3039937960449786,Litchfield County,2021,0.7109969167523125,1.0,2019,2783519215.0,2019,880929500,2677.17,941,128.0,0
154,Westbrook,2023,2021,local,0.0700636942675159,0.0668789808917197,0.3328025477707006,0.1942675159235669,0.3359872611464968,Middlesex County,2021,0.8033016443987667,1.0,2019,1774817249.0,2019,406538100,643.71,232,79.0,0
155,West Hartford,2023,2021,local,0.0297867663222686,0.0710046163992086,0.3517256539898878,0.2196087052099362,0.3278742580786986,Hartford County,2021,0.9692446043165468,1.0,2019,10107519211.0,2019,3515968700,9271.17,2214,577.0,0
156,West Haven,2023,2021,local,0.0171994440583738,0.0839124391938846,0.3771716469770674,0.2211605281445448,0.3005559416261292,New Haven County,2021,0.8441032887975334,1.0,2019,4653954120.0,2019,1558940000,6727.98,3750,1070.0,1
157,Weston,2023,2021,local,0.013477088948787,0.0566037735849056,0.3459119496855345,0.2425876010781671,0.3414195867026056,Fairfield County,2021,1.2995118191161357,1.0998372730387118,2019,3184290535.0,2019,1036574700,2208.33,30,19.0,0
158,Westport,2023,2021,local,0.0135772204412596,0.0752404299453139,0.363190646803696,0.224212709786913,0.3237789930228172,Fairfield County,2021,1.2995118191161357,1.0998372730387118,2019,16334520630.0,2019,3185598300,5249.16,120,50.0,0
159,Wethersfield,2023,2021,local,0.0197661469933184,0.0701559020044543,0.3521714922048998,0.2355233853006681,0.3223830734966592,Hartford County,2021,0.9692446043165468,1.0,2019,3479972719.0,2019,1181771700,3803.1,1065,346.0,0
160,Willington,2023,2021,local+region,0.0223942478988674,0.0511868523402684,0.3199178271266778,0.2223428898530411,0.3841581827811451,Tolland County,2021,0.7285071942446043,1.0,2019,680646673.0,2019,242887100,586.93,224,11.0,0
161,Wilton,2023,2021,local,0.015532940546331,0.0682913765399036,0.3425281199785752,0.240224959828602,0.3334226031065881,Fairfield County,2021,1.2995118191161357,1.0998372730387118,2019,6123093835.0,2019,1591805800,3697.93,270,29.0,0
162,Winchester,2023,2021,local,0.0769230769230769,0.1788908765652951,0.631484794275492,0.1127012522361359,0.0,Litchfield County,2021,0.7109969167523125,1.0,2019,1094339930.0,2019,371122200,1067.74,588,31.0,1
163,Windham,2023,2021,local,0.067313713212273,0.0807764558547276,0.3941765810895429,0.2554790231684408,0.2022542266750156,Windham County,2021,0.652158273381295,1.0,2019,1467981594.0,2019,481286800,3122.25,2325,997.0,1
164,Windsor,2023,2021,local,0.032059186189889,0.0675092478421701,0.3335388409371146,0.2234895191122071,0.343403205918619,Hartford County,2021,0.9692446043165468,1.0,2019,5368290587.0,2019,1156191400,3885.44,1612,117.0,1
165,Windsor Locks,2023,2021,local,0.0615894039735099,0.0662251655629139,0.3397350993377483,0.2092715231788079,0.3231788079470198,Hartford County,2021,0.9692446043165468,1.0,2019,2310464281.0,2019,483685100,1547.87,639,100.0,1
166,Wolcott,2023,2021,local,0.0250812819321876,0.0701346957733395,0.3516024152345564,0.2350209010682768,0.3181607059916396,New Haven County,2021,0.8441032887975334,1.0,2019,1918848194.0,2019,641684100,2314.69,649,90.0,0
167,Woodbridge,2023,2021,local+region,0.0117069793280615,0.0747945901515043,0.3817776036428963,0.233135760057976,0.2985850668195616,New Haven County,2021,0.8441032887975334,1.0,2019,1587537299.0,2019,541571000,1556.94,216,35.0,0
168,Woodbury,2023,2021,region,0.0188916876574307,0.0566750629722921,0.3041561712846348,0.1952141057934509,0.4250629722921914,Litchfield County,2021,0.7109969167523125,1.0,2019,1645223711.0,2019,502085700,998.62,198,21.0,0
169,Woodstock,2023,2021,local,0.0379746835443038,0.0911392405063291,0.5189873417721519,0.3518987341772152,0.0,Windham County,2021,0.652158273381295,1.0,2019,1188106507.0,2019,354522500,1246.86,170,8.0,0
1,Andover,2024,2022,local+region,0.0851980294564047,0.0612360836717908,0.3301423641435682,0.1942011412872974,0.3292223814409388,Tolland County,2022,0.7275256348708101,1.0,2020,454286175.0,2020,136876000,360.0,80,9.0,0
2,Ansonia,2024,2022,local,0.0497427101200686,0.0754716981132075,0.3803602058319039,0.2311320754716981,0.2632933104631217,New Haven County,2022,0.8395804867240297,1.0,2020,1862158093.0,2020,557164400,2448.26,1571,156.0,1
3,Ashford,2024,2022,local+region,0.0651575107052026,0.0760170958227364,0.3420769312023141,0.1828030161451519,0.3339454461245947,Windham County,2022,0.6572374656868176,1.0,2020,545880312.0,2020,213716400,496.87,175,5.0,0
4,Avon,2024,2022,local,0.0183515775917578,0.065035415325177,0.3644558918222794,0.2504829362524147,0.3016741790083709,Hartford County,2022,0.9652867535728794,1.0,2020,4138176485.0,2020,1365599300,3116.08,256,87.0,0
5,Barkhamsted,2024,2022,local+region,0.0337777917297776,0.0527777995777776,0.3040001255679989,0.2145329262837365,0.3949113568407091,Litchfield County,2022,0.7124093701146029,1.0,2020,607068057.0,2020,154458300,443.27,99,2.0,0
6,Beacon Falls,2024,2022,region,0.0209397344228804,0.0776302349336057,0.3631256384065373,0.2252298263534218,0.3130745658835546,New Haven County,2022,0.8395804867240297,1.0,2020,927897227.0,2020,260179000,713.49,193,15.0,0
7,Berlin,2024,2022,local,0.0205070842654735,0.0671140939597315,0.3579418344519016,0.2184936614466816,0.3359433258762118,Hartford County,2022,0.9652867535728794,1.0,2020,3766876389.0,2020,1028759700,2691.46,562,93.0,0
8,Bethany,2024,2022,local+region,0.0329552362352393,0.0545028906967419,0.3967303439088428,0.2203008394014252,0.2955106897577506,New Haven County,2022,0.8395804867240297,1.0,2020,1021488621.0,2020,393531400,787.98,93,35.0,0
9,Bethel,2024,2022,local,0.0313372634191746,0.0552280484021098,0.3347812596959355,0.2373565001551349,0.3412969283276451,Fairfield County,2022,1.2898802269901646,1.0966267423300549,2020,3618731549.0,2020,840830200,3174.37,937,186.0,0
10,Bethlehem,2024,2022,region,0.0278293135435992,0.059369202226345,0.3011750154607298,0.1880024737167594,0.4236239950525665,Litchfield County,2022,0.7124093701146029,1.0,2020,691489178.0,2020,157480300,358.66,115,1.0,0
11,Bloomfield,2024,2022,local,0.1586374695863747,0.04330900243309,0.2652068126520681,0.2175182481751824,0.3153284671532846,Hartford County,2022,0.9652867535728794,1.0,2020,3856242814.0,2020,887779300,2382.54,1389,95.0,1
12,Bolton,2024,2022,local,0.0163487738419618,0.0735694822888283,0.3555858310626703,0.2329700272479564,0.3215258855585831,Tolland County,2022,0.7275256348708101,1.0,2020,749622556.0,2020,235706900,709.46,143,10.0,0
13,Bozrah,2024,2022,local,0.088235294117647,0.1235294117647058,0.4705882352941176,0.3058823529411765,0.0117647058823529,New London County,2022,0.8373893669140908,1.0,2020,456595773.0,2020,99808600,274.35,101,6.0,0
14,Branford,2024,2022,local,0.0445115050924179,0.0690305545077329,0.3428894756695586,0.2248208223311957,0.3187476423990947,New Haven County,2022,0.8395804867240297,1.0,2020,6406841214.0,2020,1382778400,2688.46,995,190.0,0
15,Bridgeport,2024,2022,local,0.0476806122976676,0.0787092103221802,0.3787040388891762,0.2177690438020375,0.2771370946889383,Fairfield County,2022,1.2898802269901646,1.0966267423300549,2020,11426465262.0,2020,3350637800,19091.97,15401,5135.0,1
16,Bridgewater,2024,2022,region,0.0534825870646766,0.0534825870646766,0.2748756218905472,0.1990049751243781,0.4191542288557214,Litchfield County,2022,0.7124093701146029,1.0,2020,652130640.0,2020,129078000,134.07,17,1.0,0
17,Bristol,2024,2022,local,0.0359712230215827,0.066546762589928,0.34827852004111,0.2225077081192189,0.3266957862281603,Hartford County,2022,0.9652867535728794,1.0,2020,6909893694.0,2020,2125861900,7975.89,4276,475.0,1
18,Brookfield,2024,2022,local,0.0124853687085446,0.0612563402262973,0.3460788138899727,0.2356613343737807,0.3445181428014046,Fairfield County,2022,1.2898802269901646,1.0966267423300549,2020,3960190585.0,2020,927311300,2623.38,589,101.0,0
19,Brooklyn,2024,2022,local,0.1052048726467331,0.0786267995570321,0.5094130675526024,0.2934662236987818,0.0132890365448504,Windham County,2022,0.6572374656868176,1.0,2020,926591314.0,2020,277914500,1232.28,389,15.0,0
20,Burlington,2024,2022,region,0.023288309268747,0.0773171867722403,0.36003726129483,0.231485794131346,0.3078714485328365,Hartford County,2022,0.9652867535728794,1.0,2020,1609189073.0,2020,528309200,1454.02,172,27.0,0
21,Canaan,2024,2022,local+region,0.0,0.0675152687911955,0.3867388280824817,0.2430005442341416,0.3027453588921812,Litchfield County,2022,0.7124093701146029,1.0,2020,297415347.0,2020,60426800,101.82,30,1.0,0
22,Canterbury,2024,2022,local,0.1012658227848101,0.0822784810126582,0.4746835443037974,0.3312236286919831,0.010548523206751,Windham County,2022,0.6572374656868176,1.0,2020,607955537.0,2020,213556400,618.03,178,4.0,0
23,Canton,2024,2022,local,0.0268324607329842,0.0615183246073298,0.3573298429319371,0.2401832460732984,0.3141361256544502,Hartford County,2022,0.9652867535728794,1.0,2020,1740606002.0,2020,529804400,1518.41,168,12.0,0
24,Chaplin,2024,2022,local+region,0.0624864931616807,0.0624864931616807,0.3788243647926893,0.2628044827266833,0.2333981661572659,Windham County,2022,0.6572374656868176,1.0,2020,320868376.0,2020,87653500,266.82,115,1.0,0
25,Cheshire,2024,2022,local,0.027328897338403,0.0674904942965779,0.3785646387832699,0.2210076045627376,0.3056083650190114,New Haven County,2022,0.8395804867240297,1.0,2020,5061282379.0,2020,1533614100,4150.95,668,124.0,0
26,Chester,2024,2022,local+region,0.0,0.0816130743064071,0.4106157801041107,0.2125959781239127,0.2951751674655695,Middlesex County,2022,0.8063197803956326,1.0,2020,723782223.0,2020,169451000,401.0,96,3.0,0
27,Clinton,2024,2022,local,0.0380761523046092,0.0587842351369405,0.3420173680694723,0.2070808283233133,0.3540414161656646,Middlesex County,2022,0.8063197803956326,1.0,2020,2442344838.0,2020,588811500,1503.16,529,127.0,0
28,Colchester,2024,2022,local,0.0474272930648769,0.0778523489932885,0.3557046979865771,0.214317673378076,0.3046979865771812,New London County,2022,0.8373893669140908,1.0,2020,2252056359.0,2020,735725500,2201.37,531,37.0,0
29,Colebrook,2024,2022,local+region,0.0,0.042803885613833,0.3179717217027596,0.2436388985709306,0.3955854941124767,Litchfield County,2022,0.7124093701146029,1.0,2020,275208057.0,2020,65745900,159.79,51,0.0,0
30,Columbia,2024,2022,local,0.0711206896551724,0.1185344827586206,0.5086206896551724,0.2995689655172414,0.0021551724137931,Tolland County,2022,0.7275256348708101,1.0,2020,896764543.0,2020,279112600,637.29,142,3.0,0
31,Cornwall,2024,2022,local+region,0.0077060585563822,0.0924727026765871,0.3707363030244468,0.2559909169968112,0.2730940187457725,Litchfield County,2022,0.7124093701146029,1.0,2020,652655082.0,2020,92841400,123.1,44,2.0,0
32,Coventry,2024,2022,local,0.0645745322872661,0.0718165359082679,0.3699456849728424,0.2347616173808087,0.2589016294508147,Tolland County,2022,0.7275256348708101,1.0,2020,1760193623.0,2020,578453000,1625.42,385,18.0,0
33,Cromwell,2024,2022,local,0.0277349768875192,0.0698510529019003,0.3687724704673857,0.2516692347200822,0.2819722650231124,Middlesex County,2022,0.8063197803956326,1.0,2020,2458662830.0,2020,640484600,2000.95,462,105.0,0
34,Danbury,2024,2022,local,0.019819968618383,0.0744900487240895,0.3751754893054753,0.2248740606160706,0.3056404327359815,Fairfield County,2022,1.2898802269901646,1.0966267423300549,2020,14001974575.0,2020,2969973500,11991.87,5822,4172.0,1
35,Darien,2024,2022,local,0.0202127659574468,0.0736170212765957,0.3734042553191489,0.2285106382978723,0.3042553191489361,Fairfield County,2022,1.2898802269901646,1.0966267423300549,2020,14119331205.0,2020,2806540300,4652.87,62,62.0,0
36,Deep River,2024,2022,local+region,0.0,0.0575053104609733,0.2747475944246507,0.2655653631001244,0.4021817320142515,Middlesex County,2022,0.8063197803956326,1.0,2020,791938782.0,2020,207976600,483.4,169,10.0,0
37,Derby,2024,2022,local,0.0432801822323462,0.0668185269552012,0.3690205011389522,0.2209567198177676,0.2999240698557327,New Haven County,2022,0.8395804867240297,1.0,2020,1169770904.0,2020,428931300,1443.12,790,58.0,1
38,Durham,2024,2022,region,0.0212454212454212,0.0754578754578754,0.3787545787545787,0.2285714285714286,0.295970695970696,Middlesex County,2022,0.8063197803956326,1.0,2020,1062373464.0,2020,455955800,891.32,122,14.0,0
39,Eastford,2024,2022,local,0.1038961038961039,0.0974025974025974,0.5,0.2857142857142857,0.0129870129870129,Windham County,2022,0.6572374656868176,1.0,2020,269225835.0,2020,70005200,193.8,50,1.0,0
40,East Granby,2024,2022,local,0.0127314814814814,0.0752314814814814,0.3796296296296296,0.2280092592592592,0.3043981481481481,Hartford County,2022,0.9652867535728794,1.0,2020,1012384886.0,2020,218239500,886.29,118,14.0,0
41,East Haddam,2024,2022,local,0.0474747474747474,0.0818181818181818,0.3626262626262626,0.2323232323232323,0.2757575757575757,Middlesex County,2022,0.8063197803956326,1.0,2020,1551002123.0,2020,461968500,975.96,251,10.0,0
42,East Hampton,2024,2022,local,0.0344632768361581,0.0774011299435028,0.3463276836158192,0.2457627118644068,0.296045197740113,Middlesex County,2022,0.8063197803956326,1.0,2020,1705346995.0,2020,550608500,1788.46,355,9.0,0
43,East Hartford,2024,2022,local,0.0500625782227784,0.068523153942428,0.3613892365456821,0.1980600750938673,0.321964956195244,Hartford County,2022,0.9652867535728794,1.0,2020,5269862528.0,2020,1446074300,7960.89,5398,1224.0,1
44,East Haven,2024,2022,local,0.0658578856152513,0.0696707105719237,0.3393414211438474,0.2232235701906412,0.3019064124783362,New Haven County,2022,0.8395804867240297,1.0,2020,3411873928.0,2020,896612000,3102.42,1610,366.0,1
45,East Lyme,2024,2022,local,0.0194879633167749,0.0599923576614444,0.3259457393962552,0.2109285441345051,0.3836453954910202,New London County,2022,0.8373893669140908,1.0,2020,4074457778.0,2020,884259100,2479.33,599,106.0,0
46,Easton,2024,2022,local+region,0.019697401954283,0.0757592382857039,0.3636443437713789,0.2250049377085407,0.3158940782800935,Fairfield County,2022,1.2898802269901646,1.0966267423300549,2020,2167761292.0,2020,576383600,1298.86,121,27.0,0
47,East Windsor,2024,2022,local,0.0504854368932038,0.0834951456310679,0.3650485436893204,0.233009708737864,0.2679611650485436,Hartford County,2022,0.9652867535728794,1.0,2020,1656190391.0,2020,453106800,1087.11,539,72.0,1
48,Ellington,2024,2022,local,0.031322505800464,0.0692188708430007,0.3766434648105182,0.2281515854601701,0.2946635730858468,Tolland County,2022,0.7275256348708101,1.0,2020,2147498040.0,2020,799821500,2582.84,414,46.0,0
49,Enfield,2024,2022,local,0.046611031956035,0.0659474862609403,0.3391003460207612,0.2308162019132912,0.3175249338489721,Hartford County,2022,0.9652867535728794,1.0,2020,5116353761.0,2020,1588667700,5091.49,2289,154.0,1
50,Essex,2024,2022,local+region,0.0529464618351559,0.061219346496899,0.3160241940785869,0.2282549144222129,0.3415550831671451,Middlesex County,2022,0.8063197803956326,1.0,2020,1809115902.0,2020,395473600,583.2,131,21.0,0
51,Fairfield,2024,2022,local,0.0157799338948715,0.0675978249280307,0.3637914489817678,0.2291289050005331,0.3237018871947968,Fairfield County,2022,1.2898802269901646,1.0966267423300549,2020,16502489153.0,2020,4193317800,9360.1,1603,259.0,0
52,Farmington,2024,2022,local,0.0245960935616108,0.0641427537979262,0.3756932722449964,0.2266698818422956,0.3088979985531709,Hartford County,2022,0.9652867535728794,1.0,2020,6434680232.0,2020,1410143600,4103.58,593,185.0,0
53,Franklin,2024,2022,local,0.1016042780748663,0.1443850267379679,0.4491978609625668,0.3048128342245989,0.0,New London County,2022,0.8373893669140908,1.0,2020,376548110.0,2020,77674100,236.02,43,0.0,0
54,Glastonbury,2024,2022,local,0.0146565424686561,0.072929542645241,0.3581140738124669,0.2254988521984813,0.3288009888751545,Hartford County,2022,0.9652867535728794,1.0,2020,6975180873.0,2020,2090042300,5705.66,741,192.0,0
55,Goshen,2024,2022,statewide,0.0370273001851949,0.0678093835988572,0.3519774572406151,0.222023590444643,0.3211622685306896,Litchfield County,2022,0.7124093701146029,1.0,2020,986314341.0,2020,163913100,302.02,79,4.0,0
56,Granby,2024,2022,local,0.0235903337169159,0.0569620253164556,0.3659378596087457,0.2307249712313003,0.3227848101265823,Hartford County,2022,0.9652867535728794,1.0,2020,1764833949.0,2020,619551300,1689.97,216,14.0,0
57,Greenwich,2024,2022,local,0.0233644859813084,0.0741822429906542,0.3578271028037383,0.2239485981308411,0.3206775700934579,Fairfield County,2022,1.2898802269901646,1.0966267423300549,2020,53622467631.0,2020,6686152300,8323.34,1565,407.0,0
58,Griswold,2024,2022,local,0.0382608695652173,0.0666666666666666,0.367536231884058,0.2046376811594203,0.3228985507246377,New London County,2022,0.8373893669140908,1.0,2020,1385647339.0,2020,417324700,1584.33,791,18.0,0
59,Groton,2024,2022,local,0.0484892787524366,0.0882066276803118,0.384990253411306,0.2224658869395711,0.2558479532163742,New London County,2022,0.8373893669140908,1.0,2020,6930788749.0,2020,1441993700,4411.47,2026,177.0,1
60,Guilford,2024,2022,local,0.018066561014263,0.0652931854199683,0.347068145800317,0.2294770206022187,0.3400950871632329,New Haven County,2022,0.8395804867240297,1.0,2020,5532183161.0,2020,1357344200,3154.65,386,47.0,0
61,Haddam,2024,2022,region,0.0242557883131201,0.0727673649393605,0.3759647188533627,0.2227122381477398,0.3042998897464167,Middlesex County,2022,0.8063197803956326,1.0,2020,1372903349.0,2020,405563600,1119.91,191,7.0,0
62,Hamden,2024,2022,local,0.0362106803218727,0.0623628383321141,0.3401609363569861,0.2269568397951719,0.3343087051938551,New Haven County,2022,0.8395804867240297,1.0,2020,5986998256.0,2020,2222557500,6256.06,2654,422.0,1
63,Hampton,2024,2022,local+region,0.0794736658406338,0.0971344804718858,0.3355554779937873,0.2700429304387282,0.2177934452549649,Windham County,2022,0.6572374656868176,1.0,2020,305308775.0,2020,73479500,119.84,40,0.0,0
64,Hartford,2024,2022,local,0.0783951353284845,0.0656969118874448,0.3456539883152498,0.2192679146297841,0.2909860498390366,Hartford County,2022,0.9652867535728794,1.0,2020,8062393752.0,2020,2588001300,18609.08,16451,4607.0,1
65,Hartland,2024,2022,local,0.043103448275862,0.0603448275862069,0.5344827586206896,0.3620689655172414,0.0,Hartford County,2022,0.9652867535728794,1.0,2020,306991411.0,2020,91340000,194.67,37,1.0,0
66,Harwinton,2024,2022,region,0.023288309268747,0.0773171867722403,0.36003726129483,0.231485794131346,0.3078714485328365,Litchfield County,2022,0.7124093701146029,1.0,2020,1001264687.0,2020,264603900,732.57,142,6.0,0
67,Hebron,2024,2022,local+region,0.0541678834725112,0.0680967677940141,0.350543588757823,0.207720155603283,0.3194716043723685,Tolland County,2022,0.7275256348708101,1.0,2020,1409758141.0,2020,524389400,1266.65,204,6.0,0
68,Kent,2024,2022,local+region,0.0726943699731903,0.0812466487935656,0.4366890080428954,0.2405093833780161,0.1688605898123324,Litchfield County,2022,0.7124093701146029,1.0,2020,1056753799.0,2020,172252700,194.61,60,3.0,0
69,Killingly,2024,2022,local,0.0481632653061224,0.066938775510204,0.3579591836734694,0.1971428571428571,0.3297959183673469,Windham County,2022,0.6572374656868176,1.0,2020,2327850321.0,2020,546213400,2222.31,1152,58.0,1
70,Killingworth,2024,2022,region,0.0242557883131201,0.0727673649393605,0.3759647188533627,0.2227122381477398,0.3042998897464168,Middlesex County,2022,0.8063197803956326,1.0,2020,1271551771.0,2020,305705000,698.34,62,5.0,0
71,Lebanon,2024,2022,local,0.0709812108559499,0.0657620041753653,0.3068893528183716,0.2171189979123173,0.3392484342379958,New London County,2022,0.8373893669140908,1.0,2020,1219861425.0,2020,333346900,865.0,250,10.0,0
72,Ledyard,2024,2022,local,0.0346964064436183,0.0648492358529533,0.3651383725733168,0.2222222222222222,0.3130937629078893,New London County,2022,0.8373893669140908,1.0,2020,1726045882.0,2020,629539900,2374.38,570,42.0,0
73,Lisbon,2024,2022,local,0.102974828375286,0.102974828375286,0.4874141876430206,0.3020594965675057,0.0045766590389016,New London County,2022,0.8373893669140908,1.0,2020,751158014.0,2020,175793500,573.12,198,8.0,0
74,Litchfield,2024,2022,local,0.035670356703567,0.050430504305043,0.3726937269372694,0.2472324723247232,0.2939729397293973,Litchfield County,2022,0.7124093701146029,1.0,2020,1870699251.0,2020,396569400,810.48,150,9.0,0
75,Lyme,2024,2022,region,0.0714285714285714,0.0690993788819875,0.3322981366459627,0.2096273291925466,0.3175465838509317,New London County,2022,0.8373893669140908,1.0,2020,973841416.0,2020,189639100,233.79,28,1.0,0
76,Madison,2024,2022,local,0.0192307692307692,0.069558101472995,0.3539279869067103,0.2135842880523731,0.3436988543371522,New Haven County,2022,0.8395804867240297,1.0,2020,5125254449.0,2020,1100886700,2482.62,93,37.0,0
77,Manchester,2024,2022,local,0.0390826873385012,0.0767118863049095,0.3730620155038759,0.209625322997416,0.3015180878552971,Hartford County,2022,0.9652867535728794,1.0,2020,7068660765.0,2020,2133907000,7479.95,3977,603.0,1
78,Mansfield,2024,2022,local+region,0.0379363933525189,0.0546054146740802,0.2908456823693118,0.2069257819228305,0.4096867276812584,Tolland County,2022,0.7275256348708101,1.0,2020,1965255463.0,2020,510132300,1612.87,441,78.0,0
79,Marlborough,2024,2022,local+region,0.0270536603753264,0.0676341509383161,0.3449341697854123,0.2238990154635936,0.3364790034373514,Hartford County,2022,0.9652867535728794,1.0,2020,872441443.0,2020,321538700,911.22,124,6.0,0
80,Meriden,2024,2022,local,0.0163383545770567,0.0713789107763615,0.3665121668597914,0.2407879490150637,0.3049826187717265,New Haven County,2022,0.8395804867240297,1.0,2020,5675195737.0,2020,1939487900,8911.85,6819,1529.0,1
81,Middlebury,2024,2022,region,0.0193139233208417,0.0651484577688094,0.3779187085615451,0.2300374747765926,0.307581435572211,New Haven County,2022,0.8395804867240297,1.0,2020,1683164547.0,2020,407254200,1200.97,201,27.0,0
82,Middlefield,2024,2022,region,0.0212454212454212,0.0754578754578754,0.3787545787545787,0.2285714285714285,0.295970695970696,Middlesex County,2022,0.8063197803956326,1.0,2020,761588773.0,2020,191289200,479.16,94,8.0,0
83,Middletown,2024,2022,local,0.031717263253285,0.0779338468509288,0.3790212958767557,0.2204349796103307,0.2908926144086995,Middlesex County,2022,0.8063197803956326,1.0,2020,6196990297.0,2020,1742274900,4530.79,2273,218.0,1
84,Milford,2024,2022,local,0.0438498699368264,0.0687476774433296,0.3489409141583054,0.2253808992939427,0.3130806391675957,New Haven County,2022,0.8395804867240297,1.0,2020,11507150449.0,2020,2754398600,5363.75,1487,125.0,0
85,Monroe,2024,2022,local,0.0244261330194231,0.0662154208357857,0.3687463213655091,0.227781047675103,0.3128310771041789,Fairfield County,2022,1.2898802269901646,1.0966267423300549,2020,3684657809.0,2020,982107100,3416.88,396,64.0,0
86,Montville,2024,2022,local,0.0272682201289043,0.0738720872583044,0.3678730788299454,0.255825483391175,0.2751611303916708,New London County,2022,0.8373893669140908,1.0,2020,2335597993.0,2020,663525800,2175.74,937,100.0,0
87,Morris,2024,2022,statewide,0.0370273001851949,0.0678093835988572,0.3519774572406151,0.222023590444643,0.3211622685306896,Litchfield County,2022,0.7124093701146029,1.0,2020,638619930.0,2020,102483300,220.77,54,7.0,0
88,Naugatuck,2024,2022,local,0.0375835831219737,0.0721697025593728,0.3580816232418722,0.2252709246022596,0.3068941664745215,New Haven County,2022,0.8395804867240297,1.0,2020,3167339939.0,2020,1078557100,4669.37,2550,487.0,1
89,New Britain,2024,2022,local,0.0336523618400741,0.0759493670886076,0.3881856540084388,0.2299063496964083,0.2723062673664711,Hartford County,2022,0.9652867535728794,1.0,2020,5084900743.0,2020,1725064900,11057.86,8279,1876.0,1
90,New Canaan,2024,2022,local,0.0117562380038387,0.0693378119001919,0.3625239923224568,0.2423224568138196,0.3140595009596928,Fairfield County,2022,1.2898802269901646,1.0966267423300549,2020,12399515908.0,2020,2301943000,4186.85,5,36.0,0
91,New Fairfield,2024,2022,local,0.0354643023798413,0.0587960802613159,0.3457769482034531,0.2314512365842277,0.3285114325711619,Fairfield County,2022,1.2898802269901646,1.0966267423300549,2020,3091460994.0,2020,701467000,2097.11,346,82.0,0
92,New Hartford,2024,2022,local+region,0.0388118849975472,0.0598811939962156,0.3360000329787658,0.2057503974628336,0.3595564905646376,Litchfield County,2022,0.7124093701146029,1.0,2020,1145626713.0,2020,384754000,855.32,166,7.0,0
93,New Haven,2024,2022,local,0.0628720626631853,0.0644386422976501,0.335195822454308,0.2249086161879895,0.3125848563968668,New Haven County,2022,0.8395804867240297,1.0,2020,13022271480.0,2020,3398333300,17312.47,13394,3807.0,1
94,Newington,2024,2022,local,0.0215900431800863,0.0632461264922529,0.3462026924053848,0.2283464566929134,0.3406146812293624,Hartford County,2022,0.9652867535728794,1.0,2020,3951453309.0,2020,1212444000,3996.95,1296,331.0,0
95,New London,2024,2022,local,0.0237449118046132,0.0529172320217096,0.430461329715061,0.1964043419267299,0.296472184531886,New London County,2022,0.8373893669140908,1.0,2020,2725879071.0,2020,702089600,3163.72,2774,919.0,1
96,New Milford,2024,2022,local,0.0255226717349986,0.0670648927504751,0.3377681238121097,0.2215585120825414,0.3480857996198751,Litchfield County,2022,0.7124093701146029,1.0,2020,4407462848.0,2020,1179079300,3666.88,1342,263.0,0
97,Newtown,2024,2022,local,0.0189857606794903,0.058955783162628,0.35898076442668,0.2253310017486884,0.3377466899825131,Fairfield County,2022,1.2898802269901646,1.0966267423300549,2020,5819344712.0,2020,1544238600,4021.49,546,57.0,0
98,Norfolk,2024,2022,local+region,0.0354625511943892,0.0496475716721449,0.2695153890773584,0.2694626566592256,0.3759118313968818,Litchfield County,2022,0.7124093701146029,1.0,2020,467893475.0,2020,71353800,133.14,54,3.0,0
99,North Branford,2024,2022,local,0.0357607282184655,0.0572171651495448,0.3719115734720416,0.2522756827048114,0.2828348504551365,New Haven County,2022,0.8395804867240297,1.0,2020,1901647632.0,2020,711333300,1580.39,352,28.0,0
100,North Canaan,2024,2022,local+region,0.0415935049807896,0.0887328106256845,0.3032892334973314,0.2294640218355035,0.3369204290606909,Litchfield County,2022,0.7124093701146029,1.0,2020,534792842.0,2020,115134900,351.27,129,18.0,0
101,North Haven,2024,2022,local,0.0203953561342955,0.0724819579541889,0.3831189206149984,0.2278004392845936,0.2962033260119234,New Haven County,2022,0.8395804867240297,1.0,2020,4996037259.0,2020,1173255100,3215.33,743,154.0,0
102,North Stonington,2024,2022,local,0.0461133069828722,0.0579710144927536,0.3570487483530962,0.2424242424242424,0.2964426877470356,New London County,2022,0.8373893669140908,1.0,2020,815412303.0,2020,192415500,753.51,151,0.0,0
103,Norwalk,2024,2022,local,0.0251867291992357,0.0687858259510161,0.3477505645301372,0.2130449887093972,0.3452318916102136,Fairfield County,2022,1.2898802269901646,1.0966267423300549,2020,23590931324.0,2020,4603836500,11977.92,5866,2269.0,1
104,Norwich,2024,2022,local,0.056152927120669,0.0955794504181601,0.519115890083632,0.307347670250896,0.0218040621266427,New London County,2022,0.8373893669140908,1.0,2020,3226101077.0,2020,1236484500,4959.21,3484,934.0,1
105,Old Lyme,2024,2022,region,0.0714285714285714,0.0690993788819875,0.3322981366459627,0.2096273291925466,0.3175465838509316,New London County,2022,0.8373893669140908,1.0,2020,2854562244.0,2020,603079300,1067.72,145,28.0,0
106,Old Saybrook,2024,2022,local,0.0822429906542056,0.0635514018691588,0.2878504672897196,0.2373831775700934,0.3289719626168224,Middlesex County,2022,0.8063197803956326,1.0,2020,4085424226.0,2020,545177300,1055.34,260,88.0,0
107,Orange,2024,2022,local+region,0.024386863409823,0.0718541511182285,0.3784318625560035,0.2389414499865949,0.2863856729293501,New Haven County,2022,0.8395804867240297,1.0,2020,3517889933.0,2020,780135900,2279.75,293,81.0,0
108,Oxford,2024,2022,local,0.0151426907396622,0.0658124635993011,0.361094933022714,0.2393709959231217,0.3185789167152009,New Haven County,2022,0.8395804867240297,1.0,2020,2406878513.0,2020,637879200,1774.86,253,28.0,0
109,Plainfield,2024,2022,local,0.0380658436213991,0.0817901234567901,0.3693415637860082,0.2299382716049382,0.2808641975308642,Windham County,2022,0.6572374656868176,1.0,2020,1844664397.0,2020,452805800,1991.38,1092,32.0,1
110,Plainville,2024,2022,local,0.050632911392405,0.0593627237014404,0.349628982976866,0.2357049323439546,0.3046704495853339,Hartford County,2022,0.9652867535728794,1.0,2020,2415682174.0,2020,710450700,2303.25,902,158.0,0
111,Plymouth,2024,2022,local,0.055895865237366,0.062021439509954,0.3767228177641654,0.2166921898928024,0.2886676875957121,Litchfield County,2022,0.7124093701146029,1.0,2020,1267924588.0,2020,459047700,1426.28,652,37.0,0
112,Pomfret,2024,2022,local,0.0675675675675675,0.0837837837837837,0.4783783783783784,0.3702702702702702,0.0,Windham County,2022,0.6572374656868176,1.0,2020,551043733.0,2020,199094500,560.91,106,7.0,0
113,Portland,2024,2022,local,0.0338709677419354,0.0758064516129032,0.3838709677419354,0.25,0.2564516129032258,Middlesex County,2022,0.8063197803956326,1.0,2020,1396249653.0,2020,443644600,1231.99,287,35.0,0
114,Preston,2024,2022,local,0.1022727272727272,0.1022727272727272,0.5045454545454545,0.2863636363636364,0.0045454545454545,New London County,2022,0.8373893669140908,1.0,2020,794113894.0,2020,182848300,633.0,149,8.0,0
115,Prospect,2024,2022,region,0.0209397344228804,0.0776302349336057,0.3631256384065373,0.2252298263534218,0.3130745658835546,New Haven County,2022,0.8395804867240297,1.0,2020,1281366382.0,2020,392955700,1296.68,254,30.0,0
116,Putnam,2024,2022,local,0.0843881856540084,0.0734177215189873,0.4050632911392405,0.2092827004219409,0.2278481012658227,Windham County,2022,0.6572374656868176,1.0,2020,1286164439.0,2020,312150400,1120.96,593,52.0,1
117,Redding,2024,2022,local+region,0.0351750260268611,0.0628125464765378,0.3819002825773501,0.2169126604989773,0.3031994844202734,Fairfield County,2022,1.2898802269901646,1.0966267423300549,2020,2622997324.0,2020,677776000,1174.85,119,15.0,0
118,Ridgefield,2024,2022,local,0.0122591943957968,0.0626094570928196,0.3629597197898423,0.2250437828371278,0.3371278458844133,Fairfield County,2022,1.2898802269901646,1.0966267423300549,2020,7796507417.0,2020,2053131400,4545.48,321,84.0,0
119,Rocky Hill,2024,2022,local,0.0223529411764705,0.0745098039215686,0.3658823529411765,0.2498039215686274,0.2874509803921569,Hartford County,2022,0.9652867535728794,1.0,2020,3766723871.0,2020,942975600,2678.98,535,229.0,0
120,Roxbury,2024,2022,region,0.0534825870646766,0.0534825870646766,0.2748756218905472,0.1990049751243781,0.4191542288557214,Litchfield County,2022,0.7124093701146029,1.0,2020,1156373954.0,2020,155978100,159.05,37,1.0,0
121,Salem,2024,2022,local,0.054862842892768,0.0648379052369077,0.543640897755611,0.3266832917705736,0.0099750623441396,New London County,2022,0.8373893669140908,1.0,2020,663959655.0,2020,217675100,578.62,107,4.0,0
122,Salisbury,2024,2022,local+region,0.0386285397962184,0.1186448008026709,0.430994516235058,0.2301364886605428,0.1815956545055097,Litchfield County,2022,0.7124093701146029,1.0,2020,2042595994.0,2020,197703700,341.93,65,8.0,0
123,Scotland,2024,2022,local+region,0.0977400038632412,0.0671962526559783,0.3848512652115124,0.2329051574270813,0.2173073208421866,Windham County,2022,0.6572374656868176,1.0,2020,210480885.0,2020,57855500,165.97,51,2.0,0
124,Seymour,2024,2022,local,0.0201593999062353,0.0867323019221753,0.3792780121894046,0.2259728082512892,0.2878574777308954,New Haven County,2022,0.8395804867240297,1.0,2020,1888907180.0,2020,647652400,2209.48,957,141.0,0
125,Sharon,2024,2022,local+region,0.0,0.1342426417803302,0.4113424264178033,0.2225412778176597,0.2318736539842067,Litchfield County,2022,0.7124093701146029,1.0,2020,1312465949.0,2020,204012000,122.8,46,4.0,0
126,Shelton,2024,2022,local,0.0170656028368794,0.0769060283687943,0.3643617021276595,0.2553191489361702,0.2863475177304964,Fairfield County,2022,1.2898802269901646,1.0966267423300549,2020,8905003964.0,2020,1971786800,4667.66,1490,341.0,0
127,Sherman,2024,2022,local,0.1018867924528302,0.0830188679245283,0.430188679245283,0.3811320754716981,0.0037735849056603,Fairfield County,2022,1.2898802269901646,1.0966267423300549,2020,1111450863.0,2020,319957400,368.28,28,1.0,0
128,Simsbury,2024,2022,local,0.0109090909090909,0.0712727272727272,0.3774545454545454,0.230060606060606,0.3103030303030303,Hartford County,2022,0.9652867535728794,1.0,2020,4318606166.0,2020,1620330300,4132.72,532,78.0,0
129,Somers,2024,2022,local,0.0267657992565055,0.0617100371747211,0.3947955390334572,0.2275092936802974,0.2892193308550186,Tolland County,2022,0.7275256348708101,1.0,2020,1332514099.0,2020,467119000,1335.5,78,15.0,0
130,Southbury,2024,2022,region,0.0193139233208417,0.0651484577688094,0.3779187085615451,0.2300374747765926,0.3075814355722109,New Haven County,2022,0.8395804867240297,1.0,2020,3896437889.0,2020,1060735600,2311.48,276,35.0,0
131,Southington,2024,2022,local,0.0183004455760662,0.0682686187141947,0.3593252705283259,0.2277211966900063,0.3263844684914067,Hartford County,2022,0.9652867535728794,1.0,2020,6339789130.0,2020,2064100300,6152.28,1404,162.0,0
132,South Windsor,2024,2022,local,0.017633791265122,0.0725856059052696,0.3949149067049415,0.2349805208119745,0.2798851753126922,Hartford County,2022,0.9652867535728794,1.0,2020,5132670529.0,2020,1373290300,5019.03,771,424.0,0
133,Sprague,2024,2022,local,0.0905797101449275,0.0978260869565217,0.4818840579710144,0.3188405797101449,0.0108695652173913,New London County,2022,0.8373893669140908,1.0,2020,316156907.0,2020,106096600,369.35,211,10.0,0
134,Stafford,2024,2022,local,0.0642398286937901,0.0663811563169164,0.3411848679514632,0.2412562455389008,0.2869379014989293,Tolland County,2022,0.7275256348708101,1.0,2020,1177691102.0,2020,438602600,1417.34,481,14.0,0
135,Stamford,2024,2022,local,0.0164005446218591,0.0715435078598836,0.3696620868919421,0.2247802945909147,0.3176135660354004,Fairfield County,2022,1.2898802269901646,1.0966267423300549,2020,36221552565.0,2020,7130140800,15819.56,8233,2536.0,1
136,Sterling,2024,2022,local,0.0804953560371517,0.0835913312693498,0.4705882352941176,0.3498452012383901,0.0154798761609907,Windham County,2022,0.6572374656868176,1.0,2020,462755373.0,2020,114942300,439.19,168,1.0,0
137,Stonington,2024,2022,local,0.0183333333333333,0.0672222222222222,0.3622222222222222,0.2133333333333333,0.3388888888888889,New London County,2022,0.8373893669140908,1.0,2020,5016308615.0,2020,1101623100,1849.58,448,12.0,0
138,Stratford,2024,2022,local,0.023070097604259,0.0613723750369713,0.3414670215912452,0.2320319432120674,0.3420585625554569,Fairfield County,2022,1.2898802269901646,1.0966267423300549,2020,8533418103.0,2020,2015816900,6965.57,3245,591.0,1
139,Suffield,2024,2022,local,0.0200881920627143,0.06859382655561,0.3566878980891719,0.2195002449779519,0.3351298383145517,Hartford County,2022,0.9652867535728794,1.0,2020,2492463746.0,2020,768552600,1982.9,287,65.0,0
140,Thomaston,2024,2022,local,0.0780487804878048,0.0402439024390243,0.3890243902439024,0.2451219512195122,0.2475609756097561,Litchfield County,2022,0.7124093701146029,1.0,2020,966768854.0,2020,286578800,924.24,318,18.0,0
141,Thompson,2024,2022,local,0.0463861920172599,0.0722761596548004,0.3991370010787486,0.2297734627831715,0.2524271844660194,Windham County,2022,0.6572374656868176,1.0,2020,1315197999.0,2020,333675100,933.44,398,5.0,1
142,Tolland,2024,2022,local,0.0343179843614248,0.0781928757602085,0.3375325803649001,0.2271937445699391,0.3227628149435274,Tolland County,2022,0.7275256348708101,1.0,2020,2143140233.0,2020,844971100,2338.37,370,46.0,0
143,Torrington,2024,2022,local,0.0229204223538501,0.072109193922225,0.3788308009271182,0.2541849085758434,0.2719546742209632,Litchfield County,2022,0.7124093701146029,1.0,2020,3632588236.0,2020,1109840600,4187.26,2541,501.0,1
144,Trumbull,2024,2022,local,0.0339595375722543,0.0660404624277456,0.3576589595375722,0.2248554913294797,0.3174855491329479,Fairfield County,2022,1.2898802269901646,1.0966267423300549,2020,8285932941.0,2020,1825342500,6772.24,1185,301.0,0
145,Union,2024,2022,local,0.1509433962264151,0.0566037735849056,0.3396226415094339,0.4528301886792453,0.0,Tolland County,2022,0.7275256348708101,1.0,2020,145961174.0,2020,43723700,75.0,6,0.0,0
146,Vernon,2024,2022,local,0.048284625158831,0.0698856416772554,0.363722998729352,0.2163278271918678,0.3017789072426938,Tolland County,2022,0.7275256348708101,1.0,2020,3242472970.0,2020,1113520400,3323.69,1774,125.0,1
147,Voluntown,2024,2022,local,0.176,0.1,0.404,0.312,0.008,New London County,2022,0.8373893669140908,1.0,2020,317293685.0,2020,101241400,307.88,95,0.0,0
148,Wallingford,2024,2022,local,0.0438612933458294,0.0736644798500468,0.3390815370196813,0.2230552952202436,0.3203373945641987,New Haven County,2022,0.8395804867240297,1.0,2020,6402332723.0,2020,1830360300,5395.35,1733,373.0,0
149,Warren,2024,2022,statewide,0.0370273001851949,0.0678093835988572,0.3519774572406151,0.222023590444643,0.3211622685306896,Litchfield County,2022,0.7124093701146029,1.0,2020,775518965.0,2020,99698500,122.0,28,0.0,0
150,Washington,2024,2022,region,0.0534825870646766,0.0534825870646766,0.2748756218905472,0.1990049751243781,0.4191542288557214,Litchfield County,2022,0.7124093701146029,1.0,2020,2431008131.0,2020,238056700,263.23,73,7.0,0
151,Waterbury,2024,2022,local,0.0436340302657611,0.0790866798566921,0.3823859686647773,0.2082776322121811,0.2866156890005882,New Haven County,2022,0.8395804867240297,1.0,2020,8507584377.0,2020,2598319900,18477.89,14347,3389.0,1
152,Waterford,2024,2022,local,0.0312232677502138,0.059880239520958,0.3447390932420872,0.2382378100940975,0.3259195893926432,New London County,2022,0.8373893669140908,1.0,2020,5460500822.0,2020,838588800,2505.24,767,109.0,0
153,Watertown,2024,2022,local,0.0246343341031562,0.0762124711316397,0.3806774441878368,0.2255581216320246,0.2929176289453425,Litchfield County,2022,0.7124093701146029,1.0,2020,3222261832.0,2020,900128000,2713.7,969,137.0,0
154,Westbrook,2024,2022,local,0.0632090761750405,0.0777957860615883,0.3160453808752026,0.2123176661264181,0.3306320907617504,Middlesex County,2022,0.8063197803956326,1.0,2020,2180435986.0,2020,404085300,627.74,174,79.0,0
155,West Hartford,2024,2022,local,0.0296825912685516,0.0665150037915718,0.3600909977250568,0.217852887011158,0.3258585202036616,Hartford County,2022,0.9652867535728794,1.0,2020,10870763470.0,2020,3626215700,9456.69,2337,700.0,0
156,West Haven,2024,2022,local,0.019912985274431,0.0709504685408299,0.3728246318607764,0.2178714859437751,0.3184404283801874,New Haven County,2022,0.8395804867240297,1.0,2020,4334933975.0,2020,1556046900,6814.0,3940,1247.0,1
157,Weston,2024,2022,local,0.0232134729176149,0.058261265361857,0.3400091033227128,0.2439690487027765,0.3345471096950387,Fairfield County,2022,1.2898802269901646,1.0966267423300549,2020,4031034032.0,2020,1053789900,2158.67,23,21.0,0
158,Westport,2024,2022,local,0.0107666604789307,0.0722108780397252,0.3766474846853536,0.22257286059031,0.3178021162056803,Fairfield County,2022,1.2898802269901646,1.0966267423300549,2020,15471132194.0,2020,3254510900,5326.49,105,54.0,0
159,Wethersfield,2024,2022,local,0.0183763027975863,0.0658255622600109,0.3565551289083927,0.2347778387273724,0.3244651673066374,Hartford County,2022,0.9652867535728794,1.0,2020,4060971655.0,2020,1200453700,3825.42,1066,356.0,0
160,Willington,2024,2022,local+region,0.0351023594974428,0.0718002807902239,0.3063478647049554,0.221783089552025,0.3649664054553529,Tolland County,2022,0.7275256348708101,1.0,2020,744126619.0,2020,230542500,583.79,223,8.0,0
161,Wilton,2024,2022,local,0.0174234424498416,0.0609820485744456,0.3476768743400211,0.2373284054910243,0.3365892291446674,Fairfield County,2022,1.2898802269901646,1.0966267423300549,2020,6685435895.0,2020,1652995700,3740.77,259,50.0,0
162,Winchester,2024,2022,local,0.0792079207920792,0.1353135313531353,0.6287128712871287,0.1501650165016501,0.0066006600660066,Litchfield County,2022,0.7124093701146029,1.0,2020,1376206196.0,2020,385170500,1078.05,619,37.0,1
163,Windham,2024,2022,local,0.0750620347394541,0.0732009925558312,0.3970223325062035,0.2369727047146402,0.2177419354838709,Windham County,2022,0.6572374656868176,1.0,2020,1668010736.0,2020,488491000,3193.37,2368,1021.0,1
164,Windsor,2024,2022,local,0.0401558285885525,0.0632304465088402,0.3341324543002697,0.2118669463590051,0.3506143242433323,Hartford County,2022,0.9652867535728794,1.0,2020,5281482794.0,2020,1176130900,3904.43,1651,124.0,1
165,Windsor Locks,2024,2022,local,0.0587475790832795,0.0723047127178825,0.3499031633311814,0.2078760490639122,0.3111684958037443,Hartford County,2022,0.9652867535728794,1.0,2020,2357717531.0,2020,507142900,1578.12,649,98.0,1
166,Wolcott,2024,2022,local,0.0257129499766245,0.0687237026647966,0.3548387096774194,0.2388966806919121,0.3118279569892473,New Haven County,2022,0.8395804867240297,1.0,2020,2106466155.0,2020,694792400,2314.77,668,97.0,0
167,Woodbridge,2024,2022,local+region,0.0116299147880501,0.0678411695969589,0.3863716135141091,0.2413260689795474,0.2928312331213342,New Haven County,2022,0.8395804867240297,1.0,2020,1864201632.0,2020,603261400,1558.2,211,43.0,0
168,Woodbury,2024,2022,region,0.0278293135435992,0.0593692022263451,0.3011750154607298,0.1880024737167594,0.4236239950525665,Litchfield County,2022,0.7124093701146029,1.0,2020,1909030749.0,2020,586166000,1010.14,226,27.0,0
169,Woodstock,2024,2022,local,0.0400516795865633,0.0813953488372093,0.5555555555555556,0.3229974160206718,0.0,Windham County,2022,0.6572374656868176,1.0,2020,1415844750.0,2020,383885000,1214.62,175,15.0,0
1,Andover,2025,2023,local+region,0.0929874528519744,0.0629032769292768,0.350070410736845,0.1945917309268407,0.299447128555063,Tolland County,2023,0.7294942042999201,1.0,2021,443306244.0,2021,140513600,344.02,85,6.0,0
2,Ansonia,2025,2023,local,0.0500625782227784,0.065081351689612,0.3742177722152691,0.2394659991656237,0.2711722987067167,New Haven County,2023,0.8407764208716828,1.0,2021,2164244958.0,2021,614488100,2482.23,1557,186.0,1
3,Ashford,2025,2023,local+region,0.0580737364568647,0.0674404681434558,0.3259622626933698,0.2135614824542768,0.3349620502520326,Windham County,2023,0.6689228712292137,1.0,2021,523776339.0,2021,220877200,477.92,169,7.0,0
4,Avon,2025,2023,local,0.02304,0.0736,0.36672,0.22912,0.30752,Hartford County,2023,0.9638410390478578,1.0,2021,4697944332.0,2021,1491232000,3123.34,312,93.0,0
5,Barkhamsted,2025,2023,local+region,0.0357243311111948,0.0647503501390407,0.3148206679174049,0.2246225312660389,0.3600821195663205,Litchfield County,2023,0.7199560696677768,1.0,2021,718227832.0,2021,171900400,428.36,106,4.0,0
6,Beacon Falls,2025,2023,region,0.0264111859140341,0.0657690315898498,0.3738995339202485,0.2252718798549974,0.30864836872087,New Haven County,2023,0.8407764208716828,1.0,2021,882751104.0,2021,299934100,697.44,224,20.0,0
7,Berlin,2025,2023,local,0.0225479143179255,0.0638857572341225,0.3641488162344983,0.2232243517474633,0.3261931604659902,Hartford County,2023,0.9638410390478578,1.0,2021,4235426526.0,2021,1059330100,2655.97,632,102.0,0
8,Bethany,2025,2023,local+region,0.034216388336723,0.0697000503155469,0.3763802717039533,0.2331238567744646,0.2865794328693122,New Haven County,2023,0.8407764208716828,1.0,2021,1211047635.0,2021,339605400,782.97,106,32.0,0
9,Bethel,2025,2023,local,0.025854108956602,0.0674053554939981,0.3265620190827947,0.2369959987688519,0.3431825176977531,Fairfield County,2023,1.2873497355823753,1.0957832451941252,2021,4308324704.0,2021,944207300,3217.57,1045,234.0,0
10,Bethlehem,2025,2023,region,0.0271979759645793,0.0512333965844402,0.3055028462998102,0.1992409867172675,0.4168247944339026,Litchfield County,2023,0.7199560696677768,1.0,2021,824195361.0,2021,159842600,353.07,90,4.0,0
11,Bloomfield,2025,2023,local,0.1675075681130171,0.048435923309788,0.251765893037336,0.2124117053481332,0.3198789101917255,Hartford County,2023,0.9638410390478578,1.0,2021,4201955646.0,2021,907222200,2306.54,1311,103.0,1
12,Bolton,2025,2023,local,0.0143061516452074,0.0543633762517882,0.3719599427753934,0.2474964234620887,0.3118741058655221,Tolland County,2023,0.7294942042999201,1.0,2021,822089775.0,2021,238071100,688.8,135,8.0,0
13,Bozrah,2025,2023,local,0.1117647058823529,0.0764705882352941,0.4823529411764706,0.3235294117647059,0.0058823529411764,New London County,2023,0.8354880683785171,1.0,2021,506008972.0,2021,97684100,256.01,85,6.0,0
14,Branford,2025,2023,local,0.0415238095238095,0.067047619047619,0.352,0.2243809523809523,0.315047619047619,New Haven County,2023,0.8407764208716828,1.0,2021,7415736412.0,2021,1524282400,2664.56,951,197.0,0
15,Bridgeport,2025,2023,local,0.0527793374508702,0.0741667092032055,0.3736920014292277,0.2176509621765096,0.2817109897401868,Fairfield County,2023,1.2873497355823753,1.0957832451941252,2021,15459351929.0,2021,3641984400,19365.2,16637,5579.0,1
16,Bridgewater,2025,2023,region,0.0476787954830614,0.0401505646173149,0.2835633626097867,0.1844416562107904,0.4441656210790464,Litchfield County,2023,0.7199560696677768,1.0,2021,775286814.0,2021,141199500,125.72,15,1.0,0
17,Bristol,2025,2023,local,0.0347311551324929,0.0644455878569591,0.3546436840751222,0.2279392847954721,0.3182402881399537,Hartford County,2023,0.9638410390478578,1.0,2021,8295442178.0,2021,2238701000,7992.31,4526,557.0,1
18,Brookfield,2025,2023,local,0.0147172734314484,0.0635166537567776,0.3508907823392719,0.2292796281951975,0.3415956622773044,Fairfield County,2023,1.2873497355823753,1.0957832451941252,2021,3988514800.0,2021,1002874100,2605.04,643,116.0,0
19,Brooklyn,2025,2023,local,0.0881355932203389,0.0847457627118644,0.5096045197740113,0.3073446327683616,0.0101694915254237,Windham County,2023,0.6689228712292137,1.0,2021,1245416005.0,2021,279204600,1173.67,374,14.0,0
20,Burlington,2025,2023,region,0.024045261669024,0.0697784064120697,0.3644507307873644,0.2409240924092409,0.3008015087223007,Hartford County,2023,0.9638410390478578,1.0,2021,1860573128.0,2021,539916300,1441.25,177,30.0,0
21,Canaan,2025,2023,local+region,0.0,0.0933507009055948,0.420884505644461,0.2349894554025555,0.2507753380473886,Litchfield County,2023,0.7199560696677768,1.0,2021,362753395.0,2021,66835100,100.0,31,1.0,0
22,Canterbury,2025,2023,local,0.0925925925925925,0.1111111111111111,0.4732510288065844,0.3045267489711934,0.0185185185185185,Windham County,2023,0.6689228712292137,1.0,2021,814551677.0,2021,230046400,604.02,176,5.0,0
23,Canton,2025,2023,local,0.0278884462151394,0.0677290836653386,0.3618857901726428,0.2304116865869853,0.3120849933598937,Hartford County,2023,0.9638410390478578,1.0,2021,1944229642.0,2021,589030100,1503.64,216,12.0,0
24,Chaplin,2025,2023,local+region,0.0456722882078876,0.0761204803464794,0.3844084257497211,0.2556270096463023,0.2381717960496095,Windham County,2023,0.6689228712292137,1.0,2021,385267711.0,2021,77366600,274.71,115,2.0,0
25,Cheshire,2025,2023,local,0.0274621212121212,0.0693655303030303,0.3849431818181818,0.2275094696969697,0.2907196969696969,New Haven County,2023,0.8407764208716828,1.0,2021,5681775631.0,2021,1580290300,4161.29,667,128.0,0
26,Chester,2025,2023,local+region,0.0,0.0397815571169041,0.4110760902080096,0.2378612442635031,0.3112811084115831,Middlesex County,2023,0.8106101302391099,1.0,2021,863771241.0,2021,171870200,385.8,101,6.0,0
27,Clinton,2025,2023,local,0.0446122168840082,0.0583390528483184,0.3459162663006177,0.2216884008236101,0.3294440631434454,Middlesex County,2023,0.8106101302391099,1.0,2021,3181090324.0,2021,618168000,1449.96,566,149.0,0
28,Colchester,2025,2023,local,0.0453493752892179,0.0689495603887089,0.3808422026839426,0.2184173993521518,0.2864414622859787,New London County,2023,0.8354880683785171,1.0,2021,2206523392.0,2021,731746300,2084.25,532,40.0,0
29,Colebrook,2025,2023,local+region,0.0,0.033056006319278,0.2975040568735028,0.2739956554963123,0.3954442813109067,Litchfield County,2023,0.7199560696677768,1.0,2021,372055698.0,2021,74010800,151.71,48,0.0,0
30,Columbia,2025,2023,local,0.0796645702306079,0.0775681341719077,0.5052410901467506,0.3354297693920335,0.0020964360587002,Tolland County,2023,0.7294942042999201,1.0,2021,834132685.0,2021,282487200,614.32,145,5.0,0
31,Cornwall,2025,2023,local+region,0.0073747396790395,0.1032463555065539,0.3843929927722651,0.2230552492956021,0.2819306627465392,Litchfield County,2023,0.7199560696677768,1.0,2021,681279950.0,2021,97088100,126.7,48,2.0,0
32,Coventry,2025,2023,local,0.0710349050826699,0.0667483159828536,0.3686466625842008,0.2339252908756889,0.2596448254745866,Tolland County,2023,0.7294942042999201,1.0,2021,1992805819.0,2021,566498000,1611.8,424,18.0,0
33,Cromwell,2025,2023,local,0.0252100840336134,0.0646008403361344,0.3792016806722689,0.25,0.2809873949579832,Middlesex County,2023,0.8106101302391099,1.0,2021,2979070743.0,2021,685110100,1938.44,494,114.0,0
34,Danbury,2025,2023,local,0.0211116608939468,0.0727362691736764,0.3751443179943922,0.2246412666996536,0.3063664852383309,Fairfield County,2023,1.2873497355823753,1.0957832451941252,2021,15526187181.0,2021,3341059600,11995.86,6320,4361.0,1
35,Darien,2025,2023,local,0.021362956633198,0.0719931638538773,0.3783379619739372,0.2247383037812433,0.303567613757744,Fairfield County,2023,1.2873497355823753,1.0957832451941252,2021,16435870934.0,2021,2961148000,4633.86,69,72.0,0
36,Deep River,2025,2023,local+region,0.0,0.0699381006923463,0.3081647561756509,0.2258618253531627,0.39603531777884,Middlesex County,2023,0.8106101302391099,1.0,2021,973278526.0,2021,219148800,471.6,167,14.0,0
37,Derby,2025,2023,local,0.0438661710037174,0.0736059479553903,0.3762081784386617,0.2096654275092936,0.2966542750929368,New Haven County,2023,0.8407764208716828,1.0,2021,1566743491.0,2021,422203700,1461.7,819,64.0,1
38,Durham,2025,2023,region,0.0185185185185185,0.0696296296296296,0.3933333333333333,0.2325925925925926,0.2859259259259259,Middlesex County,2023,0.8106101302391099,1.0,2021,1359968477.0,2021,407688600,887.1,124,15.0,0
39,Eastford,2025,2023,local,0.1034482758620689,0.1436781609195402,0.5057471264367817,0.2413793103448276,0.0057471264367816,Windham County,2023,0.6689228712292137,1.0,2021,335391688.0,2021,67370100,205.98,48,2.0,0
40,East Granby,2025,2023,local,0.0157575757575757,0.0715151515151515,0.3696969696969697,0.2496969696969697,0.2933333333333333,Hartford County,2023,0.9638410390478578,1.0,2021,1085696679.0,2021,226770500,853.27,109,14.0,0
41,East Haddam,2025,2023,local,0.047047047047047,0.081081081081081,0.3643643643643643,0.2362362362362362,0.2712712712712712,Middlesex County,2023,0.8106101302391099,1.0,2021,1754231228.0,2021,493432300,989.53,267,12.0,0
42,East Hampton,2025,2023,local,0.0367393800229621,0.0677382319173364,0.351894374282434,0.2468427095292767,0.2967853042479908,Middlesex County,2023,0.8106101302391099,1.0,2021,2270541491.0,2021,606203600,1770.24,372,12.0,0
43,East Hartford,2025,2023,local,0.0491419656786271,0.068798751950078,0.3507020280811232,0.2004680187207488,0.3308892355694228,Hartford County,2023,0.9638410390478578,1.0,2021,4991573883.0,2021,1469502500,7956.71,4970,1327.0,1
44,East Haven,2025,2023,local,0.074061315880124,0.066138477437134,0.339993110575267,0.2084050981743024,0.3114019979331726,New Haven County,2023,0.8407764208716828,1.0,2021,3430306513.0,2021,989037900,3103.51,1656,384.0,1
45,East Lyme,2025,2023,local,0.0211492418196328,0.0570630486831604,0.3339984038308061,0.2071029529130088,0.3806863527533918,New London County,2023,0.8354880683785171,1.0,2021,3946475812.0,2021,926365000,2384.72,609,107.0,0
46,Easton,2025,2023,local+region,0.0231141876800182,0.0693425630400546,0.3836955154883022,0.2203552558828402,0.3034924779087848,Fairfield County,2023,1.2873497355823753,1.0957832451941252,2021,2118374343.0,2021,556313800,1280.9,123,28.0,0
47,East Windsor,2025,2023,local,0.0750950570342205,0.0826996197718631,0.3621673003802281,0.2224334600760456,0.2576045627376426,Hartford County,2023,0.9638410390478578,1.0,2021,1971031818.0,2021,503141700,1089.28,566,75.0,1
48,Ellington,2025,2023,local,0.0325873576756969,0.0710639968590498,0.3698468786808009,0.232037691401649,0.2944640753828033,Tolland County,2023,0.7294942042999201,1.0,2021,2763937622.0,2021,881997200,2542.37,459,47.0,0
49,Enfield,2025,2023,local,0.0449647741400746,0.0665147119767923,0.3371322005801906,0.2293825113966017,0.3220058019063406,Hartford County,2023,0.9638410390478578,1.0,2021,5253508694.0,2021,1627844100,4988.66,2380,178.0,1
50,Essex,2025,2023,local+region,0.055894934019235,0.0626700775367181,0.323513102959815,0.2184471221948855,0.3394747632893461,Middlesex County,2023,0.8106101302391099,1.0,2021,2311959365.0,2021,401662100,568.0,130,22.0,0
51,Fairfield,2025,2023,local,0.0191341528594334,0.0668091929449492,0.3708177445216462,0.2251202565473009,0.3181186531266702,Fairfield County,2023,1.2873497355823753,1.0957832451941252,2021,20981083824.0,2021,4366564300,9313.82,1527,338.0,0
52,Farmington,2025,2023,local,0.0240820219360991,0.0639008106819265,0.3729136862184072,0.2277062470195517,0.3113972341440152,Hartford County,2023,0.9638410390478578,1.0,2021,6829171973.0,2021,1567430600,4146.09,723,228.0,0
53,Franklin,2025,2023,local,0.0729166666666666,0.1041666666666666,0.5208333333333334,0.3020833333333333,0.0,New London County,2023,0.8354880683785171,1.0,2021,450833922.0,2021,75558500,254.88,66,0.0,0
54,Glastonbury,2025,2023,local,0.0153330983433204,0.065738456115615,0.3692280578075432,0.2271765949947127,0.3225237927388086,Hartford County,2023,0.9638410390478578,1.0,2021,8122899134.0,2021,2239802900,5696.56,726,201.0,0
55,Goshen,2025,2023,statewide,0.0380960183516303,0.0674239054953457,0.3533683668453454,0.2201571436373992,0.3209545656702792,Litchfield County,2023,0.7199560696677768,1.0,2021,1115772993.0,2021,192239700,295.59,78,3.0,0
56,Granby,2025,2023,local,0.0195177956371986,0.074052812858783,0.3501722158438576,0.227324913892078,0.3289322617680826,Hartford County,2023,0.9638410390478578,1.0,2021,2009064797.0,2021,626211500,1695.17,234,10.0,0
57,Greenwich,2025,2023,local,0.0239841657934567,0.0738153452089882,0.3636046105483758,0.2230760274770054,0.3155198509721737,Fairfield County,2023,1.2873497355823753,1.0957832451941252,2021,50902026637.0,2021,7112858500,8333.19,1648,473.0,0
58,Griswold,2025,2023,local,0.036056338028169,0.0597183098591549,0.3605633802816901,0.2061971830985915,0.3374647887323944,New London County,2023,0.8354880683785171,1.0,2021,1296763921.0,2021,409696700,1595.76,848,22.0,0
59,Groton,2025,2023,local,0.0468406928519151,0.0880702610392778,0.3864357160282995,0.2198097096852891,0.2588436203952183,New London County,2023,0.8354880683785171,1.0,2021,6684304781.0,2021,1532541500,4396.61,2401,199.0,1
60,Guilford,2025,2023,local,0.0175718849840255,0.0651757188498402,0.3501597444089457,0.2303514376996805,0.336741214057508,New Haven County,2023,0.8407764208716828,1.0,2021,6102593949.0,2021,1414393100,3130.14,426,50.0,0
61,Haddam,2025,2023,region,0.0242937853107344,0.0649717514124293,0.3887005649717515,0.2259887005649717,0.296045197740113,Middlesex County,2023,0.8106101302391099,1.0,2021,1778482407.0,2021,450261700,1067.75,179,9.0,0
62,Hamden,2025,2023,local,0.0417965169569202,0.0676443629697525,0.3369385884509624,0.224564619615032,0.3290559120073327,New Haven County,2023,0.8407764208716828,1.0,2021,8041857100.0,2021,2298811400,6271.42,3001,452.0,1
63,Hampton,2025,2023,local+region,0.1061822278552316,0.0653429094493733,0.3675538656527249,0.2332770032389804,0.2276439938036896,Windham County,2023,0.6689228712292137,1.0,2021,329544282.0,2021,79277200,125.93,44,0.0,0
64,Hartford,2025,2023,local,0.080171031533939,0.0685907714234812,0.3475265752123048,0.2168774867866262,0.2868341350436487,Hartford County,2023,0.9638410390478578,1.0,2021,6837896972.0,2021,2653210700,18651.87,16077,4823.0,1
65,Hartland,2025,2023,local,0.073394495412844,0.0642201834862385,0.4770642201834862,0.3853211009174312,0.0,Hartford County,2023,0.9638410390478578,1.0,2021,394962557.0,2021,111105900,179.92,29,1.0,0
66,Harwinton,2025,2023,region,0.024045261669024,0.0697784064120697,0.3644507307873644,0.2409240924092409,0.3008015087223008,Litchfield County,2023,0.7199560696677768,1.0,2021,1143976786.0,2021,285418300,710.49,155,7.0,0
67,Hebron,2025,2023,local+region,0.0546431844000687,0.0593268859200746,0.3536194647604449,0.2237979597982286,0.308612505121183,Tolland County,2023,0.7294942042999201,1.0,2021,1316194176.0,2021,536521500,1249.06,223,4.0,0
68,Kent,2025,2023,local+region,0.0558593025081726,0.103124866168934,0.4130704772237369,0.2503604516709254,0.1775849024282308,Litchfield County,2023,0.7199560696677768,1.0,2021,1180770437.0,2021,186278800,199.36,59,4.0,0
69,Killingly,2025,2023,local,0.047874535699546,0.0614940156830375,0.3516302104828724,0.2146099876186545,0.3243912505158894,Windham County,2023,0.6689228712292137,1.0,2021,2709478602.0,2021,582086100,2204.29,1126,55.0,1
70,Killingworth,2025,2023,region,0.0242937853107344,0.0649717514124293,0.3887005649717514,0.2259887005649717,0.296045197740113,Middlesex County,2023,0.8106101302391099,1.0,2021,1182476829.0,2021,317305000,705.3,76,6.0,0
71,Lebanon,2025,2023,local,0.0538071065989847,0.0771573604060913,0.3137055837563451,0.2050761421319797,0.350253807106599,New London County,2023,0.8354880683785171,1.0,2021,1348157180.0,2021,342992100,856.0,256,10.0,0
72,Ledyard,2025,2023,local,0.0392638036809816,0.069120654396728,0.3488752556237219,0.2319018404907975,0.310838445807771,New London County,2023,0.8354880683785171,1.0,2021,2263306513.0,2021,631097400,2398.46,771,51.0,0
73,Lisbon,2025,2023,local,0.1176470588235294,0.083710407239819,0.4683257918552036,0.3190045248868778,0.0113122171945701,New London County,2023,0.8354880683785171,1.0,2021,666335419.0,2021,165321200,566.3,207,10.0,0
74,Litchfield,2025,2023,local,0.0316301703163017,0.0705596107055961,0.3710462287104623,0.2384428223844282,0.2883211678832116,Litchfield County,2023,0.7199560696677768,1.0,2021,2112090442.0,2021,421904200,811.48,210,7.0,0
75,Lyme,2025,2023,region,0.076625386996904,0.06656346749226,0.3405572755417956,0.2105263157894736,0.3057275541795665,New London County,2023,0.8354880683785171,1.0,2021,1052251899.0,2021,184371700,228.81,30,3.0,0
76,Madison,2025,2023,local,0.0205423171733771,0.0743631881676253,0.3594905505341002,0.2218570254724733,0.323746918652424,New Haven County,2023,0.8407764208716828,1.0,2021,5915327082.0,2021,1247003300,2438.34,93,32.0,0
77,Manchester,2025,2023,local,0.0395654288957353,0.0711853413329009,0.3757094211123723,0.2038268201718826,0.3097129884871088,Hartford County,2023,0.9638410390478578,1.0,2021,6974260087.0,2021,2339772600,7502.08,4345,674.0,1
78,Mansfield,2025,2023,local+region,0.0435821193565638,0.0501492880267309,0.3056718508295982,0.1988061061059692,0.4017906356811377,Tolland County,2023,0.7294942042999201,1.0,2021,2247461760.0,2021,563000500,1567.45,475,83.0,0
79,Marlborough,2025,2023,local+region,0.0380921075263063,0.0600239270111493,0.3520634180461646,0.2183435322536874,0.3314770151626922,Hartford County,2023,0.9638410390478578,1.0,2021,1117220917.0,2021,356785300,890.71,153,8.0,0
80,Meriden,2025,2023,local,0.0160427807486631,0.0671293662532711,0.3635225850494937,0.239390146774377,0.313915121174195,New Haven County,2023,0.8407764208716828,1.0,2021,5745252093.0,2021,1984474800,9024.91,6996,1661.0,1
81,Middlebury,2025,2023,region,0.0203784570596797,0.0672489082969432,0.3839883551673945,0.2320232896652111,0.2963609898107715,New Haven County,2023,0.8407764208716828,1.0,2021,1670910641.0,2021,412644500,1192.25,233,41.0,0
82,Middlefield,2025,2023,region,0.0185185185185185,0.0696296296296296,0.3933333333333333,0.2325925925925926,0.2859259259259259,Middlesex County,2023,0.8106101302391099,1.0,2021,746970728.0,2021,196812500,462.71,99,6.0,0
83,Middletown,2025,2023,local,0.0356327089995431,0.0778894472361809,0.3716308816811329,0.2265874828688899,0.2882594792142531,Middlesex County,2023,0.8106101302391099,1.0,2021,7115436115.0,2021,1822699900,4509.44,2171,243.0,1
84,Milford,2025,2023,local,0.0416744884550403,0.075652337150366,0.3469119579500657,0.2235779988736624,0.3121832175708654,New Haven County,2023,0.8407764208716828,1.0,2021,11282167840.0,2021,2747584800,5313.41,1576,157.0,0
85,Monroe,2025,2023,local,0.0219020172910662,0.0763688760806916,0.3714697406340058,0.2193083573487031,0.3109510086455331,Fairfield County,2023,1.2873497355823753,1.0957832451941252,2021,4311557848.0,2021,987748200,3496.97,458,90.0,0
86,Montville,2025,2023,local,0.0291934685799109,0.074220682830282,0.3661553686293914,0.2558139534883721,0.2746165264720435,New London County,2023,0.8354880683785171,1.0,2021,2304112308.0,2021,684860400,2193.33,1008,106.0,0
87,Morris,2025,2023,statewide,0.0380960183516303,0.0674239054953457,0.3533683668453454,0.2201571436373992,0.3209545656702792,Litchfield County,2023,0.7199560696677768,1.0,2021,734210947.0,2021,109370400,207.12,61,9.0,0
88,Naugatuck,2025,2023,local,0.0392342235878043,0.0612148428267549,0.3715433703616166,0.2195698416450011,0.308437721578823,New Haven County,2023,0.8407764208716828,1.0,2021,3665766048.0,2021,1238988900,4642.09,2694,531.0,1
89,New Britain,2025,2023,local,0.0363636363636363,0.0789898989898989,0.3914141414141414,0.215050505050505,0.2781818181818182,Hartford County,2023,0.9638410390478578,1.0,2021,5929693871.0,2021,1867742200,11273.08,8320,2024.0,1
90,New Canaan,2025,2023,local,0.0126551472377707,0.0676563640788513,0.3745436845947919,0.2363105378437576,0.3088342662448284,Fairfield County,2023,1.2873497355823753,1.0957832451941252,2021,14058222435.0,2021,2435323800,4152.39,5,32.0,0
91,New Fairfield,2025,2023,local,0.0389972144846796,0.0677808727948003,0.329619312906221,0.2367688022284122,0.3268337975858867,Fairfield County,2023,1.2873497355823753,1.0957832451941252,2021,3422734219.0,2021,667712900,2093.33,338,81.0,0
92,New Hartford,2025,2023,local+region,0.0304503844745514,0.0676675210545587,0.32818747711461,0.2321347491761259,0.3415598681801537,Litchfield County,2023,0.7199560696677768,1.0,2021,1241209421.0,2021,399510100,853.42,180,9.0,0
93,New Haven,2025,2023,local,0.0615838869556047,0.0639565538331751,0.3361805335864178,0.2211852789201729,0.3170937467046293,New Haven County,2023,0.8407764208716828,1.0,2021,14206850296.0,2021,3691909400,17202.39,13537,4116.0,1
94,Newington,2025,2023,local,0.0277421012072951,0.0577960441818648,0.3573079886976624,0.2206524531209863,0.3365014127921911,Hartford County,2023,0.9638410390478578,1.0,2021,5270222837.0,2021,1301678100,3961.22,1376,356.0,0
95,New London,2025,2023,local,0.0205338809034907,0.0732375085557837,0.4113620807665982,0.1930184804928131,0.3018480492813141,New London County,2023,0.8354880683785171,1.0,2021,3258658859.0,2021,758763800,3125.96,2688,986.0,1
96,New Milford,2025,2023,local,0.0210993892282065,0.0694058856191005,0.3481399222654081,0.2176568573014991,0.3436979455857856,Litchfield County,2023,0.7199560696677768,1.0,2021,5870093712.0,2021,1232985500,3580.12,1211,302.0,0
97,Newtown,2025,2023,local,0.014426727410782,0.0696026322450012,0.3556061756517337,0.2310807390534042,0.3292837256390787,Fairfield County,2023,1.2873497355823753,1.0957832451941252,2021,6576850998.0,2021,1662846400,3991.87,530,67.0,0
98,Norfolk,2025,2023,local+region,0.0642035242454001,0.0570697993292445,0.2425466471492893,0.2148826177991069,0.421297411476959,Litchfield County,2023,0.7199560696677768,1.0,2021,545134946.0,2021,76349200,132.24,49,1.0,0
99,North Branford,2025,2023,local,0.0350421804023361,0.0759247242050616,0.3659961064243997,0.2310188189487345,0.2920181700194679,New Haven County,2023,0.8407764208716828,1.0,2021,2444800125.0,2021,700364200,1577.7,375,23.0,0
100,North Canaan,2025,2023,local+region,0.0396000526246546,0.0961715563741612,0.3121299828969872,0.2452308906722799,0.3068675174319168,Litchfield County,2023,0.7199560696677768,1.0,2021,578695042.0,2021,110768100,340.42,134,15.0,0
101,North Haven,2025,2023,local,0.0200865265760197,0.0682941903584672,0.3763906056860321,0.2326946847960445,0.3025339925834363,New Haven County,2023,0.8407764208716828,1.0,2021,5791127993.0,2021,1268641900,3257.27,803,187.0,0
102,North Stonington,2025,2023,local,0.0499325236167341,0.0715249662618083,0.3427800269905533,0.2456140350877192,0.2901484480431849,New London County,2023,0.8354880683785171,1.0,2021,1214566586.0,2021,213771800,734.89,151,3.0,0
103,Norwalk,2025,2023,local,0.0240451388888888,0.0711805555555555,0.3427083333333333,0.2091145833333333,0.3529513888888889,Fairfield County,2023,1.2873497355823753,1.0957832451941252,2021,25748651546.0,2021,4880087600,11854.7,5965,2496.0,1
104,Norwich,2025,2023,local,0.0518585131894484,0.0863309352517985,0.5146882494004796,0.3192446043165468,0.0278776978417266,New London County,2023,0.8354880683785171,1.0,2021,3835308485.0,2021,1323622800,5009.0,3688,1052.0,1
105,Old Lyme,2025,2023,region,0.076625386996904,0.06656346749226,0.3405572755417957,0.2105263157894737,0.3057275541795666,New London County,2023,0.8354880683785171,1.0,2021,3146898685.0,2021,613071200,1068.71,131,30.0,0
106,Old Saybrook,2025,2023,local,0.0815533980582524,0.058252427184466,0.3087378640776699,0.2135922330097087,0.3378640776699029,Middlesex County,2023,0.8106101302391099,1.0,2021,4593540378.0,2021,639377400,1045.0,250,79.0,0
107,Orange,2025,2023,local+region,0.025372026974023,0.07181573736715,0.3736998549224756,0.233948140692119,0.2951642400442321,New Haven County,2023,0.8407764208716828,1.0,2021,4150152096.0,2021,811793900,2287.39,312,83.0,0
108,Oxford,2025,2023,local,0.0197960407918416,0.0767846430713857,0.3665266946610678,0.2279544091181763,0.3089382123575285,New Haven County,2023,0.8407764208716828,1.0,2021,3118162651.0,2021,667489500,1731.01,282,28.0,0
109,Plainfield,2025,2023,local,0.0437994722955145,0.0612137203166226,0.3852242744063324,0.2364116094986807,0.2733509234828496,Windham County,2023,0.6689228712292137,1.0,2021,2179874728.0,2021,489879100,1874.83,1081,26.0,1
110,Plainville,2025,2023,local,0.0532150776053215,0.0638580931263858,0.3450110864745011,0.225720620842572,0.3121951219512195,Hartford County,2023,0.9638410390478578,1.0,2021,2346758061.0,2021,711116600,2280.94,895,157.0,0
111,Plymouth,2025,2023,local,0.0555121188428459,0.0672400312744331,0.3620015637216575,0.217357310398749,0.2978889757623143,Litchfield County,2023,0.7199560696677768,1.0,2021,1292255967.0,2021,467442200,1399.99,688,42.0,0
112,Pomfret,2025,2023,local,0.0630372492836676,0.1031518624641833,0.5128939828080229,0.3209169054441261,0.0,Windham County,2023,0.6689228712292137,1.0,2021,804272521.0,2021,202031400,536.93,87,7.0,0
113,Portland,2025,2023,local,0.0345937248592115,0.0707964601769911,0.3821399839098954,0.2566371681415929,0.2558326629123089,Middlesex County,2023,0.8106101302391099,1.0,2021,1348751258.0,2021,461047400,1237.83,325,32.0,0
114,Preston,2025,2023,local,0.0911111111111111,0.0888888888888888,0.52,0.2888888888888888,0.0111111111111111,New London County,2023,0.8354880683785171,1.0,2021,895117551.0,2021,197079900,634.1,192,13.0,0
115,Prospect,2025,2023,region,0.0264111859140341,0.0657690315898498,0.3738995339202485,0.2252718798549974,0.30864836872087,New Haven County,2023,0.8407764208716828,1.0,2021,1695819297.0,2021,398442000,1301.01,300,26.0,0
116,Putnam,2025,2023,local,0.0982218458933107,0.065198983911939,0.392887383573243,0.2057578323454699,0.2379339542760372,Windham County,2023,0.6689228712292137,1.0,2021,1378469232.0,2021,291109000,1108.94,648,59.0,1
117,Redding,2025,2023,local+region,0.0360627403351049,0.0827803812237635,0.3712823039046027,0.2188352652152956,0.2910393093212331,Fairfield County,2023,1.2873497355823753,1.0957832451941252,2021,2981667219.0,2021,682394900,1198.02,124,16.0,0
118,Ridgefield,2025,2023,local,0.0122932498882431,0.0612427358068842,0.3679034421099687,0.2284309342869915,0.3301296379079124,Fairfield County,2023,1.2873497355823753,1.0957832451941252,2021,8760994834.0,2021,2114083100,4472.49,318,88.0,0
119,Rocky Hill,2025,2023,local,0.0197628458498023,0.0675889328063241,0.3806324110671937,0.2438735177865612,0.2881422924901186,Hartford County,2023,0.9638410390478578,1.0,2021,4218943446.0,2021,992271700,2672.7,605,274.0,0
120,Roxbury,2025,2023,region,0.0476787954830614,0.0401505646173149,0.2835633626097867,0.1844416562107904,0.4441656210790464,Litchfield County,2023,0.7199560696677768,1.0,2021,1309787332.0,2021,158726700,170.44,32,2.0,0
121,Salem,2025,2023,local,0.0569948186528497,0.082901554404145,0.5233160621761658,0.3290155440414508,0.0077720207253886,New London County,2023,0.8354880683785171,1.0,2021,656637542.0,2021,215236400,547.56,126,4.0,0
122,Salisbury,2025,2023,local+region,0.0486796826566276,0.1135859261987978,0.3927169156955588,0.2661838830537561,0.1788335923952596,Litchfield County,2023,0.7199560696677768,1.0,2021,2572945393.0,2021,251587800,347.11,79,9.0,0
123,Scotland,2025,2023,local+region,0.1330565872842473,0.0253441118636661,0.4371859296482411,0.2045007646930303,0.1999126065108149,Windham County,2023,0.6689228712292137,1.0,2021,224233435.0,2021,58386800,154.54,66,0.0,0
124,Seymour,2025,2023,local,0.0180866254164683,0.0690147548786292,0.3979057591623036,0.2256068538791052,0.2893860066634935,New Haven County,2023,0.8407764208716828,1.0,2021,2495542096.0,2021,689999300,2171.43,1007,153.0,0
125,Sharon,2025,2023,local+region,0.0,0.1614649370915829,0.4190480834877597,0.1995757339315322,0.2199112454891251,Litchfield County,2023,0.7199560696677768,1.0,2021,1489626221.0,2021,196211700,121.0,51,2.0,0
126,Shelton,2025,2023,local,0.0219366275204963,0.067582539330822,0.3751384888101041,0.2388654996676268,0.2964768446709506,Fairfield County,2023,1.2873497355823753,1.0957832451941252,2021,8564034301.0,2021,2055636700,4643.57,1642,355.0,0
127,Sherman,2025,2023,local,0.1138211382113821,0.065040650406504,0.4756097560975609,0.3414634146341463,0.0040650406504065,Fairfield County,2023,1.2873497355823753,1.0957832451941252,2021,1298378791.0,2021,323039100,359.22,25,0.0,0
128,Simsbury,2025,2023,local,0.0115246098439375,0.0660264105642256,0.3791116446578631,0.2292917166866746,0.3140456182472989,Hartford County,2023,0.9638410390478578,1.0,2021,5099385018.0,2021,1644209600,4171.64,546,69.0,0
129,Somers,2025,2023,local,0.0265291083271923,0.0700073691967575,0.3898305084745763,0.2284450994841562,0.2851879145173176,Tolland County,2023,0.7294942042999201,1.0,2021,1693715416.0,2021,465066400,1339.6,85,14.0,0
130,Southbury,2025,2023,region,0.0203784570596797,0.0672489082969432,0.3839883551673944,0.232023289665211,0.2963609898107714,New Haven County,2023,0.8407764208716828,1.0,2021,4557064404.0,2021,1156293300,2309.32,322,33.0,0
131,Southington,2025,2023,local,0.0169817366228772,0.0679269464915091,0.3708747196411406,0.2194809355975648,0.324735661646908,Hartford County,2023,0.9638410390478578,1.0,2021,8221948843.0,2021,2192957200,6147.05,1556,205.0,0
132,South Windsor,2025,2023,local,0.019115890083632,0.0682994822779769,0.3952608522500995,0.23436877737953,0.2829549980087614,Hartford County,2023,0.9638410390478578,1.0,2021,5561982816.0,2021,1500102100,5093.5,818,474.0,0
133,Sprague,2025,2023,local,0.0824742268041237,0.0996563573883161,0.4673539518900343,0.3367697594501718,0.0137457044673539,New London County,2023,0.8354880683785171,1.0,2021,381534075.0,2021,110714000,396.0,217,12.0,0
134,Stafford,2025,2023,local,0.0660091047040971,0.0675265553869499,0.3474962063732928,0.2306525037936267,0.2883156297420334,Tolland County,2023,0.7294942042999201,1.0,2021,1600839720.0,2021,452822700,1337.8,545,12.0,0
135,Stamford,2025,2023,local,0.0186057898280188,0.075708427688353,0.3656282514229757,0.2186792337352347,0.3213782973254177,Fairfield County,2023,1.2873497355823753,1.0957832451941252,2021,40182853790.0,2021,7598235600,15977.63,8138,2803.0,1
136,Sterling,2025,2023,local,0.0762195121951219,0.0823170731707317,0.4878048780487805,0.3353658536585366,0.0182926829268292,Windham County,2023,0.6689228712292137,1.0,2021,534528526.0,2021,111851500,439.18,164,1.0,0
137,Stonington,2025,2023,local,0.0198637911464245,0.0595913734392735,0.358683314415437,0.2247446083995459,0.337116912599319,New London County,2023,0.8354880683785171,1.0,2021,6030070394.0,2021,1047093000,1800.83,464,10.0,0
138,Stratford,2025,2023,local,0.0286222749518018,0.0630283256710663,0.3400563547382471,0.2279400860151268,0.340352958623758,Fairfield County,2023,1.2873497355823753,1.0957832451941252,2021,9514455478.0,2021,2101846200,6908.74,3208,683.0,1
139,Suffield,2025,2023,local,0.0240431795878312,0.0588812561334641,0.3650637880274779,0.2139352306182532,0.3380765456329735,Hartford County,2023,0.9638410390478578,1.0,2021,2852233473.0,2021,813633800,1964.23,287,60.0,0
140,Thomaston,2025,2023,local,0.0708762886597938,0.0670103092783505,0.3853092783505155,0.2396907216494845,0.2371134020618556,Litchfield County,2023,0.7199560696677768,1.0,2021,951520264.0,2021,363041300,874.18,322,14.0,0
141,Thompson,2025,2023,local,0.0440677966101694,0.0824858757062146,0.3875706214689265,0.2293785310734463,0.2564971751412429,Windham County,2023,0.6689228712292137,1.0,2021,1492967401.0,2021,359786700,886.78,389,14.0,1
142,Tolland,2025,2023,local,0.0375565610859728,0.0633484162895927,0.3619909502262443,0.2095022624434389,0.3276018099547511,Tolland County,2023,0.7294942042999201,1.0,2021,2379893150.0,2021,830756500,2242.58,316,33.0,0
143,Torrington,2025,2023,local,0.0238276299112801,0.0762991128010139,0.3837769328263625,0.2479087452471483,0.2681875792141951,Litchfield County,2023,0.7199560696677768,1.0,2021,4165812950.0,2021,1148180700,4249.37,2815,590.0,1
144,Trumbull,2025,2023,local,0.0324207492795389,0.0593659942363112,0.3577809798270893,0.2299711815561959,0.3204610951008645,Fairfield County,2023,1.2873497355823753,1.0957832451941252,2021,7531085590.0,2021,2014814600,6784.84,1167,276.0,0
145,Union,2025,2023,local,0.2549019607843137,0.0392156862745098,0.3529411764705882,0.3529411764705882,0.0,Tolland County,2023,0.7294942042999201,1.0,2021,193857459.0,2021,46175100,71.63,8,0.0,0
146,Vernon,2025,2023,local,0.0474271543707377,0.0781153130812151,0.3533787972721636,0.2132672039677619,0.3078115313081215,Tolland County,2023,0.7294942042999201,1.0,2021,3184067103.0,2021,1184037100,3363.69,1862,130.0,1
147,Voluntown,2025,2023,local,0.1822033898305084,0.0762711864406779,0.3940677966101695,0.3432203389830508,0.0042372881355932,New London County,2023,0.8354880683785171,1.0,2021,480688241.0,2021,103216700,288.74,91,2.0,0
148,Wallingford,2025,2023,local,0.0423280423280423,0.0672713529856387,0.3537414965986394,0.2122071050642479,0.3244520030234316,New Haven County,2023,0.8407764208716828,1.0,2021,8127835414.0,2021,1926243200,5311.19,1864,406.0,0
149,Warren,2025,2023,statewide,0.0380960183516303,0.0674239054953457,0.3533683668453454,0.2201571436373992,0.3209545656702792,Litchfield County,2023,0.7199560696677768,1.0,2021,762007725.0,2021,114281000,121.65,30,0.0,0
150,Washington,2025,2023,region,0.0476787954830614,0.0401505646173149,0.2835633626097867,0.1844416562107904,0.4441656210790464,Litchfield County,2023,0.7199560696677768,1.0,2021,2497244166.0,2021,235343700,254.64,70,7.0,0
151,Waterbury,2025,2023,local,0.0483751846381093,0.07559611732433,0.3774530491664908,0.2082190335513821,0.2903566153196877,New Haven County,2023,0.8407764208716828,1.0,2021,10179969629.0,2021,2945831300,18682.18,15089,3736.0,1
152,Waterford,2025,2023,local,0.026911576249466,0.0790260572404955,0.3417343015805211,0.2362238359675352,0.316104228961982,New London County,2023,0.8354880683785171,1.0,2021,6024773503.0,2021,901164700,2496.64,752,133.0,0
153,Watertown,2025,2023,local,0.0294802172226532,0.0671062839410395,0.391388673390225,0.2276958882854926,0.2843289371605896,Litchfield County,2023,0.7199560696677768,1.0,2021,3722108140.0,2021,898745000,2700.35,1078,131.0,0
154,Westbrook,2025,2023,local,0.0753768844221105,0.0653266331658291,0.3634840871021775,0.1959798994974874,0.2998324958123953,Middlesex County,2023,0.8106101302391099,1.0,2021,2037607957.0,2021,376938800,603.19,208,91.0,0
155,West Hartford,2025,2023,local,0.0301263362487852,0.0677032717849044,0.36432350718065,0.2166072778317676,0.3212396069538926,Hartford County,2023,0.9638410390478578,1.0,2021,12084417020.0,2021,3823771600,9522.48,2485,795.0,0
156,West Haven,2025,2023,local,0.0198399466488829,0.0713571190396799,0.3622874291430477,0.2239079693231077,0.3226075358452817,New Haven County,2023,0.8407764208716828,1.0,2021,5879553409.0,2021,1682535500,6869.62,3968,1352.0,1
157,Weston,2025,2023,local,0.0207564575645756,0.0678044280442804,0.3385608856088561,0.2398523985239852,0.3330258302583025,Fairfield County,2023,1.2873497355823753,1.0957832451941252,2021,4497559709.0,2021,1114463600,2127.02,24,27.0,0
158,Westport,2025,2023,local,0.0101256328520532,0.0735045940371273,0.3748359272454528,0.2319519969998124,0.3095818488655541,Fairfield County,2023,1.2873497355823753,1.0957832451941252,2021,20636390634.0,2021,3281340500,5303.47,129,48.0,0
159,Wethersfield,2025,2023,local,0.0203683035714285,0.0711495535714285,0.3487723214285714,0.2388392857142857,0.3208705357142857,Hartford County,2023,0.9638410390478578,1.0,2021,4380281987.0,2021,1338966800,3807.54,1070,366.0,0
160,Willington,2025,2023,local+region,0.0319388296412826,0.0558929518722446,0.3321638282693398,0.2091993341504015,0.3708050560667312,Tolland County,2023,0.7294942042999201,1.0,2021,851637490.0,2021,220782500,590.41,198,9.0,0
161,Wilton,2025,2023,local,0.0217904961932265,0.0653714885796797,0.353636124967183,0.2210553951168285,0.3381464951430821,Fairfield County,2023,1.2873497355823753,1.0957832451941252,2021,7741640360.0,2021,1754427800,3751.16,230,71.0,0
162,Winchester,2025,2023,local,0.0662358642972536,0.1292407108239095,0.6445880452342488,0.1470113085621971,0.0129240710823909,Litchfield County,2023,0.7199560696677768,1.0,2021,1506098935.0,2021,375510600,1111.88,661,45.0,1
163,Windham,2025,2023,local,0.0750154990700558,0.073775573465592,0.3915065096094234,0.2352758834469931,0.2244265344079355,Windham County,2023,0.6689228712292137,1.0,2021,1946430302.0,2021,529850000,3194.28,2359,1033.0,1
164,Windsor,2025,2023,local,0.0406941950927588,0.0622381807301017,0.3375224416517056,0.2103530819868342,0.3491921005385996,Hartford County,2023,0.9638410390478578,1.0,2021,6023893043.0,2021,1233964100,3912.03,1824,118.0,1
165,Windsor Locks,2025,2023,local,0.0632145258910558,0.0679219905850706,0.363147276395427,0.2151983860121049,0.2905178211163416,Hartford County,2023,0.9638410390478578,1.0,2021,2548053935.0,2021,512338000,1540.13,619,100.0,1
166,Wolcott,2025,2023,local,0.0276735459662288,0.0764540337711069,0.3592870544090056,0.2378048780487804,0.298780487804878,New Haven County,2023,0.8407764208716828,1.0,2021,2083317255.0,2021,750655500,2281.8,796,115.0,0
167,Woodbridge,2025,2023,local+region,0.0118342543738263,0.0753655146964732,0.3780732844690849,0.2385667479086875,0.2961601985519279,New Haven County,2023,0.8407764208716828,1.0,2021,2222203566.0,2021,632211100,1613.2,212,56.0,0
168,Woodbury,2025,2023,region,0.0271979759645793,0.0512333965844402,0.3055028462998102,0.1992409867172675,0.4168247944339026,Litchfield County,2023,0.7199560696677768,1.0,2021,2174308094.0,2021,613276400,970.66,220,20.0,0
169,Woodstock,2025,2023,local,0.0425806451612903,0.0916129032258064,0.5264516129032258,0.3341935483870967,0.0051612903225806,Windham County,2023,0.6689228712292137,1.0,2021,1356865166.0,2021,428503900,1158.31,200,11.0,0
1,Andover,2026,2023,local+region,0.0950290497095029,0.0642843571564284,0.3577564224357756,0.1918730812691872,0.2910570894291057,Tolland County,2023,0.7294942042999201,1.0,2022,556391831.0,2022,170812000,332.06,93,8.0,0
2,Ansonia,2026,2023,local,0.0500625782227784,0.065081351689612,0.3742177722152691,0.2394659991656237,0.2711722987067167,New Haven County,2023,0.8407764208716828,1.0,2022,2043997906.0,2022,747513300,2490.13,1586,190.0,1
3,Ashford,2026,2023,local+region,0.0564217237398835,0.0655220017624454,0.3166896751851528,0.2074863389144104,0.3538802603981077,Windham County,2023,0.6689228712292137,1.0,2022,660102726.0,2022,244607200,483.88,186,4.0,0
4,Avon,2026,2023,local,0.02304,0.0736,0.36672,0.22912,0.30752,Hartford County,2023,0.9638410390478578,1.0,2022,5210073352.0,2022,1690405900,3059.62,331,94.0,0
5,Barkhamsted,2026,2023,local+region,0.0366250371054958,0.0663828797537113,0.3227581394921825,0.2227615057639753,0.3514724378846348,Litchfield County,2023,0.7199560696677768,1.0,2022,770131926.0,2022,187463900,420.32,106,7.0,0
6,Beacon Falls,2026,2023,region,0.0264111859140341,0.0657690315898498,0.3738995339202485,0.2252718798549974,0.30864836872087,New Haven County,2023,0.8407764208716828,1.0,2022,1171644863.0,2022,334951800,687.14,225,18.0,0
7,Berlin,2026,2023,local,0.0225479143179255,0.0638857572341225,0.3641488162344983,0.2232243517474633,0.3261931604659902,Hartford County,2023,0.9638410390478578,1.0,2022,4131477989.0,2022,1122197500,2623.08,583,104.0,0
8,Bethany,2026,2023,local+region,0.0344269570326326,0.0701289865479553,0.378696527358959,0.2324488878002095,0.2842986412602435,New Haven County,2023,0.8407764208716828,1.0,2022,1241867611.0,2022,347252900,772.91,111,27.0,0
9,Bethel,2026,2023,local,0.025854108956602,0.0674053554939981,0.3265620190827947,0.2369959987688519,0.3431825176977531,Fairfield County,2023,1.2873497355823753,1.0957832451941252,2022,3912638885.0,2022,1064916700,3189.66,1077,265.0,0
10,Bethlehem,2026,2023,region,0.0271979759645793,0.0512333965844402,0.3055028462998102,0.1992409867172676,0.4168247944339026,Litchfield County,2023,0.7199560696677768,1.0,2022,806089795.0,2022,182489900,347.88,82,5.0,0
11,Bloomfield,2026,2023,local,0.1675075681130171,0.048435923309788,0.251765893037336,0.2124117053481332,0.3198789101917255,Hartford County,2023,0.9638410390478578,1.0,2022,5021260018.0,2022,1039257400,2273.58,1222,98.0,1
12,Bolton,2026,2023,local,0.0143061516452074,0.0543633762517882,0.3719599427753934,0.2474964234620887,0.3118741058655221,Tolland County,2023,0.7294942042999201,1.0,2022,899015269.0,2022,260049200,679.37,132,4.0,0
13,Bozrah,2026,2023,local,0.1117647058823529,0.0764705882352941,0.4823529411764706,0.3235294117647059,0.0058823529411764,New London County,2023,0.8354880683785171,1.0,2022,490574208.0,2022,112549200,254.33,83,3.0,0
14,Branford,2026,2023,local,0.0415238095238095,0.067047619047619,0.352,0.2243809523809523,0.315047619047619,New Haven County,2023,0.8407764208716828,1.0,2022,8120712118.0,2022,1773773700,2591.44,940,191.0,0
15,Bridgeport,2026,2023,local,0.0527793374508702,0.0741667092032055,0.3736920014292277,0.2176509621765096,0.2817109897401868,Fairfield County,2023,1.2873497355823753,1.0957832451941252,2022,16399747034.0,2022,4101298100,19751.77,17254,6263.0,1
16,Bridgewater,2026,2023,region,0.0476787954830614,0.0401505646173149,0.2835633626097867,0.1844416562107904,0.4441656210790464,Litchfield County,2023,0.7199560696677768,1.0,2022,655922895.0,2022,160868100,133.88,19,1.0,0
17,Bristol,2026,2023,local,0.0347311551324929,0.0644455878569591,0.3546436840751222,0.2279392847954721,0.3182402881399537,Hartford County,2023,0.9638410390478578,1.0,2022,7780071146.0,2022,2384898300,7903.53,4390,578.0,1
18,Brookfield,2026,2023,local,0.0147172734314484,0.0635166537567776,0.3508907823392719,0.2292796281951975,0.3415956622773044,Fairfield County,2023,1.2873497355823753,1.0957832451941252,2022,4936918276.0,2022,1094975600,2586.67,620,120.0,0
19,Brooklyn,2026,2023,local,0.0881355932203389,0.0847457627118644,0.5096045197740113,0.3073446327683616,0.0101694915254237,Windham County,2023,0.6689228712292137,1.0,2022,1340184656.0,2022,330258100,1136.3,378,18.0,0
20,Burlington,2026,2023,region,0.024045261669024,0.0697784064120697,0.3644507307873644,0.2409240924092409,0.3008015087223007,Hartford County,2023,0.9638410390478578,1.0,2022,2047019036.0,2022,558002300,1456.6,199,28.0,0
21,Canaan,2026,2023,local+region,0.0,0.0933696437503473,0.4209692658255988,0.2350358472739398,0.2506252431501139,Litchfield County,2023,0.7199560696677768,1.0,2022,338781167.0,2022,62438900,92.6,31,2.0,0
22,Canterbury,2026,2023,local,0.0925925925925925,0.1111111111111111,0.4732510288065844,0.3045267489711934,0.0185185185185185,Windham County,2023,0.6689228712292137,1.0,2022,873157889.0,2022,237309600,636.36,199,13.0,0
23,Canton,2026,2023,local,0.0278884462151394,0.0677290836653386,0.3618857901726428,0.2304116865869853,0.3120849933598937,Hartford County,2023,0.9638410390478578,1.0,2022,2328470796.0,2022,634404300,1445.61,224,10.0,0
24,Chaplin,2026,2023,local+region,0.0452495378927911,0.0754158964879852,0.3808502772643253,0.2571903881700555,0.2412939001848429,Windham County,2023,0.6689228712292137,1.0,2022,375108900.0,2022,83582600,253.83,114,2.0,0
25,Cheshire,2026,2023,local,0.0274621212121212,0.0693655303030303,0.3849431818181818,0.2275094696969697,0.2907196969696969,New Haven County,2023,0.8407764208716828,1.0,2022,6153365727.0,2022,1787546700,4238.73,737,158.0,0
26,Chester,2026,2023,local+region,0.0,0.037381150768739,0.3862718912769706,0.2422032241004744,0.3341437338538159,Middlesex County,2023,0.8106101302391099,1.0,2022,970354694.0,2022,177502500,387.43,105,6.0,0
27,Clinton,2026,2023,local,0.0446122168840082,0.0583390528483184,0.3459162663006177,0.2216884008236101,0.3294440631434454,Middlesex County,2023,0.8106101302391099,1.0,2022,3574167406.0,2022,696252700,1416.62,591,176.0,0
28,Colchester,2026,2023,local,0.0453493752892179,0.0689495603887089,0.3808422026839426,0.2184173993521518,0.2864414622859787,New London County,2023,0.8354880683785171,1.0,2022,2778238058.0,2022,799651300,2059.41,515,43.0,0
29,Colebrook,2026,2023,local+region,0.0,0.032516932279576,0.2926523905161845,0.2743942199848718,0.4004364572193675,Litchfield County,2023,0.7199560696677768,1.0,2022,397626326.0,2022,81329300,144.68,42,0.0,0
30,Columbia,2026,2023,local,0.0796645702306079,0.0775681341719077,0.5052410901467506,0.3354297693920335,0.0020964360587002,Tolland County,2023,0.7294942042999201,1.0,2022,1073937625.0,2022,280520300,594.46,136,4.0,0
31,Cornwall,2026,2023,local+region,0.0073394495412844,0.1027522935779816,0.3825688073394495,0.2220183486238532,0.2853211009174312,Litchfield County,2023,0.7199560696677768,1.0,2022,738378730.0,2022,99292400,118.04,50,2.0,0
32,Coventry,2026,2023,local,0.0710349050826699,0.0667483159828536,0.3686466625842008,0.2339252908756889,0.2596448254745866,Tolland County,2023,0.7294942042999201,1.0,2022,2145079936.0,2022,641071800,1586.87,429,20.0,0
33,Cromwell,2026,2023,local,0.0252100840336134,0.0646008403361344,0.3792016806722689,0.25,0.2809873949579832,Middlesex County,2023,0.8106101302391099,1.0,2022,2723343538.0,2022,754928100,1879.61,494,107.0,0
34,Danbury,2026,2023,local,0.0211116608939468,0.0727362691736764,0.3751443179943922,0.2246412666996536,0.3063664852383309,Fairfield County,2023,1.2873497355823753,1.0957832451941252,2022,14942402616.0,2022,3568813300,11855.68,6695,4492.0,1
35,Darien,2026,2023,local,0.021362956633198,0.0719931638538773,0.3783379619739372,0.2247383037812433,0.303567613757744,Fairfield County,2023,1.2873497355823753,1.0957832451941252,2022,17504749727.0,2022,3158749400,4642.89,111,66.0,0
36,Deep River,2026,2023,local+region,0.0,0.0719970596620672,0.3172370441359837,0.2233901134571984,0.3873757827447505,Middlesex County,2023,0.8106101302391099,1.0,2022,1004975820.0,2022,230611100,442.53,141,17.0,0
37,Derby,2026,2023,local,0.0438661710037174,0.0736059479553903,0.3762081784386617,0.2096654275092936,0.2966542750929368,New Haven County,2023,0.8407764208716828,1.0,2022,1738863626.0,2022,476521700,1419.56,781,92.0,1
38,Durham,2026,2023,region,0.0185185185185185,0.0696296296296296,0.3933333333333333,0.2325925925925926,0.2859259259259259,Middlesex County,2023,0.8106101302391099,1.0,2022,1475009666.0,2022,459410100,879.09,138,14.0,0
39,Eastford,2026,2023,local,0.1034482758620689,0.1436781609195402,0.5057471264367817,0.2413793103448276,0.0057471264367816,Windham County,2023,0.6689228712292137,1.0,2022,322116821.0,2022,68499200,205.07,47,5.0,0
40,East Granby,2026,2023,local,0.0157575757575757,0.0715151515151515,0.3696969696969697,0.2496969696969697,0.2933333333333333,Hartford County,2023,0.9638410390478578,1.0,2022,1201091467.0,2022,259748300,880.21,143,20.0,0
41,East Haddam,2026,2023,local,0.047047047047047,0.081081081081081,0.3643643643643643,0.2362362362362362,0.2712712712712712,Middlesex County,2023,0.8106101302391099,1.0,2022,1710287559.0,2022,528733300,947.11,254,6.0,0
42,East Hampton,2026,2023,local,0.0367393800229621,0.0677382319173364,0.351894374282434,0.2468427095292767,0.2967853042479908,Middlesex County,2023,0.8106101302391099,1.0,2022,2420865364.0,2022,645002900,1703.03,398,17.0,0
43,East Hartford,2026,2023,local,0.0491419656786271,0.068798751950078,0.3507020280811232,0.2004680187207488,0.3308892355694228,Hartford County,2023,0.9638410390478578,1.0,2022,5673393345.0,2022,1618647100,7964.72,5017,1421.0,1
44,East Haven,2026,2023,local,0.074061315880124,0.066138477437134,0.339993110575267,0.2084050981743024,0.3114019979331726,New Haven County,2023,0.8407764208716828,1.0,2022,4347782108.0,2022,1104623100,3033.89,1774,424.0,1
45,East Lyme,2026,2023,local,0.0211492418196328,0.0570630486831604,0.3339984038308061,0.2071029529130088,0.3806863527533918,New London County,2023,0.8354880683785171,1.0,2022,5105999300.0,2022,1018866700,2369.14,620,103.0,0
46,Easton,2026,2023,local+region,0.0231604023292747,0.0694812069878242,0.3844626786659608,0.2207958355390859,0.3020998764778543,Fairfield County,2023,1.2873497355823753,1.0957832451941252,2022,2637702587.0,2022,621946700,1248.57,106,33.0,0
47,East Windsor,2026,2023,local,0.0750950570342205,0.0826996197718631,0.3621673003802281,0.2224334600760456,0.2576045627376426,Hartford County,2023,0.9638410390478578,1.0,2022,2037888178.0,2022,552009400,1078.75,582,60.0,1
48,Ellington,2026,2023,local,0.0325873576756969,0.0710639968590498,0.3698468786808009,0.232037691401649,0.2944640753828033,Tolland County,2023,0.7294942042999201,1.0,2022,2981636201.0,2022,948308000,2493.41,511,50.0,0
49,Enfield,2026,2023,local,0.0449647741400746,0.0665147119767923,0.3371322005801906,0.2293825113966017,0.3220058019063406,Hartford County,2023,0.9638410390478578,1.0,2022,6282734077.0,2022,1707199300,4853.21,2415,194.0,1
50,Essex,2026,2023,local+region,0.0569686810623611,0.0638739757365867,0.329727820694272,0.216691836729315,0.332737685777465,Middlesex County,2023,0.8106101302391099,1.0,2022,2332282784.0,2022,424637300,515.57,112,16.0,0
51,Fairfield,2026,2023,local,0.0191341528594334,0.0668091929449492,0.3708177445216462,0.2251202565473009,0.3181186531266702,Fairfield County,2023,1.2873497355823753,1.0957832451941252,2022,22275269235.0,2022,4715159600,9095.28,1584,337.0,0
52,Farmington,2026,2023,local,0.0240820219360991,0.0639008106819265,0.3729136862184072,0.2277062470195517,0.3113972341440152,Hartford County,2023,0.9638410390478578,1.0,2022,6420677840.0,2022,1710032300,4141.59,750,232.0,0
53,Franklin,2026,2023,local,0.0729166666666666,0.1041666666666666,0.5208333333333334,0.3020833333333333,0.0,New London County,2023,0.8354880683785171,1.0,2022,472620207.0,2022,80557400,241.44,64,0.0,0
54,Glastonbury,2026,2023,local,0.0153330983433204,0.065738456115615,0.3692280578075432,0.2271765949947127,0.3225237927388086,Hartford County,2023,0.9638410390478578,1.0,2022,7696785652.0,2022,2447986600,5673.0,852,213.0,0
55,Goshen,2026,2023,statewide,0.0380960183516303,0.0674239054953457,0.3533683668453454,0.2201571436373992,0.3209545656702792,Litchfield County,2023,0.7199560696677768,1.0,2022,1044820053.0,2022,250666800,282.54,69,3.0,0
56,Granby,2026,2023,local,0.0195177956371986,0.074052812858783,0.3501722158438576,0.227324913892078,0.3289322617680826,Hartford County,2023,0.9638410390478578,1.0,2022,1965286000.0,2022,667324700,1652.18,218,9.0,0
57,Greenwich,2026,2023,local,0.0239841657934567,0.0738153452089882,0.3636046105483758,0.2230760274770054,0.3155198509721737,Fairfield County,2023,1.2873497355823753,1.0957832451941252,2022,62632853187.0,2022,7659978900,8227.02,1672,460.0,0
58,Griswold,2026,2023,local,0.036056338028169,0.0597183098591549,0.3605633802816901,0.2061971830985915,0.3374647887323944,New London County,2023,0.8354880683785171,1.0,2022,1695205420.0,2022,458332800,1603.2,851,25.0,0
59,Groton,2026,2023,local,0.0468406928519151,0.0880702610392778,0.3864357160282995,0.2198097096852891,0.2588436203952183,New London County,2023,0.8354880683785171,1.0,2022,8289712955.0,2022,1735835900,4316.03,2888,200.0,1
60,Guilford,2026,2023,local,0.0175718849840255,0.0651757188498402,0.3501597444089457,0.2303514376996805,0.336741214057508,New Haven County,2023,0.8407764208716828,1.0,2022,5950793614.0,2022,1530313000,3063.46,447,55.0,0
61,Haddam,2026,2023,region,0.0242937853107344,0.0649717514124293,0.3887005649717514,0.2259887005649717,0.296045197740113,Middlesex County,2023,0.8106101302391099,1.0,2022,1885067336.0,2022,510509400,1015.11,181,5.0,0
62,Hamden,2026,2023,local,0.0417965169569202,0.0676443629697525,0.3369385884509624,0.224564619615032,0.3290559120073327,New Haven County,2023,0.8407764208716828,1.0,2022,8534575348.0,2022,2595700000,6318.09,2928,537.0,1
63,Hampton,2026,2023,local+region,0.1032067247820672,0.0635118306351183,0.3572540473225404,0.2386363636363636,0.2373910336239103,Windham County,2023,0.6689228712292137,1.0,2022,298495601.0,2022,84569800,123.96,53,0.0,0
64,Hartford,2026,2023,local,0.080171031533939,0.0685907714234812,0.3475265752123048,0.2168774867866262,0.2868341350436487,Hartford County,2023,0.9638410390478578,1.0,2022,9942291173.0,2022,2954595000,18417.88,15868,5032.0,1
65,Hartland,2026,2023,local,0.073394495412844,0.0642201834862385,0.4770642201834862,0.3853211009174312,0.0,Hartford County,2023,0.9638410390478578,1.0,2022,433771906.0,2022,103670400,183.63,31,0.0,0
66,Harwinton,2026,2023,region,0.024045261669024,0.0697784064120697,0.3644507307873644,0.2409240924092409,0.3008015087223007,Litchfield County,2023,0.7199560696677768,1.0,2022,1215156970.0,2022,284667400,701.64,160,6.0,0
67,Hebron,2026,2023,local+region,0.0535600384351106,0.0581508988724058,0.3466099630157874,0.225673504137797,0.3160055955388991,Tolland County,2023,0.7294942042999201,1.0,2022,1715098801.0,2022,607048300,1209.29,222,2.0,0
68,Kent,2026,2023,local+region,0.0560057441788901,0.1033952200225664,0.4141450405169761,0.251000102574623,0.1754538927069443,Litchfield County,2023,0.7199560696677768,1.0,2022,1243222612.0,2022,210128600,191.95,57,2.0,0
69,Killingly,2026,2023,local,0.047874535699546,0.0614940156830375,0.3516302104828724,0.2146099876186545,0.3243912505158894,Windham County,2023,0.6689228712292137,1.0,2022,4114441461.0,2022,638691300,2025.11,1064,57.0,1
70,Killingworth,2026,2023,region,0.0242937853107344,0.0649717514124293,0.3887005649717514,0.2259887005649717,0.296045197740113,Middlesex County,2023,0.8106101302391099,1.0,2022,1510323803.0,2022,429120800,705.74,98,6.0,0
71,Lebanon,2026,2023,local,0.0538071065989847,0.0771573604060913,0.3137055837563451,0.2050761421319797,0.350253807106599,New London County,2023,0.8354880683785171,1.0,2022,1506040737.0,2022,358709200,840.0,237,6.0,0
72,Ledyard,2026,2023,local,0.0392638036809816,0.069120654396728,0.3488752556237219,0.2319018404907975,0.310838445807771,New London County,2023,0.8354880683785171,1.0,2022,2491987328.0,2022,643635900,2296.38,656,43.0,0
73,Lisbon,2026,2023,local,0.1176470588235294,0.083710407239819,0.4683257918552036,0.3190045248868778,0.0113122171945701,New London County,2023,0.8354880683785171,1.0,2022,840597062.0,2022,164616200,549.16,198,12.0,0
74,Litchfield,2026,2023,local,0.0316301703163017,0.0705596107055961,0.3710462287104623,0.2384428223844282,0.2883211678832116,Litchfield County,2023,0.7199560696677768,1.0,2022,2362021529.0,2022,502491900,776.22,201,7.0,0
75,Lyme,2026,2023,region,0.076625386996904,0.06656346749226,0.3405572755417956,0.2105263157894737,0.3057275541795665,New London County,2023,0.8354880683785171,1.0,2022,1086689372.0,2022,207845400,228.45,34,3.0,0
76,Madison,2026,2023,local,0.0205423171733771,0.0743631881676253,0.3594905505341002,0.2218570254724733,0.323746918652424,New Haven County,2023,0.8407764208716828,1.0,2022,6292036271.0,2022,1398563600,2464.3,118,29.0,0
77,Manchester,2026,2023,local,0.0395654288957353,0.0711853413329009,0.3757094211123723,0.2038268201718826,0.3097129884871088,Hartford County,2023,0.9638410390478578,1.0,2022,8507027667.0,2022,2520242400,7451.34,4498,665.0,1
78,Mansfield,2026,2023,local+region,0.0442394067405257,0.0509056187151254,0.3102818664540981,0.2018044170492474,0.3927686910410033,Tolland County,2023,0.7294942042999201,1.0,2022,2420605646.0,2022,662402800,1505.93,464,91.0,0
79,Marlborough,2026,2023,local+region,0.0389027021213329,0.0613012275851306,0.3595552771820162,0.2162139933316884,0.3240267997798318,Hartford County,2023,0.9638410390478578,1.0,2022,1200773284.0,2022,371265400,849.66,152,8.0,0
80,Meriden,2026,2023,local,0.0160427807486631,0.0671293662532711,0.3635225850494937,0.239390146774377,0.313915121174195,New Haven County,2023,0.8407764208716828,1.0,2022,7059812742.0,2022,2102660600,8923.98,6905,1760.0,1
81,Middlebury,2026,2023,region,0.0203784570596797,0.0672489082969432,0.3839883551673945,0.232023289665211,0.2963609898107714,New Haven County,2023,0.8407764208716828,1.0,2022,1985402475.0,2022,422513400,1182.45,194,30.0,0
82,Middlefield,2026,2023,region,0.0185185185185185,0.0696296296296296,0.3933333333333333,0.2325925925925926,0.2859259259259259,Middlesex County,2023,0.8106101302391099,1.0,2022,916879936.0,2022,242409000,461.06,92,6.0,0
83,Middletown,2026,2023,local,0.0356327089995431,0.0778894472361809,0.3716308816811329,0.2265874828688899,0.2882594792142531,Middlesex County,2023,0.8106101302391099,1.0,2022,6685444985.0,2022,2039343900,4506.93,2322,299.0,1
84,Milford,2026,2023,local,0.0416744884550403,0.075652337150366,0.3469119579500657,0.2235779988736624,0.3121832175708654,New Haven County,2023,0.8407764208716828,1.0,2022,14097217493.0,2022,3088283700,5213.75,1589,152.0,0
85,Monroe,2026,2023,local,0.0219020172910662,0.0763688760806916,0.3714697406340058,0.2193083573487031,0.3109510086455331,Fairfield County,2023,1.2873497355823753,1.0957832451941252,2022,4552005603.0,2022,1117460900,3473.73,458,80.0,0
86,Montville,2026,2023,local,0.0291934685799109,0.074220682830282,0.3661553686293914,0.2558139534883721,0.2746165264720435,New London County,2023,0.8354880683785171,1.0,2022,2839100245.0,2022,690772400,2173.06,972,103.0,0
87,Morris,2026,2023,statewide,0.0380960183516303,0.0674239054953457,0.3533683668453454,0.2201571436373992,0.3209545656702792,Litchfield County,2023,0.7199560696677768,1.0,2022,658278799.0,2022,143857800,219.2,65,9.0,0
88,Naugatuck,2026,2023,local,0.0392342235878043,0.0612148428267549,0.3715433703616166,0.2195698416450011,0.308437721578823,New Haven County,2023,0.8407764208716828,1.0,2022,3344090187.0,2022,1317196800,4521.99,2584,579.0,1
89,New Britain,2026,2023,local,0.0363636363636363,0.0789898989898989,0.3914141414141414,0.215050505050505,0.2781818181818182,Hartford County,2023,0.9638410390478578,1.0,2022,5652204810.0,2022,2069380900,11285.15,8436,2183.0,1
90,New Canaan,2026,2023,local,0.0126551472377707,0.0676563640788513,0.3745436845947919,0.2363105378437576,0.3088342662448284,Fairfield County,2023,1.2873497355823753,1.0957832451941252,2022,14757511294.0,2022,2819908000,4100.73,7,19.0,0
91,New Fairfield,2026,2023,local,0.0389972144846796,0.0677808727948003,0.329619312906221,0.2367688022284122,0.3268337975858867,Fairfield County,2023,1.2873497355823753,1.0957832451941252,2022,3716625526.0,2022,742127500,2069.44,400,91.0,0
92,New Hartford,2026,2023,local+region,0.0297996535473037,0.0662214523273417,0.3211740437876074,0.2335516123034972,0.3492532380342498,Litchfield County,2023,0.7199560696677768,1.0,2022,1329651186.0,2022,426907100,831.18,163,8.0,0
93,New Haven,2026,2023,local,0.0615838869556047,0.0639565538331751,0.3361805335864178,0.2211852789201729,0.3170937467046293,New Haven County,2023,0.8407764208716828,1.0,2022,15715592110.0,2022,4390136000,16938.0,13171,4376.0,1
94,Newington,2026,2023,local,0.0277421012072951,0.0577960441818648,0.3573079886976624,0.2206524531209863,0.3365014127921911,Hartford County,2023,0.9638410390478578,1.0,2022,5677081527.0,2022,1451245300,3869.0,1372,348.0,0
95,New London,2026,2023,local,0.0205338809034907,0.0732375085557837,0.4113620807665982,0.1930184804928131,0.3018480492813141,New London County,2023,0.8354880683785171,1.0,2022,3538831970.0,2022,805369500,3095.76,2657,995.0,1
96,New Milford,2026,2023,local,0.0210993892282065,0.0694058856191005,0.3481399222654081,0.2176568573014991,0.3436979455857856,Litchfield County,2023,0.7199560696677768,1.0,2022,6201511109.0,2022,1276783600,3526.99,1128,325.0,0
97,Newtown,2026,2023,local,0.014426727410782,0.0696026322450012,0.3556061756517337,0.2310807390534042,0.3292837256390787,Fairfield County,2023,1.2873497355823753,1.0957832451941252,2022,6464124410.0,2022,1742952300,3957.3,601,71.0,0
98,Norfolk,2026,2023,local+region,0.0695929042528997,0.0618603593359108,0.2629065271776211,0.2078690015919945,0.3977712076415738,Litchfield County,2023,0.7199560696677768,1.0,2022,560194632.0,2022,115574800,124.42,41,2.0,0
99,North Branford,2026,2023,local,0.0350421804023361,0.0759247242050616,0.3659961064243997,0.2310188189487345,0.2920181700194679,New Haven County,2023,0.8407764208716828,1.0,2022,2539498152.0,2022,765246900,1582.16,396,22.0,0
100,North Canaan,2026,2023,local+region,0.0400456302249161,0.0972536734033677,0.315606217969455,0.247918546643284,0.2991759317589771,Litchfield County,2023,0.7199560696677768,1.0,2022,591861918.0,2022,113203400,347.8,142,22.0,0
101,North Haven,2026,2023,local,0.0200865265760197,0.0682941903584672,0.3763906056860321,0.2326946847960445,0.3025339925834363,New Haven County,2023,0.8407764208716828,1.0,2022,6119152059.0,2022,1405830200,3242.55,753,196.0,0
102,North Stonington,2026,2023,local,0.0499325236167341,0.0715249662618083,0.3427800269905533,0.2456140350877192,0.2901484480431849,New London County,2023,0.8354880683785171,1.0,2022,1203743855.0,2022,236477200,707.27,125,3.0,0
103,Norwalk,2026,2023,local,0.0240451388888888,0.0711805555555555,0.3427083333333333,0.2091145833333333,0.3529513888888889,Fairfield County,2023,1.2873497355823753,1.0957832451941252,2022,27515255112.0,2022,5110614000,11808.17,5961,2698.0,1
104,Norwich,2026,2023,local,0.0518585131894484,0.0863309352517985,0.5146882494004796,0.3192446043165468,0.0278776978417266,New London County,2023,0.8354880683785171,1.0,2022,4294436353.0,2022,1420621300,4924.0,3722,1123.0,1
105,Old Lyme,2026,2023,region,0.076625386996904,0.06656346749226,0.3405572755417956,0.2105263157894736,0.3057275541795665,New London County,2023,0.8354880683785171,1.0,2022,3500895548.0,2022,586610400,1059.86,160,31.0,0
106,Old Saybrook,2026,2023,local,0.0815533980582524,0.058252427184466,0.3087378640776699,0.2135922330097087,0.3378640776699029,Middlesex County,2023,0.8106101302391099,1.0,2022,4844785346.0,2022,690008900,1051.0,249,87.0,0
107,Orange,2026,2023,local+region,0.0256322981118037,0.0725524370283259,0.3775333399857198,0.2328314862757798,0.2914504385983707,New Haven County,2023,0.8407764208716828,1.0,2022,4475388294.0,2022,872141200,2250.49,355,100.0,0
108,Oxford,2026,2023,local,0.0197960407918416,0.0767846430713857,0.3665266946610678,0.2279544091181763,0.3089382123575285,New Haven County,2023,0.8407764208716828,1.0,2022,3389343902.0,2022,705209300,1688.0,308,29.0,0
109,Plainfield,2026,2023,local,0.0437994722955145,0.0612137203166226,0.3852242744063324,0.2364116094986807,0.2733509234828496,Windham County,2023,0.6689228712292137,1.0,2022,2114749386.0,2022,508622400,1843.3,1017,20.0,1
110,Plainville,2026,2023,local,0.0532150776053215,0.0638580931263858,0.3450110864745011,0.225720620842572,0.3121951219512195,Hartford County,2023,0.9638410390478578,1.0,2022,2821977417.0,2022,772219100,2233.9,916,161.0,0
111,Plymouth,2026,2023,local,0.0555121188428459,0.0672400312744331,0.3620015637216575,0.217357310398749,0.2978889757623143,Litchfield County,2023,0.7199560696677768,1.0,2022,1633193360.0,2022,475559600,1355.7,683,52.0,0
112,Pomfret,2026,2023,local,0.0630372492836676,0.1031518624641833,0.5128939828080229,0.3209169054441261,0.0,Windham County,2023,0.6689228712292137,1.0,2022,855344220.0,2022,209870400,512.33,86,6.0,0
113,Portland,2026,2023,local,0.0345937248592115,0.0707964601769911,0.3821399839098954,0.2566371681415929,0.2558326629123089,Middlesex County,2023,0.8106101302391099,1.0,2022,1696533513.0,2022,461762200,1248.73,320,39.0,0
114,Preston,2026,2023,local,0.0911111111111111,0.0888888888888888,0.52,0.2888888888888888,0.0111111111111111,New London County,2023,0.8354880683785171,1.0,2022,874424550.0,2022,212494800,620.52,183,12.0,0
115,Prospect,2026,2023,region,0.0264111859140341,0.0657690315898498,0.3738995339202485,0.2252718798549974,0.30864836872087,New Haven County,2023,0.8407764208716828,1.0,2022,1860592598.0,2022,446428800,1273.29,293,27.0,0
116,Putnam,2026,2023,local,0.0982218458933107,0.065198983911939,0.392887383573243,0.2057578323454699,0.2379339542760372,Windham County,2023,0.6689228712292137,1.0,2022,1650722929.0,2022,316612900,1117.85,652,61.0,1
117,Redding,2026,2023,local+region,0.0359863532270879,0.0826050380894517,0.3704958639061551,0.2183717343552834,0.2925410104220218,Fairfield County,2023,1.2873497355823753,1.0957832451941252,2022,2792723422.0,2022,764864000,1175.67,120,15.0,0
118,Ridgefield,2026,2023,local,0.0122932498882431,0.0612427358068842,0.3679034421099687,0.2284309342869915,0.3301296379079124,Fairfield County,2023,1.2873497355823753,1.0957832451941252,2022,8252078650.0,2022,2309965200,4470.53,360,96.0,0
119,Rocky Hill,2026,2023,local,0.0197628458498023,0.0675889328063241,0.3806324110671937,0.2438735177865612,0.2881422924901186,Hartford County,2023,0.9638410390478578,1.0,2022,4253120951.0,2022,1098722700,2687.96,622,310.0,0
120,Roxbury,2026,2023,region,0.0476787954830614,0.0401505646173149,0.2835633626097867,0.1844416562107904,0.4441656210790464,Litchfield County,2023,0.7199560696677768,1.0,2022,1213599957.0,2022,176201600,156.3,34,2.0,0
121,Salem,2026,2023,local,0.0569948186528497,0.082901554404145,0.5233160621761658,0.3290155440414508,0.0077720207253886,New London County,2023,0.8354880683785171,1.0,2022,818222767.0,2022,229540900,551.52,129,3.0,0
122,Salisbury,2026,2023,local+region,0.0483669748248616,0.1128562745913438,0.3902146444451553,0.264514890758453,0.1840472153801861,Litchfield County,2023,0.7199560696677768,1.0,2022,2731943282.0,2022,266633500,344.93,78,10.0,0
123,Scotland,2026,2023,local+region,0.1383006198347107,0.0263429752066115,0.4544163223140496,0.1958290289256198,0.1851110537190082,Windham County,2023,0.6689228712292137,1.0,2022,251179289.0,2022,65029400,134.48,59,2.0,0
124,Seymour,2026,2023,local,0.0180866254164683,0.0690147548786292,0.3979057591623036,0.2256068538791052,0.2893860066634935,New Haven County,2023,0.8407764208716828,1.0,2022,2702927039.0,2022,766621100,2176.48,1103,152.0,0
125,Sharon,2026,2023,local+region,0.0,0.159682018491316,0.4144560615225093,0.1974423226475417,0.228419597338633,Litchfield County,2023,0.7199560696677768,1.0,2022,1627558345.0,2022,233717300,127.39,46,4.0,0
126,Shelton,2026,2023,local,0.0219366275204963,0.067582539330822,0.3751384888101041,0.2388654996676268,0.2964768446709506,Fairfield County,2023,1.2873497355823753,1.0957832451941252,2022,10357491695.0,2022,2213107500,4614.22,1686,344.0,0
127,Sherman,2026,2023,local,0.1138211382113821,0.065040650406504,0.4756097560975609,0.3414634146341463,0.0040650406504065,Fairfield County,2023,1.2873497355823753,1.0957832451941252,2022,1509433334.0,2022,329823300,333.33,30,0.0,0
128,Simsbury,2026,2023,local,0.0115246098439375,0.0660264105642256,0.3791116446578631,0.2292917166866746,0.3140456182472989,Hartford County,2023,0.9638410390478578,1.0,2022,4852885838.0,2022,1780525400,4118.37,574,87.0,0
129,Somers,2026,2023,local,0.0265291083271923,0.0700073691967575,0.3898305084745763,0.2284450994841562,0.2851879145173176,Tolland County,2023,0.7294942042999201,1.0,2022,1785677216.0,2022,470035900,1324.3,69,18.0,0
130,Southbury,2026,2023,region,0.0203784570596797,0.0672489082969432,0.3839883551673945,0.232023289665211,0.2963609898107714,New Haven County,2023,0.8407764208716828,1.0,2022,4135113791.0,2022,1262580200,2250.47,282,37.0,0
131,Southington,2026,2023,local,0.0169817366228772,0.0679269464915091,0.3708747196411406,0.2194809355975648,0.324735661646908,Hartford County,2023,0.9638410390478578,1.0,2022,8986748508.0,2022,2452950800,6028.88,1569,231.0,0
132,South Windsor,2026,2023,local,0.019115890083632,0.0682994822779769,0.3952608522500995,0.23436877737953,0.2829549980087614,Hartford County,2023,0.9638410390478578,1.0,2022,5370004227.0,2022,1607596000,5167.73,870,477.0,0
133,Sprague,2026,2023,local,0.0824742268041237,0.0996563573883161,0.4673539518900343,0.3367697594501718,0.0137457044673539,New London County,2023,0.8354880683785171,1.0,2022,352896300.0,2022,118732700,362.0,201,7.0,0
134,Stafford,2026,2023,local,0.0660091047040971,0.0675265553869499,0.3474962063732928,0.2306525037936267,0.2883156297420334,Tolland County,2023,0.7294942042999201,1.0,2022,1650461752.0,2022,477666200,1292.86,523,13.0,0
135,Stamford,2026,2023,local,0.0186057898280188,0.075708427688353,0.3656282514229757,0.2186792337352347,0.3213782973254177,Fairfield County,2023,1.2873497355823753,1.0957832451941252,2022,43785874323.0,2022,7898054100,15740.78,8588,3098.0,1
136,Sterling,2026,2023,local,0.0762195121951219,0.0823170731707317,0.4878048780487805,0.3353658536585366,0.0182926829268292,Windham County,2023,0.6689228712292137,1.0,2022,513448434.0,2022,118229700,426.12,173,2.0,0
137,Stonington,2026,2023,local,0.0198637911464245,0.0595913734392735,0.358683314415437,0.2247446083995459,0.337116912599319,New London County,2023,0.8354880683785171,1.0,2022,5775487595.0,2022,1143477800,1745.13,458,14.0,0
138,Stratford,2026,2023,local,0.0286222749518018,0.0630283256710663,0.3400563547382471,0.2279400860151268,0.340352958623758,Fairfield County,2023,1.2873497355823753,1.0957832451941252,2022,10472589181.0,2022,2395575600,6781.1,3372,774.0,1
139,Suffield,2026,2023,local,0.0240431795878312,0.0588812561334641,0.3650637880274779,0.2139352306182532,0.3380765456329735,Hartford County,2023,0.9638410390478578,1.0,2022,3081963868.0,2022,913929500,1922.64,267,43.0,0
140,Thomaston,2026,2023,local,0.0708762886597938,0.0670103092783505,0.3853092783505155,0.2396907216494845,0.2371134020618556,Litchfield County,2023,0.7199560696677768,1.0,2022,1305268480.0,2022,397455200,866.28,327,16.0,0
141,Thompson,2026,2023,local,0.0440677966101694,0.0824858757062146,0.3875706214689265,0.2293785310734463,0.2564971751412429,Windham County,2023,0.6689228712292137,1.0,2022,1542030899.0,2022,398948100,826.77,372,19.0,1
142,Tolland,2026,2023,local,0.0375565610859728,0.0633484162895927,0.3619909502262443,0.2095022624434389,0.3276018099547511,Tolland County,2023,0.7294942042999201,1.0,2022,2633677430.0,2022,944302100,2180.68,377,28.0,0
143,Torrington,2026,2023,local,0.0238276299112801,0.0762991128010139,0.3837769328263625,0.2479087452471483,0.2681875792141951,Litchfield County,2023,0.7199560696677768,1.0,2022,4686850923.0,2022,1209120200,4213.04,2737,656.0,1
144,Trumbull,2026,2023,local,0.0324207492795389,0.0593659942363112,0.3577809798270893,0.2299711815561959,0.3204610951008645,Fairfield County,2023,1.2873497355823753,1.0957832451941252,2022,9717974509.0,2022,2127655800,6780.83,1333,321.0,0
145,Union,2026,2023,local,0.2549019607843137,0.0392156862745098,0.3529411764705882,0.3529411764705882,0.0,Tolland County,2023,0.7294942042999201,1.0,2022,211355052.0,2022,47714700,71.68,17,0.0,0
146,Vernon,2026,2023,local,0.0474271543707377,0.0781153130812151,0.3533787972721636,0.2132672039677619,0.3078115313081215,Tolland County,2023,0.7294942042999201,1.0,2022,4159721607.0,2022,1266689500,3373.62,1926,138.0,1
147,Voluntown,2026,2023,local,0.1822033898305084,0.0762711864406779,0.3940677966101695,0.3432203389830508,0.0042372881355932,New London County,2023,0.8354880683785171,1.0,2022,498059942.0,2022,110359700,280.88,98,9.0,0
148,Wallingford,2026,2023,local,0.0423280423280423,0.0672713529856387,0.3537414965986394,0.2122071050642479,0.3244520030234316,New Haven County,2023,0.8407764208716828,1.0,2022,8582990663.0,2022,2131587200,5247.19,1854,410.0,0
149,Warren,2026,2023,statewide,0.0380960183516303,0.0674239054953457,0.3533683668453454,0.2201571436373992,0.3209545656702792,Litchfield County,2023,0.7199560696677768,1.0,2022,712972271.0,2022,113653600,122.67,29,0.0,0
150,Washington,2026,2023,region,0.0476787954830614,0.0401505646173149,0.2835633626097867,0.1844416562107904,0.4441656210790464,Litchfield County,2023,0.7199560696677768,1.0,2022,2908215598.0,2022,230232800,239.58,68,12.0,0
151,Waterbury,2026,2023,local,0.0483751846381093,0.07559611732433,0.3774530491664908,0.2082190335513821,0.2903566153196877,New Haven County,2023,0.8407764208716828,1.0,2022,11286605322.0,2022,3189387000,18575.34,14781,3950.0,1
152,Waterford,2026,2023,local,0.026911576249466,0.0790260572404955,0.3417343015805211,0.2362238359675352,0.316104228961982,New London County,2023,0.8354880683785171,1.0,2022,6477632423.0,2022,957630300,2438.33,820,149.0,0
153,Watertown,2026,2023,local,0.0294802172226532,0.0671062839410395,0.391388673390225,0.2276958882854926,0.2843289371605896,Litchfield County,2023,0.7199560696677768,1.0,2022,3858886431.0,2022,993026600,2660.72,1090,133.0,0
154,Westbrook,2026,2023,local,0.0753768844221105,0.0653266331658291,0.3634840871021775,0.1959798994974874,0.2998324958123953,Middlesex County,2023,0.8106101302391099,1.0,2022,2630152182.0,2022,395525200,600.66,243,95.0,0
155,West Hartford,2026,2023,local,0.0301263362487852,0.0677032717849044,0.36432350718065,0.2166072778317676,0.3212396069538926,Hartford County,2023,0.9638410390478578,1.0,2022,13372708887.0,2022,4251576600,9323.98,2518,797.0,0
156,West Haven,2026,2023,local,0.0198399466488829,0.0713571190396799,0.3622874291430477,0.2239079693231077,0.3226075358452817,New Haven County,2023,0.8407764208716828,1.0,2022,6481720224.0,2022,1886601700,6874.5,4030,1488.0,1
157,Weston,2026,2023,local,0.0207564575645756,0.0678044280442804,0.3385608856088561,0.2398523985239852,0.3330258302583025,Fairfield County,2023,1.2873497355823753,1.0957832451941252,2022,4700336364.0,2022,1147526600,2052.2,37,27.0,0
158,Westport,2026,2023,local,0.0101256328520532,0.0735045940371273,0.3748359272454528,0.2319519969998124,0.3095818488655541,Fairfield County,2023,1.2873497355823753,1.0957832451941252,2022,22964312305.0,2022,3517305000,5247.86,124,45.0,0
159,Wethersfield,2026,2023,local,0.0203683035714285,0.0711495535714285,0.3487723214285714,0.2388392857142857,0.3208705357142857,Hartford County,2023,0.9638410390478578,1.0,2022,4848033129.0,2022,1444331200,3652.95,932,338.0,0
160,Willington,2026,2023,local+region,0.0314735758483659,0.0550787577346404,0.3273251888230063,0.2061519218067972,0.3799705557871899,Tolland County,2023,0.7294942042999201,1.0,2022,940810632.0,2022,253152200,569.59,191,7.0,0
161,Wilton,2026,2023,local,0.0217904961932265,0.0653714885796797,0.353636124967183,0.2210553951168285,0.3381464951430821,Fairfield County,2023,1.2873497355823753,1.0957832451941252,2022,8262877234.0,2022,1950159600,3736.1,214,79.0,0
162,Winchester,2026,2023,local,0.0662358642972536,0.1292407108239095,0.6445880452342488,0.1470113085621971,0.0129240710823909,Litchfield County,2023,0.7199560696677768,1.0,2022,1472497274.0,2022,415168600,1101.34,641,49.0,1
163,Windham,2026,2023,local,0.0750154990700558,0.073775573465592,0.3915065096094234,0.2352758834469931,0.2244265344079355,Windham County,2023,0.6689228712292137,1.0,2022,2133667591.0,2022,636841800,3076.37,2285,1015.0,1
164,Windsor,2026,2023,local,0.0406941950927588,0.0622381807301017,0.3375224416517056,0.2103530819868342,0.3491921005385996,Hartford County,2023,0.9638410390478578,1.0,2022,6725910908.0,2022,1320318300,3771.24,1883,136.0,1
165,Windsor Locks,2026,2023,local,0.0632145258910558,0.0679219905850706,0.363147276395427,0.2151983860121049,0.2905178211163416,Hartford County,2023,0.9638410390478578,1.0,2022,2887474031.0,2022,559685500,1507.68,705,107.0,1
166,Wolcott,2026,2023,local,0.0276735459662288,0.0764540337711069,0.3592870544090056,0.2378048780487804,0.298780487804878,New Haven County,2023,0.8407764208716828,1.0,2022,2577757620.0,2022,796384900,2243.18,777,117.0,0
167,Woodbridge,2026,2023,local+region,0.0116282813508825,0.0740537917608836,0.3714929884203004,0.2403809612513273,0.3024439772166061,New Haven County,2023,0.8407764208716828,1.0,2022,2466561244.0,2022,755241800,1636.3,228,69.0,0
168,Woodbury,2026,2023,region,0.0271979759645793,0.0512333965844402,0.3055028462998102,0.1992409867172675,0.4168247944339026,Litchfield County,2023,0.7199560696677768,1.0,2022,2295531319.0,2022,651395100,940.0,189,9.0,0
169,Woodstock,2026,2023,local,0.0425806451612903,0.0916129032258064,0.5264516129032258,0.3341935483870967,0.0051612903225806,Windham County,2023,0.6689228712292137,1.0,2022,1728781044.0,2022,473552800,1126.82,206,11.0,0
1,Andover,2027,2023,local+region,0.0953288595551319,0.0644871696990598,0.3588851183252027,0.191473845773122,0.2898250066474833,Tolland County,2023,0.7294942042999201,1.0,2023,550114590.0,2023,182087700,328.05,97,9.0,0
2,Ansonia,2027,2023,local,0.0500625782227784,0.065081351689612,0.3742177722152691,0.2394659991656237,0.2711722987067167,New Haven County,2023,0.8407764208716828,1.0,2023,2729450428.0,2023,815136100,2479.28,1581,207.0,1
3,Ashford,2027,2023,local+region,0.0562146589780763,0.0652815394584112,0.3155274407156543,0.2067248749516355,0.3562514858962227,Windham County,2023,0.6689228712292137,1.0,2023,753633559.0,2023,281717100,498.74,192,5.0,0
4,Avon,2027,2023,local,0.02304,0.0736,0.36672,0.22912,0.30752,Hartford County,2023,0.9638410390478578,1.0,2023,4592490780.0,2023,1643023900,2963.16,305,82.0,0
5,Barkhamsted,2027,2023,local+region,0.0365439902266072,0.0662359822857256,0.3220439138719765,0.2229289636352771,0.3522471499804134,Litchfield County,2023,0.7199560696677768,1.0,2023,708485482.0,2023,188104900,410.86,99,6.0,0
6,Beacon Falls,2027,2023,region,0.0264111859140341,0.0657690315898498,0.3738995339202486,0.2252718798549974,0.30864836872087,New Haven County,2023,0.8407764208716828,1.0,2023,1234133358.0,2023,333594200,690.15,220,14.0,0
7,Berlin,2027,2023,local,0.0225479143179255,0.0638857572341225,0.3641488162344983,0.2232243517474633,0.3261931604659902,Hartford County,2023,0.9638410390478578,1.0,2023,4950008176.0,2023,1149943300,2577.35,651,99.0,0
8,Bethany,2027,2023,local+region,0.0340474327785577,0.0693558815859509,0.374521760564135,0.233665436610427,0.2884094884609293,New Haven County,2023,0.8407764208716828,1.0,2023,1134031033.0,2023,390639000,788.36,111,21.0,0
9,Bethel,2027,2023,local,0.025854108956602,0.0674053554939981,0.3265620190827947,0.2369959987688519,0.3431825176977531,Fairfield County,2023,1.2873497355823753,1.0957832451941252,2023,4831196799.0,2023,1136667900,3086.48,1146,280.0,0
10,Bethlehem,2027,2023,region,0.0271979759645793,0.0512333965844402,0.3055028462998103,0.1992409867172675,0.4168247944339026,Litchfield County,2023,0.7199560696677768,1.0,2023,760594397.0,2023,183715600,340.43,86,1.0,0
11,Bloomfield,2027,2023,local,0.1675075681130171,0.048435923309788,0.251765893037336,0.2124117053481332,0.3198789101917255,Hartford County,2023,0.9638410390478578,1.0,2023,5081430109.0,2023,1078584800,2215.89,1107,96.0,1
12,Bolton,2027,2023,local,0.0143061516452074,0.0543633762517882,0.3719599427753934,0.2474964234620887,0.3118741058655221,Tolland County,2023,0.7294942042999201,1.0,2023,830037683.0,2023,274371400,649.38,109,3.0,0
13,Bozrah,2027,2023,local,0.1117647058823529,0.0764705882352941,0.4823529411764706,0.3235294117647059,0.0058823529411764,New London County,2023,0.8354880683785171,1.0,2023,620321280.0,2023,115801700,248.81,95,6.0,0
14,Branford,2027,2023,local,0.0415238095238095,0.067047619047619,0.352,0.2243809523809523,0.315047619047619,New Haven County,2023,0.8407764208716828,1.0,2023,8906622967.0,2023,1906913200,2494.31,886,207.0,0
15,Bridgeport,2027,2023,local,0.0527793374508702,0.0741667092032055,0.3736920014292277,0.2176509621765096,0.2817109897401868,Fairfield County,2023,1.2873497355823753,1.0957832451941252,2023,17869754970.0,2023,4300369800,19026.69,16943,5957.0,1
16,Bridgewater,2027,2023,region,0.0476787954830614,0.0401505646173149,0.2835633626097867,0.1844416562107904,0.4441656210790464,Litchfield County,2023,0.7199560696677768,1.0,2023,819224616.0,2023,162589300,157.11,32,1.0,0
17,Bristol,2027,2023,local,0.0347311551324929,0.0644455878569591,0.3546436840751222,0.2279392847954721,0.3182402881399537,Hartford County,2023,0.9638410390478578,1.0,2023,9797246582.0,2023,2465720200,7774.25,4037,562.0,1
18,Brookfield,2027,2023,local,0.0147172734314484,0.0635166537567776,0.3508907823392719,0.2292796281951975,0.3415956622773044,Fairfield County,2023,1.2873497355823753,1.0957832451941252,2023,5413506577.0,2023,1154534400,2521.7,603,131.0,0
19,Brooklyn,2027,2023,local,0.0881355932203389,0.0847457627118644,0.5096045197740113,0.3073446327683616,0.0101694915254237,Windham County,2023,0.6689228712292137,1.0,2023,1481320067.0,2023,314896500,1110.03,328,13.0,0
20,Burlington,2027,2023,region,0.024045261669024,0.0697784064120697,0.3644507307873644,0.2409240924092409,0.3008015087223007,Hartford County,2023,0.9638410390478578,1.0,2023,1890013798.0,2023,586649600,1415.87,182,23.0,0
21,Canaan,2027,2023,local+region,0.0,0.0904286553141515,0.407809747504404,0.2278332354668232,0.2739283617146212,Litchfield County,2023,0.7199560696677768,1.0,2023,431047315.0,2023,58607100,96.0,31,2.0,0
22,Canterbury,2027,2023,local,0.0925925925925925,0.1111111111111111,0.4732510288065844,0.3045267489711934,0.0185185185185185,Windham County,2023,0.6689228712292137,1.0,2023,936835812.0,2023,254573200,623.36,185,9.0,0
23,Canton,2027,2023,local,0.0278884462151394,0.0677290836653386,0.3618857901726428,0.2304116865869853,0.3120849933598937,Hartford County,2023,0.9638410390478578,1.0,2023,2485923919.0,2023,713766300,1420.28,216,9.0,0
24,Chaplin,2027,2023,local+region,0.0459682924979139,0.0766138208298566,0.386899795190776,0.2545323522718652,0.2359857392095881,Windham County,2023,0.6689228712292137,1.0,2023,359420986.0,2023,88837500,247.21,85,2.0,0
25,Cheshire,2027,2023,local,0.0274621212121212,0.0693655303030303,0.3849431818181818,0.2275094696969697,0.2907196969696969,New Haven County,2023,0.8407764208716828,1.0,2023,5706709765.0,2023,1892381900,4258.47,735,171.0,0
26,Chester,2027,2023,local+region,0.0,0.0376688873669136,0.3892451694581076,0.2416827511778013,0.3314031919971774,Middlesex County,2023,0.8106101302391099,1.0,2023,852784488.0,2023,204665000,365.35,91,4.0,0
27,Clinton,2027,2023,local,0.0446122168840082,0.0583390528483184,0.3459162663006177,0.2216884008236101,0.3294440631434454,Middlesex County,2023,0.8106101302391099,1.0,2023,3829088871.0,2023,745026700,1376.94,551,161.0,0
28,Colchester,2027,2023,local,0.0453493752892179,0.0689495603887089,0.3808422026839426,0.2184173993521518,0.2864414622859787,New London County,2023,0.8354880683785171,1.0,2023,2971358316.0,2023,851063000,2037.37,465,43.0,0
29,Colebrook,2027,2023,local+region,0.0,0.0332116858792407,0.2989051729131668,0.2738805537855529,0.3940025874220393,Litchfield County,2023,0.7199560696677768,1.0,2023,388758645.0,2023,87728700,136.78,40,0.0,0
30,Columbia,2027,2023,local,0.0796645702306079,0.0775681341719077,0.5052410901467506,0.3354297693920335,0.0020964360587002,Tolland County,2023,0.7294942042999201,1.0,2023,1186512727.0,2023,289597700,602.35,135,4.0,0
31,Cornwall,2027,2023,local+region,0.0074793589120932,0.1047110247693055,0.3898008742107819,0.2261291889266634,0.2718795531811559,Litchfield County,2023,0.7199560696677768,1.0,2023,828966879.0,2023,113458900,119.62,38,2.0,0
32,Coventry,2027,2023,local,0.0710349050826699,0.0667483159828536,0.3686466625842008,0.2339252908756889,0.2596448254745866,Tolland County,2023,0.7294942042999201,1.0,2023,2372304869.0,2023,653611200,1582.03,419,23.0,0
33,Cromwell,2027,2023,local,0.0252100840336134,0.0646008403361344,0.3792016806722689,0.25,0.2809873949579832,Middlesex County,2023,0.8106101302391099,1.0,2023,3136988887.0,2023,813012800,1813.33,400,112.0,0
34,Danbury,2027,2023,local,0.0211116608939468,0.0727362691736764,0.3751443179943922,0.2246412666996536,0.3063664852383309,Fairfield County,2023,1.2873497355823753,1.0957832451941252,2023,18097167140.0,2023,3736526300,11316.64,6300,4181.0,1
35,Darien,2027,2023,local,0.021362956633198,0.0719931638538773,0.3783379619739372,0.2247383037812433,0.303567613757744,Fairfield County,2023,1.2873497355823753,1.0957832451941252,2023,15878088806.0,2023,3235823000,4554.55,91,67.0,0
36,Deep River,2027,2023,local+region,0.0,0.0739348945205688,0.3257756289812565,0.2210638070360356,0.3792256694621389,Middlesex County,2023,0.8106101302391099,1.0,2023,1183169823.0,2023,225247900,408.38,127,13.0,0
37,Derby,2027,2023,local,0.0438661710037174,0.0736059479553903,0.3762081784386617,0.2096654275092936,0.2966542750929368,New Haven County,2023,0.8407764208716828,1.0,2023,1892306510.0,2023,536194700,1359.65,318,86.0,1
38,Durham,2027,2023,region,0.0185185185185185,0.0696296296296296,0.3933333333333333,0.2325925925925926,0.2859259259259259,Middlesex County,2023,0.8106101302391099,1.0,2023,1549977081.0,2023,465135200,853.9,130,12.0,0
39,Eastford,2027,2023,local,0.1034482758620689,0.1436781609195402,0.5057471264367817,0.2413793103448276,0.0057471264367816,Windham County,2023,0.6689228712292137,1.0,2023,334715787.0,2023,77920300,195.13,34,3.0,0
40,East Granby,2027,2023,local,0.0157575757575757,0.0715151515151515,0.3696969696969697,0.2496969696969697,0.2933333333333333,Hartford County,2023,0.9638410390478578,1.0,2023,1108037860.0,2023,272621400,860.88,123,18.0,0
41,East Haddam,2027,2023,local,0.047047047047047,0.081081081081081,0.3643643643643643,0.2362362362362362,0.2712712712712712,Middlesex County,2023,0.8106101302391099,1.0,2023,2058985098.0,2023,505137800,933.42,246,7.0,0
42,East Hampton,2027,2023,local,0.0367393800229621,0.0677382319173364,0.351894374282434,0.2468427095292767,0.2967853042479908,Middlesex County,2023,0.8106101302391099,1.0,2023,2642070429.0,2023,682157300,1631.48,416,20.0,0
43,East Hartford,2027,2023,local,0.0491419656786271,0.068798751950078,0.3507020280811232,0.2004680187207488,0.3308892355694228,Hartford County,2023,0.9638410390478578,1.0,2023,6816243091.0,2023,1670417500,7634.5,4804,1337.0,1
44,East Haven,2027,2023,local,0.074061315880124,0.066138477437134,0.339993110575267,0.2084050981743024,0.3114019979331726,New Haven County,2023,0.8407764208716828,1.0,2023,4581370878.0,2023,1143474200,2909.79,1732,427.0,1
45,East Lyme,2027,2023,local,0.0211492418196328,0.0570630486831604,0.3339984038308061,0.2071029529130088,0.3806863527533918,New London County,2023,0.8354880683785171,1.0,2023,5415301847.0,2023,1077302100,2321.24,617,103.0,0
46,Easton,2027,2023,local+region,0.0234457606080573,0.0703372818241721,0.3891996260937524,0.2235162511301469,0.2935010803438712,Fairfield County,2023,1.2873497355823753,1.0957832451941252,2023,2825498296.0,2023,623206400,1236.59,125,35.0,0
47,East Windsor,2027,2023,local,0.0750950570342205,0.0826996197718631,0.3621673003802281,0.2224334600760456,0.2576045627376426,Hartford County,2023,0.9638410390478578,1.0,2023,2094790672.0,2023,595806900,1042.69,545,61.0,1
48,Ellington,2027,2023,local,0.0325873576756969,0.0710639968590498,0.3698468786808009,0.232037691401649,0.2944640753828033,Tolland County,2023,0.7294942042999201,1.0,2023,3176962470.0,2023,917136400,2457.7,503,48.0,0
49,Enfield,2027,2023,local,0.0449647741400746,0.0665147119767923,0.3371322005801906,0.2293825113966017,0.3220058019063406,Hartford County,2023,0.9638410390478578,1.0,2023,7004775364.0,2023,1806712700,4760.36,2236,207.0,1
50,Essex,2027,2023,local+region,0.0555574107157764,0.0622916423176887,0.3215595589913123,0.2189988813383867,0.3415925066368357,Middlesex County,2023,0.8106101302391099,1.0,2023,2083074875.0,2023,459186900,510.89,121,17.0,0
51,Fairfield,2027,2023,local,0.0191341528594334,0.0668091929449492,0.3708177445216462,0.2251202565473009,0.3181186531266702,Fairfield County,2023,1.2873497355823753,1.0957832451941252,2023,24321655691.0,2023,5103733000,9030.48,1572,311.0,0
52,Farmington,2027,2023,local,0.0240820219360991,0.0639008106819265,0.3729136862184072,0.2277062470195517,0.3113972341440152,Hartford County,2023,0.9638410390478578,1.0,2023,8044208824.0,2023,1804476400,4042.58,711,204.0,0
53,Franklin,2027,2023,local,0.0729166666666666,0.1041666666666666,0.5208333333333334,0.3020833333333333,0.0,New London County,2023,0.8354880683785171,1.0,2023,457718398.0,2023,84747600,257.6,55,1.0,0
54,Glastonbury,2027,2023,local,0.0153330983433204,0.065738456115615,0.3692280578075432,0.2271765949947127,0.3225237927388086,Hartford County,2023,0.9638410390478578,1.0,2023,9655869682.0,2023,2537229800,5575.2,829,200.0,0
55,Goshen,2027,2023,statewide,0.0380960183516303,0.0674239054953457,0.3533683668453454,0.2201571436373992,0.3209545656702792,Litchfield County,2023,0.7199560696677768,1.0,2023,1272374500.0,2023,276013900,284.12,72,4.0,0
56,Granby,2027,2023,local,0.0195177956371986,0.074052812858783,0.3501722158438576,0.227324913892078,0.3289322617680826,Hartford County,2023,0.9638410390478578,1.0,2023,2380077428.0,2023,691183000,1657.62,238,13.0,0
57,Greenwich,2027,2023,local,0.0239841657934567,0.0738153452089882,0.3636046105483758,0.2230760274770054,0.3155198509721737,Fairfield County,2023,1.2873497355823753,1.0957832451941252,2023,70216415096.0,2023,8142153800,8056.44,1578,397.0,0
58,Griswold,2027,2023,local,0.036056338028169,0.0597183098591549,0.3605633802816901,0.2061971830985915,0.3374647887323944,New London County,2023,0.8354880683785171,1.0,2023,1788918840.0,2023,479275200,1588.52,861,24.0,0
59,Groton,2027,2023,local,0.0468406928519151,0.0880702610392778,0.3864357160282995,0.2198097096852891,0.2588436203952183,New London County,2023,0.8354880683785171,1.0,2023,10280166980.0,2023,1826155000,4144.78,1986,198.0,1
60,Guilford,2027,2023,local,0.0175718849840255,0.0651757188498402,0.3501597444089457,0.2303514376996805,0.336741214057508,New Haven County,2023,0.8407764208716828,1.0,2023,7157011466.0,2023,1536925300,2970.24,388,46.0,0
61,Haddam,2027,2023,region,0.0242937853107344,0.0649717514124293,0.3887005649717514,0.2259887005649717,0.296045197740113,Middlesex County,2023,0.8106101302391099,1.0,2023,2021028103.0,2023,474423800,1015.24,163,8.0,0
62,Hamden,2027,2023,local,0.0417965169569202,0.0676443629697525,0.3369385884509624,0.224564619615032,0.3290559120073327,New Haven County,2023,0.8407764208716828,1.0,2023,9526176457.0,2023,2645500100,6214.36,3033,541.0,1
63,Hampton,2027,2023,local+region,0.1100955894683884,0.0677511319805467,0.3811001173905752,0.2262284085192017,0.2148247526412879,Windham County,2023,0.6689228712292137,1.0,2023,313250498.0,2023,90665400,108.89,45,0.0,0
64,Hartford,2027,2023,local,0.080171031533939,0.0685907714234812,0.3475265752123048,0.2168774867866262,0.2868341350436487,Hartford County,2023,0.9638410390478578,1.0,2023,10334645878.0,2023,3210800500,17866.56,15380,4763.0,1
65,Hartland,2027,2023,local,0.073394495412844,0.0642201834862385,0.4770642201834862,0.3853211009174312,0.0,Hartford County,2023,0.9638410390478578,1.0,2023,444671749.0,2023,111059400,173.33,31,0.0,0
66,Harwinton,2027,2023,region,0.024045261669024,0.0697784064120697,0.3644507307873644,0.2409240924092409,0.3008015087223008,Litchfield County,2023,0.7199560696677768,1.0,2023,1163228548.0,2023,303034800,673.43,168,8.0,0
67,Hebron,2027,2023,local+region,0.0529134327722593,0.0574488698670243,0.3424255006547638,0.2267931478701544,0.320419048835798,Tolland County,2023,0.7294942042999201,1.0,2023,1843263124.0,2023,620273500,1191.05,218,1.0,0
68,Kent,2027,2023,local+region,0.0565856416054267,0.1044657998869417,0.41840022611645,0.2535330695308083,0.1670152628603731,Litchfield County,2023,0.7199560696677768,1.0,2023,1182355000.0,2023,234607800,195.49,62,2.0,0
69,Killingly,2027,2023,local,0.047874535699546,0.0614940156830375,0.3516302104828724,0.2146099876186545,0.3243912505158894,Windham County,2023,0.6689228712292137,1.0,2023,3093171766.0,2023,669610700,2014.16,974,50.0,1
70,Killingworth,2027,2023,region,0.0242937853107344,0.0649717514124293,0.3887005649717514,0.2259887005649717,0.296045197740113,Middlesex County,2023,0.8106101302391099,1.0,2023,1620085275.0,2023,475560200,668.43,98,5.0,0
71,Lebanon,2027,2023,local,0.0538071065989847,0.0771573604060913,0.3137055837563451,0.2050761421319797,0.350253807106599,New London County,2023,0.8354880683785171,1.0,2023,1482459449.0,2023,359321700,796.01,210,5.0,0
72,Ledyard,2027,2023,local,0.0392638036809816,0.069120654396728,0.3488752556237219,0.2319018404907975,0.310838445807771,New London County,2023,0.8354880683785171,1.0,2023,2792210515.0,2023,673253800,2248.01,573,42.0,0
73,Lisbon,2027,2023,local,0.1176470588235294,0.083710407239819,0.4683257918552036,0.3190045248868778,0.0113122171945701,New London County,2023,0.8354880683785171,1.0,2023,881087330.0,2023,172000000,540.39,189,12.0,0
74,Litchfield,2027,2023,local,0.0316301703163017,0.0705596107055961,0.3710462287104623,0.2384428223844282,0.2883211678832116,Litchfield County,2023,0.7199560696677768,1.0,2023,2214427020.0,2023,491987400,789.12,205,5.0,0
75,Lyme,2027,2023,region,0.076625386996904,0.06656346749226,0.3405572755417956,0.2105263157894737,0.3057275541795666,New London County,2023,0.8354880683785171,1.0,2023,1016521292.0,2023,221663900,212.55,32,2.0,0
76,Madison,2027,2023,local,0.0205423171733771,0.0743631881676253,0.3594905505341002,0.2218570254724733,0.323746918652424,New Haven County,2023,0.8407764208716828,1.0,2023,6074723196.0,2023,1469970500,2454.39,115,33.0,0
77,Manchester,2027,2023,local,0.0395654288957353,0.0711853413329009,0.3757094211123723,0.2038268201718826,0.3097129884871088,Hartford County,2023,0.9638410390478578,1.0,2023,9723133906.0,2023,2600477300,7184.4,4412,644.0,1
78,Mansfield,2027,2023,local+region,0.0443952848477268,0.0510849853042336,0.3113751485210431,0.202515477456069,0.3906291038709273,Tolland County,2023,0.7294942042999201,1.0,2023,2480830609.0,2023,572319400,1432.21,456,74.0,0
79,Marlborough,2027,2023,local+region,0.0395956723603166,0.0623931806889838,0.3659600021180783,0.2143934691081651,0.317657675724456,Hartford County,2023,0.9638410390478578,1.0,2023,1292853475.0,2023,387628900,819.21,158,11.0,0
80,Meriden,2027,2023,local,0.0160427807486631,0.0671293662532711,0.3635225850494937,0.239390146774377,0.313915121174195,New Haven County,2023,0.8407764208716828,1.0,2023,7885346375.0,2023,2192471400,8638.88,6705,1694.0,1
81,Middlebury,2027,2023,region,0.0203784570596797,0.0672489082969432,0.3839883551673944,0.232023289665211,0.2963609898107714,New Haven County,2023,0.8407764208716828,1.0,2023,2131015022.0,2023,444391200,1124.33,174,25.0,0
82,Middlefield,2027,2023,region,0.0185185185185185,0.0696296296296296,0.3933333333333333,0.2325925925925926,0.2859259259259259,Middlesex County,2023,0.8106101302391099,1.0,2023,1005441001.0,2023,253592700,444.94,83,11.0,0
83,Middletown,2027,2023,local,0.0356327089995431,0.0778894472361809,0.3716308816811329,0.2265874828688899,0.2882594792142531,Middlesex County,2023,0.8106101302391099,1.0,2023,8173422089.0,2023,2113721200,4450.82,2102,313.0,1
84,Milford,2027,2023,local,0.0416744884550403,0.075652337150366,0.3469119579500657,0.2235779988736624,0.3121832175708654,New Haven County,2023,0.8407764208716828,1.0,2023,15142375743.0,2023,3113200700,5162.91,1512,164.0,0
85,Monroe,2027,2023,local,0.0219020172910662,0.0763688760806916,0.3714697406340058,0.2193083573487031,0.3109510086455331,Fairfield County,2023,1.2873497355823753,1.0957832451941252,2023,5021532962.0,2023,1263795600,3430.73,460,103.0,0
86,Montville,2027,2023,local,0.0291934685799109,0.074220682830282,0.3661553686293914,0.2558139534883721,0.2746165264720435,New London County,2023,0.8354880683785171,1.0,2023,3391992197.0,2023,706747300,2075.59,941,90.0,0
87,Morris,2027,2023,statewide,0.0380960183516303,0.0674239054953457,0.3533683668453454,0.2201571436373992,0.3209545656702792,Litchfield County,2023,0.7199560696677768,1.0,2023,824433135.0,2023,155656100,218.86,68,10.0,0
88,Naugatuck,2027,2023,local,0.0392342235878043,0.0612148428267549,0.3715433703616166,0.2195698416450011,0.308437721578823,New Haven County,2023,0.8407764208716828,1.0,2023,4135669555.0,2023,1352357500,4426.98,2454,587.0,1
89,New Britain,2027,2023,local,0.0363636363636363,0.0789898989898989,0.3914141414141414,0.215050505050505,0.2781818181818182,Hartford County,2023,0.9638410390478578,1.0,2023,6797800115.0,2023,2194096100,11161.52,8300,2127.0,1
90,New Canaan,2027,2023,local,0.0126551472377707,0.0676563640788513,0.3745436845947919,0.2363105378437576,0.3088342662448284,Fairfield County,2023,1.2873497355823753,1.0957832451941252,2023,14147485908.0,2023,2824215900,4065.42,5,20.0,0
91,New Fairfield,2027,2023,local,0.0389972144846796,0.0677808727948003,0.329619312906221,0.2367688022284122,0.3268337975858867,Fairfield County,2023,1.2873497355823753,1.0957832451941252,2023,3978836495.0,2023,772607000,2041.28,409,91.0,0
92,New Hartford,2027,2023,local+region,0.0298168708657903,0.0662597130350897,0.3213596082201851,0.2335141243300593,0.3490496835488753,Litchfield County,2023,0.7199560696677768,1.0,2023,1295043721.0,2023,470137800,786.04,172,7.0,0
93,New Haven,2027,2023,local,0.0615838869556047,0.0639565538331751,0.3361805335864178,0.2211852789201729,0.3170937467046293,New Haven County,2023,0.8407764208716828,1.0,2023,16963958389.0,2023,4452256600,16097.48,12546,4028.0,1
94,Newington,2027,2023,local,0.0277421012072951,0.0577960441818648,0.3573079886976624,0.2206524531209863,0.3365014127921911,Hartford County,2023,0.9638410390478578,1.0,2023,6398540181.0,2023,1493255800,3819.19,1366,335.0,0
95,New London,2027,2023,local,0.0205338809034907,0.0732375085557837,0.4113620807665982,0.1930184804928131,0.3018480492813141,New London County,2023,0.8354880683785171,1.0,2023,3132011803.0,2023,878998400,3031.8,2626,900.0,1
96,New Milford,2027,2023,local,0.0210993892282065,0.0694058856191005,0.3481399222654081,0.2176568573014991,0.3436979455857856,Litchfield County,2023,0.7199560696677768,1.0,2023,6656543875.0,2023,1355382900,3437.08,1277,321.0,0
97,Newtown,2027,2023,local,0.014426727410782,0.0696026322450012,0.3556061756517337,0.2310807390534042,0.3292837256390787,Fairfield County,2023,1.2873497355823753,1.0957832451941252,2023,7869933491.0,2023,1846583500,3882.31,604,66.0,0
98,Norfolk,2027,2023,local+region,0.068133053113412,0.0605627138785884,0.257391533984001,0.2097688185649365,0.4041438804590618,Litchfield County,2023,0.7199560696677768,1.0,2023,621856941.0,2023,103534500,113.82,37,5.0,0
99,North Branford,2027,2023,local,0.0350421804023361,0.0759247242050616,0.3659961064243997,0.2310188189487345,0.2920181700194679,New Haven County,2023,0.8407764208716828,1.0,2023,2883656860.0,2023,726407600,1577.1,355,25.0,0
100,North Canaan,2027,2023,local+region,0.0395364189833492,0.0960170175309909,0.3116335362722805,0.2448470622753612,0.3079659649380181,Litchfield County,2023,0.7199560696677768,1.0,2023,647953307.0,2023,123179400,334.81,139,25.0,0
101,North Haven,2027,2023,local,0.0200865265760197,0.0682941903584672,0.3763906056860321,0.2326946847960445,0.3025339925834363,New Haven County,2023,0.8407764208716828,1.0,2023,6832996642.0,2023,1430270200,3193.85,717,191.0,0
102,North Stonington,2027,2023,local,0.0499325236167341,0.0715249662618083,0.3427800269905533,0.2456140350877192,0.2901484480431849,New London County,2023,0.8354880683785171,1.0,2023,1407651971.0,2023,259700600,712.09,122,1.0,0
103,Norwalk,2027,2023,local,0.0240451388888888,0.0711805555555555,0.3427083333333333,0.2091145833333333,0.3529513888888889,Fairfield County,2023,1.2873497355823753,1.0957832451941252,2023,29661296147.0,2023,5363951900,11554.81,6261,2527.0,1
104,Norwich,2027,2023,local,0.0518585131894484,0.0863309352517985,0.5146882494004796,0.3192446043165468,0.0278776978417266,New London County,2023,0.8354880683785171,1.0,2023,4090107502.0,2023,1455502500,4818.0,3740,1029.0,1
105,Old Lyme,2027,2023,region,0.076625386996904,0.06656346749226,0.3405572755417957,0.2105263157894737,0.3057275541795666,New London County,2023,0.8354880683785171,1.0,2023,3852832166.0,2023,604238000,1046.63,149,23.0,0
106,Old Saybrook,2027,2023,local,0.0815533980582524,0.058252427184466,0.3087378640776699,0.2135922330097087,0.3378640776699029,Middlesex County,2023,0.8106101302391099,1.0,2023,4730658369.0,2023,739592900,1007.0,259,74.0,0
107,Orange,2027,2023,local+region,0.0258301759259833,0.0731125318582918,0.380447845418297,0.2319825210890006,0.2886269257084271,New Haven County,2023,0.8407764208716828,1.0,2023,3531735925.0,2023,913844900,2245.58,331,95.0,0
108,Oxford,2027,2023,local,0.0197960407918416,0.0767846430713857,0.3665266946610678,0.2279544091181763,0.3089382123575285,New Haven County,2023,0.8407764208716828,1.0,2023,3580039253.0,2023,800768800,1661.1,294,35.0,0
109,Plainfield,2027,2023,local,0.0437994722955145,0.0612137203166226,0.3852242744063324,0.2364116094986807,0.2733509234828496,Windham County,2023,0.6689228712292137,1.0,2023,2495630756.0,2023,539700200,1761.94,980,16.0,1
110,Plainville,2027,2023,local,0.0532150776053215,0.0638580931263858,0.3450110864745011,0.225720620842572,0.3121951219512195,Hartford County,2023,0.9638410390478578,1.0,2023,3303902100.0,2023,826965100,2156.28,857,157.0,0
111,Plymouth,2027,2023,local,0.0555121188428459,0.0672400312744331,0.3620015637216575,0.217357310398749,0.2978889757623143,Litchfield County,2023,0.7199560696677768,1.0,2023,1804901993.0,2023,497909800,1345.07,618,46.0,0
112,Pomfret,2027,2023,local,0.0630372492836676,0.1031518624641833,0.5128939828080229,0.3209169054441261,0.0,Windham County,2023,0.6689228712292137,1.0,2023,928227239.0,2023,226685700,500.38,99,8.0,0
113,Portland,2027,2023,local,0.0345937248592115,0.0707964601769911,0.3821399839098954,0.2566371681415929,0.2558326629123089,Middlesex County,2023,0.8106101302391099,1.0,2023,1884160531.0,2023,488223600,1238.29,348,36.0,0
114,Preston,2027,2023,local,0.0911111111111111,0.0888888888888888,0.52,0.2888888888888888,0.0111111111111111,New London County,2023,0.8354880683785171,1.0,2023,1103135183.0,2023,222276400,589.16,180,6.0,0
115,Prospect,2027,2023,region,0.0264111859140341,0.0657690315898498,0.3738995339202486,0.2252718798549974,0.30864836872087,New Haven County,2023,0.8407764208716828,1.0,2023,1979426135.0,2023,483500100,1262.62,265,24.0,0
116,Putnam,2027,2023,local,0.0982218458933107,0.065198983911939,0.392887383573243,0.2057578323454699,0.2379339542760372,Windham County,2023,0.6689228712292137,1.0,2023,1651573959.0,2023,345541900,1112.36,606,53.0,1
117,Redding,2027,2023,local+region,0.0355282531942179,0.0815534902867275,0.3657795158404711,0.2155919000649134,0.3015468406136698,Fairfield County,2023,1.2873497355823753,1.0957832451941252,2023,3403084620.0,2023,863039900,1196.25,110,22.0,0
118,Ridgefield,2027,2023,local,0.0122932498882431,0.0612427358068842,0.3679034421099687,0.2284309342869915,0.3301296379079124,Fairfield County,2023,1.2873497355823753,1.0957832451941252,2023,10439958414.0,2023,2246480400,4376.33,328,84.0,0
119,Rocky Hill,2027,2023,local,0.0197628458498023,0.0675889328063241,0.3806324110671937,0.2438735177865612,0.2881422924901186,Hartford County,2023,0.9638410390478578,1.0,2023,4187021685.0,2023,1158254700,2666.33,597,294.0,0
120,Roxbury,2027,2023,region,0.0476787954830614,0.0401505646173149,0.2835633626097867,0.1844416562107904,0.4441656210790464,Litchfield County,2023,0.7199560696677768,1.0,2023,1530261810.0,2023,192452200,176.44,26,4.0,0
121,Salem,2027,2023,local,0.0569948186528497,0.082901554404145,0.5233160621761658,0.3290155440414508,0.0077720207253886,New London County,2023,0.8354880683785171,1.0,2023,863552050.0,2023,262977500,566.8,137,3.0,0
122,Salisbury,2027,2023,local+region,0.0486111111111111,0.1134259259259259,0.3921682098765432,0.2658179012345679,0.1799768518518518,Litchfield County,2023,0.7199560696677768,1.0,2023,2825532976.0,2023,266556200,320.64,76,10.0,0
123,Scotland,2027,2023,local+region,0.1281493565343483,0.0244094012446377,0.4210621714700018,0.2126155519303969,0.213763518820615,Windham County,2023,0.6689228712292137,1.0,2023,222026528.0,2023,61427800,130.34,53,3.0,0
124,Seymour,2027,2023,local,0.0180866254164683,0.0690147548786292,0.3979057591623036,0.2256068538791052,0.2893860066634935,New Haven County,2023,0.8407764208716828,1.0,2023,3005306761.0,2023,787892300,2106.61,1010,172.0,0
125,Sharon,2027,2023,local+region,0.0,0.1610725492060473,0.4180374631548921,0.1991062089949605,0.2217837786441,Litchfield County,2023,0.7199560696677768,1.0,2023,1548522946.0,2023,258312500,114.44,48,3.0,0
126,Shelton,2027,2023,local,0.0219366275204963,0.067582539330822,0.3751384888101041,0.2388654996676268,0.2964768446709506,Fairfield County,2023,1.2873497355823753,1.0957832451941252,2023,11541101380.0,2023,2238321300,4555.51,1634,340.0,0
127,Sherman,2027,2023,local,0.1138211382113821,0.065040650406504,0.4756097560975609,0.3414634146341463,0.0040650406504065,Fairfield County,2023,1.2873497355823753,1.0957832451941252,2023,1239964810.0,2023,352031500,330.76,24,1.0,0
128,Simsbury,2027,2023,local,0.0115246098439375,0.0660264105642256,0.3791116446578631,0.2292917166866746,0.3140456182472989,Hartford County,2023,0.9638410390478578,1.0,2023,5903129665.0,2023,1881810700,4016.72,569,77.0,0
129,Somers,2027,2023,local,0.0265291083271923,0.0700073691967575,0.3898305084745763,0.2284450994841562,0.2851879145173176,Tolland County,2023,0.7294942042999201,1.0,2023,1904423661.0,2023,484432300,1285.21,96,21.0,0
130,Southbury,2027,2023,region,0.0203784570596797,0.0672489082969432,0.3839883551673944,0.232023289665211,0.2963609898107714,New Haven County,2023,0.8407764208716828,1.0,2023,4790524160.0,2023,1293752700,2286.14,315,38.0,0
131,Southington,2027,2023,local,0.0169817366228772,0.0679269464915091,0.3708747196411406,0.2194809355975648,0.324735661646908,Hartford County,2023,0.9638410390478578,1.0,2023,9470906907.0,2023,2535559100,5989.21,1569,247.0,0
132,South Windsor,2027,2023,local,0.019115890083632,0.0682994822779769,0.3952608522500995,0.23436877737953,0.2829549980087614,Hartford County,2023,0.9638410390478578,1.0,2023,6480785190.0,2023,1690604600,5201.61,887,457.0,0
133,Sprague,2027,2023,local,0.0824742268041237,0.0996563573883161,0.4673539518900343,0.3367697594501718,0.0137457044673539,New London County,2023,0.8354880683785171,1.0,2023,398368103.0,2023,114840000,363.8,204,8.0,0
134,Stafford,2027,2023,local,0.0660091047040971,0.0675265553869499,0.3474962063732928,0.2306525037936267,0.2883156297420334,Tolland County,2023,0.7294942042999201,1.0,2023,1859003571.0,2023,498956700,1273.45,447,13.0,0
135,Stamford,2027,2023,local,0.0186057898280188,0.075708427688353,0.3656282514229757,0.2186792337352347,0.3213782973254177,Fairfield County,2023,1.2873497355823753,1.0957832451941252,2023,44589865734.0,2023,8507367700,14780.92,8043,2883.0,1
136,Sterling,2027,2023,local,0.0762195121951219,0.0823170731707317,0.4878048780487805,0.3353658536585366,0.0182926829268292,Windham County,2023,0.6689228712292137,1.0,2023,643575420.0,2023,127867900,401.0,157,1.0,0
137,Stonington,2027,2023,local,0.0198637911464245,0.0595913734392735,0.358683314415437,0.2247446083995459,0.337116912599319,New London County,2023,0.8354880683785171,1.0,2023,7083904096.0,2023,1244195100,1685.88,394,24.0,0
138,Stratford,2027,2023,local,0.0286222749518018,0.0630283256710663,0.3400563547382471,0.2279400860151268,0.340352958623758,Fairfield County,2023,1.2873497355823753,1.0957832451941252,2023,10991996929.0,2023,2492666300,6652.05,3369,767.0,1
139,Suffield,2027,2023,local,0.0240431795878312,0.0588812561334641,0.3650637880274779,0.2139352306182532,0.3380765456329735,Hartford County,2023,0.9638410390478578,1.0,2023,2933201329.0,2023,904519300,1904.85,313,42.0,0
140,Thomaston,2027,2023,local,0.0708762886597938,0.0670103092783505,0.3853092783505155,0.2396907216494845,0.2371134020618556,Litchfield County,2023,0.7199560696677768,1.0,2023,1363275102.0,2023,414059400,844.21,287,14.0,0
141,Thompson,2027,2023,local,0.0440677966101694,0.0824858757062146,0.3875706214689265,0.2293785310734463,0.2564971751412429,Windham County,2023,0.6689228712292137,1.0,2023,1737243332.0,2023,429851000,797.68,382,21.0,1
142,Tolland,2027,2023,local,0.0375565610859728,0.0633484162895927,0.3619909502262443,0.2095022624434389,0.3276018099547511,Tolland County,2023,0.7294942042999201,1.0,2023,2800406735.0,2023,988804600,2142.15,361,27.0,0
143,Torrington,2027,2023,local,0.0238276299112801,0.0762991128010139,0.3837769328263625,0.2479087452471483,0.2681875792141951,Litchfield County,2023,0.7199560696677768,1.0,2023,5194139016.0,2023,1324012100,4121.23,2635,660.0,1
144,Trumbull,2027,2023,local,0.0324207492795389,0.0593659942363112,0.3577809798270893,0.2299711815561959,0.3204610951008645,Fairfield County,2023,1.2873497355823753,1.0957832451941252,2023,10115159624.0,2023,2181053300,6719.77,1399,299.0,0
145,Union,2027,2023,local,0.2549019607843137,0.0392156862745098,0.3529411764705882,0.3529411764705882,0.0,Tolland County,2023,0.7294942042999201,1.0,2023,182756720.0,2023,50419200,69.0,13,1.0,0
146,Vernon,2027,2023,local,0.0474271543707377,0.0781153130812151,0.3533787972721636,0.2132672039677619,0.3078115313081215,Tolland County,2023,0.7294942042999201,1.0,2023,4512730972.0,2023,1355894100,3331.63,1892,153.0,1
147,Voluntown,2027,2023,local,0.1822033898305084,0.0762711864406779,0.3940677966101695,0.3432203389830508,0.0042372881355932,New London County,2023,0.8354880683785171,1.0,2023,538540743.0,2023,121714000,273.81,101,6.0,0
148,Wallingford,2027,2023,local,0.0423280423280423,0.0672713529856387,0.3537414965986394,0.2122071050642479,0.3244520030234316,New Haven County,2023,0.8407764208716828,1.0,2023,9162969367.0,2023,2256882900,4890.27,1620,383.0,0
149,Warren,2027,2023,statewide,0.0380960183516303,0.0674239054953457,0.3533683668453454,0.2201571436373992,0.3209545656702792,Litchfield County,2023,0.7199560696677768,1.0,2023,911281934.0,2023,123069500,122.49,27,0.0,0
150,Washington,2027,2023,region,0.0476787954830614,0.0401505646173149,0.2835633626097867,0.1844416562107904,0.4441656210790464,Litchfield County,2023,0.7199560696677768,1.0,2023,2498731385.0,2023,242932200,262.59,77,15.0,0
151,Waterbury,2027,2023,local,0.0483751846381093,0.07559611732433,0.3774530491664908,0.2082190335513821,0.2903566153196877,New Haven County,2023,0.8407764208716828,1.0,2023,12990693713.0,2023,3243910300,18190.53,13521,3955.0,1
152,Waterford,2027,2023,local,0.026911576249466,0.0790260572404955,0.3417343015805211,0.2362238359675352,0.316104228961982,New London County,2023,0.8354880683785171,1.0,2023,6998245951.0,2023,1016723700,2361.48,720,144.0,0
153,Watertown,2027,2023,local,0.0294802172226532,0.0671062839410395,0.391388673390225,0.2276958882854926,0.2843289371605896,Litchfield County,2023,0.7199560696677768,1.0,2023,3711541875.0,2023,1056246600,2654.24,1074,123.0,0
154,Westbrook,2027,2023,local,0.0753768844221105,0.0653266331658291,0.3634840871021775,0.1959798994974874,0.2998324958123953,Middlesex County,2023,0.8106101302391099,1.0,2023,2623611238.0,2023,400057500,562.02,204,81.0,0
155,West Hartford,2027,2023,local,0.0301263362487852,0.0677032717849044,0.36432350718065,0.2166072778317676,0.3212396069538926,Hartford County,2023,0.9638410390478578,1.0,2023,14270132795.0,2023,4416184400,9224.38,2477,782.0,0
156,West Haven,2027,2023,local,0.0198399466488829,0.0713571190396799,0.3622874291430477,0.2239079693231077,0.3226075358452817,New Haven County,2023,0.8407764208716828,1.0,2023,7076573114.0,2023,1928707200,6734.5,3968,1449.0,1
157,Weston,2027,2023,local,0.0207564575645756,0.0678044280442804,0.3385608856088561,0.2398523985239852,0.3330258302583025,Fairfield County,2023,1.2873497355823753,1.0957832451941252,2023,4620651677.0,2023,1257318300,1979.67,31,26.0,0
158,Westport,2027,2023,local,0.0101256328520532,0.0735045940371273,0.3748359272454528,0.2319519969998124,0.3095818488655541,Fairfield County,2023,1.2873497355823753,1.0957832451941252,2023,24601750524.0,2023,3650265300,5225.13,162,52.0,0
159,Wethersfield,2027,2023,local,0.0203683035714285,0.0711495535714285,0.3487723214285714,0.2388392857142857,0.3208705357142857,Hartford County,2023,0.9638410390478578,1.0,2023,5286610281.0,2023,1520404800,3586.81,987,336.0,0
160,Willington,2027,2023,local+region,0.0312879537356529,0.0547539190373927,0.3253947188507911,0.204936096968527,0.3836273114076362,Tolland County,2023,0.7294942042999201,1.0,2023,1021480627.0,2023,266144300,561.49,164,13.0,0
161,Wilton,2027,2023,local,0.0217904961932265,0.0653714885796797,0.353636124967183,0.2210553951168285,0.3381464951430821,Fairfield County,2023,1.2873497355823753,1.0957832451941252,2023,8139405197.0,2023,1977816800,3648.92,203,62.0,0
162,Winchester,2027,2023,local,0.0662358642972536,0.1292407108239095,0.6445880452342488,0.1470113085621971,0.0129240710823909,Litchfield County,2023,0.7199560696677768,1.0,2023,1817675844.0,2023,434235200,1084.86,640,46.0,1
163,Windham,2027,2023,local,0.0750154990700558,0.073775573465592,0.3915065096094234,0.2352758834469931,0.2244265344079355,Windham County,2023,0.6689228712292137,1.0,2023,1993077899.0,2023,645664500,2985.57,2258,997.0,1
164,Windsor,2027,2023,local,0.0406941950927588,0.0622381807301017,0.3375224416517056,0.2103530819868342,0.3491921005385996,Hartford County,2023,0.9638410390478578,1.0,2023,7027148855.0,2023,1411731300,3692.54,1893,135.0,1
165,Windsor Locks,2027,2023,local,0.0632145258910558,0.0679219905850706,0.363147276395427,0.2151983860121049,0.2905178211163416,Hartford County,2023,0.9638410390478578,1.0,2023,3072828631.0,2023,549802000,1496.62,702,115.0,1
166,Wolcott,2027,2023,local,0.0276735459662288,0.0764540337711069,0.3592870544090056,0.2378048780487804,0.298780487804878,New Haven County,2023,0.8407764208716828,1.0,2023,2839930853.0,2023,814285200,2169.98,706,93.0,0
167,Woodbridge,2027,2023,local+region,0.0115653484434113,0.0736530085080407,0.3694824476395101,0.2409352752036768,0.3043639202053609,New Haven County,2023,0.8407764208716828,1.0,2023,2608017395.0,2023,790683900,1640.18,231,63.0,0
168,Woodbury,2027,2023,region,0.0271979759645793,0.0512333965844402,0.3055028462998102,0.1992409867172675,0.4168247944339026,Litchfield County,2023,0.7199560696677768,1.0,2023,2086611594.0,2023,589454700,914.34,178,6.0,0
169,Woodstock,2027,2023,local,0.0425806451612903,0.0916129032258064,0.5264516129032258,0.3341935483870967,0.0051612903225806,Windham County,2023,0.6689228712292137,1.0,2023,1786858767.0,2023,508542500,1097.06,218,8.0,0
