town_code,town,fiscal_year,policy_year,delta_2018,delta_nominal,delta_sd,delta_gcs,n_tests,frpl_share
1,Andover,2019,1,-144.8626496133073,-147.4893307908835,-0.00124219722043411,-0.004043900908246203,127.5,0.14074275855806775
1,Andover,2020,2,102.06322781423869,105.21576622494054,-0.00036700504192701335,-0.0011947635995038907,127.5,0.17717586524925974
1,Andover,2021,3,317.32418518771055,342.4384166980068,0.0023540498460576046,0.007663472558087347,127.5,0.20449417074088003
1,Andover,2022,4,408.8825526972004,476.50205442282345,0.0058602177354360975,0.019077598494841874,127.5,0.2377445279995865
1,Andover,2023,5,481.116696852836,583.8219867827546,0.011227990631383276,0.036552071414362904,127.5,0.2097975453687192
1,Andover,2024,6,574.6974159860758,717.9666666666667,0.015280828794956782,0.0497458506798826,127.5,0.2222222222222222
1,Andover,2025,7,663.2961756494836,850.4825300854602,0.01824753861316648,0.05940380219596195,127.5,0.24707865821754552
2,Ansonia,2019,1,1447.4602271424942,1473.705891874393,0.012411971447746887,0.040685505605183456,2209.333333333333,0.6709291032696666
2,Ansonia,2020,2,1468.9287086683194,1514.3011143410852,0.025008035124577728,0.08197445164283948,2209.333333333333,0.5951227390180878
2,Ansonia,2021,3,1278.7792403927951,1379.9866471802347,0.035973567110945945,0.11791863786445614,2209.333333333333,0.6566493378548369
2,Ansonia,2022,4,1122.9682640341093,1308.6806500646965,0.045603019975038434,0.14948325756457667,2209.333333333333,0.6637158877252342
2,Ansonia,2023,5,1011.9103985904474,1227.9256638060735,0.04186818019520462,0.13724073465541586,2209.333333333333,0.6825077958864616
2,Ansonia,2024,6,1142.9186181214993,1427.8426310931027,0.039072643668765644,0.12807717691644166,2209.333333333333,0.6416802137027929
2,Ansonia,2025,7,1122.8404424522748,1439.7130805767395,0.037735468476425685,0.12369401756000152,2209.333333333333,0.6272585538004133
3,Ashford,2019,1,-345.23524266841673,-351.49512343253184,-0.002960392205881673,-0.009711832381455949,468.99999999999994,0.2947375942267157
3,Ashford,2020,2,-109.54757692338691,-112.93129260087711,-0.003899762677999716,-0.012793521541147048,468.99999999999994,0.36810680381140254
3,Ashford,2021,3,102.16534203506518,110.25109210381409,-0.0030236948700490323,-0.009919502453844176,468.99999999999994,0.37810653059726146
3,Ashford,2022,4,186.4628956879562,217.29944768452356,-0.001424775539524808,-0.0046741040574190965,468.99999999999994,0.36692286895060056
3,Ashford,2023,5,265.9018066304831,322.66458855327795,0.0038157246582132586,0.012517827273267945,468.99999999999994,0.31763568567877365
3,Ashford,2024,6,344.0102838270567,429.7703624690563,0.007704983314148313,0.025276889427101233,468.99999999999994,0.3522048020609012
3,Ashford,2025,7,427.2248767296567,547.7904251757616,0.010492368824154436,0.0344211578121804,468.99999999999994,0.35361566789420823
4,Avon,2019,1,1544.2993705176416,1572.3009437313685,0.013242367102188776,0.04344128005645168,2848.6666666666665,0.03552507606999984
4,Avon,2020,2,1666.517402900624,1717.992946416742,0.02753275383206163,0.09032056434579896,2848.6666666666665,0.07476293524961988
4,Avon,2021,3,1688.931951231786,1822.6003887739178,0.04201534531387419,0.1378303718937722,2848.6666666666665,0.07693829548701941
4,Avon,2022,4,1677.895316341963,1955.3795095176552,0.05640329765150652,0.18502971791059242,2848.6666666666665,0.05712188661784181
4,Avon,2023,5,1698.704060169003,2061.331036422444,0.05772731786526694,0.18937313570459566,2848.6666666666665,0.07574692218202272
4,Avon,2024,6,1698.4176550708712,2121.824856871454,0.05800086252762681,0.19027049266455778,2848.6666666666665,0.08215450180996638
4,Avon,2025,7,1689.5927653031333,2166.4064751195833,0.058006529008288614,0.19028908142376258,2848.6666666666665,0.09989306319516927
5,Barkhamsted,2019,1,-187.54613045319545,-190.9467578205925,-0.0016082080686361507,-0.005119448046699281,239.66666666666669,0.09228393317889899
5,Barkhamsted,2020,2,-26.871315171230396,-27.70131883697338,-0.0018386295962294515,-0.0058529545265886525,239.66666666666669,0.15695882701988784
5,Barkhamsted,2021,3,158.31417072733834,170.84375063520133,-0.0004810855822425255,-0.0015314514908480418,239.66666666666669,0.1809053397564892
5,Barkhamsted,2022,4,239.48836620151195,279.0940766550523,0.0015725271579354395,0.005005864131686269,239.66666666666669,0.19730489903866336
5,Barkhamsted,2023,5,327.8023903675554,397.77925827226295,0.005991640723973377,0.019073336341909115,239.66666666666669,0.2043082389518099
5,Barkhamsted,2024,6,405.29273427632603,506.3302276265031,0.009697447447986172,0.030870121449933983,239.66666666666669,0.22334017641617976
5,Barkhamsted,2025,7,488.29496253764745,626.0948734709123,0.012527032737759574,0.039877609453015765,239.66666666666669,0.2474554113362592
6,Beacon Falls,2019,1,-447.3558197944679,-455.4673731498013,-0.0038360761547375616,-0.012574578439086239,1719.9999999999998,0.18775557219374533
6,Beacon Falls,2020,2,-332.39282184554366,-342.6598020376346,-0.0066863446020630985,-0.021917699565366246,1719.9999999999998,0.22720955246969535
6,Beacon Falls,2021,3,-181.591582151026,-195.96342409482267,-0.008243492419008147,-0.027021997961852846,1719.9999999999998,0.26452671338276257
6,Beacon Falls,2022,4,-109.52350560928906,-127.63610255843815,-0.009182656479607799,-0.030100558363370476,1719.9999999999998,0.26233310781890734
6,Beacon Falls,2023,5,-80.3391360988415,-97.48935000687096,-0.006035488416917805,-0.01978420642744552,1719.9999999999998,0.24048371581695752
6,Beacon Falls,2024,6,-20.729008570226576,-25.89664886683766,-0.0033629712180819607,-0.011023750224023918,1719.9999999999998,0.27050133849107905
6,Beacon Falls,2025,7,7.246198893755305,9.291121816930488,-0.0017436872456229606,-0.005715770792569208,1719.9999999999998,0.3211745813259922
7,Berlin,2019,1,8.847256337036983,9.007676719763106,7.586522309009213e-05,0.00024874840412903083,2301.6666666666665,0.1325376424343677
7,Berlin,2020,2,138.62467857125543,142.9065304509793,0.0012645718418386072,0.004146303335723582,2301.6666666666665,0.17779533781114185
7,Berlin,2021,3,256.13082827248303,276.4019869752272,0.003460893694275149,0.011347647159606128,2301.6666666666665,0.19454905032168543
7,Berlin,2022,4,330.31070728715804,384.93628447077623,0.006293308009262528,0.02063462361584945,2301.6666666666665,0.20612238197213517
7,Berlin,2023,5,409.07708544860384,496.4038835820228,0.009725278793894215,0.031887437763391056,2301.6666666666665,0.1976093003139378
7,Berlin,2024,6,478.35198211766465,597.6027880778462,0.01263844042180467,0.0414391701171221,2301.6666666666665,0.208808602022694
7,Berlin,2025,7,483.1866983459036,619.5450249814569,0.014585444507684255,0.04782304588349416,2301.6666666666665,0.23795449496794016
8,Bethany,2019,1,-69.86291614541037,-71.12968578782396,-0.0005990745059468937,-0.0019091549450297879,501.8333333333333,0.054789633291710195
8,Bethany,2020,2,102.19821757733612,105.3549255643127,0.0002772752097787634,0.000883631889904232,501.8333333333333,0.1215543269419284
8,Bethany,2021,3,259.5456781625569,280.08710095078663,0.0025028794000226885,0.007976277634805736,501.8333333333333,0.11378052129788263
8,Bethany,2022,4,331.49483186676093,386.31623524429625,0.005345447583280163,0.017035089268047605,501.8333333333333,0.10984066486686782
8,Bethany,2023,5,403.1410548567079,489.20067239348253,0.009401456634623327,0.02996094349918029,501.8333333333333,0.11250678349724028
8,Bethany,2024,6,457.32025345797746,571.3279524861036,0.012446628092299827,0.03966541946865515,501.8333333333333,0.11802330008375847
8,Bethany,2025,7,528.1558436350213,677.2047460311378,0.014749960261226207,0.047005771890098046,501.8333333333333,0.13538194311404012
9,Bethel,2019,1,1220.6201967973805,1242.7527485935511,0.010466818187537537,0.03438837359629857,2849.0,0.2067628262202964
9,Bethel,2020,2,1333.082391556896,1374.2587636354117,0.021897999695137917,0.07194512993687503,2849.0,0.28857668221883404
9,Bethel,2021,3,1790.3201111070807,1932.012789593863,0.03724999464788113,0.122383584911856,2849.0,0.31332580752751626
9,Bethel,2022,4,1779.5327416354005,2073.8253606284375,0.0525094879074047,0.17251812873373074,2849.0,0.3242302394592455
9,Bethel,2023,5,2206.162822908998,2677.118401548548,0.060960515926311805,0.20028369259276405,2849.0,0.3022498319941093
9,Bethel,2024,6,2474.694606525035,3091.623849771766,0.07074984066966361,0.23244618462216557,2849.0,0.29517668072719944
9,Bethel,2025,7,2345.2862543352057,3007.140792585709,0.07550867534784476,0.2480811733899237,2849.0,0.3247792588817026
10,Bethlehem,2019,1,-111.30312404763475,-113.32129658363189,-0.0009544242887084679,-0.0031317881399899328,1183.6666666666667,0.1495190001974779
10,Bethlehem,2020,2,62.561245130179714,64.49364265001115,-0.00041796161171717676,-0.0013714730796700843,1183.6666666666667,0.2621012714699978
10,Bethlehem,2021,3,233.08716947821992,251.53456620876815,0.0015807608665585587,0.005187009794928305,1183.6666666666667,0.2294155498978821
10,Bethlehem,2022,4,257.5409926152816,300.1321804262819,0.0037891748782345985,0.012433561346244923,1183.6666666666667,0.2753758880872391
10,Bethlehem,2023,5,256.1615069047831,310.8450005512072,0.0069401840886515785,0.022773085801911046,1183.6666666666667,0.2838716789769596
10,Bethlehem,2024,6,248.54700803086493,310.50855963865496,0.008535012005524959,0.028006254335527996,1183.6666666666667,0.32063793007304964
10,Bethlehem,2025,7,326.0088453052036,418.01059280029455,0.009331815375741341,0.03062083505635657,1183.6666666666667,0.2549069589599796
11,Bloomfield,2019,1,26.445528227955155,26.925044317249775,0.00022677040455471546,0.0007478895391881548,1410.1666666666667,0.4907970049476572
11,Bloomfield,2020,2,37.19892080609172,38.34792450888761,0.0005457511504669519,0.0017998890870949262,1410.1666666666667,0.5624962485959031
11,Bloomfield,2021,3,14.300018965949297,15.431776341139702,0.0006683738130999671,0.0022042990312880757,1410.1666666666667,0.5642847968489104
11,Bloomfield,2022,4,34.77469309598106,40.52560470690782,0.0009665668063980048,0.003187740502783076,1410.1666666666667,0.5979516234473742
11,Bloomfield,2023,5,60.077947149402135,72.90294994131533,0.0012549647986494126,0.0041388780286485925,1410.1666666666667,0.5493234900148785
11,Bloomfield,2024,6,48.11127634296156,60.1051818647326,0.0013485382473780712,0.004447483569955186,1410.1666666666667,0.5829912614268805
11,Bloomfield,2025,7,-45.76122596973332,-58.67533188238661,0.0008335130720545931,0.0027489288498217758,1410.1666666666667,0.56838381298395
12,Bolton,2019,1,-163.90569182992698,-166.8776656049236,-0.0014054913074416243,-0.004608750878686277,629.3333333333333,0.09852615667008585
12,Bolton,2020,2,-0.9508579281378982,-0.9802281156752838,-0.0014136449141754065,-0.004635487395660676,629.3333333333333,0.16453331102373184
12,Bolton,2021,3,177.5044711284255,191.55284370801613,0.00010845592575084248,0.00035563816044710024,629.3333333333333,0.1875279892521272
12,Bolton,2022,4,256.29620001071964,298.68152857163216,0.0023061958408427635,0.0075622538906012955,629.3333333333333,0.20240318143592229
12,Bolton,2023,5,327.8179328898916,397.7981186991184,0.006522725922815208,0.0213886906799336,629.3333333333333,0.20809606164142797
12,Bolton,2024,6,401.7702750943494,501.9296366250387,0.009976059638483036,0.0327125279119487,629.3333333333333,0.2015617511910467
12,Bolton,2025,7,483.7294923263068,620.2409988385599,0.012601939195254869,0.04132305766088432,629.3333333333333,0.19599303135888502
13,Bozrah,2019,1,-426.4970681255729,-434.23040604343726,-0.0036572123591767877,-0.012486897417988292,41.0,0.22932685822204238
13,Bozrah,2020,2,-296.79981243379575,-305.967392462615,-0.006202270750796585,-0.02117654404985632,41.0,0.33388981636060105
13,Bozrah,2021,3,-146.5088607065,-158.10412390371337,-0.007458584231354822,-0.02546600170664321,41.0,0.3470796790445979
13,Bozrah,2022,4,-55.05697422700983,-64.16209534111103,-0.007930697785351432,-0.027077948987638545,41.0,0.3669937417909294
13,Bozrah,2023,5,28.8476375126545,35.00582115897397,-0.004026116934503633,-0.013746456102781135,41.0,0.3680474706125362
13,Bozrah,2024,6,106.77061636847962,133.38800801895388,-0.0005655005075241215,-0.0019308003292604753,41.0,0.3681428831784217
13,Bozrah,2025,7,188.05960262224033,241.13120581227295,0.002303424065519826,0.007864629447644617,41.0,0.3320182805359166
14,Branford,2019,1,1069.6429842670464,1089.0379842963887,0.009172188590089921,0.03008229715080903,2258.333333333333,0.26749026999905073
14,Branford,2020,2,1108.0880516417044,1142.314777760912,0.018674043632917536,0.0612458110793262,2258.333333333333,0.33704996757144634
14,Branford,2021,3,1134.5372790143722,1224.3288335577918,0.028402700800465773,0.09315317461835533,2258.333333333333,0.35029674482066286
14,Branford,2022,4,1176.6102270247752,1371.1937247843562,0.03849213349720322,0.12624378428966923,2258.333333333333,0.3634103371746276
14,Branford,2023,5,1088.0198034457699,1320.2823503358677,0.03864971472166078,0.12676060807419567,2258.333333333333,0.3310696095076401
14,Branford,2024,6,1026.6075046467852,1282.535726772948,0.037951019031179346,0.12446907523308491,2258.333333333333,0.3701003548499885
14,Branford,2025,7,995.5511403912495,1276.5019365298585,0.036759212892486064,0.12056027352690696,2258.333333333333,0.35690695649563153
15,Bridgeport,2019,1,1849.320160535881,1882.8524372818783,0.015857920376595176,0.05194264551220929,17086.666666666668,0.5737966973736495
15,Bridgeport,2020,2,1835.8865517924905,1892.5935852281837,0.03160064755821578,0.10350797551583435,17086.666666666668,0.7368598087823225
15,Bridgeport,2021,3,1764.1197341468292,1903.7388160930655,0.04672797427852484,0.15305756024827408,17086.666666666668,0.7174544196926463
15,Bridgeport,2022,4,1730.682684452918,2016.896659580723,0.06156857829770861,0.2016679842792365,17086.666666666668,0.67883026058205
15,Bridgeport,2023,5,1769.0574542048262,2146.7029608465673,0.06088032559091981,0.1994136113524868,17086.666666666668,0.6600434555534015
15,Bridgeport,2024,6,1926.6648696032369,2406.972983929893,0.06165874966614695,0.2019633407518959,17086.666666666668,0.8066742195802737
15,Bridgeport,2025,7,2076.2473456762586,2662.177411025964,0.06433524393501182,0.2107302023403986,17086.666666666668,0.8591184186065726
16,Bridgewater,2019,1,1455.3485353908968,1481.737232649498,0.01247961369097694,0.040931658431164045,554.5,0.017459624618070713
16,Bridgewater,2020,2,1558.9886710316603,1607.142857142857,0.02584794154507343,0.08477819431514926,554.5,0.15103056147832267
16,Bridgewater,2021,3,1502.5072682045852,1621.4213539912428,0.03873194136992775,0.12703619148692152,554.5,0.10104412260020208
16,Bridgewater,2022,4,1453.1173384651886,1693.4285714285713,0.051192422547266726,0.1679050975338732,554.5,0.09821428571428571
16,Bridgewater,2023,5,1226.8201559521333,1488.7127916331456,0.04923279169357933,0.16147773986555874,554.5,0.12872083668543846
16,Bridgewater,2024,6,1124.0171615887027,1404.2291340344598,0.04550291100010597,0.14924417187902492,554.5,0.126799433131946
16,Bridgewater,2025,7,933.9575511253057,1197.5262488068724,0.04062759717615115,0.13325371855825152,554.5,0.11931275851097678
17,Bristol,2019,1,942.9271818797229,960.0245433257538,0.008085600584618624,0.026518506783231987,6712.666666666666,0.4444692112094917
17,Bristol,2020,2,919.3313705169144,947.727762829655,0.015968867086801168,0.05237341440875055,6712.666666666666,0.47000818470978584
17,Bristol,2021,3,1056.7830879545586,1140.4208828845506,0.025030782066011503,0.0820939591388976,6712.666666666666,0.5371262648653652
17,Bristol,2022,4,1023.5046335293192,1192.7680879775012,0.03380733429852542,0.11087859393202075,6712.666666666666,0.5464542897859836
17,Bristol,2023,5,938.0526422709042,1138.3012913495472,0.033765535121379794,0.11074150433044205,6712.666666666666,0.5417411902413428
17,Bristol,2024,6,1104.7016792323886,1380.09839654258,0.03535508551861499,0.11595478472318839,6712.666666666666,0.5361157187473748
17,Bristol,2025,7,1004.4982212850863,1287.9739399497766,0.03490674278692426,0.11448434605297131,6712.666666666666,0.5662943504443646
18,Brookfield,2019,1,1885.6547475813336,1919.8458509892898,0.016169489460509934,0.05305775919733613,2241.1666666666665,0.10714060628978384
18,Brookfield,2020,2,2339.960084933429,2412.236988233881,0.036234647188814084,0.11889857065925567,2241.1666666666665,0.18947352623364147
18,Brookfield,2021,3,2351.714606926714,2537.838160823387,0.05640059994321066,0.18507012591093813,2241.1666666666665,0.2057720747501606
18,Brookfield,2022,4,2330.1118561313783,2715.457236209879,0.07638130910953722,0.25063383205812834,2241.1666666666665,0.2075725542955987
18,Brookfield,2023,5,2438.3379459228186,2958.8565795958602,0.08112056753531545,0.2661849991461804,2241.1666666666665,0.2081358759525344
18,Brookfield,2024,6,2464.07691196913,3078.359215973286,0.0821848693271466,0.2696773461570235,2241.1666666666665,0.22451951299468623
18,Brookfield,2025,7,2446.1305399541184,3136.4439701501706,0.08299448595285658,0.2723339819199516,2241.1666666666665,0.2468292233516568
19,Brooklyn,2019,1,-663.1637693613701,-675.1883995561224,-0.005686629322273748,-0.018610452833171382,1092.3333333333333,0.2583765341106713
19,Brooklyn,2020,2,-532.314535472667,-548.7567160267331,-0.01025122646395187,-0.03354886625760457,1092.3333333333333,0.31696370069453544
19,Brooklyn,2021,3,-381.7694013794732,-411.98407009159695,-0.013524899080780849,-0.04426251161305396,1092.3333333333333,0.331342094782955
19,Brooklyn,2022,4,-298.5461138303367,-347.91857867668705,-0.01608493200687599,-0.052640650809826765,1092.3333333333333,0.32641257857278916
19,Brooklyn,2023,5,-199.06256292114512,-241.5569896844352,-0.012105264161651056,-0.039616517087034064,1092.3333333333333,0.29557734979758454
19,Brooklyn,2024,6,106.52028886879592,133.07527509981497,-0.006627255542923014,-0.021688810665371,1092.3333333333333,0.31567500892654266
19,Brooklyn,2025,7,186.50436144215456,239.1370657851014,-0.0017543080267275564,-0.005741268673586227,1092.3333333333333,0.31865856671807236
20,Burlington,2019,1,418.1612332382739,425.74342397875125,0.0035857325750181996,0.01175792414151733,1931.0,0.053247135617322236
20,Burlington,2020,2,587.136899689477,605.2724384947004,0.008620431489855465,0.02826713297891529,1931.0,0.09659330329648959
20,Burlington,2021,3,720.0340475539739,777.0202547504698,0.01479472344763079,0.048513164981660056,1931.0,0.11288891209020673
20,Burlington,2022,4,731.8356866655338,852.8639969979629,0.02107021446078774,0.06909103735216125,1931.0,0.11391658625495872
20,Burlington,2023,5,687.9155168042133,834.7667133285313,0.023383357442365672,0.07667603125141727,1931.0,0.11552209190122183
20,Burlington,2024,6,662.6749011176228,827.8765078884747,0.02403109580461203,0.07880002080376268,1931.0,0.11829273324988653
20,Burlington,2025,7,672.209180730378,861.910841283608,0.023620997571599682,0.0774552735830905,1931.0,0.1228100607111882
22,Canterbury,2019,1,-216.02684009115734,-219.94388590133272,-0.0018524301537816742,-0.006089313305376667,570.3333333333333,0.21822149481723951
22,Canterbury,2020,2,64.48833840373239,66.48026015864815,-0.0012994426519696688,-0.004271531325518163,570.3333333333333,0.29936479956234996
22,Canterbury,2021,3,342.2332216823321,369.31884818369804,0.0016352072239563288,0.0053752575154090675,570.3333333333333,0.3117187741119101
22,Canterbury,2022,4,433.6680105466954,505.3864406779661,0.005353910414394243,0.017599388487393397,570.3333333333333,0.2627118644067797
22,Canterbury,2023,5,488.44400576451653,592.7134762583253,0.011394747917606649,0.03745684551962494,570.3333333333333,0.2700553364922628
22,Canterbury,2024,6,542.377924784401,677.5900846237238,0.015492651120820879,0.05092748377744887,570.3333333333333,0.2880119088070158
22,Canterbury,2025,7,618.0690074718431,792.4919704645541,0.01785794298396593,0.058702677451523494,570.3333333333333,0.29138108009668556
23,Canton,2019,1,49.1667085956658,50.05821008605237,0.0004216045262078341,0.0013831097238698664,1310.6666666666667,0.08562118477544459
23,Canton,2020,2,143.6904682064624,148.1287926644844,0.0016537502910782492,0.0054252693371593256,1310.6666666666667,0.12123764492684265
23,Canton,2021,3,219.88958299350668,237.2924730087594,0.0035393034652475694,0.011610987867091981,1310.6666666666667,0.11967814218781829
23,Canton,2022,4,259.1601883227482,302.0191528002091,0.005761602080115135,0.01890142862970054,1310.6666666666667,0.1206264533812265
23,Canton,2023,5,325.19271605503036,394.61248968584596,0.008128525094079185,0.026666322108693317,1310.6666666666667,0.14423044671188123
23,Canton,2024,6,402.6379981455517,503.0136787824105,0.010349000163306876,0.033950780573794026,1310.6666666666667,0.11064205320038724
23,Canton,2025,7,342.3028973758404,438.90292889255403,0.011398694334135389,0.037394392120902356,1310.6666666666667,0.14365140592163017
24,Chaplin,2019,1,-452.8497012735501,-461.0608708868455,-0.003883186188420692,-0.01201295949577047,103.5,0.39516680598829695
24,Chaplin,2020,2,-162.37835742525473,-167.3939151321057,-0.005275580603342251,-0.01632044744431835,103.5,0.4483586869495596
24,Chaplin,2021,3,175.01354344595327,188.86477462437395,-0.003774839468293202,-0.011677779904260732,103.5,0.4215358931552588
24,Chaplin,2022,4,249.65124664711092,290.9376571141277,-0.0016340800282942263,-0.005055162498074723,103.5,0.42316071727836435
24,Chaplin,2023,5,295.1032903307991,358.09979240806643,0.004779616874713068,0.014786142393182801,103.5,0.4967378410438909
24,Chaplin,2024,6,370.4450151269556,462.7951427928941,0.009348577294348272,0.02892060151917666,103.5,0.4310021737500937
24,Chaplin,2025,7,429.82681175802793,551.1266426413309,0.01153360107012431,0.03568015433020694,103.5,0.41862327545411526
25,Cheshire,2019,1,1.5101664327970428,1.537549100134856,1.2949677161234644e-05,4.2418198279460335e-05,3813.6666666666665,0.0819022021807638
25,Cheshire,2020,2,108.14352322145878,111.48387035847844,0.0009402803887852435,0.003079999560852204,3813.6666666666665,0.13079363880179806
25,Cheshire,2021,3,194.80041729013416,210.2176562101136,0.0026106939670481446,0.008551636690430115,3813.6666666666665,0.14545734776347286
25,Cheshire,2022,4,325.1494066339654,378.92142678482975,0.005398850128934397,0.017684571777262376,3813.6666666666665,0.15301693485500173
25,Cheshire,2023,5,392.39075196541154,476.15547310281477,0.008750651149876568,0.028663792226497658,3813.6666666666665,0.14720634268379643
25,Cheshire,2024,6,458.16029124727856,572.377407581397,0.011752044935697972,0.038495212356632724,3813.6666666666665,0.1609270167070189
25,Cheshire,2025,7,525.2877041203812,673.5271994982326,0.014585973420267344,0.047778080097006036,3813.6666666666665,0.16028683413076233
26,Chester,2019,1,337.61953241756447,343.7413234613605,0.0028950874904806146,0.0090248163074375,198.5,0.13882461823229986
26,Chester,2020,2,321.4551046647209,331.384239637957,0.005651565012980597,0.01761754567328232,198.5,0.22986854392644207
26,Chester,2021,3,329.7812771609386,355.88140986113507,0.008479439464635646,0.02643283970173518,198.5,0.2121204646918087
26,Chester,2022,4,262.2022090741741,305.5642518221396,0.010727823407446688,0.03344169595881954,198.5,0.2494741476299956
26,Chester,2023,5,174.76148345333957,212.06829268292682,0.00933131563757846,0.02908838154728247,198.5,0.22926829268292684
26,Chester,2024,6,193.83499297392768,242.1571072319202,0.008236973179829906,0.025677002896003494,198.5,0.23940149625935161
26,Chester,2025,7,267.9556269031411,343.5743908761016,0.007706818228869293,0.024024358178829933,198.5,0.26179367547952304
27,Clinton,2019,1,-9.914109418561015,-10.093874214191075,-8.501348826416069e-05,-0.00027864132167209135,1225.3333333333333,0.2379274377695712
27,Clinton,2020,2,215.88341876812632,222.55164575325412,0.0017661868276725224,0.005788877059759223,1225.3333333333333,0.33469075373956947
27,Clinton,2021,3,453.8306785063708,489.74854817565443,0.005657784895864652,0.018544029815851324,1225.3333333333333,0.36658935467223475
27,Clinton,2022,4,544.6793753823106,634.7564591820948,0.010328410539767964,0.03385253354891632,1225.3333333333333,0.37195090505904804
27,Clinton,2023,5,616.3881410312773,747.9701940926057,0.01569895233737533,0.05145509162688415,1225.3333333333333,0.35420752625399304
27,Clinton,2024,6,688.8873721707594,860.6236195747624,0.0197549612378029,0.06474911947828986,1225.3333333333333,0.35192527741557783
27,Clinton,2025,7,775.133086461802,993.8805208419542,0.022510129386020733,0.0737794946566709,1225.3333333333333,0.3903555960164418
28,Colchester,2019,1,-264.0077997910273,-268.79484683383316,-0.002263866883208059,-0.00741312304202884,1868.0,0.16329350437281165
28,Colchester,2020,2,-52.41157037462287,-54.030463802841005,-0.00271329609917045,-0.008884797061965266,1868.0,0.22165359425286876
28,Colchester,2021,3,167.88198312722082,181.16879575441024,-0.0012737080938545317,-0.004170808314485108,1868.0,0.23577286933903885
28,Colchester,2022,4,255.13919009457942,297.3331765854894,0.0009141104612064867,0.0029932914223855605,1868.0,0.23421745146092007
28,Colchester,2023,5,327.06503371768866,396.88449609271555,0.005982560008543727,0.019590133050053474,1868.0,0.22846729416622905
28,Colchester,2024,6,402.78663597976544,503.1993713005992,0.009885884628032606,0.032371726301794204,1868.0,0.24121342618460323
28,Colchester,2025,7,493.77189312418307,633.1174283315341,0.012680390606256555,0.041522448374685376,1868.0,0.25524769101595296
30,Columbia,2019,1,-208.03636669763117,-211.80852750039625,-0.0017839118444321872,-0.005840322005880062,609.6666666666667,0.14265335235378032
30,Columbia,2020,2,-61.8797433984256,-63.79109062980031,-0.0023145306440736863,-0.007577506868434921,609.6666666666667,0.20430107526881722
30,Columbia,2021,3,109.50302084552776,118.16950245947908,-0.001375542240323286,-0.00450336693556442,609.6666666666667,0.2435287476816386
30,Columbia,2022,4,189.2683764508886,220.56888859943342,0.00024743408774308346,0.00081007071742985,609.6666666666667,0.23445895340128303
30,Columbia,2023,5,258.52569029901395,313.71387260525864,0.004248203726489314,0.0139081299262153,609.6666666666667,0.2247402913765736
30,Columbia,2024,6,331.0049686868817,413.5228859702804,0.007617190132620823,0.024937803565443496,609.6666666666667,0.2228184970735458
30,Columbia,2025,7,412.4478853628572,528.8432738637842,0.010214942345856924,0.03344254524544255,609.6666666666667,0.2360333376741763
32,Coventry,2019,1,-282.38247881469516,-287.5026995476434,-0.00242142975583601,-0.007942143407786977,1422.3333333333335,0.19086531446082008
32,Coventry,2020,2,-95.17342464788699,-98.11315018181377,-0.0032375418721916406,-0.01061894187749568,1422.3333333333335,0.2444452552081433
32,Coventry,2021,3,87.16333821515583,94.06177318269782,-0.0024901162469966797,-0.008167430951917031,1422.3333333333335,0.26158025246637034
32,Coventry,2022,4,171.73565423564682,200.13666888235915,-0.0010174830119260088,-0.003337282849616831,1422.3333333333335,0.2534586545569754
32,Coventry,2023,5,246.20969514287603,298.76874846324074,0.003515194879760163,0.011529626979302906,1422.3333333333335,0.22928448487828867
32,Coventry,2024,6,319.91216610820265,399.66470204624034,0.007074553820493632,0.023204109412238057,1422.3333333333335,0.236861857243051
32,Coventry,2025,7,392.5643114868984,503.34843032634325,0.009693367166298823,0.031793659078290744,1422.3333333333335,0.263059932994168
33,Cromwell,2019,1,482.8882565464157,491.6440917995253,0.004140766799885513,0.013596047252124594,1789.666666666667,0.15888758949762902
33,Cromwell,2020,2,518.9347214962786,534.9636251200346,0.0085906320367161,0.02820700723837835,1789.666666666667,0.20009954701082447
33,Cromwell,2021,3,509.53590928948887,549.8625007881349,0.012959902458873466,0.04255333727527017,1789.666666666667,0.2274678319745081
33,Cromwell,2022,4,511.6816198065055,596.3016554261189,0.01734757234871425,0.056960081250963024,1789.666666666667,0.2486817903126916
33,Cromwell,2023,5,557.2007288433197,676.1478840332379,0.017984801798660202,0.059052399444817855,1789.666666666667,0.2316084598037423
33,Cromwell,2024,6,659.974460890712,824.502861140958,0.019194217563967466,0.06302346922180617,1789.666666666667,0.23089032709463003
33,Cromwell,2025,7,659.2939886442193,845.3509007242938,0.020478393094434277,0.06724000978930002,1789.666666666667,0.254844101442397
34,Danbury,2019,1,3769.1586348418227,3837.501841788994,0.032320535293768625,0.10590365737726125,10832.333333333332,0.5851119541425607
34,Danbury,2020,2,3571.1505703454272,3681.4565991132454,0.06294315143448066,0.2062437977333715,10832.333333333332,0.6687320504632096
34,Danbury,2021,3,3745.209796877162,4041.6198099928124,0.09505832544270233,0.3114745543982701,10832.333333333332,0.5287734791368084
34,Danbury,2022,4,3543.81343257332,4129.87634217523,0.12544652562701858,0.41104659153751655,10832.333333333332,0.5477202671022685
34,Danbury,2023,5,3749.533126322633,4549.956161648288,0.12527823689146647,0.41049516525610225,10832.333333333332,0.5266555036903303
34,Danbury,2024,6,3767.692244359008,4706.959465037563,0.12696358174613298,0.4160174804785714,10832.333333333332,0.48549558992884345
34,Danbury,2025,7,3264.9039200234347,4186.280350054102,0.12284495885211223,0.40252212144846866,10832.333333333332,0.5268484293748009
35,Darien,2019,1,1700.7553348390252,1731.5938017427372,0.014583976996244639,0.047755405179183474,4212.666666666667,0.020069910187151912
35,Darien,2020,2,1799.7699961148796,1855.361458041869,0.03001700471292973,0.098291036985353,4212.666666666667,0.024377008453522583
35,Darien,2021,3,1807.5887300724407,1950.6481121223399,0.0455170780733009,0.1490462105448147,4212.666666666667,0.027700713874885815
35,Darien,2022,4,1789.4689292504688,2085.4047586254387,0.06086177414162368,0.19929259932360052,4212.666666666667,0.013127539425659389
35,Darien,2023,5,1778.269912039524,2157.8820271134173,0.06152646164111795,0.20146912640287812,4212.666666666667,0.018690119935349178
35,Darien,2024,6,1827.954673527004,2283.654819498503,0.061768145249926916,0.20226052223865126,4212.666666666667,0.013325109018734673
35,Darien,2025,7,1863.5835887560938,2389.4986037558324,0.06224830116313923,0.20383279845593683,4212.666666666667,0.014890393753803525
36,Deep River,2019,1,-249.50356763944274,-254.0276207794761,-0.0021394930925082213,-0.006790171097621725,191.16666666666669,0.2162480955423404
36,Deep River,2020,2,-148.37889795469272,-152.96203906395834,-0.003411842142469711,-0.010828262071314257,191.16666666666669,0.34787625786963977
36,Deep River,2021,3,-46.31567165184102,-49.981268397109986,-0.0038089990268842474,-0.012088730360375917,191.16666666666669,0.32824904112032827
36,Deep River,2022,4,29.86190954794065,34.80036297640653,-0.0035529331525106563,-0.01127604668995546,191.16666666666669,0.32327586206896547
36,Deep River,2023,5,115.89953465388696,140.640923566879,-0.00041960155034535514,-0.0013317015743818529,191.16666666666669,0.3125
36,Deep River,2024,6,200.24862937820555,250.1696317749276,0.002569879496534247,0.00815610087400666,191.16666666666669,0.3496069507654117
36,Deep River,2025,7,273.41185325981525,350.5703986429177,0.005311543022651699,0.0168573976903575,191.16666666666669,0.35411365564037317
37,Derby,2019,1,1989.7067233287128,2025.784519869197,0.01706173515254371,0.055947169841419606,1172.0,0.6215135214014235
37,Derby,2020,2,1883.2086414978892,1941.3773640126547,0.03321024925338811,0.10889979470688091,1172.0,0.6954413055900102
37,Derby,2021,3,1676.792486114429,1809.500160652669,0.047588744821819344,0.15604834826482242,1172.0,0.5566964223349119
37,Derby,2022,4,1534.243106164459,1787.9706220011187,0.06074487945717958,0.19918865564389615,1172.0,0.5423743781460658
37,Derby,2023,5,1377.8454492197397,1671.9778650481971,0.05549816903169513,0.1819841570006522,1172.0,0.4526954659050339
37,Derby,2024,6,1184.0869871362593,1479.2740728421754,0.04950320084554415,0.16232604483880148,1172.0,0.5474250235600644
37,Derby,2025,7,783.4213347358865,1004.5077649312444,0.04184254322247316,0.13720596711499383,1172.0,0.5603064924403092
38,Durham,2019,1,40.57470734808977,41.31041679673912,0.0003479281155098697,0.0011394610117201355,1230.6666666666667,0.08384098753980217
38,Durham,2020,2,271.8243168401308,280.2204514534803,0.0026788216324139906,0.008773113385835711,1230.6666666666667,0.14345077787341162
38,Durham,2021,3,503.6288579756164,543.4879431789196,0.006997439089554901,0.022916541288276752,1230.6666666666667,0.14911609472796122
38,Durham,2022,4,589.4232231366826,686.8998808984264,0.012051743227951953,0.03946933553038451,1230.6666666666667,0.14228949060362364
38,Durham,2023,5,677.9652160176864,822.6922947679693,0.017517366839793744,0.05736919683163092,1230.6666666666667,0.15457508652844518
38,Durham,2024,6,711.4284283325721,888.78405062155,0.021286972095841437,0.06971461540335826,1230.6666666666667,0.13687564511062245
38,Durham,2025,7,702.5270304512754,900.7845789651674,0.022992523924820204,0.07530028015983051,1230.6666666666667,0.13978130988614587
39,Eastford,2019,1,-186.9452225055283,-190.33495407887628,-0.001603055282984905,-0.0053615655390680216,167.0,0.1620745542949757
39,Eastford,2020,2,41.10022268851826,42.36973016431335,-0.0012506208734308613,-0.0041828163062104405,167.0,0.24621878297572988
39,Eastford,2021,3,294.1884607419129,317.4716438575004,0.0012720451774310415,0.004254471857485004,167.0,0.30885563661536825
39,Eastford,2022,4,370.83472078894766,432.16201117318434,0.004451952908196266,0.014889965148109944,167.0,0.2569832402234637
39,Eastford,2023,5,434.6324382469422,527.4146070535962,0.009781981349148702,0.032716734514448835,167.0,0.23882254929186336
39,Eastford,2024,6,471.1387489934068,588.5913312693498,0.013469561712213118,0.04505018552328487,167.0,0.25799793601651183
39,Eastford,2025,7,508.81672059139913,652.4080007767744,0.015309999040422465,0.05120569710200476,167.0,0.23303233323623654
40,East Granby,2019,1,1334.8062772043904,1359.009275930442,0.011445963827027646,0.037518998463014375,784.6666666666667,0.0809079927980491
40,East Granby,2020,2,1606.6993525513574,1656.32723060149,0.02522341077515553,0.08268042118658313,784.6666666666667,0.1340178084681083
40,East Granby,2021,3,1665.47625463895,1797.288319985186,0.039504869658684515,0.12949395668242905,784.6666666666667,0.12036479792602195
40,East Granby,2022,4,1649.943774393908,1922.805443750664,0.05365313752411228,0.17587090215589282,784.6666666666667,0.109772075400432
40,East Granby,2023,5,1883.7541740299105,2285.884301431445,0.058360365739391115,0.1913008380567096,784.6666666666667,0.158523601088371
40,East Granby,2024,6,2236.5079113089814,2794.0583781832133,0.06376097413073772,0.20900362141304102,784.6666666666667,0.13313926592875922
40,East Granby,2025,7,2313.1127341847646,2965.8877026029277,0.0693144569428431,0.22720751548788945,784.6666666666667,0.1277438559893117
41,East Haddam,2019,1,-247.56389231372816,-252.05277483744143,-0.0021228603765902185,-0.006967311803599814,859.3333333333335,0.12475427188870408
41,East Haddam,2020,2,-135.28059729856554,-139.45915688696726,-0.0032828914984254173,-0.010774579873055927,859.3333333333335,0.2654030265596047
41,East Haddam,2021,3,-35.03563819286166,-37.808490593525704,-0.003583322095929207,-0.011760604988618554,859.3333333333335,0.25640776604733834
41,East Haddam,2022,4,53.33897950663122,62.15998493471711,-0.0031259403466598434,-0.010259459978999911,859.3333333333335,0.21237864077669902
41,East Haddam,2023,5,134.410116279773,163.1030094018147,0.00014948677702942797,0.0004906215206447724,859.3333333333335,0.2545469474894281
41,East Haddam,2024,6,211.6025841768996,264.35407188819215,0.0031240100581815407,0.010253124695790738,859.3333333333335,0.25718267142095985
41,East Haddam,2025,7,282.5458708874259,362.28209351914546,0.005847271498545006,0.019190976561587355,859.3333333333335,0.2698250684668479
42,East Hampton,2019,1,-189.83412382098263,-193.27623758345547,-0.0016278276117649257,-0.005348771575780761,1556.3333333333333,0.11958557238234815
42,East Hampton,2020,2,-35.68960389087593,-36.791987673343606,-0.0019338659651291874,-0.006354362851996254,1556.3333333333333,0.19311761684643042
42,East Hampton,2021,3,117.55280957252317,126.85638179329082,-0.0009258506230448008,-0.003042191605652699,1556.3333333333333,0.20110581668063973
42,East Hampton,2022,4,197.80170136597562,230.51342359187566,0.0007702989661684397,0.0025310746576094126,1556.3333333333333,0.20894834689711705
42,East Hampton,2023,5,279.6102330758419,339.2993900792842,0.004795784326558711,0.015758151971424137,1556.3333333333333,0.2143262497314035
42,East Hampton,2024,6,331.398315026194,414.0142916251971,0.007943563231272585,0.026101231429402554,1556.3333333333333,0.1984947944041242
42,East Hampton,2025,7,405.83565871481363,520.3650352494577,0.010415588662667724,0.03422389703999359,1556.3333333333333,0.2101409978308026
43,East Hartford,2019,1,2875.8936638075174,2928.0399953539754,0.024660788167149467,0.08071302209348044,5194.666666666666,0.688501335732132
43,East Hartford,2020,2,2850.64577287971,2938.6967828934694,0.049105075669592976,0.16071745276582608,5194.666666666666,0.6247252394430202
43,East Hartford,2021,3,2571.76859052418,2775.3080457192705,0.07115799133333783,0.23289509190408256,5194.666666666666,0.6396853812423844
43,East Hartford,2022,4,2526.532464259111,2944.361166412929,0.0928230072143597,0.3038031623845667,5194.666666666666,0.6291533464728791
43,East Hartford,2023,5,2422.148369515002,2939.210970276103,0.08893214131580138,0.2910686324455989,5194.666666666666,0.6697266980309271
43,East Hartford,2024,6,2417.9919430637406,3020.785490064553,0.08522213472512943,0.27892604227815443,5194.666666666666,0.6780648897296658
43,East Hartford,2025,7,2422.641838905728,3106.3266098676463,0.08394337283000122,0.27474074469584614,5194.666666666666,0.6246300292457561
44,East Haven,2019,1,51.13938707463227,52.0666576017163,0.0004385202441649716,0.001439569222825382,2331.3333333333335,0.4447868981250661
44,East Haven,2020,2,111.85960253356427,115.3147322717177,0.001397716335890285,0.00458840714006116,2331.3333333333335,0.572737686139748
44,East Haven,2021,3,180.01433359138053,194.26134614200382,0.0029413392464363725,0.009655794708226223,2331.3333333333335,0.5542213190467393
44,East Haven,2022,4,247.31292772707835,288.212635559793,0.005062047601696068,0.01661763174868903,2331.3333333333335,0.5117870455697736
44,East Haven,2023,5,315.12351797834145,382.3937925071866,0.007325711524195373,0.024048761683990852,2331.3333333333335,0.3320983685355523
44,East Haven,2024,6,394.6000728111313,492.97193803546907,0.009750211056825513,0.032007880913651414,2331.3333333333335,0.5189497231193713
44,East Haven,2025,7,430.02532540255845,551.381178085458,0.011894055311606363,0.03904566821943538,2331.3333333333335,0.5335893874999597
45,East Lyme,2019,1,-76.19439047149947,-77.57596378817306,-0.0006533668982931079,-0.002143816572798477,2025.6666666666665,0.14909852736531434
45,East Lyme,2020,2,94.07834549178733,96.98424611956234,0.00015335491429896832,0.0005031855878421479,2025.6666666666665,0.2271003884306473
45,East Lyme,2021,3,253.05471398207698,273.0824174108537,0.0023232990866952777,0.007623170225851402,2025.6666666666665,0.23613626428526824
45,East Lyme,2022,4,332.2736964230754,387.22390557347217,0.0051725460335231505,0.016972071801004074,2025.6666666666665,0.23476657378900254
45,East Lyme,2023,5,398.7353352645775,483.8544518563224,0.009245068431710008,0.030334764390932727,2025.6666666666665,0.22502088337683207
45,East Lyme,2024,6,473.27822821082685,591.2641721755474,0.012496707426025776,0.04100398804303865,2025.6666666666665,0.24159752836451784
45,East Lyme,2025,7,559.6773152686443,717.621775302761,0.015125996232058092,0.04963116663407419,2025.6666666666665,0.2553758931866215
46,Easton,2019,1,1714.10843756356,1745.189025840051,0.014698479852107522,0.04816417237740094,1160.0000000000002,0.024543829911258714
46,Easton,2020,2,1853.4669223865421,1910.7169799334556,0.030591958711572127,0.10024413324179406,1160.0000000000002,0.0817908219580564
46,Easton,2021,3,1846.0601553038728,1992.1643108847327,0.046421924543302816,0.1521159737803599,1160.0000000000002,0.10752097443826177
46,Easton,2022,4,1820.8842727163583,2122.0154567419236,0.06203600718184559,0.20328040542802636,1160.0000000000002,0.10240491543594092
46,Easton,2023,5,1747.2812504691005,2120.2781316674086,0.062320464052510606,0.2042125174484868,1160.0000000000002,0.10591106540392024
46,Easton,2024,6,1770.909493976184,2212.3885561184425,0.06161253410389178,0.20189276326849842,1160.0000000000002,0.09315861601712272
46,Easton,2025,7,1801.6747230227857,2310.1186665625733,0.06123192902208146,0.20064559152336053,1160.0000000000002,0.09602623155593723
47,East Windsor,2019,1,65.19783121357541,66.38001251789802,0.000559071402656409,0.0018315773502436147,908.0000000000001,0.4081177711282399
47,East Windsor,2020,2,163.00656830056758,168.04153024297779,0.0019568527258337757,0.006410857563756188,908.0000000000001,0.4954333965190419
47,East Windsor,2021,3,253.96063259367588,274.06003383435336,0.004134565150324547,0.01354527498001013,908.0000000000001,0.5163724613163512
47,East Windsor,2022,4,325.1606646642631,378.9345466270197,0.0069228178498206,0.022679887244002394,908.0000000000001,0.455880772399957
47,East Windsor,2023,5,401.2490918794183,486.90482693323133,0.009804457410030203,0.03212044479169289,908.0000000000001,0.4797800477048852
47,East Windsor,2024,6,474.9443577063563,593.3456595928656,0.01247932395418484,0.04088359195665168,908.0000000000001,0.495809991629182
47,East Windsor,2025,7,539.8961095770286,692.2581888954172,0.014931220669317092,0.04891626625770676,908.0000000000001,0.5196092831962398
48,Ellington,2019,1,426.0017112133995,433.7260672116258,0.0036529646736549004,0.011972315459148312,2308.333333333333,0.0821071752951862
48,Ellington,2020,2,490.2526434833871,505.39561243144425,0.007856881091524945,0.025750333593738062,2308.333333333333,0.1327239488117002
48,Ellington,2021,3,529.5876719609779,571.5012355009243,0.012398095378590329,0.04063381998615927,2308.333333333333,0.14707462277396816
48,Ellington,2022,4,564.8603340831949,658.2748710530823,0.01724177274335372,0.056508606241692017,2308.333333333333,0.15721055937268036
48,Ellington,2023,5,609.4965616686758,739.6074505381541,0.018815241086007718,0.06166552973977471,2308.333333333333,0.1400044494564759
48,Ellington,2024,6,604.3469353569327,755.0076659800839,0.01979359963882337,0.06487202590737806,2308.333333333333,0.16028867448235276
48,Ellington,2025,7,677.996494885489,869.3313719088882,0.021066205295401055,0.06904289470485823,2308.333333333333,0.1805402046122319
49,Enfield,2019,1,-598.3622392943988,-609.2118740037074,-0.005130956201949468,-0.016845701244028965,4007.666666666667,0.3741732124438289
49,Enfield,2020,2,-576.5312401209885,-594.3391903335668,-0.010074711585986947,-0.033076794035546656,4007.666666666667,0.44046645819509567
49,Enfield,2021,3,-532.4571559104453,-574.5978212207133,-0.014640531697919013,-0.04806706846243875,4007.666666666667,0.46634830622295176
49,Enfield,2022,4,-469.52002943175904,-547.1675353743445,-0.018666665950296344,-0.06128547300819019,4007.666666666667,0.46488123359071865
49,Enfield,2023,5,-376.8931110673028,-457.3495086481098,-0.016767568175749,-0.05505044926523369,4007.666666666667,0.44150459702815187
49,Enfield,2024,6,-282.18706346228794,-352.5349161051087,-0.014243566860900642,-0.04676377317290666,4007.666666666667,0.4495737004295403
49,Enfield,2025,7,-201.3253753090755,-258.14066302373783,-0.011404111842243892,-0.037441415106007445,4007.666666666667,0.4770820220259549
50,Essex,2019,1,1683.2451756689768,1713.7661445452047,0.014433827381361473,0.04609352146336952,296.1666666666667,0.10579829623522946
50,Essex,2020,2,1882.091287829365,1940.225497420781,0.030572760174498278,0.09763218999815707,296.1666666666667,0.18275607958732498
50,Essex,2021,3,1943.3770259403318,2097.1832052972104,0.04723721817193662,0.15084909027591906,296.1666666666667,0.19091776898949953
50,Essex,2022,4,1900.7804452429307,2215.124566187407,0.06353641048989475,0.20289953754076126,296.1666666666667,0.18591968269707485
50,Essex,2023,5,1925.0761543275087,2336.027397260274,0.06561011113189165,0.20952177033633398,296.1666666666667,0.20707231602421156
50,Essex,2024,6,2065.1865453043656,2580.0274348422495,0.0671801529647398,0.21453560034889352,296.1666666666667,0.2246227709190672
50,Essex,2025,7,2087.3256185818796,2676.382042253521,0.06841451214664106,0.21847744889267914,296.1666666666667,0.22887323943661972
51,Fairfield,2019,1,1770.1309965067112,1802.2273980483083,0.015178873295045045,0.04975481157826619,8235.0,0.09971928270266316
51,Fairfield,2020,2,1872.5525729979447,1930.3921498843329,0.031236011608502427,0.10238848706543346,8235.0,0.15771411139639524
51,Fairfield,2021,3,1913.8811613696303,2065.3529268809752,0.047647542567247,0.15618382580310988,8235.0,0.1606022844201306
51,Fairfield,2022,4,1903.1819296462902,2217.9231993017734,0.06396732761396394,0.20967843071968628,8235.0,0.15474957261154998
51,Fairfield,2023,5,1928.5245751713621,2340.2119618814795,0.06532555255101331,0.2141305547021597,8235.0,0.15001234075880174
51,Fairfield,2024,6,1955.2779793029356,2442.7192017179304,0.06603492291007862,0.21645579899852144,8235.0,0.17125885407207186
51,Fairfield,2025,7,1994.3549763858275,2557.174499829286,0.0667249858738425,0.21871775560569723,8235.0,0.1639499152871754
52,Farmington,2019,1,1540.084913069943,1568.0100688214661,0.01320622812957476,0.04326771117243806,3829.333333333333,0.09104785368074339
52,Farmington,2020,2,1646.8848215563166,1697.7539520859495,0.027328265474420174,0.08953589819813278,3829.333333333333,0.1430196811791506
52,Farmington,2021,3,1668.8670548970683,1800.947480950312,0.041638800470162524,0.13642166216068408,3829.333333333333,0.1547405776656139
52,Farmington,2022,4,1655.1395552256854,1928.8604838210729,0.05583162215622278,0.18292176070578955,3829.333333333333,0.1648208872115325
52,Farmington,2023,5,1641.725229110349,1992.188779313463,0.056703187866269274,0.18577728107391345,3829.333333333333,0.15739756327064314
52,Farmington,2024,6,1604.9352901271836,2005.0377962656999,0.056343470634264474,0.18459873553120262,3829.333333333333,0.14450796621486606
52,Farmington,2025,7,1532.2871262817664,1964.7081949499407,0.05517229774638824,0.180761608855181,3829.333333333333,0.1743811639400013
53,Franklin,2019,1,-22.587642749137043,-22.99720681698579,-0.00019368903657385016,-0.0006670403222815276,108.0,0.1659717443225519
53,Franklin,2020,2,267.57173425949685,275.8365147091848,0.002100738584701336,0.007234675577696609,108.0,0.19761958230406468
53,Franklin,2021,3,546.1682615387207,589.3940754039497,0.006784131427395866,0.02336368280713176,108.0,0.21543985637342908
53,Franklin,2022,4,620.0391517589259,722.5789598670149,0.012100967153728655,0.041674186484291255,108.0,0.1947280930895274
53,Franklin,2023,5,617.0409109931818,748.762312633833,0.017585782002069037,0.060563188819209274,108.0,0.17558886509635974
53,Franklin,2024,6,671.9660879124039,839.4839420388103,0.021053463584642714,0.07250544162466285,108.0,0.18218795017371409
53,Franklin,2025,7,684.4247805220513,877.5737602008788,0.022239013234924773,0.07658832331375308,108.0,0.2589453860640301
54,Glastonbury,2019,1,827.654519518489,842.6617318935096,0.0070971375048710416,0.023265136488220577,5097.666666666667,0.0827611777246635
54,Glastonbury,2020,2,961.9573331489163,991.6703601337948,0.015345921636622996,0.05030548741214768,5097.666666666667,0.12433289343724842
54,Glastonbury,2021,3,1063.1755292580538,1147.3192460758369,0.024462651800010806,0.08019105344942977,5097.666666666667,0.13147882534359576
54,Glastonbury,2022,4,1240.8473391204157,1446.0541356330177,0.03510291773296838,0.11507092424682096,5097.666666666667,0.13596648795639446
54,Glastonbury,2023,5,1291.1377903962218,1566.7604864480284,0.03907728678074493,0.12809930904105934,5097.666666666667,0.11289685680538426
54,Glastonbury,2024,6,1307.4069291395067,1633.337072310653,0.04203951706636424,0.13780980032816964,5097.666666666667,0.12987104033538627
54,Glastonbury,2025,7,1356.372274747204,1739.1490654008735,0.044553679158933705,0.14605147863819157,5097.666666666667,0.12744533543050543
55,Goshen,2019,1,1492.0582056453131,1519.1125306564763,0.012794399113408558,0.041925862667802634,1335.0,0.10836707922203843
55,Goshen,2020,2,1629.9034028089106,1680.2480097073012,0.02677082079249497,0.08772508549262249,1335.0,0.20124892716564563
55,Goshen,2021,3,1599.858878439221,1726.4777374245762,0.04048961067511129,0.13268007677347368,1335.0,0.2487917870113529
55,Goshen,2022,4,1542.1721780431108,1797.2109747990573,0.05371373710183096,0.17601410938835918,1335.0,0.22360548739952862
55,Goshen,2023,5,1420.5339951991016,1723.7792510519785,0.05310041699725469,0.17400432571286648,1335.0,0.22704568159113614
55,Goshen,2024,6,1459.3303273619192,1823.134229521224,0.05163775287529675,0.1692113335166121,1335.0,0.26157208131911797
55,Goshen,2025,7,1253.1814753550843,1606.8371731114044,0.04866499414385027,0.15946992454426592,1335.0,0.26387902161778143
56,Granby,2019,1,-223.7132725872147,-227.76969046889366,-0.001918341312435366,-0.006288544127033384,1547.3333333333335,0.05636793485399063
56,Granby,2020,2,-35.85499564609997,-36.962488064384125,-0.002225797900100673,-0.007296422290396212,1547.3333333333335,0.09657618333105988
56,Granby,2021,3,86.78421513487905,93.65264487353079,-0.0014816232553190854,-0.004856931954869133,1547.3333333333335,0.1029731359586742
56,Granby,2022,4,171.67761613924557,200.06903265775733,-9.48769692505485e-06,-3.1101765045857346e-05,1547.3333333333335,0.09617370268755347
56,Granby,2023,5,246.74891857095213,299.4230813832131,0.004024725592256225,0.013193514794284865,1547.3333333333335,0.11480390565206298
56,Granby,2024,6,326.8604175624573,408.3451185524003,0.007135010260519603,0.023389386747424933,1547.3333333333335,0.127812919755972
56,Granby,2025,7,397.81139633570456,510.076275535787,0.009802068339316681,0.03213231080851607,1547.3333333333335,0.13803925270031914
57,Greenwich,2019,1,1878.1139923459734,1912.1683651343096,0.016104827484366722,0.05278688800017935,7389.0,0.1490265961221545
57,Greenwich,2020,2,1942.386163531653,2002.382766814614,0.03276078883665065,0.10738023072873698,7389.0,0.20351674229129682
57,Greenwich,2021,3,1954.1728049152277,2108.8334028924496,0.049517820638798726,0.16230485266672953,7389.0,0.20867734852746375
57,Greenwich,2022,4,1936.5309256270257,2256.787330316742,0.06612357332605047,0.21673362615787906,7389.0,0.22018942578417014
57,Greenwich,2023,5,1982.1099553015833,2405.23635886204,0.06701533870839482,0.21965657080947149,7389.0,0.1790371382703819
57,Greenwich,2024,6,2011.4629437915696,2512.9108026345193,0.0676076720991236,0.22159806545668323,7389.0,0.18802548015580284
57,Greenwich,2025,7,2018.0656122386463,2587.5764263145325,0.06815555292192192,0.22339385765989522,7389.0,0.1977634015305063
58,Griswold,2019,1,-442.5433295747348,-450.56762180712735,-0.0037948090511033495,-0.012413666182520947,1432.3333333333335,0.3883103157544739
58,Griswold,2020,2,-391.20840052636765,-403.29208174692724,-0.007149421085616952,-0.02338734981390458,1432.3333333333335,0.4821065461500866
58,Griswold,2021,3,-308.98594891446083,-333.44026099242615,-0.009798975597558452,-0.032054633147718434,1432.3333333333335,0.5033078849547327
58,Griswold,2022,4,-217.24379451888117,-253.1707790317886,-0.011661841135557858,-0.03814848151274309,1432.3333333333335,0.5096530090870872
58,Griswold,2023,5,-121.245430912651,-147.12802284100954,-0.008906711654530492,-0.02913583892479737,1432.3333333333335,0.48327303018548784
58,Griswold,2024,6,-35.24233378038047,-44.02807495913099,-0.005854302632183651,-0.019150728700368096,1432.3333333333335,0.4992646733950629
58,Griswold,2025,7,685.0698617040426,878.4008873514814,0.0026697259438700142,0.008733268583403996,1432.3333333333335,0.531408231814308
59,Groton,2019,1,71.51162153986809,72.80828586830702,0.0006132121547043688,0.0020060643146493453,3571.666666666667,0.45131822531644517
59,Groton,2020,2,170.61156792274434,175.88143379613663,0.0020762063496419015,0.006792108466723007,3571.666666666667,0.5036764549352203
59,Groton,2021,3,256.9525035374293,277.28869271623995,0.004279574067475357,0.014000213062965077,3571.666666666667,0.5030467710180425
59,Groton,2022,4,339.1035919212144,395.1833042195829,0.007187387368199771,0.02351284331906006,3571.666666666667,0.5373116879905218
59,Groton,2023,5,410.8052497713895,498.50096384345557,0.010096830230285068,0.03303080452769654,3571.666666666667,0.4686039844882149
59,Groton,2024,6,481.947592565224,602.0947665970754,0.012766536641594328,0.04176449110130991,3571.666666666667,0.45925734505731647
59,Groton,2025,7,550.3748999274676,705.6941598185875,0.015282633690638904,0.04999565948823832,3571.666666666667,0.546102565385604
60,Guilford,2019,1,1144.2733347335848,1165.0215485648948,0.00981214384534049,0.03221612136810305,2739.333333333333,0.08648743733325515
60,Guilford,2020,2,1311.9957106425654,1352.5207553727278,0.021062507064100486,0.069154335137047,2739.333333333333,0.12553592454661758
60,Guilford,2021,3,1424.8289773920824,1537.595310596833,0.03328041554523759,0.10926928134012417,2739.333333333333,0.1348964677222899
60,Guilford,2022,4,1469.330346532202,1712.3228274963444,0.04587992326675123,0.1506371288087881,2739.333333333333,0.13061942278958485
60,Guilford,2023,5,1492.0590263095576,1810.5729251039472,0.048862185572015195,0.16042876312359963,2739.333333333333,0.12324385448331285
60,Guilford,2024,6,1528.8219367336324,1909.949756708351,0.0507214704607461,0.16653333604643533,2739.333333333333,0.12235905726467278
60,Guilford,2025,7,1581.6423077760696,2027.9917192202267,0.052066144768788784,0.17094829279709944,2739.333333333333,0.13609614905403591
61,Haddam,2019,1,160.36716896194773,163.27498146805584,0.001375148473848702,0.004503990143663274,1618.0,0.09286336865942768
61,Haddam,2020,2,237.23246658822222,244.56012493492972,0.0034094168748427076,0.011166779654674809,1618.0,0.15534237293737554
61,Haddam,2021,3,314.1391346847607,339.0012892988198,0.00610315995476453,0.01998953044286636,1618.0,0.15207114284769743
61,Haddam,2022,4,276.38653334879143,322.0943277886238,0.008473174478230414,0.027751981012406536,1618.0,0.17844365332461729
61,Haddam,2023,5,217.74034421514142,264.2219677554211,0.00896514945602655,0.029363334617534813,1618.0,0.15540651071486997
61,Haddam,2024,6,18.37183569846734,22.951844344634836,0.007088419546146904,0.023216527071176735,1618.0,0.1705494191497531
61,Haddam,2025,7,-330.7282258432196,-424.06181222196204,0.0015586819296194735,0.005105112779905217,1618.0,0.16764223835167408
62,Hamden,2019,1,8.1046080694273,8.251562591689757,6.94970141953391e-05,0.00022810450712370587,4710.333333333333,0.4082325307720734
62,Hamden,2020,2,-84.94125556019216,-87.56492890995261,-0.0006588742522333088,-0.0021625704111509687,4710.333333333333,0.466824644549763
62,Hamden,2021,3,-174.4170946257994,-188.22112059751788,-0.0021545008386495384,-0.007071546275591273,4710.333333333333,0.47561266959222426
62,Hamden,2022,4,-248.35479404877162,-289.42680192479423,-0.004284143197617755,-0.014061501545853675,4710.333333333333,0.435263053073182
62,Hamden,2023,5,-371.57747239541027,-450.89912613022176,-0.007539917037603737,-0.024747668364313403,4710.333333333333,0.4071008233570743
62,Hamden,2024,6,-299.2479803290168,-373.8490359747189,-0.009377597202496408,-0.030779339409714473,4710.333333333333,0.42422866788362
62,Hamden,2025,7,-786.9181664744914,-1008.9914245896464,-0.014629793893598943,-0.048018205732421194,4710.333333333333,0.47852001620047774
64,Hartford,2019,1,1140.3594788218743,1161.0367257636346,0.00977858253089757,0.03205303849570034,13911.66666666667,0.8444862582601388
64,Hartford,2020,2,1386.773042029065,1429.6078158800303,0.021670161366296795,0.07103222929164084,13911.66666666667,0.8812375468555277
64,Hartford,2021,3,1305.6656485263625,1409.000946945974,0.032866244302410356,0.10773166668130117,13911.66666666667,0.8912815836544098
64,Hartford,2022,4,1196.2476100305723,1394.078666399069,0.04312406755842251,0.1413555996662865,13911.66666666667,0.9083825341121616
64,Hartford,2023,5,1196.8669260862002,1452.3653643139924,0.0436086189187141,0.14294390179039249,13911.66666666667,0.8675454840710111
64,Hartford,2024,6,1157.76367142824,1446.3884834715095,0.04164486356581202,0.1365069437012398,13911.66666666667,0.8840308064665205
64,Hartford,2025,7,1189.9018361437538,1525.699621539288,0.04065218887463116,0.1332530733177163,13911.66666666667,0.8619511073152452
65,Hartland,2019,1,21.602189596063837,21.99388521227602,0.0001852387757862474,0.0006469500272223461,21.0,0.08127249506559851
65,Hartland,2020,2,311.90043186625877,321.53444122330654,0.002859784979039416,0.009987854660487159,21.0,0.23273855702094648
65,Hartland,2021,3,625.0655080657721,674.5355472604797,0.00821972171070341,0.028707537943545858,21.0,0.22739949371433477
65,Hartland,2022,4,674.469124659254,786.0103626943005,0.014003294454656515,0.04890677823900388,21.0,0.20028736883354378
65,Hartland,2023,5,744.0498440281922,902.8841880721714,0.020198283091412014,0.07054289654187947,21.0,0.19998222380232866
65,Hartland,2024,6,916.8410594183587,1145.4050444341708,0.025385648972671277,0.0886598727734947,21.0,0.19006523860892793
65,Hartland,2025,7,1044.6757134652312,1339.4897732325478,0.028983806483971634,0.10122650786382917,21.0,0.1611827478879502
66,Harwinton,2019,1,-146.24714412250032,-148.89892925666894,-0.0012540692608504402,-0.004112200485897459,1931.0,0.0866497493346537
66,Harwinton,2020,2,14.486410647421685,14.933868237948975,-0.0011298482895487991,-0.003704869284589765,1931.0,0.16548611546417602
66,Harwinton,2021,3,201.71275715105457,217.67706468933775,0.0005998386030214937,0.0019669221404344846,1931.0,0.17770391204295574
66,Harwinton,2022,4,279.7274818851811,325.9877901797411,0.0029985017601869214,0.009832344018099307,1931.0,0.17030865167950532
66,Harwinton,2023,5,339.92856715271097,412.49404299933286,0.0071674584843718575,0.023502710083250247,1931.0,0.19334722165488885
66,Harwinton,2024,6,353.0937201005434,441.1182549107935,0.010071016162932376,0.03302372432811804,1931.0,0.19383813150961682
66,Harwinton,2025,7,434.85651327570565,557.5757575757576,0.012070223871701258,0.03957929758715337,1931.0,0.21815929851229432
67,Hebron,2019,1,-154.0750802477886,-156.86880322814775,-0.0013211938131247871,-0.004209909972271519,709.5,0.08722923977386986
67,Hebron,2020,2,65.41201281678168,67.4324651123092,-0.0007602858032208841,-0.002422608063222706,709.5,0.15150006401411156
67,Hebron,2021,3,285.7405472208134,308.35513063347463,0.0016899393891975905,0.005384897065397786,709.5,0.14431315955623703
67,Hebron,2022,4,369.5093473815061,430.6174523570712,0.004858482042994005,0.015481280490200644,709.5,0.15245737211634905
67,Hebron,2023,5,438.96124141079844,532.6674916033234,0.009943768501216388,0.03168526052678115,709.5,0.16632651421408715
67,Hebron,2024,6,499.92428039433963,624.55295464414,0.013669711195693948,0.04355776791348638,709.5,0.1610547507204042
67,Hebron,2025,7,572.8460026115163,734.5067490753047,0.016131640475669222,0.05140256746055801,709.5,0.1785342577618369
68,Kent,2019,1,1684.2445638454046,1714.7836538461538,0.014442397134974345,0.047638958034990825,141.0,0.17846736596736595
68,Kent,2020,2,1850.2330268563335,1907.3831955393193,0.0303081453402674,0.09997290965548335,141.0,0.29225149009805806
68,Kent,2021,3,1992.9225437482476,2150.6499420433847,0.04739745615290862,0.15634284277959254,141.0,0.2690842854777281
68,Kent,2022,4,1970.2363782715986,2296.066867495439,0.06429223309658759,0.21207109635886806,141.0,0.2673002673002673
68,Kent,2023,5,1982.1919858769272,2405.3359007274285,0.06684713224050788,0.22049855697799953,141.0,0.2738553701326487
68,Kent,2024,6,2386.0986617279764,2980.9413699193256,0.07144218005953222,0.23565554845063885,141.0,0.30830892554339445
68,Kent,2025,7,2332.871027106346,2991.221910112359,0.07435723830432792,0.24527101159678663,141.0,0.2959470304975923
69,Killingly,2019,1,66.51861967285531,67.72474980177013,0.0005703971636947344,0.0018693818729331128,2000.4999999999998,0.40588903413839655
69,Killingly,2020,2,166.07224012606835,171.20189482307268,0.001994466622775771,0.006536532767162442,2000.4999999999998,0.5079871066550318
69,Killingly,2021,3,253.23095636372986,273.2726082785702,0.004165922073594754,0.01365311699305326,2000.4999999999998,0.5168503061654458
69,Killingly,2022,4,334.79948990289023,390.1674055448951,0.007036827699512039,0.023062032881112755,2000.4999999999998,0.4849183767995387
69,Killingly,2023,5,399.5690512125526,484.8661434154457,0.009892735149964941,0.03242179474260143,2000.4999999999998,0.4814282992476521
69,Killingly,2024,6,457.0627824774493,571.0062952513376,0.012387979050628035,0.04059954178158018,2000.4999999999998,0.5183795240088017
69,Killingly,2025,7,528.1396922184717,677.1840365832082,0.014745321460582444,0.04832533961150007,2000.4999999999998,0.5108220787645908
70,Killingworth,2019,1,156.3510951839612,159.18608736385994,0.0013407106412024672,0.004391196753162205,1618.0,0.04333060077292423
70,Killingworth,2020,2,335.54576031067256,345.91012875738534,0.004218015535866484,0.013815163061040798,1618.0,0.08356283689946567
70,Killingworth,2021,3,558.6978403126855,602.9152922463135,0.00900884951654776,0.02950646435632888,1618.0,0.0899620594792631
70,Killingworth,2022,4,627.7233806698404,731.5339784623364,0.01439157750579164,0.04713638161298886,1618.0,0.09554096660160782
70,Killingworth,2023,5,643.1057037034594,780.3912275410402,0.01856549827384634,0.06080712216010609,1618.0,0.07037499820471943
70,Killingworth,2024,6,627.526884462488,783.9662628519059,0.021069236413448152,0.06900755441708223,1618.0,0.08878196866855687
70,Killingworth,2025,7,432.62595662703745,554.7157238054729,0.019988170010843728,0.06546676408456749,1618.0,0.10775556500779811
71,Lebanon,2019,1,-115.08159300633726,-117.1682775661057,-0.000986824660029342,-0.0032451066992250687,759.6666666666666,0.19829116618045534
71,Lebanon,2020,2,140.72446554750326,145.07117584135605,0.00021988763204049838,0.0007230857281071,759.6666666666666,0.265366576154036
71,Lebanon,2021,3,408.6053322635334,440.94389764813394,0.003723678356200297,0.012245066493479888,759.6666666666666,0.3025178306950557
71,Lebanon,2022,4,489.77466805213083,570.771812080537,0.00792349613474732,0.02605588553835687,759.6666666666666,0.28859060402684567
71,Lebanon,2023,5,565.7486938900671,686.5206064292518,0.013761615844883987,0.04525415058949482,759.6666666666666,0.3075757749647091
71,Lebanon,2024,6,633.8399776052054,791.8531791907515,0.01799008136077878,0.05915917579697635,759.6666666666666,0.28901734104046245
71,Lebanon,2025,7,702.9929698123659,901.3820093457944,0.020514455352760023,0.06746041033694446,759.6666666666666,0.29906542056074764
72,Ledyard,2019,1,-419.2921704265563,-426.894867566947,-0.00359543036140772,-0.01178645084507202,2114.0,0.21205986099225646
72,Ledyard,2020,2,-283.3644768133675,-292.1170649542057,-0.006025280750082346,-0.01975192626475988,2114.0,0.2779239919991578
72,Ledyard,2021,3,-133.1989255426082,-143.7407903267908,-0.007167461536610211,-0.02349619505691791,2114.0,0.2572393294094863
72,Ledyard,2022,4,-38.359675439331326,-44.70345832381429,-0.007496395753502478,-0.024574499067552397,2114.0,0.28708010224534575
72,Ledyard,2023,5,96.27421004087253,116.82612752721617,-0.003075414040994275,-0.010081746210829419,2114.0,0.20902021772939347
72,Ledyard,2024,6,446.12258321866864,557.3387579073274,0.003179937498780434,0.01042439242380493,2114.0,0.24006266899148407
72,Ledyard,2025,7,765.2916166115617,981.2617262743594,0.01088449389775244,0.035681278568587334,2114.0,0.32145626777182024
73,Lisbon,2019,1,-51.61496076706221,-52.55085450012646,-0.00044259828857755844,-0.0014553966828329073,522.6666666666666,0.2167865014271778
73,Lisbon,2020,2,265.99542156014735,274.21151271753683,0.001838312451300705,0.006044925867725404,522.6666666666666,0.35519857206604194
73,Lisbon,2021,3,535.8651498135943,578.2755366007132,0.0064333561109522755,0.021154815517823725,522.6666666666666,0.35307278193386005
73,Lisbon,2022,4,574.7242179143825,669.770007930761,0.011361616279568106,0.03736042156431918,522.6666666666666,0.34998793145063967
73,Lisbon,2023,5,654.9448336196133,794.7576887232059,0.01742036651643385,0.05728341996810153,522.6666666666666,0.33694171625206104
73,Lisbon,2024,6,698.297188801533,872.3792573981016,0.021127354170528728,0.0694731135894017,522.6666666666666,0.3454773869346734
73,Lisbon,2025,7,764.9066690535274,980.7681440932369,0.023091385198011155,0.07593144005868248,522.6666666666666,0.365530637471305
74,Litchfield,2019,1,241.78007081262092,246.1640798226164,0.0020732641072182243,0.006793862334825853,1335.0,0.1130820399113082
74,Litchfield,2020,2,372.9783443411466,384.498933901919,0.005271553409943556,0.017274310606713573,1335.0,0.23341936931881943
74,Litchfield,2021,3,453.3282241027324,489.2063276375536,0.009158842931624483,0.030012538106993874,1335.0,0.24798722695926895
74,Litchfield,2022,4,540.221523650494,629.5613842283927,0.01379124249692747,0.04519241066495882,1335.0,0.18560578308545192
74,Litchfield,2023,5,581.9079038703433,706.1293669175834,0.01670783866539744,0.054749780990272556,1335.0,0.18215595444894808
74,Litchfield,2024,6,659.8716698309129,824.3744447734675,0.019167948931472185,0.06281129636499679,1335.0,0.18507551080840984
74,Litchfield,2025,7,721.9692468089409,925.7135111154927,0.02147154570117792,0.07035993393309173,1335.0,0.2587864149455316
75,Lyme,2019,1,1530.3152757577266,1558.0632863133815,0.013122453489622503,0.042995004855739934,1064.3333333333335,0.09531071292413267
75,Lyme,2020,2,1695.8119861693635,1748.1923834801144,0.02766404127102479,0.09063972600228412,1064.3333333333335,0.17694132786423775
75,Lyme,2021,3,1717.8563297849419,1853.8139516161493,0.04239465929893066,0.13890379446621304,1064.3333333333335,0.1650364287726925
75,Lyme,2022,4,1635.2941095554331,1905.7330708991165,0.05641730628836849,0.18484823434386202,1064.3333333333335,0.2135767829473596
75,Lyme,2023,5,1552.1398630155018,1883.479381443299,0.05660445212410392,0.18546140749189716,1064.3333333333335,0.12457044673539518
75,Lyme,2024,6,1446.3898796700394,1806.9677916078533,0.05446565756087222,0.17845376347896172,1064.3333333333335,0.11976560160828094
75,Lyme,2025,7,1227.2820562488587,1573.6287749661292,0.05025898316530031,0.1646708237103305,1064.3333333333335,0.1311131506490101
76,Madison,2019,1,1559.647530448981,1587.9273998481613,0.013373977573600013,0.04381585909079444,2104.0,0.044139197372834976
76,Madison,2020,2,1698.0821980058008,1750.5327178295086,0.02793503242149975,0.09152082374456466,2104.0,0.04057062029188917
76,Madison,2021,3,1790.1134167760445,1931.7897366947634,0.043285254970354334,0.141811261612549,2104.0,0.03770753427005451
76,Madison,2022,4,1844.8830384145497,2149.983050573859,0.059105127024759105,0.19364036637630183,2104.0,0.03632019887326672
76,Madison,2023,5,1879.3513462475637,2280.5415900265684,0.06184658724523193,0.20262194527175104,2104.0,0.035152258328223995
76,Madison,2024,6,1881.350300435925,2350.3617146401784,0.06341811122357024,0.20777057609707858,2104.0,0.037460424873722115
76,Madison,2025,7,1946.6258790133281,2495.9759508518086,0.06476020558725495,0.21216754903965612,2104.0,0.03814070228106006
77,Manchester,2019,1,830.3451660500664,845.4011658152036,0.007120209798879318,0.023276822968322803,5193.666666666667,0.5368885806133202
77,Manchester,2020,2,879.2031846228673,906.3600938221304,0.014659377107020404,0.047923268468817413,5193.666666666667,0.5889915188959212
77,Manchester,2021,3,810.7164112242403,874.8795623204544,0.021611270333268262,0.0706498442991424,5193.666666666667,0.6107490792366225
77,Manchester,2022,4,805.0270567470042,938.1594882821538,0.028514377344873817,0.0932169321208834,5193.666666666667,0.5802427872222095
77,Manchester,2023,5,963.4676628863293,1169.141725545413,0.029655902755244778,0.09694871610500547,5193.666666666667,0.5746583391335941
77,Manchester,2024,6,911.821675348079,1139.1343525023563,0.029935606313213473,0.0978631007069131,5193.666666666667,0.5316880460430885
77,Manchester,2025,7,1145.7986891760997,1469.150288986521,0.032808936846650656,0.1072563641142387,5193.666666666667,0.57917270943525
78,Mansfield,2019,1,-498.9635083273442,-508.0108235540045,-0.004278612083906976,-0.014056944280929797,1253.1666666666667,0.2136838988020927
78,Mansfield,2020,2,-338.513983479765,-348.9700346779691,-0.007181369492245959,-0.02359365813810602,1253.1666666666667,0.266160822786686
78,Mansfield,2021,3,-174.24972800973762,-188.0405079569201,-0.008675560909929459,-0.02850267187702882,1253.1666666666667,0.2875564843094179
78,Mansfield,2022,4,-83.74803567948074,-97.59797964453895,-0.009393700315881008,-0.030862045762165634,1253.1666666666667,0.2936857562408223
78,Mansfield,2023,5,3.1877297797405615,3.86822312654834,-0.005087753449112755,-0.016715295835835656,1253.1666666666667,0.2776663291364959
78,Mansfield,2024,6,33.523402668241516,41.880622740828464,-0.0018975328628936003,-0.006234150982103492,1253.1666666666667,0.27342563256803093
78,Mansfield,2025,7,-1030.3407908670758,-1321.1094452773614,-0.009238513726895277,-0.030352196027779794,1253.1666666666667,0.3030399693770136
79,Marlborough,2019,1,204.1569979325373,207.8588171742213,0.0017506462572715073,0.005577855234472316,482.0,0.10803823781917099
79,Marlborough,2020,2,348.7428576026792,359.51485920987307,0.004741116261214481,0.01510599873904487,482.0,0.14995997689805762
79,Marlborough,2021,3,473.9669508854331,511.4784810126582,0.00880538286505707,0.028055439927618775,482.0,0.1559493670886076
79,Marlborough,2022,4,552.0703846320995,643.3697665207198,0.01353938641327732,0.04313877635939205,482.0,0.1466605290484194
79,Marlborough,2023,5,625.8692123199511,759.4752154580885,0.017155568651649394,0.05466054493104316,482.0,0.14711533183290332
79,Marlborough,2024,6,648.3347044772584,809.9613704703584,0.019724568738598916,0.0628458139554574,482.0,0.13608129760101842
79,Marlborough,2025,7,725.8041284736155,930.6306205162174,0.021884072536417578,0.06972635850435968,482.0,0.17177307990254964
80,Meriden,2019,1,1844.0691706152004,1877.5062352659809,0.015812893138025343,0.05188276128073837,7872.333333333334,0.7263657794936622
80,Meriden,2020,2,1743.2859670430396,1797.1327450613026,0.030761570305419404,0.10092999395150705,7872.333333333334,0.7537711405500999
80,Meriden,2021,3,1678.4851806690172,1811.3268214314041,0.045154580729656224,0.1481540608843409,7872.333333333334,0.7599329221219578
80,Meriden,2022,4,1844.3608759517354,2149.3745347919253,0.06096997524094236,0.20004502927497564,7872.333333333334,0.7538062478854178
80,Meriden,2023,5,2051.1796853085484,2489.050592005458,0.06274594790443781,0.20587206958549772,7872.333333333334,0.7449439412572598
80,Meriden,2024,6,2061.1991762486614,2575.0460342128736,0.06547205367337602,0.21481653620531885,7872.333333333334,0.765160993508643
80,Meriden,2025,7,2060.175464329467,2641.569943633787,0.06874504785576438,0.22555536649752844,7872.333333333334,0.7751877858061743
81,Middlebury,2019,1,1127.9661469799437,1148.4186753240285,0.009672309710353015,0.031697299156537496,3198.3333333333335,0.06974600828649004
81,Middlebury,2020,2,1360.0706200882712,1402.0806070632002,0.021334915277609938,0.06991703246536164,3198.3333333333335,0.1407372657465248
81,Middlebury,2021,3,1693.8763091476537,1827.9360618027367,0.03585990462855107,0.11751713487001246,3198.3333333333335,0.14916819106089987
81,Middlebury,2022,4,1617.3540068305133,1884.8260995730216,0.04972871523712271,0.16296686218123727,3198.3333333333335,0.16996227666542302
81,Middlebury,2023,5,1469.9502779492973,1783.7445620947221,0.05266122916018492,0.1725770560112094,3198.3333333333335,0.14446359681523435
81,Middlebury,2024,6,1398.8167464269006,1747.5349092816639,0.05299347719353866,0.17366587198410083,3198.3333333333335,0.16736471352323537
81,Middlebury,2025,7,974.9805779368925,1250.1262319144475,0.046828946298406386,0.15346397752516147,3198.3333333333335,0.19542881107150345
82,Middlefield,2019,1,-104.89003340122481,-106.79192237802997,-0.0008994320364155027,-0.0029456306992771265,1230.6666666666667,0.10457023348304591
82,Middlefield,2020,2,78.63352045643556,81.06235990151765,-0.0002251495985015677,-0.0007373626271076707,1230.6666666666667,0.1892477859846397
82,Middlefield,2021,3,276.19032858972605,298.0490717202064,0.0021431824691553326,0.0070189006169445916,1230.6666666666667,0.18295971034589015
82,Middlefield,2022,4,342.39153729020074,399.01499797324686,0.005079189901418805,0.01663429486090264,1230.6666666666667,0.1986218078638022
82,Middlefield,2023,5,344.98464035778284,418.6294499041716,0.008936865228902293,0.029268142013785147,1230.6666666666667,0.18554010520735637
82,Middlefield,2024,6,307.18884020104827,383.76951331496787,0.010896727095712344,0.03568666953724925,1230.6666666666667,0.1961766424576342
82,Middlefield,2025,7,151.87522052411032,194.73536340256317,0.009830725044049691,0.03219552374552949,1230.6666666666667,0.21395690605346762
83,Middletown,2019,1,240.54347417408042,244.90506094395133,0.002062660291042739,0.006757710697195805,3933.0,0.4540921864827222
83,Middletown,2020,2,265.66143165800673,273.86720650444045,0.004340707067510147,0.014221073005035589,3933.0,0.4428099050886032
83,Middletown,2021,3,363.27868376282686,392.0299274204081,0.0074558217807763885,0.024426846642239482,3933.0,0.49879034013520823
83,Middletown,2022,4,306.2142980338302,356.8548991495324,0.01008160938641648,0.03302948134086352,3933.0,0.4657477706452909
83,Middletown,2023,5,278.9646568024369,338.5160008828073,0.010411071027454635,0.034108867251198625,3933.0,0.38026925623482677
83,Middletown,2024,6,174.02771710373094,217.41197451217116,0.009625311925151724,0.0315345544988224,3933.0,0.5016785152258215
83,Middletown,2025,7,-17.083266599641366,-21.90427192733466,0.006363708200793557,0.020848851926361257,3933.0,0.4814345018450185
84,Milford,2019,1,128.17609602723817,130.5002129735226,0.0010991100234335673,0.0036058047906551453,4493.0,0.1848060566921777
84,Milford,2020,2,260.5233060588591,268.570374007057,0.0033330973728882838,0.010934754682097645,4493.0,0.23558665315075072
84,Milford,2021,3,380.2758495673599,410.37231296223104,0.006593962782928395,0.021632540951458303,4493.0,0.2891336317249385
84,Milford,2022,4,452.2191082236746,527.0054510675468,0.010471741635946405,0.034354209635393006,4493.0,0.2858216959122522
84,Milford,2023,5,521.0685188630288,632.3024329076919,0.013840794161763308,0.045406920900466524,4493.0,0.27285812861244874
84,Milford,2024,6,590.1280581102204,737.2440922861804,0.01666715491060373,0.054679245700536415,4493.0,0.27723141458867395
84,Milford,2025,7,659.847802346857,846.0610041385852,0.01906448440568792,0.06254406541271504,4493.0,0.296608016320969
85,Monroe,2019,1,1032.8440074275688,1051.5717603778585,0.008856637363691402,0.029012103198356565,3037.0,0.07887640099141088
85,Monroe,2020,2,1214.395271069217,1251.9056244041944,0.019270076813109938,0.06312389614529591,3037.0,0.1013663806800127
85,Monroe,2021,3,1687.543038227727,1821.1015519620944,0.03374075836591269,0.11052618770592579,3037.0,0.12674826542651574
85,Monroe,2022,4,1937.9642321511478,2258.4576718337785,0.05035880165660879,0.16496269301898575,3037.0,0.10927426278899141
85,Monroe,2023,5,2566.701581667983,3114.622349816724,0.06351163035572033,0.20804803205898054,3037.0,0.10067485010799394
85,Monroe,2024,6,2697.2621807051028,3369.676429959495,0.07622721410584805,0.24970106727282088,3037.0,0.11589520264100582
85,Monroe,2025,7,2879.471795793027,3692.076855105992,0.0864480032019705,0.2831817864045513,3037.0,0.13097052591243277
86,Montville,2019,1,-422.13600130044745,-429.7902634028805,-0.0036198162111513365,-0.011894428063721244,1896.6666666666667,0.36900835323703735
86,Montville,2020,2,-362.1443644125844,-373.3303130003343,-0.006725204135989246,-0.02209848570845587,1896.6666666666667,0.42621883632141033
86,Montville,2021,3,-289.5159852256955,-312.4293710257364,-0.009207803709299587,-0.030256110381442436,1896.6666666666667,0.4521139982641656
86,Montville,2022,4,-205.65667576535137,-239.66742494030947,-0.010971309703987474,-0.03605085076885138,1896.6666666666667,0.45496418567050817
86,Montville,2023,5,-109.0658187393103,-132.34839572809264,-0.008286732888525723,-0.027229544948220396,1896.6666666666667,0.42765206560099644
86,Montville,2024,6,-23.43255644277342,-29.274177980824916,-0.005382279135184594,-0.017685741003949675,1896.6666666666667,0.43065807495380887
86,Montville,2025,7,119.65395486753631,153.4210538313888,-0.001873646898885132,-0.006156654635378632,1896.6666666666667,0.4595751665276087
87,Morris,2019,1,1339.5135226357982,1363.80187416332,0.011486328456601969,0.03763945654345554,1335.0,0.11856951615987761
87,Morris,2020,2,1476.0385397435202,1521.630554535439,0.02414335893490265,0.07911517704519426,1335.0,0.15913820541069898
87,Morris,2021,3,1614.1894989951334,1741.9425372807978,0.03798503388878592,0.12447284941924831,1335.0,0.24926750338916343
87,Morris,2022,4,1584.9902316159134,1847.1101215326096,0.05157632512489238,0.16901004141960804,1335.0,0.3015121996474626
87,Morris,2023,5,1437.189414309588,1743.9901477832511,0.05241389589599511,0.17175467028514166,1335.0,0.2463054187192118
87,Morris,2024,6,1383.188847917499,1728.0110522262987,0.051617709788587,0.16914565448836053,1335.0,0.24459845087647777
87,Morris,2025,7,1303.6836256623938,1671.591348010815,0.048955121924758746,0.16042064191603647,1335.0,0.29451525685592894
88,Naugatuck,2019,1,425.97243515444427,433.6962603127803,0.0036527136314493595,0.01196866690315634,3708.3333333333335,0.4762306510483735
88,Naugatuck,2020,2,560.2014535626287,577.5050078192265,0.008456441095748897,0.027708804158573193,3708.3333333333335,0.5291156366958936
88,Naugatuck,2021,3,677.2100559929556,730.8070111612074,0.014263517325888493,0.046736564911939345,3708.3333333333335,0.6180459008441286
88,Naugatuck,2022,4,783.3121673553301,912.8534698706522,0.02098041916096045,0.06874550642681986,3708.3333333333335,0.5644502118340666
88,Naugatuck,2023,5,1141.5250092165047,1385.2094579183456,0.027116282483542614,0.08885058765711072,3708.3333333333335,0.5389319112424107
88,Naugatuck,2024,6,1439.4383504344673,1798.2832801855498,0.03465573887421863,0.11355475318324025,3708.3333333333335,0.5461122164232006
88,Naugatuck,2025,7,1437.5935468399991,1843.291491547988,0.041176027308232034,0.1349194612477605,3708.3333333333335,0.5803420442085354
89,New Britain,2019,1,3042.7391452843244,3097.9107555132355,0.02609148817081308,0.08540629333441511,8732.0,0.7706014454575211
89,New Britain,2020,2,2908.1959252374304,2998.0245496744737,0.05102926822972404,0.1670361085782616,8732.0,0.7487502688413136
89,New Britain,2021,3,2576.453303307372,2780.3635243214203,0.07312235530558475,0.23935427851593805,8732.0,0.7329827305757383
89,New Britain,2022,4,2300.545386827914,2681.0011723054768,0.09284953199763413,0.303928021040357,8732.0,0.7369034735744684
89,New Britain,2023,5,2416.790873991046,2932.7097956100897,0.08748202557129425,0.2863583513717964,8732.0,0.7370678341668795
89,New Britain,2024,6,2339.51746632524,2922.747710678196,0.08260560778612222,0.2703961814466847,8732.0,0.7486982110462602
89,New Britain,2025,7,2003.031653870791,2568.299790296884,0.07768851714220353,0.2543008754550472,8732.0,0.7380414225748421
90,New Canaan,2019,1,1714.421407401088,1745.5076705149754,0.014701163568464327,0.04820703645650943,3768.666666666667,0.0009350010635637098
90,New Canaan,2020,2,1824.730587375114,1881.093034351145,0.03034822835520593,0.09951580661602755,3768.666666666667,0.002385496183206107
90,New Canaan,2021,3,1815.305696227426,1958.975828051909,0.045914474700356096,0.1505595625443923,3768.666666666667,0.0016504451486343747
90,New Canaan,2022,4,1770.715376070039,2063.5498113814065,0.06109835905015669,0.20034950352378655,3768.666666666667,0.0011818207603362042
90,New Canaan,2023,5,1822.1394032179226,2211.1164579000824,0.06202204086428605,0.2033783768970117,3768.666666666667,0.0007254437297480292
90,New Canaan,2024,6,1827.9750954201043,2283.6803324695175,0.06204986252077184,0.20346960774430106,3768.666666666667,0.0011942152214672126
90,New Canaan,2025,7,1870.3736704526382,2398.204889232466,0.06252207039975302,0.2050180390865608,3768.666666666667,0.0012041258166983352
91,New Fairfield,2019,1,1168.1806763150607,1189.3623832814585,0.010017149299401645,0.0328817694561036,1857.0,0.07914628723877279
91,New Fairfield,2020,2,1358.7831051872065,1400.7533232829132,0.021668714426381942,0.07112858667495325,1857.0,0.15167275343325712
91,New Fairfield,2021,3,1521.3761163587214,1641.7835538752363,0.03471451462415798,0.11395204688825823,1857.0,0.13799621928166353
91,New Fairfield,2022,4,1539.2516975315461,1793.8075158975157,0.047913597930490985,0.1572786662026646,1857.0,0.13487325808996092
91,New Fairfield,2023,5,1542.9481520145214,1872.3254908931926,0.05112722903461386,0.16782756329148443,1857.0,0.14653528137176242
91,New Fairfield,2024,6,1569.2566448031737,1960.4646394323615,0.05293203963682078,0.17375194001383643,1857.0,0.16498896099870775
91,New Fairfield,2025,7,1611.2670089045835,2065.9766974151235,0.053702854040401544,0.17628217498932,1857.0,0.16146522526309756
92,New Hartford,2019,1,23.7954035565033,24.226867006892626,0.00020404558549701575,0.0006506146526145572,475.5,0.09962792021633492
92,New Hartford,2020,2,174.4046228278863,179.79164893164213,0.0016995652262461406,0.005419191189931851,475.5,0.1585511194347493
92,New Hartford,2021,3,316.1468608145757,341.1679144385027,0.004410524557731127,0.0140632883381747,475.5,0.1679144385026738
92,New Hartford,2022,4,398.40536416655266,464.29218675667715,0.007826850555459315,0.02495650000367537,475.5,0.178963822123553
92,New Hartford,2023,5,480.5676021134291,583.1556752957713,0.011743672158084953,0.037445579442165554,475.5,0.18507672484479323
92,New Hartford,2024,6,547.535066561767,684.0328765842023,0.01494326571310298,0.04764772345932331,475.5,0.19407940887621006
92,New Hartford,2025,7,609.7962995712946,781.8846523399967,0.017461309650441847,0.055676695404829474,475.5,0.21091607883574326
93,New Haven,2019,1,229.36785519889565,233.5268032065443,0.0019668293583305304,0.006456493437956444,15705.333333333332,0.5893746964398625
93,New Haven,2020,2,385.1471616253181,397.0436227386832,0.005269466269267634,0.017298030581533442,15705.333333333332,0.7391208737508247
93,New Haven,2021,3,348.9841266285163,376.6040451808401,0.008262005155107163,0.027121611665177913,15705.333333333332,0.6947656449249364
93,New Haven,2022,4,305.82561486463896,356.40193697881256,0.01088445980257144,0.03573032047409231,15705.333333333332,0.7384939850980283
93,New Haven,2023,5,358.54926424361656,435.0897509471234,0.01199219038512992,0.03936665791588404,15705.333333333332,0.7071702444344352
93,New Haven,2024,6,345.04478057446494,431.0627541881661,0.011648312467618854,0.03823781290019193,15705.333333333332,0.7736619904612109
93,New Haven,2025,7,238.68980225959515,306.04956636839415,0.010702538636155359,0.03513312946094421,15705.333333333332,0.7869255376723816
94,Newington,2019,1,403.0163702364414,410.32395101575844,0.003455865374777485,0.011335944161128854,3401.6666666666665,0.20979684830074044
94,Newington,2020,2,420.9027348249731,433.9036173869105,0.00706510632590163,0.023174991533926843,3401.6666666666665,0.290782897198712
94,Newington,2021,3,425.9982104432431,459.7133137333211,0.010718040980452436,0.035157363176776715,3401.6666666666665,0.3158938134855141
94,Newington,2022,4,585.3111223055996,682.1077358653857,0.015737083854222955,0.051620848755417836,3401.6666666666665,0.32219378608607496
94,Newington,2023,5,593.8514616812823,720.6225485012815,0.017373494763362467,0.05698861071340846,3401.6666666666665,0.31797102762798146
94,Newington,2024,6,964.1242178852366,1204.4756626928033,0.022031618980604226,0.07226820939443479,3401.6666666666665,0.32424723851937104
94,Newington,2025,7,750.5211735229207,962.3229712058406,0.02481440338901246,0.08139631053414048,3401.6666666666665,0.3473677301437436
95,New London,2019,1,3711.9493836909296,3779.255260010901,0.03182996596514972,0.1038810583263972,2584.6666666666665,0.8373714995403676
95,New London,2020,2,3525.1022944095907,3633.985979775743,0.06205771813971196,0.20253309239264886,2584.6666666666665,0.8533324438662909
95,New London,2021,3,3256.8461891986467,3514.605266530167,0.08998517421209036,0.2936778236292156,2584.6666666666665,0.8474745202343085
95,New London,2022,4,2991.89107080029,3486.6790779928538,0.11564064014420283,0.3774076320683034,2584.6666666666665,0.8451331159847455
95,New London,2023,5,2801.8842049838663,3400.010047436077,0.10783683123678979,0.3519389297402323,2584.6666666666665,0.8570767441435626
95,New London,2024,6,2791.7547433836608,3487.7255256470235,0.10154837598674243,0.3314157728091709,2584.6666666666665,0.8768159002693032
95,New London,2025,7,2781.553564938054,3566.525483371508,0.09747274173370785,0.318114432807108,2584.6666666666665,0.8598958399979526
96,New Milford,2019,1,353.577974086383,359.98912707728425,0.0030319311277907345,0.009945368932639764,3038.9999999999995,0.24019274726632484
96,New Milford,2020,2,496.9074414981484,512.2559644621454,0.007292912438637357,0.023922279807370408,3038.9999999999995,0.3298484790461967
96,New Milford,2021,3,608.3566294965436,656.5042650918635,0.012509570536570218,0.04103401064579137,3038.9999999999995,0.35115239501312334
96,New Milford,2022,4,687.6858188600092,801.4127854628796,0.0184064764332948,0.06037709669627131,3038.9999999999995,0.3748874519112712
96,New Milford,2023,5,749.2705523167787,909.2193751596152,0.021799540291620446,0.07150705659995939,3038.9999999999995,0.32788055701249735
96,New Milford,2024,6,828.7931421359208,1035.4072126712626,0.02464546017458934,0.08084226970207382,3038.9999999999995,0.36597870669342875
96,New Milford,2025,7,844.6616301697105,1083.030457079651,0.026671775555361744,0.08748900842609901,3038.9999999999995,0.33825681820721093
97,Newtown,2019,1,1449.3020421178694,1475.581103040859,0.012427765011160732,0.04074909158003594,3507.0,0.07653771221820206
97,Newtown,2020,2,1600.5539995221095,1649.9920593400843,0.026152515557062814,0.08575083697881519,3507.0,0.12494861925936997
97,Newtown,2021,3,1652.5828472162273,1783.3744797241052,0.04032341347194196,0.13221544396053492,3507.0,0.13937447972410513
97,Newtown,2022,4,1683.309933884108,1961.6895767135443,0.054757796154998185,0.17954398463739207,3507.0,0.14425150323946245
97,Newtown,2023,5,1702.120246745432,2065.4764856394795,0.05692571225967953,0.1866523111794663,3507.0,0.12644795303078388
97,Newtown,2024,6,1740.6179705457873,2174.545504278265,0.05812676081120758,0.19059039959474716,3507.0,0.13577057259871342
97,Newtown,2025,7,1789.0494121862678,2293.930413565572,0.05929696160582567,0.1944273420622062,3507.0,0.1327698547297382
99,North Branford,2019,1,-216.2010420063151,-220.1212464836339,-0.0018539239352041517,-0.006085520082576025,1413.5,0.15482914276991516
99,North Branford,2020,2,-36.79005754065554,-37.92643223713234,-0.002169398678615273,-0.007121068440369079,1413.5,0.20885337264690937
99,North Branford,2021,3,124.17974926454426,134.0078024590257,-0.0011045573286718063,-0.003625718228428075,1413.5,0.2286143242228819
99,North Branford,2022,4,209.60903146675147,244.27340677813464,0.0006928401161555877,0.0022742531992904235,1413.5,0.2353435595713385
99,North Branford,2023,5,291.01684683372594,353.1410047024165,0.005042233512958939,0.016551171664316713,1413.5,0.20276474974885522
99,North Branford,2024,6,371.9752141007866,464.7068128753029,0.008547395717284308,0.028056894516295283,1413.5,0.22272983250969697
99,North Branford,2025,7,442.7345284177896,567.6769981618812,0.011279002948523383,0.03702341700826838,1413.5,0.23768777334093932
100,North Canaan,2019,1,-245.10005630114586,-249.54426401257203,-0.002101732982782326,-0.006911191007083436,316.5,0.23834468308014667
100,North Canaan,2020,2,-2.40496266241421,-2.4792473713337024,-0.0021223555376125272,-0.006979004766801329,316.5,0.4648588821250692
100,North Canaan,2021,3,235.7129399467694,254.36815004458765,-0.00010111707756897987,-0.0003325062902291951,316.5,0.48039582314529816
100,North Canaan,2022,4,303.2942507981802,353.4519451774921,0.002499631123025415,0.008219611282689906,316.5,0.499418291194915
100,North Canaan,2023,5,372.925781805134,452.53526281708383,0.007799202684786766,0.025646349892726517,316.5,0.4138630028998564
100,North Canaan,2024,6,447.7897391131689,559.421527599852,0.011659622252512387,0.03834068224540934,316.5,0.3672388760782304
100,North Canaan,2025,7,529.7067667374193,679.1933493919275,0.014180619317242214,0.046630551788960674,316.5,0.3936313965101933
101,North Haven,2019,1,638.1168185414845,649.6872919577305,0.0054718517189932285,0.017925896142708467,2875.0,0.13127174188224924
101,North Haven,2020,2,733.3149711028939,755.9656716838339,0.011760027596200541,0.03852608662496128,2875.0,0.19123451110005227
101,North Haven,2021,3,791.7338246292475,854.394622306894,0.01854914514239634,0.060767372077071,2875.0,0.20166349147344453
101,North Haven,2022,4,843.0909006735362,982.5181915591166,0.025778649615671907,0.08445137394820147,2875.0,0.20438516528330855
101,North Haven,2023,5,842.3517532600839,1022.17087325212,0.027529964180883906,0.0901887156419159,2875.0,0.20730670135327814
101,North Haven,2024,6,848.4762821799128,1059.997263111407,0.02851747242336934,0.09342381248005163,2875.0,0.23108048007514004
101,North Haven,2025,7,844.9485654834641,1083.3983673444327,0.028973788826194242,0.09491871418158357,2875.0,0.24652546457616348
102,North Stonington,2019,1,-199.65684545949108,-203.27706695442166,-0.0017120574498151358,-0.005628410985437512,659.5,0.09377729818611581
102,North Stonington,2020,2,-40.17830810391366,-41.4193393968406,-0.0020565864418061954,-0.00676105449779954,659.5,0.12632306792191905
102,North Stonington,2021,3,145.42568580561718,156.9352224603963,-0.0008095611860230283,-0.0026614428582918395,659.5,0.21174256286924242
102,North Stonington,2022,4,233.36104080750266,271.9534365883563,0.001191509738901307,0.003917103660517951,659.5,0.21985145933452652
102,North Stonington,2023,5,448.06755895535633,543.7177595235919,0.006745746506758623,0.02217672879360248,659.5,0.1958915022266334
102,North Stonington,2024,6,832.2225673193982,1039.691576754124,0.01422658401351352,0.04677007874680565,659.5,0.2003954824753487
102,North Stonington,2025,7,910.4910111112582,1167.4373035420267,0.020787019178009392,0.06833759410856304,659.5,0.2054729279211855
103,Norwalk,2019,1,1272.7275017684206,1295.804874590211,0.010913638327664205,0.035774059085224436,9549.666666666666,0.5033103862736293
103,Norwalk,2020,2,1310.4571252306505,1350.934645992454,0.02215080817651703,0.07260862937738488,9549.666666666666,0.5732349344639596
103,Norwalk,2021,3,1872.7179628012054,2020.9319176986503,0.038209364707537365,0.12524733087328568,9549.666666666666,0.591383515194737
103,Norwalk,2022,4,1823.2208082775633,2124.738400012068,0.05384348313851747,0.1764947572313279,9549.666666666666,0.5920045858565881
103,Norwalk,2023,5,1814.3954685453675,2201.719404429228,0.05848828595362979,0.19172006022912372,9549.666666666666,0.5332699555453309
103,Norwalk,2024,6,1784.7837565733923,2229.721604418797,0.0625556368173938,0.20505252056472054,9549.666666666666,0.48973444471160266
103,Norwalk,2025,7,1756.3680117027243,2252.026116223945,0.06155793598672433,0.2017821347049221,9549.666666666666,0.5031759555281871
104,Norwich,2019,1,-42.349715673774654,-43.11760996076269,-0.0003631488119026176,-0.0011899368228738578,4095.0,0.7018531036748629
104,Norwich,2020,2,-176.38070453164292,-181.8287680296414,-0.0018756133532614554,-0.006145859001510979,4095.0,0.6824325601618179
104,Norwich,2021,3,-291.7003882037669,-314.7866558850631,-0.004376944182108757,-0.014342018707612819,4095.0,0.6583673392632153
104,Norwich,2022,4,-418.01056092729044,-487.13961928279286,-0.007961384742060273,-0.026087225278280803,4095.0,0.664197341241476
104,Norwich,2023,5,-477.11092882080914,-578.9610965531143,-0.011689462144796093,-0.03830308950429098,4095.0,0.6190284216891756
104,Norwich,2024,6,-617.4369544673646,-771.3609627339838,-0.015471519487994904,-0.05069583085821169,4095.0,0.7025312499369859
104,Norwich,2025,7,376.0769449387708,482.20822519464963,-0.009745328856297645,-0.031932709889282054,4095.0,0.7362747055300459
105,Old Lyme,2019,1,1526.7669509395546,1554.4506224952208,0.013092026604306677,0.042895312821553386,1064.3333333333335,0.06792621272549076
105,Old Lyme,2020,2,1608.0767392258333,1657.747162122829,0.0268812846431682,0.08807506650151535,1064.3333333333335,0.17948966721645482
105,Old Lyme,2021,3,1602.5239529667058,1729.3537359906302,0.040622927539857696,0.13309881175892796,1064.3333333333335,0.17234976528056828
105,Old Lyme,2022,4,1467.6840199285214,1710.4042374177757,0.05320831801074476,0.17433415885580222,1064.3333333333335,0.18835092550099433
105,Old Lyme,2023,5,1323.4806019802916,1606.0076059944274,0.051465137568419084,0.16862272298434008,1064.3333333333335,0.15155508697944123
105,Old Lyme,2024,6,1218.9153690905432,1522.7849998126849,0.04812807881950897,0.15768903156552544,1064.3333333333335,0.13580339414827858
105,Old Lyme,2025,7,955.2759340260259,1224.860813504131,0.042577927057092645,0.139504261304088,1064.3333333333335,0.12257768711811436
106,Old Saybrook,2019,1,1726.9900458816476,1758.304206291441,0.014808939643435126,0.048765196109667626,873.0000000000001,0.14796803890359683
106,Old Saybrook,2020,2,1872.0437500098108,1929.8676103247294,0.030861714799769253,0.10162628862887849,873.0000000000001,0.28309741881765194
106,Old Saybrook,2021,3,1926.3275643290262,2078.7843850614468,0.04737997366389064,0.15602019881381363,873.0000000000001,0.28182726550690473
106,Old Saybrook,2022,4,2071.3956774685817,2413.955521763923,0.06514219159818374,0.21451041227703335,873.0000000000001,0.26610910473294047
106,Old Saybrook,2023,5,2109.1619314728696,2559.4104659720338,0.06841931551712847,0.22530183924147956,873.0000000000001,0.26823410930782043
106,Old Saybrook,2024,6,2084.1589793256685,2603.729603729604,0.07023820360851192,0.23129135885689467,873.0000000000001,0.24636610002463663
106,Old Saybrook,2025,7,2128.517898736244,2729.199043062201,0.07197198572605383,0.23700062819076265,873.0000000000001,0.23923444976076555
107,Orange,2019,1,1238.0575344826539,1260.506263891254,0.010616343358188757,0.03385558302555248,1410.0,0.05370921047460602
107,Orange,2020,2,1363.8428063154818,1405.969308927122,0.022311295422344012,0.07115085572247996,1410.0,0.11173086827105211
107,Orange,2021,3,1408.9194775907654,1520.4266730434188,0.03439277994268482,0.10967878275442072,1410.0,0.11315888361288559
107,Orange,2022,4,1410.7133471793984,1644.0119630892816,0.04648964689474817,0.14825576445393826,1410.0,0.13677048527553193
107,Orange,2023,5,1437.7700848222669,1744.6947756097138,0.04820218201391034,0.15371704928194344,1410.0,0.13789347188961606
107,Orange,2024,6,1499.3765058101753,1873.163724092554,0.04936438348707734,0.15742331679229812,1410.0,0.1285228643491611
107,Orange,2025,7,1536.0929497621698,1969.5880457639494,0.05045489601094713,0.1609009678107913,1410.0,0.13640000174871797
108,Oxford,2019,1,282.45164729025277,287.57312220109515,0.0024220228755139172,0.007945621983176979,1475.3333333333335,0.08987666635495568
108,Oxford,2020,2,481.6936445926762,496.5722423922015,0.006552545877896114,0.02149610274103619,1475.3333333333335,0.13810291904255836
108,Oxford,2021,3,676.3493783334976,729.8782162292428,0.012352241797105857,0.04052242650424044,1475.3333333333335,0.13506621607231928
108,Oxford,2022,4,753.6352397818403,878.2686805113532,0.018814663978235134,0.06172287191128724,1475.3333333333335,0.13325163738898177
108,Oxford,2023,5,775.6973467122059,941.2875692363571,0.023044245850778383,0.07559832248852247,1475.3333333333335,0.1316625805865795
108,Oxford,2024,6,830.6454445942941,1037.7212850591034,0.026036507535792255,0.08541465430942635,1475.3333333333335,0.14254645436823188
108,Oxford,2025,7,910.1338844838843,1166.9793935332552,0.028041209676031825,0.09199122530561468,1475.3333333333335,0.1629106706489275
109,Plainfield,2019,1,166.94512101706275,169.9722063854048,0.0014315544127213129,0.004689539686499659,1696.6666666666667,0.4529824686431015
109,Plainfield,2020,2,320.0701325741849,329.95648840152614,0.004176155799544948,0.013680407943239182,1696.6666666666667,0.5589069443033063
109,Plainfield,2021,3,426.53492297812613,460.2925037202381,0.007833692764082379,0.025661904837536317,1696.6666666666667,0.5561755952380952
109,Plainfield,2022,4,510.655365514455,595.1056829511466,0.012212562523368832,0.040006370780085614,1696.6666666666667,0.5722831505483549
109,Plainfield,2023,5,572.7984909759854,695.0753428747736,0.015692755170766595,0.051406916502697485,1696.6666666666667,0.5663156637538069
109,Plainfield,2024,6,492.60049754441263,615.403388604887,0.017172203050386296,0.05625334740600889,1696.6666666666667,0.5483634464542176
109,Plainfield,2025,7,589.1263824880716,755.3815545942832,0.018566424815684074,0.060820591404591284,1696.6666666666667,0.5765856104286788
110,Plainville,2019,1,391.25704497382765,398.35140310113087,0.0033550291606505712,0.011012388790429043,1992.3333333333335,0.22568090138870928
110,Plainville,2020,2,410.0666774575339,422.73285487832493,0.006871350919848924,0.022554196765960596,1992.3333333333335,0.34534116048565505
110,Plainville,2021,3,390.1849635682964,421.06567157702904,0.010217186982447068,0.03353641056681599,1992.3333333333335,0.368819560453865
110,Plainville,2022,4,388.6259942794797,452.89554043021514,0.0135496548833936,0.044474745347111044,1992.3333333333335,0.38520001984637103
110,Plainville,2023,5,396.0152482295492,480.5537004432032,0.013590456476311413,0.0446086705629481,1992.3333333333335,0.36948055890439474
110,Plainville,2024,6,384.9739376151357,480.9460544882232,0.013375286232162855,0.04390240594608974,1992.3333333333335,0.39162053619884946
110,Plainville,2025,7,207.97736161020637,266.6698817154331,0.01181285604537223,0.03877395911270825,1992.3333333333335,0.39238208808649067
111,Plymouth,2019,1,-631.2484551940231,-642.6943899471031,-0.005412955503288748,-0.017737919482756152,1135.333333333333,0.31725730747262026
111,Plymouth,2020,2,-569.6539514480792,-587.249475332712,-0.010297738136956029,-0.0337450492280704,1135.333333333333,0.41466151826983433
111,Plymouth,2021,3,-462.89967902037483,-499.53530355710086,-0.014267102884555743,-0.04675241133327088,1135.333333333333,0.41989836854774004
111,Plymouth,2022,4,-363.11412472858717,-423.1646111621965,-0.017380806504103376,-0.05695582498837036,1135.333333333333,0.44713364171749853
111,Plymouth,2023,5,-265.1242919840655,-321.7210957404249,-0.01424129180457799,-0.04666783002493938,1135.333333333333,0.4239221218565543
111,Plymouth,2024,6,-176.3329961121074,-220.29194828504922,-0.010868564612572034,-0.03561561218705839,1135.333333333333,0.4571332417197184
111,Plymouth,2025,7,-96.17420166795011,-123.31516653690383,-0.00772389364427499,-0.025310720450644975,1135.333333333333,0.4914320816577261
112,Pomfret,2019,1,-165.48106676278016,-168.4816055798687,-0.00141900014749084,-0.00466216233474176,479.5,0.12650437636761488
112,Pomfret,2020,2,68.43985653343361,70.55383314543406,-0.0008321283777166466,-0.002733979687824774,479.5,0.17967869222096958
112,Pomfret,2021,3,277.0319738916937,298.957328002206,0.001543420798404627,0.005070949658252632,479.5,0.18612987729215497
112,Pomfret,2022,4,373.7476087371547,435.5566218809981,0.004748306543325728,0.015600686130474105,479.5,0.1765834932821497
112,Pomfret,2023,5,420.33066029063895,510.05978965566925,0.009771642102808795,0.03210498733269936,479.5,0.1548768189021755
112,Pomfret,2024,6,484.614799840093,605.4268955803961,0.013340342241663397,0.043830045572316664,479.5,0.18897862402167906
112,Pomfret,2025,7,571.8180359967264,733.1886838135325,0.015868132724214057,0.0521351677378818,479.5,0.1620322947125324
113,Portland,2019,1,-325.4428930500513,-331.3438946114088,-0.0027906728079041894,-0.009159428177267002,1182.0000000000002,0.18495639269239483
113,Portland,2020,2,-282.54570469604425,-291.2730025280734,-0.005213502225672768,-0.017111536348087295,1182.0000000000002,0.2270856605326592
113,Portland,2021,3,-204.8125150042809,-221.0221490571685,-0.006969769541834478,-0.022875882600683507,1182.0000000000002,0.22448368751870695
113,Portland,2022,4,-142.43512858593334,-165.99052942089736,-0.008191150769458855,-0.026884648372078,1182.0000000000002,0.2608290638099674
113,Portland,2023,5,-57.15199634036791,-69.35238845439713,-0.005890556330173319,-0.019333734674143996,1182.0000000000002,0.21702261054086858
113,Portland,2024,6,15.139179561501857,18.91330286771808,-0.003337908447664863,-0.010955541832809787,1182.0000000000002,0.2329564363347105
113,Portland,2025,7,107.53843856985594,137.88646259987237,-0.0006594990207666401,-0.002164579773229133,1182.0000000000002,0.26255624762689544
114,Preston,2019,1,-475.7263183055093,-484.3522917314153,-0.004079353179469742,-0.013335718419197777,553.0,0.23531501132175997
114,Preston,2020,2,-363.21177719210795,-374.43069612441377,-0.007193894168892067,-0.02351739179060826,553.0,0.30239447050111085
114,Preston,2021,3,-202.3640232558183,-218.37987444722762,-0.008929165668310708,-0.02919012741290466,553.0,0.29996598323901413
114,Preston,2022,4,-119.90034986532044,-139.72903138068202,-0.009957311168405833,-0.03255121390873392,553.0,0.26518886206779313
114,Preston,2023,5,-29.510512196928424,-35.81020150514011,-0.00613101063102475,-0.020042743984986847,553.0,0.20494827105638538
114,Preston,2024,6,51.37178151752135,64.1785150078989,-0.0025759566150896805,-0.008420999743731701,553.0,0.2353870458135861
114,Preston,2025,7,127.38131833924366,163.32912789780792,0.000251609689087976,0.0008225313714208243,553.0,0.3027913578299953
115,Prospect,2019,1,-198.5175483516931,-202.11711186282514,-0.0017022879771157685,-0.005580064845094321,1719.9999999999998,0.13560013997433804
115,Prospect,2020,2,-34.58951886083369,-35.65792311525275,-0.0019988931013474177,-0.006552330318885717,1719.9999999999998,0.18741493816050753
115,Prospect,2021,3,111.66766225529311,120.50546174553382,-0.001041342897508279,-0.0034135005194126616,1719.9999999999998,0.21283380423739498
115,Prospect,2022,4,136.39680795249066,158.95361339667676,0.00012825973068432837,0.0004204327492493436,1719.9999999999998,0.2036038646606221
115,Prospect,2023,5,95.32551894072775,115.67491675745346,0.0026479640327168375,0.008679971431785859,1719.9999999999998,0.18566540332356415
115,Prospect,2024,6,369.4257120279794,461.5217324243452,0.006112394637588411,0.020036303431067798,1719.9999999999998,0.1958848752197921
115,Prospect,2025,7,152.20153443446532,195.15376515168984,0.006459972591524811,0.02117565678829263,1719.9999999999998,0.23059008001475775
116,Putnam,2019,1,50.9557647757103,51.879705823196595,0.0004369456829517157,0.0014275923187680656,1048.3333333333335,0.5850305632558831
116,Putnam,2020,2,145.96336560252757,150.4718955253201,0.0016885815429933896,0.0055169466925646974,1048.3333333333335,0.6277705178466191
116,Putnam,2021,3,235.28103866775547,253.90206647119754,0.003706116449569392,0.012108652361831198,1048.3333333333335,0.5390031076074934
116,Putnam,2022,4,320.1885253584169,373.1401331004862,0.006451733054517816,0.021079152193819607,1048.3333333333335,0.650398829470902
116,Putnam,2023,5,384.8625615281974,467.02021937605065,0.009314983836670393,0.030433987320453333,1048.3333333333335,0.49410693885891016
116,Putnam,2024,6,438.7979745273298,548.1881601484441,0.011826040608200571,0.03863813144841614,1048.3333333333335,0.5290108478447045
116,Putnam,2025,7,509.2961329879487,653.0227063682435,0.01417572004199623,0.04631502228892972,1048.3333333333335,0.5843418038847908
117,Redding,2019,1,1711.6430676846855,1742.678953336491,0.014677339305396178,0.04814257457213009,1105.3333333333333,0.03516628629663121
117,Redding,2020,2,1849.1863522529413,1906.3041911540718,0.03053411227596515,0.10015376402036283,1105.3333333333333,0.073555088303255
117,Redding,2021,3,1942.408622976753,2096.1381592747102,0.0471902662179908,0.15478697216211632,1105.3333333333333,0.08700988960620255
117,Redding,2022,4,1962.8544747140934,2287.464171715198,0.06402174333866416,0.20999525110019365,1105.3333333333333,0.10015634160641002
117,Redding,2023,5,1976.3961029742902,2398.3027549365793,0.06629200061627252,0.21744183443597564,1105.3333333333333,0.10041896107530598
117,Redding,2024,6,2056.735266758005,2569.46929395242,0.06807173255815344,0.22327946453688252,1105.3333333333333,0.10128952632250926
117,Redding,2025,7,2022.1276225718268,2592.78476152318,0.06875532297968119,0.22552168311345344,1105.3333333333333,0.10350411512328676
118,Ridgefield,2019,1,1718.9384475226848,1750.1066145938546,0.014739897187507017,0.04829038643310107,4031.0000000000005,0.017344000914130873
118,Ridgefield,2020,2,1823.8692796453026,1880.2051224685958,0.030379576260465484,0.09952860991019333,4031.0000000000005,0.04743793709190945
118,Ridgefield,2021,3,1885.0550594533045,2034.2454186588623,0.04654392339527757,0.15248573434932838,4031.0000000000005,0.05274710316312467
118,Ridgefield,2022,4,1894.4997490618316,2207.8051914335624,0.06278925874348276,0.20570818981971334,4031.0000000000005,0.05500332220066092
118,Ridgefield,2023,5,1897.154172313244,2302.1448337967436,0.06431745858356182,0.2107148299533344,4031.0000000000005,0.08041209555673874
118,Ridgefield,2024,6,1932.9956818515755,2414.882036660595,0.06525321748248061,0.21378053375453196,4031.0000000000005,0.07061960453021464
118,Ridgefield,2025,7,1994.7275570075851,2557.652225046898,0.06619365914900857,0.21686157909132822,4031.0000000000005,0.07110133281460664
119,Rocky Hill,2019,1,735.8389291069645,749.1813211588322,0.00630981881709222,0.020711079361842414,2352.6666666666665,0.14020403562168865
119,Rocky Hill,2020,2,909.8623496238838,937.9662619444049,0.014111888465117024,0.0463202590151703,2352.6666666666665,0.20821239750145124
119,Rocky Hill,2021,3,860.6467642044951,928.7615915443436,0.02149193446817057,0.07054420630970255,2352.6666666666665,0.21806842518370667
119,Rocky Hill,2022,4,789.9943849914122,920.6407682297768,0.028266136319471925,0.09277955667751196,2352.6666666666665,0.18239689708994042
119,Rocky Hill,2023,5,761.4108491234887,923.9512941476477,0.028485415533613615,0.09349930938961662,2352.6666666666665,0.18637826161957835
119,Rocky Hill,2024,6,652.0040463775354,814.5454613322981,0.026274280583276185,0.08624157461724388,2352.6666666666665,0.19970287198859268
119,Rocky Hill,2025,7,365.3484855523293,468.4521270625211,0.022027097843833863,0.07230080368059534,2352.6666666666665,0.22636285404272835
120,Roxbury,2019,1,1520.4844437879979,1548.0541995528993,0.01303815410548208,0.04276360499879338,554.5,0.0684337789132716
120,Roxbury,2020,2,1704.8439302076238,1757.5033070403213,0.027657190807012455,0.09071231813022118,554.5,0.12248297486649355
120,Roxbury,2021,3,1919.9776824129167,2071.931949567803,0.044120999433703206,0.144711665215059,554.5,0.18719374552662005
120,Roxbury,2022,4,1656.3247154373319,1930.2416414956774,0.05832398386857833,0.19129577606872902,554.5,0.2239350067701281
120,Roxbury,2023,5,1749.8326923327256,2123.374236765665,0.06029064509984938,0.19774619254487374,554.5,0.21933724583555636
120,Roxbury,2024,6,1747.661427145977,2183.3448601068844,0.06065780513609574,0.19895043408354224,554.5,0.23263124803520904
120,Roxbury,2025,7,1355.3904524141929,1737.8901666275522,0.0558164696388567,0.1830714256598331,554.5,0.18774935461159353
121,Salem,2019,1,-19.062628549133198,-19.408276290209276,-0.0001634620398088172,-0.0005349362281730108,533.1666666666666,0.11435853032951593
121,Salem,2020,2,244.6294127151989,252.18554861730595,0.001934235174224013,0.006329863922590965,533.1666666666666,0.1701523110978954
121,Salem,2021,3,467.08817710582747,504.0552951608817,0.005939516292906485,0.01943731062340601,533.1666666666666,0.182100329364074
121,Salem,2022,4,548.477215228627,639.1823718976193,0.01064270841349196,0.034828699696377245,533.1666666666666,0.22608783681182404
121,Salem,2023,5,629.9256747541982,764.3976219618814,0.016207783114318027,0.05304063485540715,533.1666666666666,0.18184997377163842
121,Salem,2024,6,685.7207615197947,856.6675883999861,0.019990141430317434,0.06541855754330453,533.1666666666666,0.18492274722615878
121,Salem,2025,7,784.818214608663,1006.298853093725,0.022714676501904247,0.07433471028692838,533.1666666666666,0.23011176857330706
122,Salisbury,2019,1,1726.0877579593011,1757.3855578875716,0.014801202524501008,0.04848525010131318,357.16666666666663,0.16450167337909127
122,Salisbury,2020,2,1836.2952102049987,1893.0148663194948,0.030547433952008877,0.10006619209924147,357.16666666666663,0.28510749716347134
122,Salisbury,2021,3,1877.1883320922561,2025.7560888571684,0.046644323899699976,0.15279580874188847,357.16666666666663,0.2795372765932138
122,Salisbury,2022,4,1741.390813762299,2029.3756601672899,0.06157675012771168,0.20171091676004357,357.16666666666663,0.22267264266750406
122,Salisbury,2023,5,1741.8539752821785,2113.692281283973,0.06171194544125537,0.2021537847350503,357.16666666666663,0.18881959146306573
122,Salisbury,2024,6,1794.8342680463004,2242.2776591700053,0.06135641786224451,0.2009891602014882,357.16666666666663,0.19009738835434153
122,Salisbury,2025,7,1765.3963561384571,2263.602316268618,0.06039780166844069,0.19784895954341267,357.16666666666663,0.22759355823802252
124,Seymour,2019,1,532.427042625105,542.0811259587254,0.004565561890510275,0.014942184402588005,1874.3333333333333,0.29036310763202516
124,Seymour,2020,2,574.3351406773701,592.0752575674286,0.009490485721818724,0.03106048962347864,1874.3333333333333,0.3644069299381129
124,Seymour,2021,3,569.3918406460887,614.4556560549287,0.014373020755358937,0.047040064662182156,1874.3333333333333,0.39755580058073897
124,Seymour,2022,4,554.0520557922106,645.6791592124708,0.019124017133777142,0.06258913960297072,1874.3333333333333,0.3976079466683748
124,Seymour,2023,5,574.5896216151401,697.2488310434011,0.019485561248616688,0.06377240224690332,1874.3333333333333,0.3677511921732145
124,Seymour,2024,6,904.5733243599605,1130.0790231185617,0.022317353673694907,0.07304030083641107,1874.3333333333333,0.43313358799355506
124,Seymour,2025,7,749.4469164360602,960.9455520095054,0.02386132594859391,0.0780934178452894,1874.3333333333333,0.4637496949015166
125,Sharon,2019,1,1897.4927249600562,1931.8984771573605,0.01627100011653248,0.05483828386613972,20.0,0.2893401015228426
125,Sharon,2020,2,2173.392296932973,2240.5242390078915,0.03490783906273272,0.11765017355820731,20.0,0.3664036076662909
125,Sharon,2021,3,2486.2034589960804,2682.970967321963,0.05622703372362411,0.18950242850494264,20.0,0.4101028511912511
125,Sharon,2022,4,2475.054813627899,2884.3703301181904,0.07745062875048334,0.26103248322851974,20.0,0.33962776796630895
125,Sharon,2023,5,2801.8437570292112,3399.960964946522,0.08520543885047635,0.2871685827027819,20.0,0.3669295026934187
125,Sharon,2024,6,2910.5403310883685,3636.1237785016287,0.09152648324335885,0.30847244996753326,20.0,0.3745928338762215
125,Sharon,2025,7,2933.8827907466725,3761.8429752066118,0.09536533351312018,0.3214105582156476,20.0,0.4214876033057851
126,Shelton,2019,1,808.8650024536306,823.5315192046118,0.0069360173960398815,0.022773652457472197,4177.666666666667,0.21880465056026946
126,Shelton,2020,2,834.7472898578566,860.5310412721836,0.014093975406571,0.04627602258273846,4177.666666666667,0.2906520511759586
126,Shelton,2021,3,842.3968009317099,909.0672574228126,0.02131752797456041,0.06999376524376419,4177.666666666667,0.30990037155163913
126,Shelton,2022,4,879.5456980558181,1025.001750056877,0.028859632335389053,0.09475743778148935,4177.666666666667,0.31566650916154776
126,Shelton,2023,5,903.033967597158,1095.8070849412857,0.0296671312114948,0.09740877178401527,4177.666666666667,0.2932992240426918
126,Shelton,2024,6,921.8352744887096,1151.6442928576632,0.030413910679704365,0.0998607402697187,4177.666666666667,0.31921776650398703
126,Shelton,2025,7,748.0461914793551,959.1495336562172,0.02960485420365042,0.0972042920585825,4177.666666666667,0.35360724614897593
127,Sherman,2019,1,1622.3821996473487,1651.7995877596322,0.013911927361976011,0.04376817373383793,164.0,0.08154205078257717
127,Sherman,2020,2,1815.7941969402254,1871.8806158628395,0.02948236260073844,0.09275416229673605,164.0,0.06556899315168294
127,Sherman,2021,3,1915.6418424000235,2067.2529548413445,0.04590899139931864,0.14443381274420675,164.0,0.06126668879074873
127,Sherman,2022,4,1975.920699710982,2302.6912412330776,0.0628525113993403,0.19773964936398428,164.0,0.065242211710977
127,Sherman,2023,5,1884.126368108253,2286.335948792071,0.06509696764389256,0.20480091041671647,164.0,0.07485029940119761
127,Sherman,2024,6,2004.3191511928965,2503.986097534485,0.06671356912660922,0.20988688396394126,164.0,0.07602910828717281
127,Sherman,2025,7,2078.6217362861435,2665.221869606369,0.0681111217166827,0.21428371000917315,164.0,0.06959523411836757
128,Simsbury,2019,1,933.3994734788541,950.324076436836,0.008003900485081171,0.026224463169956892,3769.0000000000005,0.07120689613271215
128,Simsbury,2020,2,1001.9156865114765,1032.8629508069087,0.016595327496917077,0.05437393375235864,3769.0000000000005,0.11045879327417868
128,Simsbury,2021,3,1102.8952323042968,1190.1825160620956,0.026052654113926422,0.08536049012150611,3769.0000000000005,0.12104414579852606
128,Simsbury,2022,4,1086.0143306248635,1265.6154102486312,0.035365226999034625,0.11587276661698062,3769.0000000000005,0.1308060737786045
128,Simsbury,2023,5,1015.1706452639099,1231.881884204895,0.036066414797091474,0.11817018068648834,3769.0000000000005,0.119454466839782
128,Simsbury,2024,6,1016.4885463294809,1269.894161714319,0.03619137707003087,0.11857961462815735,3769.0000000000005,0.12872877910915811
128,Simsbury,2025,7,1013.1260450937841,1299.036589926264,0.03542160628970073,0.11605749113153166,3769.0000000000005,0.13088377712362523
129,Somers,2019,1,-374.611770570111,-381.40431294926555,-0.003212295932638702,-0.010521202332767918,1239.3333333333333,0.07986943084349064
129,Somers,2020,2,-245.02203773617487,-252.59030107620583,-0.005313359906226401,-0.017402797193191336,1239.3333333333333,0.08859454199526529
129,Somers,2021,3,-85.47274967748903,-92.23738509899736,-0.00604628873471087,-0.019803352018060567,1239.3333333333333,0.09758205086185064
129,Somers,2022,4,7.118374815163684,8.295585617929463,-0.00598524867067084,-0.01960342807654416,1239.3333333333333,0.04659583081894082
129,Somers,2023,5,91.38872780371669,110.89772810822734,-0.0019892943971152686,-0.006515517029061146,1239.3333333333333,0.05440776413499008
129,Somers,2024,6,172.53668266946212,215.54923249719207,0.0015912716303630684,0.005211876844637641,1239.3333333333333,0.05840509172594534
129,Somers,2025,7,247.62879364706725,317.51119737234995,0.004447617364371138,0.01456723887541772,1239.3333333333333,0.0634517766497462
130,Southbury,2019,1,343.3175487206781,349.5426574396157,0.002943947980279814,0.009647664583396373,3198.3333333333335,0.0526056088181681
130,Southbury,2020,2,389.61812248887276,401.65268305447887,0.006284923380621898,0.02059643482654965,3198.3333333333335,0.12225438725610455
130,Southbury,2021,3,409.9091406723827,442.35089436645785,0.009799894261887578,0.0321154087724253,3198.3333333333335,0.12215536352531331
130,Southbury,2022,4,297.13459529027233,346.2736283608571,0.012347823416501662,0.040465272978802,3198.3333333333335,0.1236863654974751
130,Southbury,2023,5,134.34109513504401,163.01925412558072,0.010555850327004852,0.03459276591490525,3198.3333333333335,0.10319260070833439
130,Southbury,2024,6,-1.0208743733029368,-1.275373353868517,0.007206120928911696,0.023615307789142663,3198.3333333333335,0.11940401820478655
130,Southbury,2025,7,-311.2392207471572,-399.0728872568548,0.0010222737297391417,0.003350111524729938,3198.3333333333335,0.13943498519044567
131,Southington,2019,1,266.2790240698982,271.10725344699995,0.0022833426313993766,0.007481298919424751,5483.666666666667,0.1460158211896076
131,Southington,2020,2,356.10872485059195,367.1082440458974,0.005336974946993202,0.017486427290794773,5483.666666666667,0.2132579530050766
131,Southington,2021,3,435.1636449237614,469.6041352286993,0.009068503202214456,0.029712659972519196,5483.666666666667,0.22635336486640711
131,Southington,2022,4,503.7108466798751,587.0127049802674,0.013387823712494385,0.04386477513116372,5483.666666666667,0.2310441727067437
131,Southington,2023,5,566.7940774216481,687.7891508267958,0.015964740294985645,0.052307959688281364,5483.666666666667,0.22296163303540065
131,Southington,2024,6,610.9997259474773,763.3189646765102,0.018150430629391433,0.05946930398769811,5483.666666666667,0.22820807895609432
131,Southington,2025,7,648.9796699928206,832.1258164485404,0.01998390304435861,0.06547661756747503,5483.666666666667,0.2531295499467224
132,South Windsor,2019,1,298.799157221208,304.21704874979486,0.002562202773171859,0.008391451769473887,4713.333333333333,0.10760336306104212
132,South Windsor,2020,2,624.4080862012904,643.6948608591049,0.007916502112347923,0.025927278806457652,4713.333333333333,0.15488616759397505
132,South Windsor,2021,3,1332.2411351509263,1437.6797177031142,0.019340469846267118,0.0633418328999009,4713.333333333333,0.159677911720316
132,South Windsor,2022,4,1490.9250680829148,1737.4888051486698,0.032125152305078106,0.10521285394650694,4713.333333333333,0.16180434285421152
132,South Windsor,2023,5,1924.7427426483318,2335.622811283053,0.0460676185501157,0.15087572429689475,4713.333333333333,0.1546659256868025
132,South Windsor,2024,6,1905.6493400668635,2380.7183858235558,0.05705426230201298,0.18685800178007264,4713.333333333333,0.1536153400158995
132,South Windsor,2025,7,1938.3839277707928,2485.408069107686,0.06225193674872834,0.2038808677646585,4713.333333333333,0.1605968391086679
133,Sprague,2019,1,1757.0620091613437,1788.9214409722222,0.015066806728558521,0.0494412554295322,334.99999999999994,0.4774305555555555
133,Sprague,2020,2,1826.1764638878894,1882.5835712312366,0.03072626990639718,0.10082729447637057,334.99999999999994,0.5479325904779445
133,Sprague,2021,3,2074.462212580603,2238.6429674615847,0.04851478337927584,0.1591997455317915,334.99999999999994,0.5575770267794037
133,Sprague,2022,4,2193.440703527181,2556.183908045977,0.06732353741202143,0.2209200841010503,334.99999999999994,0.5948275862068966
133,Sprague,2023,5,1996.8698307573572,2423.1470650786896,0.06937988948220725,0.22766793915665373,334.99999999999994,0.5689068481497235
133,Sprague,2024,6,2030.6109179152277,2536.832272911872,0.07113291492549166,0.23342043736528947,334.99999999999994,0.5712738594828752
133,Sprague,2025,7,1923.107632408342,2465.820707070707,0.06983504940051452,0.2291615322044534,334.99999999999994,0.547979797979798
134,Stafford,2019,1,-650.8660997283515,-662.6677458934777,-0.005581176805170613,-0.01832982859968622,1150.6666666666667,0.34882152286611806
134,Stafford,2020,2,-522.5834969311428,-538.7251042676539,-0.010062330291355163,-0.03304693543897371,1150.6666666666667,0.4014548672336051
134,Stafford,2021,3,-374.60241748214753,-404.24986408757457,-0.013274546021264577,-0.043596567856980524,1150.6666666666667,0.4053881725987127
134,Stafford,2022,4,-291.2250586706939,-339.38679417989033,-0.01577180089936578,-0.051798109482201614,1150.6666666666667,0.41226997459010994
134,Stafford,2023,5,-191.19567816616646,-232.0107396426341,-0.011830127034470039,-0.0388527739621969,1150.6666666666667,0.2964887973179609
134,Stafford,2024,6,-101.94694468875608,-127.36181861797452,-0.008223168598991573,-0.0270067185161015,1150.6666666666667,0.33936811209730905
134,Stafford,2025,7,-26.801752726090314,-34.36537599043206,-0.005240777898708383,-0.017211882720388358,1150.6666666666667,0.4073852593810734
135,Stamford,2019,1,1499.0885484736434,1526.2703491952702,0.01285468430316149,0.04212092656303282,14087.0,0.5253453974380029
135,Stamford,2020,2,1510.2426356860778,1556.8911497537053,0.025805014904169612,0.0845552572200606,14087.0,0.5810719159909631
135,Stamford,2021,3,1420.3084784144671,1532.717042299496,0.03798416010657366,0.12446264573094047,14087.0,0.5987288182925059
135,Stamford,2022,4,1370.9192665439818,1597.6368828821155,0.0497397928171883,0.1629823114363056,14087.0,0.5893491289747854
135,Stamford,2023,5,1321.9804305389277,1604.1871888749617,0.04822109070589812,0.15800598229494786,14087.0,0.5374911353465632
135,Stamford,2024,6,1318.077424298888,1646.667669644415,0.04657327401825297,0.1526065835969517,14087.0,0.5204316681374198
135,Stamford,2025,7,1217.0260283085436,1560.4784314069109,0.04483012700859467,0.1468948161625442,14087.0,0.5093371169566451
136,Sterling,2019,1,-677.430399821374,-689.7137156731729,-0.005808965678468281,-0.019050732381744553,402.83333333333337,0.303036006700672
136,Sterling,2020,2,-628.2405431571668,-647.6456950995283,-0.011196128336040986,-0.03671814509632731,402.83333333333337,0.3977136461747542
136,Sterling,2021,3,-474.14234593015016,-511.66775748200155,-0.015261898952392026,-0.05005200042013565,402.83333333333337,0.3946768211657841
136,Sterling,2022,4,-430.13097605434984,-501.2644643523703,-0.018950272072058072,-0.06214816574733485,402.83333333333337,0.3429451287793953
136,Sterling,2023,5,-328.8244452144535,-399.0194939473501,-0.01596097601130373,-0.05234465124658289,402.83333333333337,0.3229628941192872
136,Sterling,2024,6,-233.0985016012927,-291.20881622987775,-0.012572633004962109,-0.04123244652644918,402.83333333333337,0.38252237072793094
136,Sterling,2025,7,-149.10160446402685,-191.17901543786147,-0.009785408646890101,-0.032091634155956617,402.83333333333337,0.3734231977776766
137,Stonington,2019,1,1279.0919468816799,1302.284721211239,0.010968213444510403,0.035910101948607984,1505.6666666666667,0.19926481292764595
137,Stonington,2020,2,1454.9049847432568,1499.8442243357247,0.02344402368868383,0.07675609934155474,1505.6666666666667,0.26932298582535297
137,Stonington,2021,3,1573.4192906802327,1697.9456210812216,0.036936094106266824,0.12092934839841886,1505.6666666666667,0.27016094079574676
137,Stonington,2022,4,1634.4797420988116,1904.7840263297762,0.050951757894764145,0.16681685032100912,1505.6666666666667,0.27648309415756983
137,Stonington,2023,5,1716.9649866354412,2083.4901725319746,0.05470651921065263,0.1791099974527993,1505.6666666666667,0.2359229955844142
137,Stonington,2024,6,1779.4210355947616,2223.0219833691976,0.057489244346704285,0.18822068296563302,1505.6666666666667,0.24221715200207616
137,Stonington,2025,7,1860.9856336997402,2386.167489435427,0.05995512573809657,0.19629401711490518,1505.6666666666667,0.25765896836458746
138,Stratford,2019,1,2243.881871256194,2284.5684270500187,0.01924128704602186,0.06316363298214019,5795.333333333333,0.46029208901038604
138,Stratford,2020,2,2260.3049043349924,2330.121411057502,0.03862340160069441,0.12678956232984712,5795.333333333333,0.5208980689483734
138,Stratford,2021,3,2243.945269631341,2421.539552161742,0.057865232287783175,0.18995497992986346,5795.333333333333,0.5064206151845246
138,Stratford,2022,4,2174.882809308033,2534.556977126931,0.07651485237759956,0.25117633980002124,5795.333333333333,0.46039364159440227
138,Stratford,2023,5,2626.550590533438,3187.2474893958984,0.07979623664540193,0.26194818427534655,5795.333333333333,0.49716893840141935
138,Stratford,2024,6,2559.7599014542334,3197.895506038989,0.08236406324569942,0.2703776233536696,5795.333333333333,0.46586280806883
138,Stratford,2025,7,2249.0213531056525,2883.709330500207,0.08240759066149164,0.270520511389651,5795.333333333333,0.46433937302605105
139,Suffield,2019,1,-265.7140813056408,-270.53206701724804,-0.00227849824719587,-0.00746043990832547,1782.0,0.08337564220204853
139,Suffield,2020,2,-164.7162051176836,-169.80397448006016,-0.003690939706080007,-0.012085167902301765,1782.0,0.12721420173088416
139,Suffield,2021,3,-48.42568950468026,-52.258281012153425,-0.0041061899935826394,-0.013444813370820728,1782.0,0.16000311252255361
139,Suffield,2022,4,42.04221051665957,48.99499758919961,-0.003745678038402283,-0.01226439649704608,1782.0,0.15519527483124398
139,Suffield,2023,5,125.27691658396307,152.02012072434607,-0.0003929302314989309,-0.0012865633686002967,1782.0,0.14285714285714285
139,Suffield,2024,6,198.12554485621877,247.5172726814262,0.0027184377745272815,0.008900924846592337,1782.0,0.1447375056735085
139,Suffield,2025,7,275.0100383128134,352.61960157415376,0.005491899140562289,0.0179820123062079,1782.0,0.14611323521176237
140,Thomaston,2019,1,-549.2363363672249,-559.1952094834335,-0.004709701584348952,-0.015418199838420426,761.6666666666667,0.19824930612742855
140,Thomaston,2020,2,-426.2183931413455,-439.3834662484912,-0.008364524305535989,-0.027383031596874812,761.6666666666667,0.29506133355342573
140,Thomaston,2021,3,-293.9059854499885,-317.1668124067692,-0.01088476813076964,-0.035633580435919576,761.6666666666667,0.3415462167583972
140,Thomaston,2022,4,-191.86635843024462,-223.59651534053666,-0.012530022154308986,-0.04101966591619562,761.6666666666667,0.3362019749222929
140,Thomaston,2023,5,-101.4211435293168,-123.0717909072617,-0.008690006875723926,-0.028448567325880886,761.6666666666667,0.32405985576159363
140,Thomaston,2024,6,-20.65044028877993,-25.79849389768891,-0.005212261680013177,-0.017063436133542904,761.6666666666667,0.3440664762399377
140,Thomaston,2025,7,56.96332476252512,73.0387334416253,-0.0022035573449408737,-0.007213808962466156,761.6666666666667,0.3683451920657073
141,Thompson,2019,1,87.84532848877932,89.43815915627997,0.0007532736917912827,0.0024628190831095667,845.6666666666665,0.3825503355704698
141,Thompson,2020,2,187.9041047167339,193.70810406433642,0.0023645513897372766,0.0077308717257734486,845.6666666666665,0.45279601539506453
141,Thompson,2021,3,274.68811720908997,296.4279696714406,0.004720001994805224,0.015431988547852334,845.6666666666665,0.4678130729966797
141,Thompson,2022,4,347.1125227913081,404.51672279701046,0.007696491877740691,0.02516358566090694,845.6666666666665,0.47432668871426115
141,Thompson,2023,5,427.74002391666585,519.0508502886493,0.01061108889103482,0.03469282479687803,845.6666666666665,0.4207075821319331
141,Thompson,2024,6,507.6834468294242,634.2464432636269,0.013353196749651138,0.04365811276025507,845.6666666666665,0.4263798423037367
141,Thompson,2025,7,600.0035728553148,769.3283565258577,0.016142776781817518,0.05277861041196964,845.6666666666665,0.43866573445499446
142,Tolland,2019,1,-67.41443380651317,-68.63680703280171,-0.0005780787698908503,-0.0018917025549895967,1806.3333333333333,0.0810934690375733
142,Tolland,2020,2,149.0998276337714,153.7052368855736,0.0007004522520687394,0.0022921570275567103,1806.3333333333333,0.12802442560650057
142,Tolland,2021,3,368.3551495548458,397.50816384040314,0.003859097659501541,0.01262849508175475,1806.3333333333333,0.13592587067150697
142,Tolland,2022,4,442.3342404406007,515.4858599887344,0.007652113771279692,0.025040745182415294,1806.3333333333333,0.13329492146349223
142,Tolland,2023,5,517.3018849163647,627.7317253670691,0.012666056204328372,0.04144834948339978,1806.3333333333333,0.14450677211282037
142,Tolland,2024,6,572.5238345334479,715.2512220050719,0.016296917063493097,0.053329963411879636,1806.3333333333333,0.15822987807746422
142,Tolland,2025,7,661.2425451099203,847.8493520855444,0.01880842648037786,0.061548616350299096,1806.3333333333333,0.14090913144681572
143,Torrington,2019,1,1560.8858782423124,1589.1882016339382,0.013384596405927826,0.04390441643144229,3675.5000000000005,0.5184478736972733
143,Torrington,2020,2,1592.846495436199,1642.0464851558452,0.027043255104293226,0.08870781738586997,3675.5000000000005,0.6323110239135263
143,Torrington,2021,3,1422.8808505645895,1535.493001672794,0.039244458397884575,0.1287304444506108,3675.5000000000005,0.6714802808781696
143,Torrington,2022,4,1283.0194369441729,1495.200500817306,0.050246350069680874,0.16481906594077644,3675.5000000000005,0.6650237739167589
143,Torrington,2023,5,1472.0656630686105,1786.31152422937,0.04948471672456637,0.16232074125934118,3675.5000000000005,0.6243018463547709
143,Torrington,2024,6,1301.5879134070194,1626.0674044601958,0.046987174383666154,0.15412825374126568,3675.5000000000005,0.6068407502758367
143,Torrington,2025,7,908.6165639597835,1165.0338756097963,0.042577358126029946,0.13966308770341204,3675.5000000000005,0.6624511398160198
144,Trumbull,2019,1,3184.0177811959334,3241.751086483807,0.027302952473755124,0.08953612554569243,6205.666666666667,0.09503882145778908
144,Trumbull,2020,2,3288.7564919385645,3390.3399063211828,0.055504039392128314,0.18201755447817178,6205.666666666667,0.1665638683122546
144,Trumbull,2021,3,3369.5562892989105,3636.2356685790273,0.08439798457286647,0.2767711129330575,6205.666666666667,0.17148066029079512
144,Trumbull,2022,4,3437.350991629989,4005.807531966217,0.11387326932609365,0.3734310913253875,6205.666666666667,0.1797743239070953
144,Trumbull,2023,5,3774.781918479079,4580.594882143891,0.11893907180329658,0.3900436656257134,6205.666666666667,0.17168337253214427
144,Trumbull,2024,6,3743.461816931518,4676.68851074386,0.12283816996511115,0.40283020008079806,6205.666666666667,0.17497903204848028
144,Trumbull,2025,7,4063.7219065459344,5210.529798786707,0.1287906401330044,0.4223504741893138,6205.666666666667,0.17200110835332888
146,Vernon,2019,1,21.66656841841017,22.059431365479153,0.00018579082418786715,0.0006083034966854269,2674.0,0.43531408570850666
146,Vernon,2020,2,4.464290885737897,4.602184315087889,0.0002240721185330696,0.0007336414691586198,2674.0,0.512359393109569
146,Vernon,2021,3,-6.221549975904739,-6.713946880210413,0.0001707223274896865,0.0005589672645471409,2674.0,0.5354249348331493
146,Vernon,2022,4,-29.678394184153813,-34.58649851267301,-8.376990263943243e-05,-0.00027427363496185096,2674.0,0.5522162401357033
146,Vernon,2023,5,-24.69213304698447,-29.963229851912818,-0.00048129576770519143,-0.0015758253924258337,2674.0,0.5355652004002677
146,Vernon,2024,6,-44.0262834598883,-55.001820266029625,-0.000897102442718936,-0.0029372309164157505,2674.0,0.5337441217442059
146,Vernon,2025,7,-351.17563090180016,-450.2796036495634,-0.0038550836866584892,-0.012622048999782873,2674.0,0.5535587405498128
147,Voluntown,2019,1,-220.1282757172574,-224.1196896533015,-0.0018875999642754822,-0.006226113061782793,122.0,0.20074873853833217
147,Voluntown,2020,2,102.96613723085629,106.14656479104156,-0.0010046653375208896,-0.0033138165390144774,122.0,0.2505645435703901
147,Voluntown,2021,3,432.8828755210719,467.14285714285717,0.0027073053200723017,0.008929852370497388,122.0,0.26165413533834586
147,Voluntown,2022,4,503.5855991124035,586.8667444279815,0.0070255518324611604,0.023173278691551537,122.0,0.26796128747517417
147,Voluntown,2023,5,571.135013841141,693.0567587512433,0.013810634540424428,0.04555338722770604,122.0,0.29839253056117043
147,Voluntown,2024,6,637.5090420882319,796.4369234766792,0.018394339949576424,0.060672410675155455,122.0,0.30856177731583734
147,Voluntown,2025,7,736.0403965866279,943.7556279005333,0.02099391569271357,0.069246924764878,122.0,0.31516242986770104
148,Wallingford,2019,1,-325.4453092330376,-331.3463546051524,-0.0027906935266732973,-0.009152820224565254,4453.666666666667,0.22108099006566762
148,Wallingford,2020,2,-214.88011949546643,-221.51735647996202,-0.004633290551346921,-0.015196106293767097,4453.666666666667,0.30690697820576385
148,Wallingford,2021,3,-100.2002942645879,-108.13052304961441,-0.005492508074665763,-0.0180141382451682,4453.666666666667,0.3214681309772981
148,Wallingford,2022,4,-10.433450415592677,-12.158896301526175,-0.005581974911979469,-0.018307568487567098,4453.666666666667,0.32684015801882876
148,Wallingford,2023,5,73.7307160337435,89.47021253536339,-0.002159040495316822,-0.007081146432710604,4453.666666666667,0.31542086636096256
148,Wallingford,2024,6,121.04324627794865,151.21873465113475,0.0007215023661902118,0.002366358536406406,4453.666666666667,0.32120251698221614
148,Wallingford,2025,7,167.0647739555471,214.21150438978836,0.0030133003261778694,0.009882918315651598,4453.666666666667,0.35095713013467794
149,Warren,2019,1,1453.0049991988496,1479.351202947764,0.012459517868130137,0.04082849303167398,1335.0,0.057799291958673504
149,Warren,2020,2,1544.9528209780487,1592.673466455969,0.0257074883080169,0.0842406598998864,1335.0,0.172389024565436
149,Warren,2021,3,1609.6452821857665,1737.0386740331492,0.03951019660275986,0.12947064274469736,1335.0,0.2430939226519337
149,Warren,2022,4,1676.5065713976294,1953.7610990115597,0.05388624045249452,0.17657938421881816,1335.0,0.22616853744345788
149,Warren,2023,5,1376.0530469541964,1669.802833795637,0.0532263774619966,0.17441708453800017,1335.0,0.1799235324986881
149,Warren,2024,6,1408.4795139190467,1759.6065573770493,0.052056118853965674,0.17058227359836806,1335.0,0.22950819672131148
149,Warren,2025,7,1163.1846391013617,1491.442663378545,0.048227718839516896,0.15803702064663083,1335.0,0.2466091245376079
150,Washington,2019,1,1543.148456338716,1571.1291609253753,0.013232498013104489,0.04340103005392385,554.5,0.14504315033722534
150,Washington,2020,2,1672.5114234588452,1724.172110835774,0.02757428346926408,0.09044039185796748,554.5,0.2365397612074792
150,Washington,2021,3,1666.6876299224016,1798.5955680723337,0.04186612989584868,0.137315959545337,554.5,0.25939375972726597
150,Washington,2022,4,1596.989156900745,1861.0933852140079,0.05556031191627257,0.1822312585949744,554.5,0.2918287937743191
150,Washington,2023,5,1365.317898383618,1656.7760238597511,0.05403541488180759,0.17722977648959937,554.5,0.29824689023059575
150,Washington,2024,6,1321.6981092941107,1651.1909736732134,0.051027190712845,0.1673631566392288,554.5,0.2773240132203776
150,Washington,2025,7,1108.1405221242442,1420.8647502356268,0.0462376492634758,0.15165402657302915,554.5,0.27489789506754636
151,Waterbury,2019,1,1339.9042354406704,1364.1996714580393,0.01148967881890375,0.03759055098515136,16178.666666666664,0.7300208879750061
151,Waterbury,2020,2,1138.1553422312961,1173.3107896002564,0.021249360878537113,0.06952110638569987,16178.666666666664,0.7421525043143005
151,Waterbury,2021,3,827.0083239029028,892.4608783470383,0.02834095725600451,0.09272253954975913,16178.666666666664,0.8148356896058284
151,Waterbury,2022,4,641.9621151104435,748.1274627491383,0.03384578239307656,0.1107325651771938,16178.666666666664,0.7785720600328375
151,Waterbury,2023,5,855.4592886422915,1038.0765098652814,0.02969166697428046,0.09714162935472864,16178.666666666664,0.7269842791828837
151,Waterbury,2024,6,711.3298800791092,888.6609347712321,0.026031638636325464,0.08516718829214345,16178.666666666664,0.7764414659898939
151,Waterbury,2025,7,2601.218950963982,3335.2993066119693,0.041245494763374205,0.13494205523478173,16178.666666666664,0.8076680558692829
152,Waterford,2019,1,1631.7499954911214,1661.3372425220696,0.013992256211336365,0.045947630765528796,2024.6666666666667,0.21248178727537642
152,Waterford,2020,2,1754.2928882450033,1808.47964906232,0.029035317728037267,0.09534588546533282,2024.6666666666667,0.3025957211131121
152,Waterford,2021,3,1808.016498917734,1951.109736205636,0.04453905920625683,0.146256916407455,2024.6666666666667,0.3191030616645106
152,Waterford,2022,4,1846.1621056343035,2151.473645254256,0.06036989926207098,0.19824207038164884,2024.6666666666667,0.28622497992094365
152,Waterford,2023,5,1866.5657925549738,2265.026669410108,0.06238344472189354,0.20485413078993214,2024.6666666666667,0.2880612842468464
152,Waterford,2024,6,1910.9126651980748,2387.2938321278602,0.06372645930926611,0.2092643086369701,2024.6666666666667,0.3061582922195079
152,Waterford,2025,7,1948.2954371522135,2498.116668802871,0.06492935120462677,0.21321435299179683,2024.6666666666667,0.30120481927710846
153,Watertown,2019,1,-441.52679019274103,-449.53265031121,-0.003786092225902754,-0.012403010558052015,2352.666666666666,0.26344120519895337
153,Watertown,2020,2,-343.4417538902443,-354.0500145161811,-0.0067311052655116,-0.022050696257298257,2352.666666666666,0.34121986100308604
153,Watertown,2021,3,-246.1677657735807,-265.65041017508753,-0.008841993857020055,-0.028965840402026065,2352.666666666666,0.37278792629491425
153,Watertown,2022,4,-178.33546427779496,-207.82793138093996,-0.010371220463202147,-0.03397549484529787,2352.666666666666,0.3762140438358203
153,Watertown,2023,5,-126.40331301370878,-153.38697206378376,-0.007669036646391944,-0.025123303083988385,2352.666666666666,0.35149056653107574
153,Watertown,2024,6,-156.4489128356003,-195.4508604488337,-0.006065573034348371,-0.01987045267174397,2352.666666666666,0.3570770534694329
153,Watertown,2025,7,-172.3547270641529,-220.99431555168775,-0.005432626227415028,-0.017796956977325775,2352.666666666666,0.3992075101375748
154,Westbrook,2019,1,1817.6032713270156,1850.5604505159918,0.01558594805162916,0.050987594204593076,484.83333333333326,0.18457144396842076
154,Westbrook,2020,2,2044.8671515702217,2108.029197080292,0.03312068387634381,0.10835041818897291,484.83333333333326,0.29255591474920645
154,Westbrook,2021,3,2050.5028015362673,2212.7873183619554,0.050703745399517296,0.16587133400674722,484.83333333333326,0.3625421987377073
154,Westbrook,2022,4,2049.869972944786,2388.8699749221064,0.06828138041751886,0.2233744976516835,484.83333333333326,0.367809104035261
154,Westbrook,2023,5,2093.20786696945,2540.050643923506,0.07064468982515272,0.2311057861595865,484.83333333333326,0.36041074396855727
154,Westbrook,2024,6,2164.850327855583,2704.5369101857455,0.07167354556179967,0.23447156658060744,484.83333333333326,0.27718482174148534
154,Westbrook,2025,7,2272.5848890881875,2913.922644606177,0.0735778994625574,0.24070143617802467,484.83333333333326,0.3448333029393723
155,West Hartford,2019,1,380.2434395637719,387.13809659417353,0.003260587494259345,0.010682846175795862,7988.333333333333,0.20164171125666353
155,West Hartford,2020,2,443.3946761024173,457.09029182464093,0.00706269684183757,0.023139910853632442,7988.333333333333,0.2454742277472276
155,West Hartford,2021,3,485.2768938002012,523.6835354190439,0.011223946206174298,0.03677364616562886,7988.333333333333,0.2562329143851641
155,West Hartford,2022,4,524.0355651669877,610.6986511053561,0.015717551177481217,0.051496296843698705,7988.333333333333,0.254579210043391
155,West Hartford,2023,5,590.1347511186873,716.112421625318,0.01751736917406462,0.057393141763757226,7988.333333333333,0.23880481104326637
155,West Hartford,2024,6,577.6471555657394,721.6517618743978,0.018668584185462602,0.06116493224743059,7988.333333333333,0.24712663733293572
155,West Hartford,2025,7,471.13766355517396,604.0956767564752,0.01854734028611149,0.060767694041493174,7988.333333333333,0.2609614302156581
156,West Haven,2019,1,1709.286136866676,1740.2792861345135,0.014657128623631747,0.048057562713626614,5150.0,0.6306089893426505
156,West Haven,2020,2,1761.7425682253559,1816.1594354462077,0.02976407114616417,0.09758996816152707,5150.0,0.5462453333486142
156,West Haven,2021,3,1599.2190532252253,1725.7872740326525,0.04347737452757047,0.1425529315212378,5150.0,0.6372614829645281
156,West Haven,2022,4,1426.1324169807249,1661.9809822835587,0.055706460003180205,0.18264946456433756,5150.0,0.605122725753307
156,West Haven,2023,5,1388.1644217049168,1684.499656657719,0.05295284129566811,0.1736209428720112,5150.0,0.5573738328591941
156,West Haven,2024,6,2061.45001601403,2575.3594071030234,0.055522832660456,0.18204739012223461,5150.0,0.5782213090695627
156,West Haven,2025,7,1701.5062001218282,2181.6819562071846,0.056399944945094344,0.18492325208048602,5150.0,0.5776156468625631
157,Weston,2019,1,1698.3569388045657,1729.1519174679556,0.014563410750249152,0.04782056427822349,1941.3333333333333,0.0212042269977411
157,Weston,2020,2,1790.489181548633,1845.7939768178132,0.029916855482028677,0.09823529220695776,1941.3333333333333,0.01657116442955947
157,Weston,2021,3,1832.3326606501487,1977.350370586829,0.045629108047103704,0.14982820520166937,1941.3333333333333,0.021695047330623666
157,Weston,2022,4,1789.6602112280902,2085.6276741172087,0.06097544435838458,0.2002195918482547,1941.3333333333333,0.012871269551014612
157,Weston,2023,5,1838.6817008598616,2231.1900848152222,0.062178729193008736,0.20417071022058872,1941.3333333333333,0.013584926165926289
157,Weston,2024,6,1909.3257653774785,2385.3113259553334,0.06319775289934108,0.20751678687017205,1941.3333333333333,0.010654708686367068
157,Weston,2025,7,1968.2676858841892,2523.725211798667,0.06436339574072299,0.2113443036090514,1941.3333333333333,0.011283391787571343
158,Westport,2019,1,1730.974927830055,1762.3613429889967,0.01484311000614272,0.048630240793746386,4763.333333333333,0.03185152180487185
158,Westport,2020,2,1845.9640531654168,1902.9823613946123,0.030672251762036168,0.10049100143143469,4763.333333333333,0.030389294181182438
158,Westport,2021,3,1902.0960415746076,2052.635088305839,0.04698272531853843,0.15392874164790446,4763.333333333333,0.03211804414258909
158,Westport,2022,4,1863.7630792470025,2171.9854035353774,0.06296449372308148,0.2062895505013845,4763.333333333333,0.021041656793516893
158,Westport,2023,5,1881.6326591608795,2283.3099010127335,0.0642563837692433,0.21052214892569682,4763.333333333333,0.022860800585236495
158,Westport,2024,6,1881.5068640904951,2350.557308846914,0.06456116337292583,0.21152069340255983,4763.333333333333,0.019712793978774016
158,Westport,2025,7,1916.6477465089852,2457.537800722923,0.06468594424273812,0.21192951094436296,4763.333333333333,0.024323697503709833
159,Wethersfield,2019,1,1559.6544699758254,1587.934465204021,0.013374037080042705,0.04391948478190025,3150.666666666666,0.18942036850401842
159,Wethersfield,2020,2,1476.9011891109644,1522.5198494962478,0.026038464776669223,0.08550865760717018,3150.666666666666,0.2539491687051702
159,Wethersfield,2021,3,1364.4085453127236,1472.392977893368,0.03773826805272582,0.12393006535852015,3150.666666666666,0.24213263979193758
159,Wethersfield,2022,4,1233.342858433402,1437.3085913657214,0.04831418306379225,0.15866069572863717,3150.666666666666,0.25001399332052165
159,Wethersfield,2023,5,1242.9408618183352,1508.2748284294391,0.045598363873841766,0.1497421187223409,3150.666666666666,0.2800347085272541
159,Wethersfield,2024,6,1090.0369256443844,1361.777791719602,0.04228100281461586,0.13884811658336402,3150.666666666666,0.2786622122538179
159,Wethersfield,2025,7,844.0625405448804,1082.2623005930338,0.0378190358237316,0.12419530156717767,3150.666666666666,0.2810213418637756
160,Willington,2019,1,-461.2043327644412,-469.5669903792421,-0.003954827153455082,-0.012982760664934763,523.0,0.21597619730860432
160,Willington,2020,2,-320.4353827068233,-330.33302041400816,-0.006702560560166091,-0.02200291851411143,523.0,0.2688984709382806
160,Willington,2021,3,-156.60230764898674,-168.9964042635161,-0.008045425348256153,-0.026411225495090496,523.0,0.33870553486580196
160,Willington,2022,4,-65.22286676108337,-76.00918601684103,-0.008604711430732442,-0.02824722921163094,523.0,0.3742451305605171
160,Willington,2023,5,22.008539512000603,26.70676230555603,-0.004461161050961955,-0.014644934902342935,523.0,0.38164687441432543
160,Willington,2024,6,103.27891958870637,129.0258483358742,-0.0008278109087777889,-0.002717507109026235,523.0,0.381986673290053
160,Willington,2025,7,179.3145095456041,229.91819244253995,0.002052675798665828,0.006738448377826159,523.0,0.33536017343879676
161,Wilton,2019,1,1690.8545668174816,1721.5135108346858,0.014499077910459901,0.047571779046070226,3276.3333333333335,0.02304461486997138
161,Wilton,2020,2,1822.1356608784724,1878.417955525121,0.0301238912024928,0.09883711951496031,3276.3333333333335,0.06004594153313897
161,Wilton,2021,3,1869.861623261567,2017.8495166868047,0.04615795462196074,0.15144521824455814,3276.3333333333335,0.049737510937044295
161,Wilton,2022,4,1904.134234281066,2219.0329925955048,0.06248590568092088,0.20501756848977878,3276.3333333333335,0.04887185199746631
161,Wilton,2023,5,1896.2501962839717,2301.0478835456593,0.06424717320359603,0.21079632421115316,3276.3333333333335,0.0730138212459403
161,Wilton,2024,6,1903.3054169192078,2377.7901341167726,0.06494320386164533,0.21308001541403476,3276.3333333333335,0.06923708220500058
161,Wilton,2025,7,1929.5428787233188,2474.0720203883598,0.06545497062722987,0.2147591329169448,3276.3333333333335,0.06131436675588352
162,Winchester,2019,1,47.075065123602265,47.92864047807364,0.00040366868343488945,0.0012874684291483414,619.3333333333333,0.4877405747429475
162,Winchester,2020,2,144.79147293261917,149.26380532634835,0.0016452555638320993,0.005247408786557858,619.3333333333333,0.5837706398233491
162,Winchester,2021,3,231.61004771955507,249.9405394691796,0.003631311723027284,0.01158177334940076,619.3333333333333,0.5513612857889332
162,Winchester,2022,4,308.10111115202926,359.0537465231928,0.006273278751155935,0.0200081122732503,619.3333333333333,0.5235111772914149
162,Winchester,2023,5,378.3106254577424,459.06962369116076,0.009113623681021185,0.02906716137752126,619.3333333333333,0.5506958622885721
162,Winchester,2024,6,443.89876215011316,554.5605491396503,0.011678468686061197,0.037247525882266055,619.3333333333333,0.5741848708315941
162,Winchester,2025,7,497.76961744588516,638.2433356117566,0.01396078699646448,0.04452679447676768,619.3333333333333,0.5944886138791955
163,Windham,2019,1,2183.4975090001753,2223.0891623593066,0.018723491139676505,0.06131684085943358,3017.9999999999995,0.8357084198830975
163,Windham,2020,2,2387.0739071280996,2460.8060665215107,0.03919264989329996,0.12835050143370277,3017.9999999999995,0.7438996921690818
163,Windham,2021,3,2123.62431249176,2291.6959411741527,0.057402728372916795,0.18798598692317614,3017.9999999999995,0.7510843439226729
163,Windham,2022,4,2009.8719048829244,2342.25717259367,0.07463737995728786,0.24442708439710184,3017.9999999999995,0.726977479059036
163,Windham,2023,5,1839.5426034266313,2232.234766594603,0.07168796664199474,0.23476816419181534,3017.9999999999995,0.7446552966610618
163,Windham,2024,6,2063.762741714732,2578.248683992146,0.06891557339857513,0.2256889602101232,3017.9999999999995,0.7415363706679777
163,Windham,2025,7,2106.7234913182997,2701.2541167336612,0.06877064885701267,0.22521435240406185,3017.9999999999995,0.7385075823033672
164,Windsor,2019,1,91.50584344170319,93.16504736520011,0.0007846626075126049,0.0025757329047046227,2708.3333333333326,0.3618772095752052
164,Windsor,2020,2,262.07637607570416,270.171415394076,0.0030319675323617684,0.009952734416460428,2708.3333333333326,0.3879266167879471
164,Windsor,2021,3,343.937376218393,371.1578759300144,0.005981230533434488,0.019633982998665714,2708.3333333333326,0.41246059801682006
164,Windsor,2022,4,646.4389666829711,753.3446796677463,0.011524444672740965,0.03783013370055353,2708.3333333333326,0.45162187353557615
164,Windsor,2023,5,704.8824594716356,855.3556353977928,0.016784149155197638,0.05509563580907399,2708.3333333333326,0.414882226980728
164,Windsor,2024,6,762.9159119254787,953.1071116654672,0.021078848175109452,0.06919341168813149,2708.3333333333326,0.4228530156770643
164,Windsor,2025,7,1017.7513945251036,1304.967242071252,0.026856803382089494,0.08816012324802805,2708.3333333333326,0.46625409314345745
165,Windsor Locks,2019,1,75.15808262323884,76.5208653798442,0.0006444805584942729,0.0021126813028343847,1253.6666666666667,0.3709125192279065
165,Windsor Locks,2020,2,139.75945115796435,144.07635399819202,0.001842917852173817,0.006041296417139206,1253.6666666666667,0.4446193676934525
165,Windsor Locks,2021,3,226.2324088539788,244.13729400393947,0.003782860758096685,0.012400652105827319,1253.6666666666667,0.42025031503480675
165,Windsor Locks,2022,4,305.9193858046556,356.51121541407065,0.006406119491371606,0.020999995569709617,1253.6666666666667,0.3854798327452951
165,Windsor Locks,2023,5,379.4834433783795,460.4928062434184,0.009015709459846937,0.029554531252434936,1253.6666666666667,0.41282536647134455
165,Windsor Locks,2024,6,442.3380037701353,552.6107013408359,0.011610320548496303,0.03805996444645268,1253.6666666666667,0.41124882771905813
165,Windsor Locks,2025,7,541.7679255666159,694.6582431353197,0.014316037604307164,0.046929615763673146,1253.6666666666667,0.4019141241323784
166,Wolcott,2019,1,-351.25991852721575,-357.6290400288263,-0.003012053801370874,-0.009895010576146956,1885.0000000000002,0.2279379911496901
166,Wolcott,2020,2,-172.56237540824156,-177.89249800348776,-0.004491776170496546,-0.014756101863957222,1885.0000000000002,0.2742148410124354
166,Wolcott,2021,3,4.868387222777142,5.253689728863363,-0.004450029750061231,-0.014618959137112267,1885.0000000000002,0.29467744089755576
166,Wolcott,2022,4,92.81031114041271,108.15894109030032,-0.003654181332032193,-0.012004487738950968,1885.0000000000002,0.3073663283457152
166,Wolcott,2023,5,172.95169544609888,209.87216430709944,0.0008409332577889789,0.002762581291167014,1885.0000000000002,0.28038311825773643
166,Wolcott,2024,6,250.16332021943165,312.52781053841204,0.004465806097796277,0.014670786607000151,1885.0000000000002,0.2885815869395231
166,Wolcott,2025,7,327.25141348916185,419.60382154439475,0.007230240548030525,0.02375233359320712,1885.0000000000002,0.3488474011745113
167,Woodbridge,2019,1,1402.5531453010053,1427.984545024444,0.012026893220956122,0.03837082772950489,961.0,0.059138937076170954
167,Woodbridge,2020,2,1485.357068515761,1531.236914885368,0.024763830083478773,0.07900699212995546,961.0,0.11631213006280855
167,Woodbridge,2021,3,1721.7594687627095,1858.0259997173944,0.039527917528119,0.12611061610946556,961.0,0.11689596259329196
167,Woodbridge,2022,4,2189.6006857847774,2551.708842208109,0.05830374340872347,0.18601336631336063,961.0,0.13939097866796937
167,Woodbridge,2023,5,2146.5881270444966,2604.8261333127803,0.06468384337717391,0.20636855798994969,961.0,0.1387336698909399
167,Woodbridge,2024,6,2154.8103118722725,2691.99396739828,0.07042440493895598,0.22468335423125585,961.0,0.13541265562828905
167,Woodbridge,2025,7,2078.899276719975,2665.5777336969995,0.07348687879218954,0.23445392876697918,961.0,0.131415819489214
168,Woodbury,2019,1,726.1443203346544,739.3109276245136,0.0062266875468696605,0.020431862895167748,1183.6666666666667,0.06954102920723226
168,Woodbury,2020,2,761.824863860647,785.3561806432165,0.012759335754474707,0.041867685957664436,1183.6666666666667,0.18181133070821637
168,Woodbury,2021,3,748.8025911519586,808.0656492720816,0.019180317973602756,0.06293709523282369,1183.6666666666667,0.15904921743881972
168,Woodbury,2022,4,553.5674293169113,645.1143869824392,0.02392715867999527,0.07851308130377582,1183.6666666666667,0.1590945706460448
168,Woodbury,2023,5,318.9673190373493,387.05814023352224,0.020435615893870874,0.06705615128091486,1183.6666666666667,0.19827361759227735
168,Woodbury,2024,6,158.93255771326596,198.55366582849902,0.015265814368657085,0.0500922880449155,1183.6666666666667,0.22373136396935078
168,Woodbury,2025,7,-128.99064717296227,-165.39261945480396,0.007738737350020889,0.025393408506073273,1183.6666666666667,0.22664990830980983
169,Woodstock,2019,1,-90.14422090197259,-91.77873558841895,-0.0007729866942344148,-0.0025300106923439565,1033.0,0.07158196134574087
169,Woodstock,2020,2,65.5724269312094,67.59783411272458,-0.0002107031332992943,-0.0006896382358632517,1033.0,0.1399827713512183
169,Woodstock,2021,3,217.8335839729278,235.07375447987326,0.0016572198492685616,0.005424134683672321,1033.0,0.14151015950656023
169,Woodstock,2022,4,294.9850888026226,343.7686443486907,0.00418671698575105,0.01370326141287494,1033.0,0.12547942610919077
169,Woodstock,2023,5,371.9785981855939,451.38588133391085,0.008149420159426933,0.02667331830358894,1033.0,0.13634249234076
169,Woodstock,2024,6,452.48351519555354,565.2854390673626,0.01146718274129368,0.03753246357658121,1033.0,0.1440779832375558
169,Woodstock,2025,7,541.6840377090218,694.5506815964638,0.014244200382080694,0.046621732999229594,1033.0,0.17266534865450528
