District,ppe_instructional_staff,ppe_instructional_supplies,ppe_instruction_media,ppe_student_support,ppe_admin_support,ppe_plant,ppe_transportation,ppe_other,ppe_total,fiscal_year,District Code
Amistad Academy District,4553,1415,254,2236,2318,784,,693,12283,2007,2790013.0
Andover School District,6618,489,144,460,1353,1151,259.0,0,10658,2007,10011.0
Ansonia School District,5154,141,227,1062,1082,802,377.0,204,9332,2007,20011.0
Ashford School District,7840,365,93,129,1085,1180,533.0,36,12380,2007,30011.0
Avon School District,6273,245,249,971,928,1168,431.0,155,10615,2007,40011.0
Barkhamsted School District,6307,225,282,124,977,918,348.0,13,9606,2007,50011.0
Berlin School District,5995,296,326,949,1213,1396,489.0,229,11115,2007,70011.0
Bethany School District,6299,287,464,459,1101,1166,286.0,0,10604,2007,80011.0
Bethel School District,6652,144,799,835,1223,1154,508.0,132,11902,2007,90011.0
Bloomfield School District,8277,603,328,1289,2537,2072,649.0,203,14584,2007,110011.0
Bolton School District,7284,193,601,787,1435,1119,648.0,185,12373,2007,120011.0
Bozrah School District,7347,361,63,755,1310,1046,669.0,231,12388,2007,130011.0
Branford School District,6931,411,540,723,1128,1048,619.0,225,11992,2007,140011.0
Bridgeport School District,7276,242,217,621,1041,1288,552.0,116,11857,2007,150011.0
Bristol School District,6593,223,537,429,1016,1065,505.0,174,10895,2007,170011.0
Brookfield School District,6284,189,613,822,1268,1091,458.0,241,11067,2007,180011.0
Brooklyn School District,5714,95,133,788,825,884,700.0,20,9920,2007,190011.0
Canaan School District,11363,888,444,868,2490,2090,852.0,157,18398,2007,210011.0
Canterbury School District,7662,354,135,713,1651,1686,1080.0,32,14649,2007,220011.0
Canton School District,6530,180,136,852,1556,1479,607.0,38,11596,2007,230011.0
Chaplin School District,8409,291,296,1375,1788,1991,476.0,18,14932,2007,240011.0
Cheshire School District,6308,211,393,664,978,1111,551.0,178,10683,2007,250011.0
Chester School District,6594,280,86,1384,1702,1084,179.0,0,11370,2007,260011.0
Clinton School District,8163,488,338,785,1054,1164,632.0,95,12994,2007,270011.0
Colchester School District,5800,265,260,749,1013,904,669.0,117,10174,2007,280011.0
Colebrook School District,8408,155,299,283,1789,1340,336.0,98,13392,2007,290011.0
Columbia School District,6693,350,284,2211,1145,843,736.0,107,13206,2007,300011.0
Common Ground High School District,6497,178,166,565,1627,743,,843,10660,2007,2680013.0
Cornwall School District,10246,707,1387,916,2633,2198,1109.0,4,18873,2007,310011.0
Coventry School District,6315,230,462,847,962,954,686.0,225,10841,2007,320011.0
Cromwell School District,7291,306,143,500,1457,1243,452.0,166,11720,2007,330011.0
Cross Cultural Academy District,4808,516,113,5,2404,1409,,936,11378,2007,
Danbury School District,7371,295,506,665,1040,878,516.0,77,11202,2007,340011.0
Darien School District,8340,382,476,407,1286,1454,559.0,241,13367,2007,350011.0
Deep River School District,6575,307,73,1673,1611,1069,172.0,0,12029,2007,360011.0
Derby School District,6130,282,183,1041,1501,1019,397.0,187,10857,2007,370011.0
East Granby School District,6995,272,540,729,1649,1220,492.0,185,12335,2007,400011.0
East Haddam School District,6449,439,232,686,1307,1572,684.0,14,11826,2007,410011.0
East Hampton School District,6282,238,257,659,1128,1009,750.0,22,10947,2007,420011.0
East Hartford School District,7831,182,177,361,1275,1090,462.0,79,10619,2007,430011.0
East Haven School District,5731,140,457,730,1604,1432,521.0,247,11378,2007,440011.0
East Lyme School District,7024,204,463,412,1112,1454,422.0,234,11688,2007,450011.0
East Windsor School District,6264,277,207,545,1372,934,763.0,66,10853,2007,470011.0
Eastford School District,6757,174,140,1943,1741,1061,793.0,0,13563,2007,390011.0
Easton School District,8062,163,142,143,1266,1146,633.0,0,12121,2007,460011.0
Ellington School District,6552,199,266,453,840,1129,582.0,125,10415,2007,480011.0
Elm City College Preparatory School,3729,1108,197,1030,1868,564,,776,9271,2007,2810013.0
Enfield School District,6657,156,243,775,1090,1371,468.0,193,11105,2007,490011.0
Essex School District,6751,252,103,1130,1563,912,234.0,0,11083,2007,500011.0
Explorations District,4678,172,326,391,2072,1502,,0,9440,2007,2720013.0
Fairfield School District,7677,218,874,1042,1561,1560,639.0,201,13975,2007,510011.0
Farmington School District,6534,238,423,790,1136,1437,587.0,181,11662,2007,520011.0
Franklin School District,6952,399,100,709,1567,1379,793.0,15,12783,2007,530011.0
Glastonbury School District,6191,210,537,595,1230,1251,565.0,165,10922,2007,540011.0
Granby School District,6187,522,344,588,1118,1227,500.0,232,10693,2007,560011.0
Greenwich School District,10604,344,340,1074,1507,2391,441.0,13,17120,2007,570011.0
Griswold School District,5904,438,164,388,1336,1261,691.0,264,10647,2007,580011.0
Groton School District,7590,376,564,1113,1242,1377,742.0,0,13194,2007,590011.0
Guilford School District,6731,185,325,724,1426,1215,653.0,173,11884,2007,600011.0
Hamden School District,7868,255,262,1104,1294,1357,741.0,122,13014,2007,620011.0
Hampton School District,7792,266,335,1116,2059,1100,588.0,0,13632,2007,630011.0
Hartford School District,8227,475,704,1349,1663,1694,918.0,0,15428,2007,640011.0
Hartland School District,6222,266,637,1681,1646,1107,691.0,453,9691,2007,650011.0
Hebron School District,6007,268,287,385,769,849,269.0,0,9119,2007,670011.0
Highville Mustard Seed Charter School District,3313,169,335,1435,2740,1823,,456,10270,2007,
Integrated Day Charter School District,4991,219,668,227,1440,1002,,225,8783,2007,2640013.0
Interdistrict School for Arts and Comm District,5624,196,219,309,1765,991,,97,9209,2007,2650013.0
Jumoke Academy District,3797,347,264,1401,2211,1014,,1,9036,2007,2610013.0
Kent School District,9060,350,341,807,1672,1641,753.0,99,14922,2007,680011.0
Killingly School District,6982,240,579,629,1443,1237,634.0,7,12339,2007,690011.0
Lebanon School District,5395,295,269,727,1131,1171,694.0,123,10080,2007,710011.0
Ledyard School District,6542,227,170,625,1334,921,708.0,145,10945,2007,720011.0
Lisbon School District,7395,259,28,202,719,1182,664.0,19,11183,2007,730011.0
Litchfield School District,6692,294,620,1037,1211,1327,701.0,277,12335,2007,740011.0
Madison School District,5960,274,369,694,843,1092,626.0,321,10525,2007,760011.0
Manchester School District,7663,202,316,846,1335,1407,443.0,183,12469,2007,770011.0
Mansfield School District,8980,460,500,871,1695,1357,437.0,59,14806,2007,780011.0
Marlborough School District,6889,269,341,280,1098,967,278.0,0,10438,2007,790011.0
Meriden School District,6673,229,165,889,1254,1410,465.0,91,11497,2007,800011.0
Middletown School District,7752,179,284,589,1013,1350,1010.0,240,12768,2007,830011.0
Milford School District,8229,403,256,393,1100,1306,360.0,106,12354,2007,840011.0
Monroe School District,6193,130,442,782,983,1265,516.0,100,10503,2007,850011.0
Montville School District,6908,386,325,694,1057,1253,611.0,162,11398,2007,860011.0
Naugatuck School District,7318,192,102,646,1007,1091,476.0,111,10997,2007,880011.0
New Beginnings Inc Family Academy District,5439,244,972,405,2335,1036,,470,11019,2007,2800013.0
New Britain School District,7275,227,301,405,943,1000,832.0,22,11476,2007,890011.0
New Canaan School District,8201,157,285,1294,2234,2059,791.0,255,15711,2007,900011.0
New Fairfield School District,6421,275,199,741,1057,1060,432.0,91,10522,2007,910011.0
New Hartford School District,6720,255,79,608,1178,1552,486.0,0,11488,2007,920011.0
New Haven School District,8601,262,441,504,1663,1603,857.0,215,14516,2007,930011.0
New London School District,8558,414,507,943,1642,1681,584.0,173,13070,2007,950011.0
New Milford School District,6306,189,223,705,1035,1230,759.0,154,10928,2007,960011.0
Newington School District,6407,422,460,633,1254,1410,523.0,147,11644,2007,940011.0
Newtown School District,6079,244,308,750,1027,1461,768.0,140,10969,2007,970011.0
Norfolk School District,7580,225,446,267,2203,1707,620.0,0,13352,2007,980011.0
North Branford School District,5439,235,593,914,1134,1234,715.0,226,10612,2007,990011.0
North Canaan School District,8456,521,30,624,1693,1442,607.0,4,13722,2007,1000011.0
North Haven School District,5642,104,281,950,1374,837,633.0,108,10278,2007,1010011.0
North Stonington School District,8387,696,164,809,1806,1388,968.0,0,14375,2007,1020011.0
Norwalk School District,8822,386,215,808,1445,1337,495.0,130,13944,2007,1030011.0
Norwich School District,7045,149,84,1181,926,986,803.0,0,12497,2007,1040011.0
Odyssey Community School District,4975,265,437,156,1122,1139,,0,8094,2007,2630013.0
Old Saybrook School District,6426,168,792,738,1235,1391,485.0,237,11855,2007,1060011.0
Orange School District,7436,191,162,952,1148,985,324.0,29,11586,2007,1070011.0
Oxford School District,6167,333,264,452,1725,1210,679.0,41,11481,2007,1080011.0
Park City Prep Charter School District,3008,815,3,465,2543,1491,,230,8586,2007,2830013.0
Plainfield School District,6184,200,365,793,1104,1190,752.0,100,11481,2007,1090011.0
Plainville School District,6923,254,450,566,1240,1159,639.0,149,12071,2007,1100011.0
Plymouth School District,6055,325,200,797,921,1298,1010.0,159,10771,2007,1110011.0
Pomfret School District,6996,310,170,214,860,1000,646.0,9,11234,2007,1120011.0
Portland School District,6356,262,409,814,1274,1596,559.0,187,11753,2007,1130011.0
Preston School District,9275,715,0,778,1280,1279,790.0,13,15681,2007,1140011.0
Putnam School District,6697,327,223,1212,1352,1348,512.0,232,12723,2007,1160011.0
Redding School District,9515,258,256,167,1314,1539,650.0,2,14468,2007,1170011.0
Regional School District 01,8639,365,685,1140,1754,2051,210.0,610,16530,2007,2010012.0
Regional School District 04,7031,287,396,761,2588,1757,465.0,37,13804,2007,2040012.0
Regional School District 05,7074,231,448,618,1872,1370,705.0,359,13036,2007,2050012.0
Regional School District 06,7259,239,511,901,1489,1924,706.0,166,13283,2007,2060012.0
Regional School District 07,7314,359,271,617,1332,1563,1049.0,312,13073,2007,2070012.0
Regional School District 08,6715,285,518,523,1108,1207,654.0,230,11755,2007,2080012.0
Regional School District 09,10580,407,216,163,1337,1870,776.0,0,16539,2007,2090012.0
Regional School District 10,5762,371,733,617,951,1235,736.0,0,10762,2007,2100012.0
Regional School District 11,8606,402,292,1096,2831,3828,808.0,496,18872,2007,2110012.0
Regional School District 12,8948,546,725,1245,1796,1973,1139.0,327,16920,2007,2120012.0
Regional School District 13,6672,161,587,1034,1037,1451,845.0,167,12256,2007,2130012.0
Regional School District 14,6364,342,645,893,1094,1217,649.0,255,11887,2007,2140012.0
Regional School District 15,6533,183,348,1058,971,1322,679.0,223,11349,2007,2150012.0
Regional School District 16,5652,211,673,701,1151,1141,638.0,160,10503,2007,2160012.0
Regional School District 17,6814,234,422,734,1191,1765,797.0,197,12433,2007,2170012.0
Regional School District 18,7701,267,670,1008,2233,2427,645.0,302,15753,2007,2180012.0
Regional School District 19,7505,586,301,892,1525,1114,920.0,524,13711,2007,2190012.0
Ridgefield School District,7135,199,719,596,980,1645,738.0,185,12660,2007,1180011.0
Rocky Hill School District,6501,216,541,650,853,1410,431.0,23,11046,2007,1190011.0
Salem School District,7685,661,53,247,1923,1254,741.0,0,13162,2007,1210011.0
Salisbury School District,10218,450,568,638,1652,1992,756.0,27,16461,2007,1220011.0
Scotland School District,7220,509,370,575,1314,719,540.0,93,11955,2007,1230011.0
Seymour School District,5644,257,235,691,1430,1175,464.0,146,10153,2007,1240011.0
Sharon School District,9468,397,537,1175,1873,1997,727.0,138,16970,2007,1250011.0
Shelton School District,6121,317,544,826,1018,1202,502.0,115,10816,2007,1260011.0
Sherman School District,7824,318,613,82,858,1004,667.0,71,10669,2007,1270011.0
Side By Side Charter School District,4777,241,205,1295,1438,1840,,0,9795,2007,2700013.0
Simsbury School District,6857,353,578,765,956,1175,458.0,119,11426,2007,1280011.0
Somers School District,6364,192,236,536,1001,1007,503.0,123,10312,2007,1290011.0
South Windsor School District,6494,292,285,753,1154,969,594.0,226,10986,2007,1320011.0
Southington School District,6774,193,158,774,1092,1007,426.0,87,10894,2007,1310011.0
Sprague School District,6901,338,119,901,1506,1024,1073.0,77,13742,2007,1330011.0
Stafford School District,6680,347,169,789,1275,1043,799.0,42,11615,2007,1340011.0
Stamford Academy District,7278,218,0,2650,6864,1636,,482,19370,2007,2820013.0
Stamford School District,8799,263,744,937,1751,1356,663.0,0,14856,2007,1350011.0
Sterling School District,7089,304,56,362,998,784,811.0,66,11488,2007,1360011.0
Stonington School District,6287,145,581,797,1041,1403,691.0,143,11439,2007,1370011.0
Stratford School District,6590,224,321,901,1071,1211,524.0,183,11353,2007,1380011.0
Suffield School District,6361,219,73,635,1273,980,400.0,47,10334,2007,1390011.0
The Bridge Academy District,5972,412,15,663,1132,842,,335,9452,2007,2690013.0
Thomaston School District,6577,277,16,575,1288,1426,597.0,200,10609,2007,1400011.0
Thompson School District,5234,264,142,595,1565,977,581.0,181,10429,2007,1410011.0
Tolland School District,5882,159,326,751,906,1031,576.0,104,10166,2007,1420011.0
Torrington School District,6668,144,367,678,1053,1284,656.0,140,11585,2007,1430011.0
Trailblazers Academy District,8534,88,0,2622,5526,589,,797,18239,2007,2780013.0
Trumbull School District,6260,188,608,781,1319,1230,514.0,144,11270,2007,1440011.0
Union School District,7183,498,31,510,1808,1003,1528.0,0,11628,2007,1450011.0
Vernon School District,7170,205,378,760,984,1196,564.0,124,11949,2007,1460011.0
Voluntown School District,7023,339,96,1325,1521,1085,902.0,144,13984,2007,1470011.0
Wallingford School District,6415,150,372,764,1563,1042,685.0,176,11484,2007,1480011.0
Waterbury School District,6581,225,1177,611,1049,1150,553.0,394,12035,2007,1510011.0
Waterford School District,7231,409,229,876,1229,1617,625.0,269,11925,2007,1520011.0
Watertown School District,5455,147,163,365,1195,1176,462.0,11,9255,2007,1530011.0
West Hartford School District,6654,158,846,689,1215,1331,391.0,120,11652,2007,1550011.0
West Haven School District,7264,204,195,394,1036,1367,493.0,169,10777,2007,1560011.0
Westbrook School District,6756,395,211,987,1291,1446,324.0,474,12068,2007,1540011.0
Weston School District,8899,308,645,893,1434,2166,655.0,402,15694,2007,1570011.0
Westport School District,8321,370,766,1084,1617,1920,714.0,203,15409,2007,1580011.0
Wethersfield School District,7086,235,271,493,1023,1380,527.0,178,11551,2007,1590011.0
Willington School District,7834,252,326,620,1611,1063,447.0,2,12352,2007,1600011.0
Wilton School District,8000,215,664,1236,1391,1562,617.0,0,14013,2007,1610011.0
Winchester School District,7862,314,137,253,1451,1157,572.0,37,12773,2007,1620011.0
Windham School District,7980,252,280,822,1060,1149,509.0,149,12630,2007,1630011.0
Windsor Locks School District,7971,317,462,779,1097,1870,499.0,219,12948,2007,1650011.0
Windsor School District,7515,226,548,1080,1694,1265,568.0,133,12540,2007,1640011.0
Wolcott School District,6413,235,183,391,1121,1197,501.0,206,9797,2007,1660011.0
Woodbridge School District,8822,256,51,172,1805,1278,279.0,15,13503,2007,1670011.0
Woodstock School District,6263,261,173,639,773,898,517.0,15,10106,2007,1690011.0
Achievement First Bridgeport Academy District,3504,1915,318,1406,7063,852,,757,15815,2008,2850013.0
Amistad Academy District,4573,1028,324,1514,4331,737,,701,13208,2008,2790013.0
Andover School District,6631,347,339,458,1576,1005,235.0,0,10833,2008,10011.0
Ansonia School District,6371,327,311,358,1281,903,429.0,224,10261,2008,20011.0
Ashford School District,8799,400,52,142,1373,1157,608.0,56,13880,2008,30011.0
Avon School District,6532,175,241,1190,941,1187,469.0,154,11130,2008,40011.0
Barkhamsted School District,6439,186,404,132,1005,1020,399.0,0,10078,2008,50011.0
Berlin School District,6343,278,309,1036,1289,1465,523.0,225,11722,2008,70011.0
Bethany School District,6459,321,516,388,1196,1193,310.0,0,10867,2008,80011.0
Bethel School District,7051,171,908,885,1296,1245,655.0,157,12849,2008,90011.0
Bloomfield School District,8800,603,306,1382,2726,2198,720.0,228,15258,2008,110011.0
Bolton School District,7945,183,605,908,1526,1278,748.0,218,13575,2008,120011.0
Bozrah School District,7988,260,160,690,1672,1323,735.0,196,13992,2008,130011.0
Branford School District,7580,392,579,817,1194,1083,684.0,247,13002,2008,140011.0
Bridgeport School District,7599,311,299,668,1127,1320,576.0,112,12510,2008,150011.0
Bristol School District,6902,210,557,444,1033,1076,566.0,195,11374,2008,170011.0
Brookfield School District,6472,130,524,848,2049,897,500.0,241,11774,2008,180011.0
Brooklyn School District,6381,117,219,851,943,829,779.0,21,10901,2008,190011.0
Canaan School District,11916,552,515,1016,2616,2049,929.0,183,19053,2008,210011.0
Canterbury School District,7759,431,128,583,1281,1869,1210.0,8,14553,2008,220011.0
Canton School District,6748,296,143,884,1627,1736,717.0,33,12550,2008,230011.0
Chaplin School District,9131,352,573,1414,1650,1329,553.0,21,15288,2008,240011.0
Cheshire School District,6566,209,403,723,1052,1161,601.0,193,11241,2008,250011.0
Chester School District,6771,197,121,1585,1768,912,202.0,0,11526,2008,260011.0
Clinton School District,8475,535,359,908,931,1083,664.0,176,13462,2008,270011.0
Colchester School District,6111,212,241,786,1014,953,689.0,131,10558,2008,280011.0
Colebrook School District,8454,160,601,284,2009,1198,349.0,91,13827,2008,290011.0
Columbia School District,8549,418,310,1789,1100,1070,838.0,91,15114,2008,300011.0
Common Ground High School District,7045,239,134,395,1622,709,,866,11072,2008,2680013.0
Cornwall School District,10824,692,1441,1084,2559,2097,1156.0,4,19375,2008,310011.0
Coventry School District,6732,175,277,1093,1105,999,803.0,197,11623,2008,320011.0
Cromwell School District,7823,335,131,527,1396,1187,450.0,146,12387,2008,330011.0
Danbury School District,7675,304,471,717,1054,904,535.0,83,11701,2008,340011.0
Darien School District,8902,279,501,466,1356,1491,559.0,329,14147,2008,350011.0
Deep River School District,7034,226,122,1415,1623,1187,242.0,1,12960,2008,360011.0
Derby School District,6649,321,263,1009,1468,1116,439.0,191,11513,2008,370011.0
East Granby School District,7924,365,649,666,1797,1291,530.0,196,13688,2008,400011.0
East Haddam School District,6979,297,278,731,1358,1477,800.0,3,12639,2008,410011.0
East Hampton School District,6923,378,277,761,1182,1226,717.0,6,12055,2008,420011.0
East Hartford School District,8153,256,212,360,1483,1235,508.0,85,11485,2008,430011.0
East Haven School District,6047,64,548,1056,1572,1380,562.0,247,11895,2008,440011.0
East Lyme School District,7067,188,490,445,1130,1421,477.0,244,11960,2008,450011.0
East Windsor School District,6970,255,237,424,1752,1152,833.0,108,12074,2008,470011.0
Eastford School District,7004,342,159,2315,1688,1765,765.0,0,14827,2008,390011.0
Easton School District,8247,150,226,166,1326,1225,620.0,0,12670,2008,460011.0
Ellington School District,6660,206,298,487,850,1103,609.0,133,10768,2008,480011.0
Elm City College Preparatory School,3188,929,313,1105,2487,630,,601,9253,2008,2810013.0
Enfield School District,7183,186,272,841,1143,1183,496.0,246,11712,2008,490011.0
Essex School District,6954,302,120,1138,1620,1103,239.0,0,11469,2008,500011.0
Explorations District,5393,213,357,409,2361,1970,,86,10984,2008,2720013.0
Fairfield School District,7847,244,851,1056,1564,1612,693.0,200,14323,2008,510011.0
Farmington School District,6744,259,435,850,1217,1439,607.0,215,12270,2008,520011.0
Franklin School District,7833,500,0,578,1670,1633,670.0,36,13605,2008,530011.0
Glastonbury School District,6477,267,597,653,1182,1321,606.0,169,11391,2008,540011.0
Granby School District,6397,397,355,820,1118,1340,544.0,250,11270,2008,560011.0
Greenwich School District,11045,342,372,1096,1672,1902,468.0,0,17328,2008,570011.0
Griswold School District,6204,280,167,423,1529,1361,738.0,231,11098,2008,580011.0
Groton School District,7734,428,571,1169,1379,1586,738.0,0,13724,2008,590011.0
Guilford School District,7015,206,302,746,1564,1170,706.0,175,12468,2008,600011.0
Hamden School District,8151,124,253,1107,1317,1410,775.0,110,13460,2008,620011.0
Hampton School District,7834,473,559,989,1903,1332,595.0,95,15484,2008,630011.0
Hartford School District,8371,368,494,1235,1856,1689,1017.0,0,15492,2008,640011.0
Hartland School District,6549,340,714,1570,1595,1053,765.0,495,10347,2008,650011.0
Hebron School District,5987,250,323,712,862,940,258.0,0,9585,2008,670011.0
Highville Charter School District,4150,121,89,228,2356,2116,,57,9116,2008,2860013.0
Integrated Day Charter School District,5447,204,650,235,1442,1046,,167,9205,2008,2640013.0
Interdistrict School for Arts and Comm District,6288,162,323,272,1782,1083,,58,9991,2008,2650013.0
Jumoke Academy District,4277,554,161,1418,2502,1289,,1,10201,2008,2610013.0
Kent School District,9686,452,424,943,1857,1746,820.0,121,16989,2008,680011.0
Killingly School District,7471,291,607,715,1458,1209,700.0,16,13115,2008,690011.0
Lebanon School District,5867,234,290,806,1206,1243,697.0,125,10915,2008,710011.0
Ledyard School District,6724,252,304,666,1465,923,745.0,142,11441,2008,720011.0
Lisbon School District,7533,195,60,252,700,1278,748.0,30,11607,2008,730011.0
Litchfield School District,7077,210,825,1028,1296,1693,726.0,274,13461,2008,740011.0
Madison School District,6234,324,481,874,949,1199,675.0,296,11392,2008,760011.0
Manchester School District,8093,307,414,906,1501,1571,504.0,193,13547,2008,770011.0
Mansfield School District,9523,446,536,978,1941,1444,445.0,59,15771,2008,780011.0
Marlborough School District,7019,192,339,283,1136,862,318.0,0,10679,2008,790011.0
Meriden School District,6931,212,164,926,1345,1406,470.0,89,11977,2008,800011.0
Middletown School District,8191,217,263,648,1064,1469,1154.0,255,13755,2008,830011.0
Milford School District,8765,434,268,418,1179,1440,399.0,114,13444,2008,840011.0
Monroe School District,6806,136,440,809,1100,1318,551.0,115,11373,2008,850011.0
Montville School District,7278,484,323,749,1124,1362,630.0,191,12178,2008,860011.0
Naugatuck School District,7842,200,111,861,1317,1328,513.0,177,12286,2008,880011.0
New Beginnings Inc Family Academy District,4946,613,642,895,1495,1020,,737,10371,2008,2800013.0
New Britain School District,7761,318,312,405,1085,1306,910.0,36,12534,2008,890011.0
New Canaan School District,8852,195,307,1435,2380,2121,872.0,271,16942,2008,900011.0
New Fairfield School District,6671,220,233,832,1170,1136,460.0,140,11110,2008,910011.0
New Hartford School District,7283,151,80,456,1094,1437,528.0,7,11771,2008,920011.0
New Haven School District,9149,262,506,420,1861,1701,956.0,160,15413,2008,930011.0
New London School District,8669,311,695,1078,1821,1895,723.0,166,13816,2008,950011.0
New Milford School District,6726,155,246,743,1078,1141,802.0,185,11429,2008,960011.0
Newington School District,6745,400,373,731,1263,1675,604.0,162,12285,2008,940011.0
Newtown School District,6498,255,305,757,1106,1542,790.0,141,11591,2008,970011.0
Norfolk School District,7928,280,619,287,2306,2239,688.0,4,14880,2008,980011.0
North Branford School District,5652,263,645,936,1236,1256,776.0,241,11096,2008,990011.0
North Canaan School District,8837,339,32,729,1855,1414,614.0,4,14144,2008,1000011.0
North Haven School District,5916,121,253,1063,1374,910,700.0,114,10861,2008,1010011.0
North Stonington School District,8809,522,167,862,2017,1288,969.0,41,14574,2008,1020011.0
Norwalk School District,9372,285,372,809,1645,1409,530.0,132,14853,2008,1030011.0
Norwich School District,7450,218,74,1285,1006,1364,866.0,0,13797,2008,1040011.0
Odyssey Community School District,5677,339,463,177,1170,1172,,0,8998,2008,2630013.0
Old Saybrook School District,6707,160,906,708,1254,1586,398.0,244,12297,2008,1060011.0
Orange School District,7789,297,42,886,1325,1161,341.0,22,12295,2008,1070011.0
Oxford School District,6331,285,27,588,1811,1236,637.0,132,11226,2008,1080011.0
Park City Prep Charter School District,3323,411,10,423,2234,1468,,224,8113,2008,2830013.0
Plainfield School District,6550,216,367,887,1148,1124,833.0,100,12095,2008,1090011.0
Plainville School District,7509,315,391,604,1245,1337,656.0,0,12665,2008,1100011.0
Plymouth School District,6454,274,211,640,994,1193,1090.0,200,11025,2008,1110011.0
Pomfret School District,7194,288,237,200,1068,956,748.0,0,11817,2008,1120011.0
Portland School District,6762,498,492,764,1408,1614,531.0,166,12488,2008,1130011.0
Preston School District,9024,512,172,781,1179,1516,820.0,50,15329,2008,1140011.0
Putnam School District,7127,275,220,1260,1449,1396,619.0,189,13387,2008,1160011.0
Redding School District,9937,245,278,183,1338,1448,655.0,4,14918,2008,1170011.0
Regional School District 01,8884,389,683,1250,1729,2015,233.0,640,17223,2008,2010012.0
Regional School District 04,7542,299,381,797,2636,1654,521.0,51,14396,2008,2040012.0
Regional School District 05,7339,225,467,610,2042,1451,739.0,385,13591,2008,2050012.0
Regional School District 06,7526,420,481,949,1635,1750,726.0,189,13767,2008,2060012.0
Regional School District 07,7598,515,224,666,1381,1606,1189.0,337,13796,2008,2070012.0
Regional School District 08,7156,226,511,575,1144,1175,660.0,198,12310,2008,2080012.0
Regional School District 09,11231,318,304,170,1424,2099,869.0,0,17672,2008,2090012.0
Regional School District 10,6032,305,795,647,957,1259,745.0,0,11246,2008,2100012.0
Regional School District 11,9059,422,351,1354,3484,2450,1006.0,577,18864,2008,2110012.0
Regional School District 12,9445,585,764,1311,1715,2578,1208.0,352,18198,2008,2120012.0
Regional School District 13,7195,172,643,1190,1086,1461,815.0,172,13020,2008,2130012.0
Regional School District 14,6956,213,680,1006,1278,1302,711.0,299,12953,2008,2140012.0
Regional School District 15,6705,245,290,1048,1063,1434,731.0,257,11886,2008,2150012.0
Regional School District 16,5926,240,831,752,1286,1181,679.0,162,11230,2008,2160012.0
Regional School District 17,6814,247,489,683,1246,2034,804.0,201,12834,2008,2170012.0
Regional School District 18,7814,297,913,1234,1851,2452,698.0,333,16144,2008,2180012.0
Regional School District 19,8107,450,292,934,1767,1231,998.0,616,14768,2008,2190012.0
Ridgefield School District,7711,179,762,657,1015,1736,798.0,60,13457,2008,1180011.0
Rocky Hill School District,6970,190,515,716,982,1450,427.0,16,11678,2008,1190011.0
Salem School District,8510,687,93,253,1965,1303,860.0,0,14457,2008,1210011.0
Salisbury School District,10770,399,584,803,1698,2177,750.0,17,17815,2008,1220011.0
Scotland School District,7939,482,207,695,1291,889,560.0,67,12435,2008,1230011.0
Seymour School District,6087,293,275,682,1493,1324,475.0,175,10911,2008,1240011.0
Sharon School District,10367,346,693,1288,2524,2136,788.0,177,19427,2008,1250011.0
Shelton School District,6406,324,443,896,1059,1366,553.0,128,11346,2008,1260011.0
Sherman School District,8856,245,570,98,1252,1102,691.0,76,11888,2008,1270011.0
Side By Side Charter School District,5062,652,199,1738,1753,1410,,0,10813,2008,2700013.0
Simsbury School District,7134,258,778,789,964,1191,472.0,122,11917,2008,1280011.0
Somers School District,6677,205,226,608,1026,1110,601.0,168,11049,2008,1290011.0
South Windsor School District,6828,356,345,806,1214,1045,676.0,243,11704,2008,1320011.0
Southington School District,7024,199,142,783,1175,1021,446.0,96,11332,2008,1310011.0
Sprague School District,6818,340,122,564,1624,1153,995.0,34,13267,2008,1330011.0
Stafford School District,7166,328,231,933,1382,1239,911.0,39,12904,2008,1340011.0
Stamford Academy District,6367,87,0,3489,6286,1370,,461,18408,2008,2820013.0
Stamford School District,9088,241,959,983,1754,1422,711.0,0,15591,2008,1350011.0
Sterling School District,7400,255,164,341,1012,987,770.0,85,12386,2008,1360011.0
Stonington School District,6772,159,634,751,1072,1490,743.0,176,12227,2008,1370011.0
Stratford School District,6797,160,401,1031,1091,1223,544.0,197,11827,2008,1380011.0
Suffield School District,6837,220,80,722,1416,899,431.0,34,11140,2008,1390011.0
The Bridge Academy District,6536,398,38,766,1018,864,,346,10057,2008,2690013.0
Thomaston School District,6694,309,17,545,1348,1205,596.0,219,10685,2008,1400011.0
Thompson School District,5372,278,216,715,1658,1280,637.0,203,11169,2008,1410011.0
Tolland School District,6050,238,331,804,1057,989,590.0,92,10563,2008,1420011.0
Torrington School District,7283,113,406,715,1103,1313,683.0,152,12520,2008,1430011.0
Trailblazers Academy District,9047,49,0,3319,5629,728,,767,19700,2008,2780013.0
Trumbull School District,6650,223,543,869,1415,1225,539.0,144,11847,2008,1440011.0
Union School District,7966,615,272,731,1870,1172,1625.0,0,12968,2008,1450011.0
Vernon School District,7408,224,392,834,1021,1282,645.0,133,12555,2008,1460011.0
Voluntown School District,7558,683,264,1425,1847,1363,1044.0,185,15877,2008,1470011.0
Wallingford School District,6766,156,420,811,1723,1140,691.0,188,12243,2008,1480011.0
Waterbury School District,6915,347,1086,714,1169,1134,550.0,441,12650,2008,1510011.0
Waterford School District,7664,461,240,883,1256,1551,719.0,274,12393,2008,1520011.0
Watertown School District,5965,153,146,425,1334,1268,464.0,13,10151,2008,1530011.0
West Hartford School District,6788,161,574,791,1506,1492,418.0,112,12130,2008,1550011.0
West Haven School District,7501,269,416,700,935,1518,511.0,151,11531,2008,1560011.0
Westbrook School District,7505,220,252,1068,1431,1508,342.0,458,12990,2008,1540011.0
Weston School District,9212,225,1330,913,1299,2244,701.0,336,16658,2008,1570011.0
Westport School District,9031,314,830,1115,1623,1972,728.0,218,16336,2008,1580011.0
Wethersfield School District,7751,238,253,519,1084,1291,516.0,197,12209,2008,1590011.0
Willington School District,7965,355,343,637,1518,1187,498.0,21,12874,2008,1600011.0
Wilton School District,8680,217,731,1324,1530,1589,636.0,0,15129,2008,1610011.0
Winchester School District,6888,213,243,1393,1589,1167,632.0,505,13745,2008,1620011.0
Windham School District,8722,278,213,784,1148,1177,626.0,165,13500,2008,1630011.0
Windsor Locks School District,8394,268,584,939,1280,1701,522.0,329,13719,2008,1650011.0
Windsor School District,7796,253,600,1162,1765,1277,640.0,143,13192,2008,1640011.0
Wolcott School District,6615,281,205,426,1114,1262,499.0,253,10216,2008,1660011.0
Woodbridge School District,9349,439,97,177,1959,1479,311.0,33,14615,2008,1670011.0
Woodstock School District,6540,383,168,673,856,1096,660.0,21,11039,2008,1690011.0
Achievement First Bridgeport Academy District,4476,894,309,754,4607,655,,640,12335,2009,2850013.0
Achievement First Hartford Academy District,4163,1768,254,992,5257,48,,15,13798,2009,2880013.0
Amistad Academy District,6218,756,354,1403,3585,828,,607,14686,2009,2790013.0
Andover School District,7187,276,270,488,1686,1118,248.0,0,11790,2009,10011.0
Ansonia School District,6264,326,244,498,1280,968,421.0,337,10214,2009,20011.0
Ashford School District,10122,448,61,258,1446,1094,655.0,70,15352,2009,30011.0
Avon School District,6804,220,271,1157,981,1276,498.0,139,11575,2009,40011.0
Barkhamsted School District,6484,326,345,132,1074,1049,401.0,7,10523,2009,50011.0
Berlin School District,6661,324,312,1130,1402,1670,580.0,251,12603,2009,70011.0
Bethany School District,6964,256,603,419,1290,1488,320.0,0,11694,2009,80011.0
Bethel School District,7377,185,897,938,1371,1338,736.0,147,13463,2009,90011.0
Bloomfield School District,9209,765,321,1453,2909,2543,715.0,251,16330,2009,110011.0
Bolton School District,8180,225,635,975,1643,1335,831.0,208,14225,2009,120011.0
Bozrah School District,7774,197,154,577,2185,1147,826.0,27,14372,2009,130011.0
Branford School District,7680,569,627,819,1223,1157,752.0,248,13522,2009,140011.0
Bridgeport School District,8037,300,253,806,1126,1380,607.0,87,13101,2009,150011.0
Bristol School District,7370,171,566,445,1071,1174,600.0,227,12037,2009,170011.0
Brookfield School District,6277,172,350,973,1993,966,549.0,211,11888,2009,180011.0
Brooklyn School District,6877,223,185,832,908,1151,805.0,14,11772,2009,190011.0
Canaan School District,14395,616,556,1272,3173,2730,1012.0,206,24406,2009,210011.0
Canterbury School District,7606,152,104,621,1255,1887,951.0,31,13930,2009,220011.0
Canton School District,6789,273,220,918,1769,1630,726.0,37,12661,2009,230011.0
Chaplin School District,11049,475,754,1765,1970,1565,573.0,31,18817,2009,240011.0
Charter School for Young Children on Asylum Hill District,7193,260,86,647,2568,1489,,83,12327,2009,2870013.0
Cheshire School District,7012,249,468,764,1108,1223,635.0,197,11997,2009,250011.0
Chester School District,7617,188,128,1904,1954,1269,239.0,0,13192,2009,260011.0
Clinton School District,9071,454,406,922,1028,1425,658.0,143,14442,2009,270011.0
Colchester School District,6460,207,256,848,1158,1058,703.0,145,11194,2009,280011.0
Colebrook School District,9339,161,419,306,2084,1652,468.0,102,14731,2009,290011.0
Columbia School District,7390,362,284,2827,1778,1113,927.0,63,15633,2009,300011.0
Common Ground High School District,7290,1627,41,666,1701,757,,1062,13184,2009,2680013.0
Cornwall School District,11720,651,1291,1201,2945,2840,1069.0,4,21779,2009,310011.0
Coventry School District,7051,217,262,1127,1094,1147,876.0,477,12678,2009,320011.0
Cromwell School District,7974,314,130,528,1498,1377,494.0,186,12759,2009,330011.0
Danbury School District,7903,325,463,759,1060,947,583.0,84,12061,2009,340011.0
Darien School District,9340,256,557,486,1483,1774,598.0,387,15287,2009,350011.0
Deep River School District,7741,172,191,1679,1842,1530,312.0,0,13642,2009,360011.0
Derby School District,6671,143,89,1281,1407,1241,480.0,164,11717,2009,370011.0
East Granby School District,8019,552,738,733,1747,1593,581.0,212,14370,2009,400011.0
East Haddam School District,6941,402,260,701,1416,1818,847.0,5,13081,2009,410011.0
East Hampton School District,7601,235,337,829,1296,1491,677.0,9,12793,2009,420011.0
East Hartford School District,8808,219,177,402,1560,1190,522.0,91,12166,2009,430011.0
East Haven School District,6808,151,193,1142,1755,1499,606.0,313,13093,2009,440011.0
East Lyme School District,7623,167,539,462,1272,1505,587.0,233,12764,2009,450011.0
East Windsor School District,7887,326,240,442,1695,1310,898.0,317,13452,2009,470011.0
Eastford School District,8237,530,281,1201,1811,1572,644.0,0,14982,2009,390011.0
Easton School District,8680,163,239,178,1432,1299,618.0,148,13443,2009,460011.0
Ellington School District,6870,202,355,553,838,1224,648.0,155,11208,2009,480011.0
Elm City College Preparatory School District,5730,773,302,579,3393,617,,647,12930,2009,2890013.0
Enfield School District,7232,126,285,899,1374,1228,535.0,222,12089,2009,490011.0
Essex School District,6943,286,176,1223,1580,1007,273.0,0,12090,2009,500011.0
Explorations District,6288,87,239,477,2403,1916,,69,11634,2009,2720013.0
Fairfield School District,8142,235,918,1089,1678,1621,649.0,199,14812,2009,510011.0
Farmington School District,7386,302,382,910,913,1300,583.0,43,12338,2009,520011.0
Franklin School District,8432,155,3,698,1665,1540,646.0,31,14308,2009,530011.0
Glastonbury School District,6807,230,629,698,1302,1398,633.0,170,12115,2009,540011.0
Granby School District,6741,519,392,752,1196,1346,583.0,268,11870,2009,560011.0
Greenwich School District,11427,376,365,1169,1689,1930,474.0,0,17909,2009,570011.0
Griswold School District,6396,423,197,445,1681,1490,699.0,238,11729,2009,580011.0
Groton School District,7951,460,625,1213,1428,1591,707.0,1,14094,2009,590011.0
Guilford School District,7333,267,291,849,1625,1317,822.0,186,13320,2009,600011.0
Hamden School District,9244,195,84,917,1518,1719,835.0,204,14612,2009,620011.0
Hampton School District,8784,483,471,1165,2129,1763,601.0,184,18135,2009,630011.0
Hartford School District,8295,433,412,1245,2056,1819,1341.0,0,15951,2009,640011.0
Hartland School District,6465,301,608,1699,1613,1226,752.0,496,10709,2009,650011.0
Hebron School District,6512,223,363,735,933,1076,260.0,0,10311,2009,670011.0
Highville Charter School District,4726,257,178,511,1857,1713,,527,9830,2009,2860013.0
Integrated Day Charter School District,5585,193,492,250,1549,1228,,246,9548,2009,2640013.0
Interdistrict School for Arts and Comm District,6904,230,489,318,2332,1050,,0,11357,2009,2650013.0
Jumoke Academy District,5142,627,302,1111,2120,1283,,1,10586,2009,2610013.0
Kent School District,9050,509,370,913,1591,1752,778.0,112,15929,2009,680011.0
Killingly School District,7529,197,711,720,1486,1296,802.0,0,13533,2009,690011.0
Lebanon School District,6111,221,260,757,1149,1229,803.0,180,11350,2009,710011.0
Ledyard School District,7379,273,353,712,1394,1040,843.0,160,12429,2009,720011.0
Lisbon School District,7477,270,74,1063,1421,898,673.0,0,12590,2009,730011.0
Litchfield School District,7245,308,861,1020,1281,1640,657.0,296,13511,2009,740011.0
Madison School District,6737,329,481,931,985,1357,754.0,354,12376,2009,760011.0
Manchester School District,8321,237,519,941,1556,1624,495.0,196,13783,2009,770011.0
Mansfield School District,10113,635,463,1018,2088,1535,441.0,56,16725,2009,780011.0
Marlborough School District,7252,131,307,288,1180,991,272.0,0,10870,2009,790011.0
Meriden School District,7219,209,158,945,1336,1259,506.0,83,12221,2009,800011.0
Middletown School District,8102,251,355,666,1047,1744,1143.0,259,14115,2009,830011.0
Milford School District,9050,463,274,448,1235,1625,466.0,121,14127,2009,840011.0
Monroe School District,7386,227,502,885,1075,1422,636.0,121,12423,2009,850011.0
Montville School District,7614,410,299,763,1152,1582,727.0,183,12807,2009,860011.0
Naugatuck School District,8443,176,122,887,1447,1524,605.0,134,13259,2009,880011.0
New Beginnings Inc Family Academy District,5502,795,140,661,2016,972,,715,10829,2009,2800013.0
New Britain School District,7966,244,302,432,1086,1138,963.0,49,12642,2009,890011.0
New Canaan School District,9602,163,310,1536,2004,2267,966.0,266,17639,2009,900011.0
New Fairfield School District,6807,283,322,835,1110,1129,428.0,161,11312,2009,910011.0
New Hartford School District,7725,209,67,430,1182,1893,490.0,19,12455,2009,920011.0
New Haven School District,9449,244,566,477,1863,1735,1025.0,228,16015,2009,930011.0
New London School District,8449,348,566,1012,1746,1762,743.0,130,13624,2009,950011.0
New Milford School District,6952,189,242,836,1185,1267,943.0,205,12193,2009,960011.0
Newington School District,7030,528,411,756,1232,1765,563.0,172,12862,2009,940011.0
Newtown School District,6790,286,324,759,1123,1655,878.0,153,12235,2009,970011.0
Norfolk School District,8383,244,674,324,2652,2240,664.0,100,15856,2009,980011.0
North Branford School District,5941,243,671,965,1213,1442,800.0,247,11561,2009,990011.0
North Canaan School District,9719,457,38,818,1994,1731,670.0,4,15880,2009,1000011.0
North Haven School District,6233,125,308,1094,1421,1092,726.0,121,11449,2009,1010011.0
North Stonington School District,9271,483,187,734,1900,1315,934.0,27,14921,2009,1020011.0
Norwalk School District,9306,178,192,1394,2024,1423,506.0,135,15503,2009,1030011.0
Norwich School District,7987,181,99,1294,974,1422,899.0,0,14430,2009,1040011.0
Odyssey Community School District,5504,551,1102,181,1339,1320,,0,9997,2009,2630013.0
Old Saybrook School District,7121,143,736,765,1262,1574,477.0,261,12723,2009,1060011.0
Orange School District,8462,248,343,1083,1365,1115,389.0,72,13752,2009,1070011.0
Oxford School District,6551,202,171,617,1648,1419,656.0,225,11923,2009,1080011.0
Park City Prep Charter School District,3790,321,24,1044,2405,1508,,0,9093,2009,2830013.0
Plainfield School District,6857,214,340,893,1330,1232,782.0,107,12581,2009,1090011.0
Plainville School District,7927,229,450,642,1384,1471,684.0,0,13357,2009,1100011.0
Plymouth School District,6729,336,225,602,1047,1607,1117.0,166,11741,2009,1110011.0
Pomfret School District,7591,289,285,222,1042,1090,784.0,11,12501,2009,1120011.0
Portland School District,7099,319,428,814,1444,1605,569.0,199,12671,2009,1130011.0
Preston School District,9182,726,170,845,1231,1465,1222.0,105,16747,2009,1140011.0
Putnam School District,7467,391,243,1520,1833,1407,556.0,228,14550,2009,1160011.0
Redding School District,10511,256,294,171,1365,1611,741.0,124,16153,2009,1170011.0
Regional School District 01,9386,398,792,1416,1814,2520,223.0,576,18399,2009,2010012.0
Regional School District 04,7825,338,352,832,2791,1908,591.0,54,15462,2009,2040012.0
Regional School District 05,7686,250,483,707,2106,1452,809.0,345,14314,2009,2050012.0
Regional School District 06,7956,413,622,1006,1677,2063,771.0,220,14818,2009,2060012.0
Regional School District 07,7712,433,196,672,1339,1506,1198.0,346,13906,2009,2070012.0
Regional School District 08,7276,125,498,586,1095,1139,663.0,205,12076,2009,2080012.0
Regional School District 09,11701,406,437,169,1654,2170,855.0,125,18534,2009,2090012.0
Regional School District 10,6424,239,785,684,995,1265,896.0,0,11761,2009,2100012.0
Regional School District 11,8929,488,341,963,2916,2030,953.0,681,18077,2009,2110012.0
Regional School District 12,10544,589,853,1458,1852,2412,1239.0,395,19546,2009,2120012.0
Regional School District 13,7242,216,516,1655,1379,1711,847.0,238,14164,2009,2130012.0
Regional School District 14,6997,266,592,1132,1214,1628,793.0,290,13696,2009,2140012.0
Regional School District 15,7114,202,305,1126,1161,1438,772.0,261,12562,2009,2150012.0
Regional School District 16,6353,289,809,833,1341,1406,802.0,195,12285,2009,2160012.0
Regional School District 17,7309,375,228,755,1484,1876,627.0,227,13192,2009,2170012.0
Regional School District 18,8630,352,1013,1378,1886,2801,930.0,349,17981,2009,2180012.0
Regional School District 19,8743,355,253,947,1769,1310,1058.0,698,15613,2009,2190012.0
Ridgefield School District,7984,182,563,692,1049,1635,802.0,275,13906,2009,1180011.0
Rocky Hill School District,7187,230,623,764,1045,1369,435.0,0,11965,2009,1190011.0
Salem School District,8578,411,19,265,2136,1454,887.0,0,14731,2009,1210011.0
Salisbury School District,10819,284,499,798,1684,2954,730.0,4,18395,2009,1220011.0
Scotland School District,8555,672,201,790,1312,1216,522.0,121,13627,2009,1230011.0
Seymour School District,6241,316,309,767,1600,1420,545.0,149,11443,2009,1240011.0
Sharon School District,11959,455,791,1553,3029,2507,865.0,55,22591,2009,1250011.0
Shelton School District,6761,323,486,941,1180,1422,605.0,124,12036,2009,1260011.0
Sherman School District,8781,327,676,106,1525,1215,631.0,80,12613,2009,1270011.0
Side By Side Charter School District,6076,428,120,1119,1828,1603,,0,11174,2009,2700013.0
Simsbury School District,7300,293,757,810,1087,1306,516.0,130,12414,2009,1280011.0
Somers School District,7035,173,232,671,1084,1155,656.0,134,11646,2009,1290011.0
South Windsor School District,7411,271,355,862,1283,1107,734.0,265,12527,2009,1320011.0
Southington School District,7429,148,140,822,1240,1066,441.0,101,11833,2009,1310011.0
Sprague School District,6849,540,112,508,2114,1963,846.0,70,13698,2009,1330011.0
Stafford School District,7607,227,251,1006,1383,1343,1012.0,28,13467,2009,1340011.0
Stamford Academy District,9844,130,0,3707,5701,1471,,444,21622,2009,2820013.0
Stamford School District,9331,273,1051,1059,1831,1500,743.0,0,16283,2009,1350011.0
Sterling School District,7588,287,206,311,993,1076,776.0,39,12473,2009,1360011.0
Stonington School District,7003,123,692,777,1085,1407,763.0,182,12623,2009,1370011.0
Stratford School District,7129,213,388,1106,1153,1341,545.0,226,12432,2009,1380011.0
Suffield School District,7134,286,92,722,1494,1251,555.0,40,12045,2009,1390011.0
The Bridge Academy District,7617,454,34,804,885,548,,333,10729,2009,2690013.0
Thomaston School District,7042,247,17,566,1455,1336,700.0,215,11312,2009,1400011.0
Thompson School District,6003,292,158,742,1736,1351,680.0,183,12242,2009,1410011.0
Tolland School District,6640,209,416,430,1003,1177,685.0,7,11057,2009,1420011.0
Torrington School District,8263,104,261,761,1159,1252,776.0,126,13521,2009,1430011.0
Trailblazers Academy District,11368,65,0,3711,5305,543,,731,21924,2009,2780013.0
Trumbull School District,6799,204,564,962,1408,1310,640.0,103,12487,2009,1440011.0
Union School District,8500,531,224,660,1619,727,1702.0,0,13151,2009,1450011.0
Vernon School District,7726,310,433,908,1040,1512,668.0,148,13105,2009,1460011.0
Voluntown School District,8275,451,249,1562,1856,1338,989.0,150,16573,2009,1470011.0
Wallingford School District,7014,138,440,836,1704,1305,744.0,209,12755,2009,1480011.0
Waterbury School District,6919,319,1239,644,1267,1196,608.0,420,12904,2009,1510011.0
Waterford School District,8138,549,168,922,1278,1533,736.0,281,12916,2009,1520011.0
Watertown School District,6175,190,177,449,1397,1373,522.0,12,10696,2009,1530011.0
West Hartford School District,7105,235,644,827,1479,1371,508.0,118,12591,2009,1550011.0
West Haven School District,7505,235,470,753,969,2288,519.0,176,12012,2009,1560011.0
Westbrook School District,7924,389,196,1163,1580,1680,384.0,455,13903,2009,1540011.0
Weston School District,9529,235,1520,992,1408,2374,727.0,370,17569,2009,1570011.0
Westport School District,9108,526,817,1269,1603,2230,747.0,235,16959,2009,1580011.0
Wethersfield School District,7897,209,232,702,1059,1382,631.0,447,13024,2009,1590011.0
Willington School District,8546,365,341,696,1618,1190,556.0,0,13690,2009,1600011.0
Wilton School District,9119,182,733,1447,1624,1639,679.0,0,15978,2009,1610011.0
Winchester School District,7451,120,211,980,1668,1247,713.0,41,13535,2009,1620011.0
Windham School District,8770,264,354,921,1220,1254,680.0,142,13993,2009,1630011.0
Windsor Locks School District,8634,271,658,950,1406,2000,546.0,257,14433,2009,1650011.0
Windsor School District,8199,254,583,1202,1811,1518,758.0,155,14119,2009,1640011.0
Wolcott School District,7014,287,225,404,1142,1486,570.0,281,10924,2009,1660011.0
Woodbridge School District,10290,617,107,203,2175,1449,310.0,30,15627,2009,1670011.0
Woodstock School District,7021,351,178,715,887,1097,594.0,21,11401,2009,1690011.0
Achievement First Bridgeport Academy District,4558,710,333,767,4874,750,,626,12619,2010,2850013.0
Achievement First Hartford Academy District,4746,822,245,926,4446,37,,0,11222,2010,2880013.0
Amistad Academy District,6109,587,421,1394,3518,795,,573,13397,2010,2790013.0
Andover School District,7593,290,267,505,1694,1179,202.0,0,12262,2010,10011.0
Ansonia School District,6230,444,313,389,1323,988,497.0,321,10462,2010,20011.0
Ashford School District,10605,445,35,419,1241,1073,684.0,28,15556,2010,30011.0
Avon School District,7065,221,303,1228,953,1239,545.0,212,11961,2010,40011.0
Barkhamsted School District,6622,158,420,137,1062,1018,422.0,0,10596,2010,50011.0
Berlin School District,7150,293,302,1195,1346,1559,632.0,261,13047,2010,70011.0
Bethany School District,7879,313,563,319,1362,1253,327.0,0,12623,2010,80011.0
Bethel School District,7782,177,932,918,1269,1256,698.0,152,13706,2010,90011.0
Bloomfield School District,9631,514,348,1456,2697,2315,673.0,254,16805,2010,110011.0
Bolton School District,8435,219,588,1060,1639,1213,777.0,233,14380,2010,120011.0
Bozrah School District,8339,144,159,642,1816,1533,839.0,0,15245,2010,130011.0
Branford School District,8181,564,541,852,1182,1143,759.0,259,13863,2010,140011.0
Bridgeport School District,8371,202,257,870,1182,1281,659.0,81,13479,2010,150011.0
Bristol School District,7550,261,560,488,1200,1234,562.0,217,12511,2010,170011.0
Brookfield School District,7072,175,590,809,1675,902,589.0,213,12263,2010,180011.0
Brooklyn School District,7233,181,188,832,966,1096,775.0,32,12027,2010,190011.0
Canaan School District,13034,457,377,1117,2701,1929,765.0,145,20426,2010,210011.0
Canterbury School District,8519,318,90,710,1441,2086,1194.0,42,15828,2010,220011.0
Canton School District,6762,338,139,1403,1665,1451,702.0,351,13134,2010,230011.0
Chaplin School District,11329,660,743,1951,2098,1576,645.0,31,19649,2010,240011.0
Charter School for Young Children on Asylum Hill District,7806,1000,75,431,2456,2221,,341,14330,2010,2870013.0
Cheshire School District,7181,211,442,790,1159,1144,708.0,184,12196,2010,250011.0
Chester School District,8400,196,117,2032,2010,1180,259.0,0,14104,2010,260011.0
Clinton School District,9559,361,466,995,1230,897,689.0,112,14745,2010,270011.0
Colchester School District,6883,189,175,781,1028,949,740.0,135,11349,2010,280011.0
Colebrook School District,9333,79,291,307,2019,1365,449.0,98,14570,2010,290011.0
Columbia School District,7631,82,296,3068,1658,1010,906.0,112,15969,2010,300011.0
Common Ground High School District,6325,377,162,1003,2512,885,,1127,12445,2010,2680013.0
Cornwall School District,12355,579,1318,1250,2777,2493,1229.0,0,22812,2010,310011.0
Coventry School District,7841,231,182,774,1095,1116,846.0,391,13060,2010,320011.0
Cromwell School District,7848,316,162,561,1602,1176,514.0,208,12582,2010,330011.0
Danbury School District,7988,385,393,659,1048,888,600.0,87,12010,2010,340011.0
Darien School District,9798,253,552,496,1608,1453,553.0,385,15328,2010,350011.0
Deep River School District,8375,209,141,1422,1855,1290,425.0,0,14548,2010,360011.0
Derby School District,7001,204,52,925,1709,1316,580.0,147,12226,2010,370011.0
East Granby School District,8570,658,797,798,1701,1608,577.0,221,14704,2010,400011.0
East Haddam School District,7544,244,267,749,1431,1653,864.0,13,13441,2010,410011.0
East Hampton School District,7942,225,364,835,1374,1277,694.0,12,13014,2010,420011.0
East Hartford School District,8663,237,274,403,1437,1238,545.0,94,11987,2010,430011.0
East Haven School District,7380,155,59,1224,1833,1464,622.0,266,13378,2010,440011.0
East Lyme School District,7955,117,544,463,1205,1569,567.0,238,13220,2010,450011.0
East Windsor School District,8412,446,230,498,1778,1164,890.0,64,13576,2010,470011.0
Eastford School District,9482,302,477,2435,1949,1095,711.0,0,17081,2010,390011.0
Easton School District,9115,237,309,162,1471,1338,646.0,12,13873,2010,460011.0
Ellington School District,6801,247,316,724,819,1108,604.0,136,11021,2010,480011.0
Elm City College Preparatory School District,5751,517,329,580,3411,724,,685,11996,2010,2890013.0
Enfield School District,7532,199,200,894,1125,1294,489.0,202,12147,2010,490011.0
Essex School District,7571,224,152,1214,1560,980,305.0,26,12621,2010,500011.0
Explorations District,6959,192,180,567,2703,2005,,78,12871,2010,2720013.0
Fairfield School District,8239,234,920,1073,1625,1475,704.0,199,14834,2010,510011.0
Farmington School District,7929,242,403,889,1023,1367,603.0,92,12972,2010,520011.0
Franklin School District,9337,75,7,664,1600,1437,598.0,22,15001,2010,530011.0
Glastonbury School District,7239,279,655,704,1308,1389,635.0,155,12547,2010,540011.0
Granby School District,7087,539,393,726,1238,1289,567.0,257,12014,2010,560011.0
Greenwich School District,11629,377,260,1169,1646,1893,476.0,0,18020,2010,570011.0
Griswold School District,8175,117,191,479,1524,1257,734.0,174,12854,2010,580011.0
Groton School District,8496,395,555,1247,1497,1636,751.0,0,14666,2010,590011.0
Guilford School District,7902,354,417,856,1392,1191,823.0,190,13736,2010,600011.0
Hamden School District,10172,250,204,1145,1351,1600,843.0,126,15412,2010,620011.0
Hampton School District,9409,494,519,1280,2197,1658,644.0,127,18396,2010,630011.0
Hartford School District,8818,931,275,1190,2322,1847,1191.0,11,16876,2010,640011.0
Hartland School District,6626,294,835,1627,1716,1128,906.0,531,10836,2010,650011.0
Hebron School District,6694,232,373,777,953,1057,268.0,0,10635,2010,670011.0
Highville Charter School District,4970,468,128,668,1853,1866,,542,10600,2010,2860013.0
Integrated Day Charter School District,5746,202,451,274,1503,1181,,336,9695,2010,2640013.0
Interdistrict School for Arts and Comm District,7466,236,409,431,2089,1039,,0,11697,2010,2650013.0
Jumoke Academy District,5309,209,290,889,1826,1327,,0,9850,2010,2610013.0
Kent School District,10037,461,392,1056,1731,1673,874.0,30,17181,2010,680011.0
Killingly School District,7751,265,690,770,1508,1202,870.0,0,14275,2010,690011.0
Lebanon School District,6832,156,201,961,1318,1260,871.0,141,12228,2010,710011.0
Ledyard School District,7621,315,394,738,1462,1067,883.0,145,12893,2010,720011.0
Lisbon School District,8016,281,47,1086,1195,895,737.0,0,13033,2010,730011.0
Litchfield School District,7343,177,829,1149,1342,1436,703.0,334,13671,2010,740011.0
Madison School District,7268,342,528,1076,1021,1485,784.0,343,13208,2010,760011.0
Manchester School District,8687,267,508,1005,1483,1606,482.0,177,14046,2010,770011.0
Mansfield School District,10454,391,494,805,2132,1578,438.0,55,16709,2010,780011.0
Marlborough School District,7307,284,282,404,1052,908,275.0,0,10679,2010,790011.0
Meriden School District,7625,249,186,1000,1230,1252,547.0,106,12614,2010,800011.0
Middletown School District,8414,131,327,718,969,1503,1222.0,172,13940,2010,830011.0
Milford School District,9722,398,278,453,1258,1591,471.0,128,14675,2010,840011.0
Monroe School District,8267,154,467,975,1265,1466,570.0,109,13392,2010,850011.0
Montville School District,8065,462,282,839,1256,1666,785.0,194,13534,2010,860011.0
Naugatuck School District,8193,208,154,875,1420,1138,542.0,151,12583,2010,880011.0
New Beginnings Inc Family Academy District,5715,646,254,536,2011,1306,,811,11348,2010,2800013.0
New Britain School District,8060,385,369,518,1081,1186,1013.0,16,12936,2010,890011.0
New Canaan School District,9841,179,342,1693,2083,2076,943.0,287,18058,2010,900011.0
New Fairfield School District,7107,279,325,910,1322,1149,469.0,167,12054,2010,910011.0
New Hartford School District,8561,174,54,473,1191,1409,528.0,5,13086,2010,920011.0
New Haven School District,9940,365,370,471,2024,1672,1000.0,193,16499,2010,930011.0
New London School District,8628,403,604,1015,1813,1834,801.0,150,13824,2010,950011.0
New Milford School District,7105,252,231,759,1145,1160,844.0,234,12125,2010,960011.0
Newington School District,8099,352,408,774,1335,1658,580.0,169,13818,2010,940011.0
Newtown School District,7034,315,329,838,1217,1613,829.0,161,12633,2010,970011.0
Norfolk School District,9369,278,960,375,2978,2487,629.0,15,17768,2010,980011.0
North Branford School District,6426,285,677,1013,1335,1522,763.0,279,12304,2010,990011.0
North Canaan School District,10135,330,59,875,1969,1517,680.0,0,16262,2010,1000011.0
North Haven School District,6563,131,306,1165,1775,1090,619.0,130,12175,2010,1010011.0
North Stonington School District,9419,416,211,835,1872,1479,940.0,0,15309,2010,1020011.0
Norwalk School District,10221,127,157,795,2096,1337,477.0,164,15727,2010,1030011.0
Norwich School District,8175,164,116,1327,1220,1167,908.0,0,14677,2010,1040011.0
Odyssey Community School District,5979,228,1110,187,1275,1305,,0,10084,2010,2630013.0
Old Saybrook School District,7754,169,682,778,1316,1509,486.0,268,13531,2010,1060011.0
Orange School District,8939,250,598,988,1321,1070,364.0,21,13944,2010,1070011.0
Oxford School District,6970,284,7,881,1481,1153,606.0,211,12019,2010,1080011.0
Park City Prep Charter School District,4074,1174,200,822,2565,1890,,0,10725,2010,2830013.0
Plainfield School District,7642,165,199,946,1327,1343,959.0,102,13452,2010,1090011.0
Plainville School District,8190,289,429,623,1313,1426,606.0,0,13447,2010,1100011.0
Plymouth School District,7329,382,234,610,1123,1607,1075.0,213,12321,2010,1110011.0
Pomfret School District,8763,366,221,216,1097,1246,851.0,0,14179,2010,1120011.0
Portland School District,7432,159,337,724,1370,1626,521.0,178,12421,2010,1130011.0
Preston School District,10199,590,317,890,1807,1679,1478.0,1,19928,2010,1140011.0
Putnam School District,8489,190,252,1285,1448,1857,623.0,205,15220,2010,1160011.0
Redding School District,11537,246,339,168,1399,1407,754.0,14,16664,2010,1170011.0
Regional School District 01,10764,389,699,1728,1986,2270,276.0,638,19811,2010,2010012.0
Regional School District 04,7983,173,338,869,2645,1770,537.0,83,15184,2010,2040012.0
Regional School District 05,7687,210,486,816,2096,1336,765.0,342,14327,2010,2050012.0
Regional School District 06,8298,542,581,951,1723,1719,832.0,258,15224,2010,2060012.0
Regional School District 07,7950,451,195,662,1442,1510,1223.0,364,14239,2010,2070012.0
Regional School District 08,7367,127,513,638,1110,1191,719.0,193,12326,2010,2080012.0
Regional School District 09,12265,385,476,136,1534,1955,805.0,13,19091,2010,2090012.0
Regional School District 10,6732,240,675,791,1032,1122,857.0,0,11991,2010,2100012.0
Regional School District 11,9841,542,375,970,2946,2141,1076.0,769,19411,2010,2110012.0
Regional School District 12,11262,618,860,1623,2130,2101,1389.0,412,20734,2010,2120012.0
Regional School District 13,7771,208,447,1793,1598,1607,788.0,280,14838,2010,2130012.0
Regional School District 14,7212,294,703,1263,1212,1623,797.0,337,14328,2010,2140012.0
Regional School District 15,7508,226,412,1123,1169,1342,758.0,263,13002,2010,2150012.0
Regional School District 16,7344,200,770,909,1377,1227,710.0,175,12956,2010,2160012.0
Regional School District 17,7888,218,240,717,1483,1796,768.0,231,13752,2010,2170012.0
Regional School District 18,8551,306,995,1308,1863,2540,826.0,394,17312,2010,2180012.0
Regional School District 19,8866,340,228,914,1781,1221,1070.0,569,15562,2010,2190012.0
Ridgefield School District,8635,170,766,711,1139,1559,825.0,242,14555,2010,1180011.0
Rocky Hill School District,7458,288,723,733,1021,1444,477.0,0,12451,2010,1190011.0
Salem School District,9607,710,101,275,2218,1522,914.0,0,16096,2010,1210011.0
Salisbury School District,11799,285,491,905,1634,2061,966.0,0,19252,2010,1220011.0
Scotland School District,10139,397,274,1049,1555,1255,485.0,177,15781,2010,1230011.0
Seymour School District,6803,326,316,811,1688,1516,542.0,163,12176,2010,1240011.0
Sharon School District,12249,402,482,1519,2575,2384,881.0,37,21392,2010,1250011.0
Shelton School District,7016,296,517,1034,1087,1228,570.0,131,12105,2010,1260011.0
Sherman School District,9708,95,560,111,1330,1117,671.0,85,12787,2010,1270011.0
Side By Side Charter School District,6332,103,90,1239,1777,1059,,0,10599,2010,2700013.0
Simsbury School District,7716,298,769,909,1073,1494,525.0,137,13072,2010,1280011.0
Somers School District,7242,218,261,745,1118,1099,634.0,162,12043,2010,1290011.0
South Windsor School District,7758,351,367,935,1311,1216,696.0,259,13180,2010,1320011.0
Southington School District,7777,252,143,861,1270,1036,483.0,104,12374,2010,1310011.0
Sprague School District,8192,325,150,590,1996,1387,904.0,117,13907,2010,1330011.0
Stafford School District,8141,210,228,1045,1508,1292,1050.0,45,14109,2010,1340011.0
Stamford Academy District,7739,42,0,2524,8448,630,,527,20368,2010,2820013.0
Stamford School District,9601,268,946,1090,1760,1443,747.0,0,16375,2010,1350011.0
Sterling School District,7378,317,626,331,1036,947,798.0,37,12620,2010,1360011.0
Stonington School District,7389,156,536,846,1097,1551,744.0,176,13039,2010,1370011.0
Stratford School District,7503,192,435,1202,1100,1190,552.0,210,12889,2010,1380011.0
Suffield School District,7528,299,86,744,1539,873,527.0,67,12361,2010,1390011.0
The Bridge Academy District,7229,341,46,787,852,564,,353,10277,2010,2690013.0
Thomaston School District,7463,240,14,553,1506,1317,760.0,250,11740,2010,1400011.0
Thompson School District,6411,108,166,906,1639,1399,711.0,199,12659,2010,1410011.0
Tolland School District,6885,165,470,464,1020,1076,551.0,33,11133,2010,1420011.0
Torrington School District,8463,198,265,690,1153,1275,843.0,99,13878,2010,1430011.0
Trailblazers Academy District,8399,61,0,1953,11132,2287,,663,24670,2010,2780013.0
Trumbull School District,7124,294,506,935,1492,1347,646.0,119,12952,2010,1440011.0
Union School District,8853,1097,52,677,2177,837,1696.0,0,14115,2010,1450011.0
Vernon School District,7511,476,461,835,1037,1321,613.0,149,12655,2010,1460011.0
Voluntown School District,8523,593,295,1416,1888,1455,996.0,188,16757,2010,1470011.0
Wallingford School District,7644,50,363,845,1697,1286,807.0,199,13226,2010,1480011.0
Waterbury School District,7501,319,1886,675,1247,1179,598.0,428,14122,2010,1510011.0
Waterford School District,8604,343,168,973,1422,1433,753.0,271,13303,2010,1520011.0
Watertown School District,7269,262,146,447,1411,1263,537.0,0,11624,2010,1530011.0
West Hartford School District,7392,200,604,854,1478,1285,509.0,117,12701,2010,1550011.0
West Haven School District,8063,221,431,767,1083,2493,616.0,261,12901,2010,1560011.0
Westbrook School District,8602,514,260,759,1517,1684,429.0,396,14315,2010,1540011.0
Weston School District,9907,216,1413,1012,1396,2268,617.0,425,17837,2010,1570011.0
Westport School District,9655,472,771,1293,1676,2150,705.0,238,17454,2010,1580011.0
Wethersfield School District,8100,268,325,787,1185,1582,557.0,177,13368,2010,1590011.0
Willington School District,9108,270,443,765,1881,1112,588.0,0,14675,2010,1600011.0
Wilton School District,9703,191,737,1503,1663,1431,727.0,0,16411,2010,1610011.0
Winchester School District,8287,82,276,936,1940,1185,716.0,4,14958,2010,1620011.0
Windham School District,9235,239,313,1009,808,1256,699.0,158,14116,2010,1630011.0
Windsor Locks School District,9627,262,580,809,1602,1839,600.0,262,15241,2010,1650011.0
Windsor School District,8915,271,647,1359,1908,1541,764.0,153,15186,2010,1640011.0
Wolcott School District,7676,206,146,457,1208,1328,579.0,266,11300,2010,1660011.0
Woodbridge School District,11100,653,92,211,2239,945,331.0,10,16196,2010,1670011.0
Woodstock School District,7399,271,188,774,895,907,553.0,6,11524,2010,1690011.0
Achievement First Bridgeport Academy District,5341,1156,2218,996,2739,345,,692,13569,2011,2850013.0
Achievement First Hartford Academy District,6235,940,1704,500,2148,89,,51,11683,2011,2880013.0
Amistad Academy District,6311,818,1832,1927,2233,226,,602,13993,2011,2790013.0
Andover School District,7988,322,223,467,1749,1360,228.0,0,12923,2011,10011.0
Ansonia School District,6563,395,284,611,1200,1074,562.0,288,10992,2011,20011.0
Ashford School District,9502,325,126,460,1574,1031,912.0,60,14873,2011,30011.0
Avon School District,7499,219,345,956,1205,1277,581.0,277,12562,2011,40011.0
Barkhamsted School District,6737,140,413,140,1095,937,427.0,1,10744,2011,50011.0
Berlin School District,7108,357,337,1240,1417,1642,645.0,268,13264,2011,70011.0
Bethany School District,7856,376,547,297,1321,1442,360.0,0,13317,2011,80011.0
Bethel School District,8263,203,957,967,1358,1238,718.0,179,14459,2011,90011.0
Bloomfield School District,10151,527,274,1461,2838,2367,777.0,245,17318,2011,110011.0
Bolton School District,8219,231,592,991,1553,1160,789.0,251,14108,2011,120011.0
Bozrah School District,9573,510,148,819,1860,1324,989.0,0,17367,2011,130011.0
Branford School District,8640,391,556,895,1214,1178,809.0,286,14407,2011,140011.0
Bridgeport School District,8816,201,252,883,1134,1227,682.0,48,13795,2011,150011.0
Bristol School District,7627,171,654,623,1109,1204,614.0,241,12679,2011,170011.0
Brookfield School District,8041,150,624,869,1403,1141,644.0,230,12996,2011,180011.0
Brooklyn School District,7870,175,184,746,976,1130,805.0,78,12694,2011,190011.0
Canaan School District,15577,538,649,1357,3155,2089,799.0,170,23960,2011,210011.0
Canterbury School District,8779,422,139,841,1626,2569,1241.0,50,17016,2011,220011.0
Canton School District,6672,246,302,1669,1328,1448,723.0,348,13098,2011,230011.0
Chaplin School District,10522,432,1030,1391,1894,1665,670.0,29,18176,2011,240011.0
Charter School for Young Children on Asylum Hill District,7918,696,38,723,2079,2612,,268,14334,2011,2870013.0
Cheshire School District,7541,247,455,830,1252,1310,777.0,183,13023,2011,250011.0
Chester School District,8785,233,134,2352,2439,1394,234.0,0,15304,2011,260011.0
Clinton School District,9414,605,321,1044,1294,1043,701.0,76,15099,2011,270011.0
Colchester School District,7182,175,173,874,1206,1083,793.0,119,12047,2011,280011.0
Colebrook School District,9946,92,271,326,2327,1518,380.0,106,16310,2011,290011.0
Columbia School District,7463,471,276,3217,1669,783,950.0,758,16755,2011,300011.0
Common Ground High School District,6245,933,1204,528,3008,1005,,1150,14129,2011,2680013.0
Cornwall School District,13897,736,958,1404,3066,2767,1441.0,0,24268,2011,310011.0
Coventry School District,8373,223,80,776,1253,1416,868.0,226,13673,2011,320011.0
Cromwell School District,8321,249,164,663,1436,1986,447.0,161,13572,2011,330011.0
Danbury School District,8221,333,354,641,1025,874,588.0,83,12099,2011,340011.0
Darien School District,10339,248,661,575,1331,1465,544.0,297,15952,2011,350011.0
Deep River School District,8037,162,157,1896,1900,1465,397.0,0,14819,2011,360011.0
Derby School District,7385,162,123,895,1725,1422,543.0,159,12715,2011,370011.0
East Granby School District,8964,508,843,866,1901,1573,562.0,224,15055,2011,400011.0
East Haddam School District,8042,439,296,748,1481,1736,887.0,19,14246,2011,410011.0
East Hampton School District,8388,272,411,928,1483,1480,754.0,9,13909,2011,420011.0
East Hartford School District,9043,276,219,437,1537,1364,625.0,96,12509,2011,430011.0
East Haven School District,7442,116,79,1222,2032,1417,672.0,296,13378,2011,440011.0
East Lyme School District,8110,127,550,577,1144,1608,572.0,240,13354,2011,450011.0
East Windsor School District,9046,377,258,539,2377,1465,867.0,66,15095,2011,470011.0
Eastford School District,9739,371,316,1508,1578,1570,772.0,0,16369,2011,390011.0
Easton School District,9234,167,324,173,1615,1489,710.0,6,14359,2011,460011.0
Ellington School District,6774,151,306,871,844,1137,656.0,140,11172,2011,480011.0
Elm City College Preparatory School District,5361,972,2090,1238,2747,301,,653,13398,2011,2890013.0
Enfield School District,7874,191,118,902,1439,1008,558.0,168,12381,2011,490011.0
Essex School District,7389,271,192,1393,1610,1043,296.0,2,12974,2011,500011.0
Explorations District,7481,160,235,640,2873,2363,,128,14056,2011,2720013.0
Fairfield School District,8021,209,1025,1074,1656,1502,748.0,208,14815,2011,510011.0
Farmington School District,8470,184,396,903,1053,1342,587.0,60,13534,2011,520011.0
Franklin School District,7768,21,19,710,1505,1461,659.0,136,13713,2011,530011.0
Glastonbury School District,7384,269,685,733,1454,1386,675.0,161,13011,2011,540011.0
Granby School District,7062,481,382,748,1358,1450,644.0,249,12263,2011,560011.0
Greenwich School District,12187,358,299,1225,1718,1865,507.0,0,18698,2011,570011.0
Griswold School District,8538,199,101,444,1815,1210,796.0,196,13507,2011,580011.0
Groton School District,8842,350,540,1188,1595,1619,787.0,0,14850,2011,590011.0
Guilford School District,8182,240,427,904,1444,1217,814.0,192,14081,2011,600011.0
Hamden School District,10237,139,208,1218,1538,1738,878.0,150,15662,2011,620011.0
Hampton School District,10215,300,525,1261,2397,1346,686.0,195,19402,2011,630011.0
Hartford School District,9103,613,351,1202,2123,2055,1222.0,14,16999,2011,640011.0
Hartland School District,7464,281,905,1736,1844,1234,836.0,576,13760,2011,650011.0
Hebron School District,6981,163,399,804,1003,1107,242.0,0,10828,2011,670011.0
Highville Charter School District,5275,199,184,404,1989,1884,,793,10810,2011,2860013.0
Integrated Day Charter School District,5911,128,314,267,1681,1256,,339,9913,2011,2640013.0
Interdistrict School for Arts and Comm District,8088,189,49,327,2085,1299,,0,12075,2011,2650013.0
Jumoke Academy District,5794,260,613,759,2037,1414,,0,10877,2011,2610013.0
Kent School District,10056,471,427,1056,1696,1736,911.0,26,16807,2011,680011.0
Killingly School District,7649,229,718,683,1422,1538,919.0,0,14449,2011,690011.0
Lebanon School District,8125,284,201,442,1349,1257,919.0,50,13260,2011,710011.0
Ledyard School District,7256,353,385,736,1492,1052,904.0,146,12703,2011,720011.0
Lisbon School District,8502,498,55,1174,1359,1388,788.0,0,14685,2011,730011.0
Litchfield School District,7741,211,902,1157,1362,1608,760.0,295,14373,2011,740011.0
Madison School District,7630,358,540,1111,1097,1416,826.0,357,13749,2011,760011.0
Manchester School District,8917,337,576,981,1541,1588,532.0,200,14307,2011,770011.0
Mansfield School District,10222,390,467,714,2141,1335,491.0,61,16285,2011,780011.0
Marlborough School District,7215,140,319,432,1006,1062,264.0,0,10579,2011,790011.0
Meriden School District,7670,98,150,1011,1196,1298,599.0,86,12732,2011,800011.0
Middletown School District,8411,151,282,757,1020,1675,1087.0,191,13984,2011,830011.0
Milford School District,10126,381,270,441,1256,1632,562.0,134,15161,2011,840011.0
Monroe School District,8570,310,536,1018,1255,1576,596.0,83,14127,2011,850011.0
Montville School District,8484,495,290,821,1222,1547,750.0,216,13762,2011,860011.0
Naugatuck School District,8622,141,163,883,1576,1226,582.0,202,13259,2011,880011.0
New Beginnings Inc Family Academy District,5879,349,232,541,1688,1267,,850,10827,2011,2800013.0
New Britain School District,8774,327,276,416,1161,1044,1024.0,19,13338,2011,890011.0
New Canaan School District,9822,193,331,1700,2095,2120,955.0,292,18132,2011,900011.0
New Fairfield School District,7723,314,342,990,1437,1159,532.0,184,12974,2011,910011.0
New Hartford School District,9234,121,52,480,1254,1460,554.0,28,13875,2011,920011.0
New Haven School District,10196,260,351,471,1985,1726,1119.0,330,16996,2011,930011.0
New London School District,8133,316,555,1082,1765,1793,897.0,152,13505,2011,950011.0
New Milford School District,7699,349,240,867,1115,1196,912.0,211,12956,2011,960011.0
Newington School District,8531,406,429,726,1400,1780,603.0,168,14393,2011,940011.0
Newtown School District,7152,206,302,914,1222,1726,877.0,154,12856,2011,970011.0
Norfolk School District,10273,174,192,361,3078,2980,642.0,17,17869,2011,980011.0
North Branford School District,6874,256,670,1018,1326,1540,860.0,323,12893,2011,990011.0
North Canaan School District,9679,420,30,962,2996,1730,711.0,0,17059,2011,1000011.0
North Haven School District,6861,182,293,1168,2041,1175,556.0,136,12771,2011,1010011.0
North Stonington School District,9375,664,201,787,1641,1563,990.0,0,15153,2011,1020011.0
Norwalk School District,9933,167,131,994,2061,1393,455.0,116,15644,2011,1030011.0
Norwich School District,8685,95,122,1376,1109,1137,1013.0,0,15135,2011,1040011.0
Odyssey Community School District,6136,225,107,203,2351,1269,,0,10290,2011,2630013.0
Old Saybrook School District,7878,163,812,846,1389,1736,542.0,300,14268,2011,1060011.0
Orange School District,8951,209,568,1155,1400,1219,388.0,0,14464,2011,1070011.0
Oxford School District,7102,280,12,871,1543,1289,632.0,224,12267,2011,1080011.0
Park City Prep Charter School District,4495,772,216,820,2174,1455,,0,9932,2011,2830013.0
Plainfield School District,7921,163,189,1000,1298,1163,1009.0,84,13637,2011,1090011.0
Plainville School District,8364,282,386,589,1492,1455,648.0,0,13814,2011,1100011.0
Plymouth School District,7786,396,256,493,1135,1957,1106.0,240,12757,2011,1110011.0
Pomfret School District,9306,261,198,216,1077,1261,945.0,0,14963,2011,1120011.0
Portland School District,7476,212,404,798,1452,1898,555.0,211,13068,2011,1130011.0
Preston School District,11205,325,72,746,2091,1789,1261.0,0,20326,2011,1140011.0
Putnam School District,8257,292,250,1287,1426,1362,658.0,192,14619,2011,1160011.0
Redding School District,11945,240,367,172,1517,1688,784.0,2,17532,2011,1170011.0
Regional School District 01,10653,468,968,1548,1939,2514,283.0,848,20855,2011,2010012.0
Regional School District 04,8278,234,272,834,2834,2397,492.0,79,15990,2011,2040012.0
Regional School District 05,7682,210,472,887,2122,1372,693.0,384,14501,2011,2050012.0
Regional School District 06,8854,204,754,1012,1794,1709,827.0,266,15582,2011,2060012.0
Regional School District 07,7920,338,197,636,1458,1886,1217.0,385,14608,2011,2070012.0
Regional School District 08,7436,83,530,647,1044,1166,695.0,185,12321,2011,2080012.0
Regional School District 09,12716,411,414,136,1609,2133,833.0,6,19538,2011,2090012.0
Regional School District 10,6799,218,734,777,1041,1227,803.0,0,12010,2011,2100012.0
Regional School District 11,10436,527,402,1294,3322,2339,1158.0,816,20166,2011,2110012.0
Regional School District 12,11887,558,875,1775,1989,2195,1525.0,428,21720,2011,2120012.0
Regional School District 13,8284,194,476,1942,1620,1692,820.0,307,15605,2011,2130012.0
Regional School District 14,7143,282,584,1346,1316,1521,907.0,369,14350,2011,2140012.0
Regional School District 15,7715,147,409,1230,1293,1496,791.0,298,13587,2011,2150012.0
Regional School District 16,7840,232,756,923,1512,1361,896.0,187,13939,2011,2160012.0
Regional School District 17,8163,269,247,740,1488,1823,1209.0,243,14492,2011,2170012.0
Regional School District 18,8806,321,964,1363,1939,2728,771.0,350,17768,2011,2180012.0
Regional School District 19,8928,217,254,991,1790,1267,1097.0,598,15980,2011,2190012.0
Ridgefield School District,8984,202,757,732,1164,1621,823.0,163,15065,2011,1180011.0
Rocky Hill School District,7888,230,786,808,1015,1524,489.0,0,12984,2011,1190011.0
Salem School District,9418,603,77,304,2419,1710,984.0,0,16436,2011,1210011.0
Salisbury School District,12025,277,688,758,1699,2992,983.0,0,20277,2011,1220011.0
Scotland School District,10653,515,438,1193,2030,1541,551.0,221,17578,2011,1230011.0
Seymour School District,6781,215,303,804,1751,1645,522.0,148,12179,2011,1240011.0
Sharon School District,12946,455,275,1679,2796,2794,950.0,63,22966,2011,1250011.0
Shelton School District,7043,285,400,1068,1294,1348,665.0,78,12379,2011,1260011.0
Sherman School District,10707,375,699,130,1384,1323,736.0,93,14473,2011,1270011.0
Side By Side Charter School District,6496,107,29,1503,1721,1183,,0,11040,2011,2700013.0
Simsbury School District,7941,242,831,989,1105,1417,490.0,145,13221,2011,1280011.0
Somers School District,7700,227,270,782,1214,1116,648.0,162,12689,2011,1290011.0
South Windsor School District,8148,342,484,1014,1450,1412,707.0,250,14144,2011,1320011.0
Southington School District,7580,262,134,848,1308,1067,486.0,113,12284,2011,1310011.0
Sprague School District,8547,544,138,577,1939,1284,824.0,65,14015,2011,1330011.0
Stafford School District,7922,213,221,985,1440,1567,1055.0,43,14051,2011,1340011.0
Stamford Academy District,10096,613,0,4522,7014,1217,,584,24521,2011,2820013.0
Stamford School District,9371,297,1066,1051,1889,1461,787.0,0,16448,2011,1350011.0
Sterling School District,7702,238,547,361,1044,1096,979.0,50,15238,2011,1360011.0
Stonington School District,7426,139,568,772,1081,1563,816.0,172,13192,2011,1370011.0
Stratford School District,7830,203,411,1310,1212,1224,602.0,197,13522,2011,1380011.0
Suffield School District,7900,249,90,744,1611,862,504.0,54,12681,2011,1390011.0
The Bridge Academy District,7092,527,133,880,912,713,,441,10815,2011,2690013.0
Thomaston School District,7855,255,21,544,1633,1466,740.0,228,12140,2011,1400011.0
Thompson School District,6442,175,163,936,1983,1613,627.0,260,13236,2011,1410011.0
Tolland School District,7028,113,467,486,1100,1137,630.0,9,11525,2011,1420011.0
Torrington School District,8767,164,245,792,1201,1300,845.0,110,14296,2011,1430011.0
Trailblazers Academy District,9274,448,0,2859,12312,1509,,712,27331,2011,2780013.0
Trumbull School District,7654,115,400,931,1464,1313,649.0,111,12989,2011,1440011.0
Union School District,8384,545,33,781,2577,1658,1788.0,0,14708,2011,1450011.0
Vernon School District,8073,383,761,919,1127,1557,620.0,154,13803,2011,1460011.0
Voluntown School District,8344,321,245,1485,1990,1294,841.0,141,16004,2011,1470011.0
Wallingford School District,7802,91,394,890,1815,1316,882.0,201,13744,2011,1480011.0
Waterbury School District,7743,236,1945,682,1290,1232,628.0,455,14483,2011,1510011.0
Waterford School District,9012,451,183,961,1464,1650,821.0,270,14132,2011,1520011.0
Watertown School District,6623,160,132,788,1374,1351,603.0,144,11691,2011,1530011.0
West Hartford School District,7693,219,672,890,1555,1195,538.0,117,13140,2011,1550011.0
West Haven School District,8095,235,435,778,1105,2534,541.0,263,12938,2011,1560011.0
Westbrook School District,9326,570,290,831,1576,1717,397.0,426,15325,2011,1540011.0
Weston School District,10185,143,1441,1107,1465,2323,678.0,393,18299,2011,1570011.0
Westport School District,9962,453,702,1298,1765,2164,701.0,253,17826,2011,1580011.0
Wethersfield School District,8198,182,273,836,1153,1741,586.0,169,13610,2011,1590011.0
Willington School District,9555,213,488,840,1998,1252,556.0,0,15619,2011,1600011.0
Wilton School District,9689,210,687,1457,1592,1508,740.0,0,16428,2011,1610011.0
Winchester School District,8076,19,167,1542,1485,1132,674.0,3,14496,2011,1620011.0
Windham School District,9585,242,248,942,943,1266,778.0,164,14934,2011,1630011.0
Windsor Locks School District,9445,256,572,982,1566,1985,619.0,252,15502,2011,1650011.0
Windsor School District,9116,348,657,1433,1999,1709,973.0,157,15778,2011,1640011.0
Wolcott School District,7694,210,193,402,1187,1401,619.0,275,11512,2011,1660011.0
Woodbridge School District,10884,698,89,213,2332,1314,333.0,0,16399,2011,1670011.0
Woodstock School District,7169,279,191,808,891,1062,557.0,61,11563,2011,1690011.0
Achievement First Bridgeport Academy District,6707,392,285,1091,4012,546,,696,13848,2012,2850013.0
Achievement First Hartford Academy District,7358,324,192,261,2419,36,,50,10686,2012,2880013.0
Amistad Academy District,7776,400,644,1383,2520,495,,617,13959,2012,2790013.0
Andover School District,8328,382,250,502,1834,1358,238.0,0,13585,2012,10011.0
Ansonia School District,6886,367,192,583,1408,1058,669.0,207,11376,2012,20011.0
Ashford School District,9401,601,160,474,1670,1198,845.0,81,15187,2012,30011.0
Avon School District,8094,385,287,850,1218,1354,625.0,181,13301,2012,40011.0
Barkhamsted School District,6933,150,400,150,1169,1200,429.0,0,11142,2012,50011.0
Berlin School District,7503,409,321,1308,1486,2044,703.0,292,14219,2012,70011.0
Bethany School District,8521,271,175,358,1630,1662,333.0,0,13977,2012,80011.0
Bethel School District,8120,196,1214,955,1345,1228,736.0,180,14603,2012,90011.0
Bloomfield School District,10008,397,812,1396,2792,2370,836.0,230,17641,2012,110011.0
Bolton School District,8343,247,587,981,1767,1252,785.0,228,14505,2012,120011.0
Bozrah School District,9617,312,160,836,1829,1460,944.0,74,17019,2012,130011.0
Branford School District,9132,281,574,933,1344,1242,809.0,305,15062,2012,140011.0
Bridgeport School District,8111,192,237,971,1247,1303,688.0,46,13364,2012,150011.0
Bristol School District,7829,124,515,852,944,1151,595.0,333,12852,2012,170011.0
Brookfield School District,7950,124,676,928,1440,935,649.0,344,13208,2012,180011.0
Brooklyn School District,7771,141,183,782,979,1313,847.0,1,12887,2012,190011.0
Canaan School District,14770,378,335,1257,3078,2237,799.0,207,21753,2012,210011.0
Canterbury School District,9243,224,143,911,1481,2230,1255.0,56,17051,2012,220011.0
Canton School District,7257,210,314,1691,1481,1396,800.0,265,13796,2012,230011.0
Chaplin School District,10435,478,833,1422,1897,1839,670.0,184,18290,2012,240011.0
Cheshire School District,7584,215,487,820,1274,1244,806.0,200,13068,2012,250011.0
Chester School District,9010,368,116,2308,2423,1502,266.0,0,15944,2012,260011.0
Clinton School District,9381,709,291,981,1275,1198,690.0,76,15175,2012,270011.0
Colchester School District,7329,169,250,976,1217,1225,840.0,150,12589,2012,280011.0
Colebrook School District,11518,188,398,378,2643,1599,425.0,153,17941,2012,290011.0
Columbia School District,7280,145,327,3124,1789,1075,1064.0,789,16787,2012,300011.0
Common Ground High School District,6751,354,1542,693,2429,1235,,1354,14417,2012,2680013.0
Cornwall School District,15810,664,1082,1563,3395,3085,1531.0,0,27294,2012,310011.0
Coventry School District,9302,240,101,764,1344,1646,1017.0,170,15121,2012,320011.0
Cromwell School District,8562,378,154,694,1366,1453,528.0,171,13228,2012,330011.0
Danbury School District,8105,217,217,637,1189,958,667.0,68,11998,2012,340011.0
Darien School District,10719,261,698,600,1353,1464,614.0,259,16578,2012,350011.0
Deep River School District,7998,195,156,2185,1962,1350,510.0,0,14949,2012,360011.0
Derby School District,7509,196,82,1031,1574,1597,590.0,164,13026,2012,370011.0
East Granby School District,9747,704,812,859,2008,1601,595.0,231,15994,2012,400011.0
East Haddam School District,8452,274,308,819,1619,1922,905.0,39,15041,2012,410011.0
East Hampton School District,8525,211,410,910,1641,1361,711.0,313,14116,2012,420011.0
East Hartford School District,9053,257,182,529,1654,1223,601.0,98,12410,2012,430011.0
East Haven School District,7888,103,95,1253,2217,1172,735.0,253,13949,2012,440011.0
East Lyme School District,8354,161,577,806,1269,1753,516.0,263,14026,2012,450011.0
East Windsor School District,9335,416,278,558,2466,1339,936.0,68,15439,2012,470011.0
Eastford School District,9313,365,330,1610,2091,1487,876.0,0,17584,2012,390011.0
Easton School District,9947,181,411,181,1739,1371,700.0,0,15287,2012,460011.0
Ellington School District,6949,200,327,882,913,1084,649.0,164,11436,2012,480011.0
Elm City College Preparatory School District,7621,331,539,825,3789,414,,653,14287,2012,2890013.0
Enfield School District,7981,195,136,901,1515,1208,665.0,200,12754,2012,490011.0
Essex School District,7902,233,201,1735,1741,1228,315.0,28,14227,2012,500011.0
Explorations District,8157,134,193,749,3287,2464,,137,15382,2012,2720013.0
Fairfield School District,8211,184,924,1108,1677,1559,743.0,189,14981,2012,510011.0
Farmington School District,8891,279,443,962,1148,1523,617.0,61,14459,2012,520011.0
Franklin School District,8408,239,69,767,1754,1816,874.0,82,15020,2012,530011.0
Glastonbury School District,7587,405,749,770,1454,1443,729.0,178,13538,2012,540011.0
Granby School District,7373,448,451,842,1328,1428,716.0,257,12710,2012,560011.0
Greenwich School District,11989,357,322,1242,1657,1495,522.0,0,18196,2012,570011.0
Griswold School District,7863,134,185,497,1816,1233,862.0,202,13082,2012,580011.0
Groton School District,8586,277,541,1165,1933,1618,812.0,0,14902,2012,590011.0
Guilford School District,8291,251,486,923,1454,1283,801.0,196,14458,2012,600011.0
Hamden School District,10147,127,245,1384,1617,1791,917.0,161,15839,2012,620011.0
Hampton School District,11428,265,656,1450,2894,3424,738.0,141,24487,2012,630011.0
Hartford School District,9197,335,321,1297,2325,1935,1258.0,12,16961,2012,640011.0
Hartland School District,7475,311,809,1802,1810,1141,783.0,577,14044,2012,650011.0
Hebron School District,7700,288,512,932,961,947,241.0,0,11621,2012,670011.0
Highville Charter School District,4886,555,116,315,1773,1640,,783,10223,2012,2860013.0
Integrated Day Charter School District,5977,116,469,245,1745,1258,,343,10171,2012,2640013.0
Interdistrict School for Arts and Comm District,8146,259,246,492,2490,1126,,0,12808,2012,2650013.0
Jumoke Academy District,5088,260,633,1455,2020,1176,,8,10639,2012,2610013.0
Kent School District,10758,471,379,1139,1899,1770,988.0,38,18318,2012,680011.0
Killingly School District,7711,186,686,806,1519,1505,961.0,0,14570,2012,690011.0
Lebanon School District,7830,225,312,893,1546,1528,962.0,185,14095,2012,710011.0
Ledyard School District,7432,402,375,778,1641,1043,1027.0,158,13162,2012,720011.0
Lisbon School District,9544,179,55,1375,1514,1394,965.0,0,16289,2012,730011.0
Litchfield School District,7869,180,1022,1324,1417,1696,900.0,343,15332,2012,740011.0
Madison School District,7981,395,595,1180,1160,1491,890.0,397,14497,2012,760011.0
Manchester School District,9752,250,569,1069,1638,1664,495.0,248,14994,2012,770011.0
Mansfield School District,9935,493,446,981,2154,1345,548.0,70,16483,2012,780011.0
Marlborough School District,7376,233,315,376,1002,962,270.0,0,10711,2012,790011.0
Meriden School District,7619,213,131,958,1230,1446,632.0,91,12854,2012,800011.0
Middletown School District,8042,154,251,987,1258,1654,1115.0,343,14060,2012,830011.0
Milford School District,10318,424,280,480,1357,1725,596.0,152,15653,2012,840011.0
Monroe School District,9025,195,553,1108,1305,1566,651.0,126,14691,2012,850011.0
Montville School District,8666,617,299,856,1263,1603,890.0,198,14348,2012,860011.0
Naugatuck School District,9110,200,182,930,1583,1371,582.0,171,13869,2012,880011.0
New Beginnings Inc Family Academy District,5435,458,78,610,1666,1309,,793,10473,2012,2800013.0
New Britain School District,8249,157,129,400,1177,928,1058.0,23,12333,2012,890011.0
New Canaan School District,10039,202,420,1675,2168,2132,941.0,260,18468,2012,900011.0
New Fairfield School District,8033,292,368,1030,1361,1161,562.0,173,13242,2012,910011.0
New Hartford School District,8882,192,59,475,1387,1327,563.0,31,13529,2012,920011.0
New Haven School District,9711,289,282,564,1782,1618,1218.0,215,16221,2012,930011.0
New London School District,8514,233,537,1199,1950,1723,920.0,146,13946,2012,950011.0
New Milford School District,7365,227,253,869,1301,1196,946.0,200,12750,2012,960011.0
Newington School District,8560,315,508,787,1420,2077,663.0,181,14784,2012,940011.0
Newtown School District,7392,232,309,971,1273,1828,940.0,162,13374,2012,970011.0
Norfolk School District,11432,301,724,426,3372,2927,692.0,60,20465,2012,980011.0
North Branford School District,7187,224,755,1109,1356,1494,948.0,292,13424,2012,990011.0
North Canaan School District,10844,300,119,1309,1779,1839,754.0,55,17762,2012,1000011.0
North Haven School District,6947,171,253,1255,1955,1121,735.0,134,12990,2012,1010011.0
North Stonington School District,9109,788,215,850,2071,1567,1055.0,0,15511,2012,1020011.0
Norwalk School District,10019,122,106,1035,2157,1383,470.0,123,15834,2012,1030011.0
Norwich School District,7781,97,125,1466,1089,1032,1066.0,0,14590,2012,1040011.0
Odyssey Community School District,5566,346,49,164,1595,987,,0,8706,2012,2630013.0
Old Saybrook School District,7827,332,680,907,1442,1689,598.0,324,14670,2012,1060011.0
Orange School District,9048,244,475,1227,1328,1153,418.0,0,14600,2012,1070011.0
Oxford School District,7290,277,39,796,1634,1254,647.0,161,12332,2012,1080011.0
Park City Prep Charter School District,4322,299,270,1083,2652,1443,,0,10069,2012,2830013.0
Plainfield School District,7300,152,196,1017,1282,1165,942.0,102,12973,2012,1090011.0
Plainville School District,8597,396,417,607,1615,1454,681.0,0,14297,2012,1100011.0
Plymouth School District,8725,600,131,461,1165,1689,1170.0,235,13512,2012,1110011.0
Pomfret School District,8960,243,209,238,1218,1096,1091.0,0,15013,2012,1120011.0
Portland School District,7583,355,432,844,1540,1777,577.0,225,13329,2012,1130011.0
Preston School District,11532,253,269,1050,2162,1844,1488.0,126,21334,2012,1140011.0
Putnam School District,8053,491,249,1654,1678,1354,759.0,206,15354,2012,1160011.0
Redding School District,12902,236,349,183,1599,1751,712.0,7,18844,2012,1170011.0
Regional School District 01,11780,668,1065,1746,2319,2688,303.0,916,22389,2012,2010012.0
Regional School District 04,8508,243,305,873,2906,1927,550.0,91,15814,2012,2040012.0
Regional School District 05,8247,200,472,934,2262,1630,775.0,376,15523,2012,2050012.0
Regional School District 06,8966,414,562,994,1819,1895,921.0,266,15902,2012,2060012.0
Regional School District 07,8297,341,207,651,1536,1852,1379.0,380,15209,2012,2070012.0
Regional School District 08,7725,108,531,677,1039,1148,664.0,195,12399,2012,2080012.0
Regional School District 09,12642,416,391,135,1624,2048,918.0,2,19277,2012,2090012.0
Regional School District 10,7369,241,783,847,1133,1306,842.0,0,12939,2012,2100012.0
Regional School District 11,8620,349,372,1374,3659,2720,1070.0,751,19565,2012,2110012.0
Regional School District 12,12201,648,993,1850,2145,2630,1586.0,470,22820,2012,2120012.0
Regional School District 13,9106,175,457,1462,1850,1562,841.0,297,15861,2012,2130012.0
Regional School District 14,7799,225,725,1407,1334,1400,973.0,387,15135,2012,2140012.0
Regional School District 15,8047,146,286,1262,1360,1597,884.0,324,14190,2012,2150012.0
Regional School District 16,7461,195,719,903,1655,1267,912.0,200,13592,2012,2160012.0
Regional School District 17,8344,162,252,793,1629,1963,1274.0,276,15254,2012,2170012.0
Regional School District 18,9141,276,929,1410,2078,2742,842.0,388,18323,2012,2180012.0
Regional School District 19,8808,394,263,949,1800,1259,1198.0,629,15840,2012,2190012.0
Ridgefield School District,9164,221,822,749,1298,1477,891.0,116,15243,2012,1180011.0
Rocky Hill School District,8187,200,764,916,1041,1504,517.0,0,13231,2012,1190011.0
Salem School District,8673,981,101,421,2413,1862,1052.0,0,16839,2012,1210011.0
Salisbury School District,11895,242,531,961,1796,2931,1024.0,10,20483,2012,1220011.0
Scotland School District,11122,901,420,1250,2383,1518,615.0,219,19055,2012,1230011.0
Seymour School District,7214,305,388,903,1928,1699,605.0,186,13216,2012,1240011.0
Sharon School District,13508,380,472,1767,2990,2490,1171.0,65,23521,2012,1250011.0
Shelton School District,7181,230,325,1110,1311,1404,777.0,103,12617,2012,1260011.0
Sherman School District,10975,95,674,132,1432,1371,765.0,100,14068,2012,1270011.0
Side By Side Charter School District,6544,447,47,1679,1855,1151,,0,11722,2012,2700013.0
Simsbury School District,8384,224,771,924,1186,1491,571.0,125,13769,2012,1280011.0
Somers School District,7621,258,284,780,1238,1227,643.0,170,12788,2012,1290011.0
South Windsor School District,8639,349,617,1099,1578,1459,730.0,362,15168,2012,1320011.0
Southington School District,7752,153,140,911,1310,1091,530.0,118,12500,2012,1310011.0
Sprague School District,7978,529,99,578,1988,1181,1026.0,0,14299,2012,1330011.0
Stafford School District,8219,209,340,1035,1521,1537,1110.0,39,14518,2012,1340011.0
Stamford Academy District,8565,179,0,4269,8025,237,,559,22103,2012,2820013.0
Stamford School District,9573,239,886,1065,1907,1395,815.0,0,16472,2012,1350011.0
Sterling School District,7667,402,390,350,1095,1035,921.0,63,14943,2012,1360011.0
Stonington School District,7887,114,567,848,1101,1540,884.0,185,13776,2012,1370011.0
Stratford School District,7747,134,426,1356,1261,1258,647.0,215,13570,2012,1380011.0
Suffield School District,7853,248,99,831,1730,1065,601.0,7,13068,2012,1390011.0
The Bridge Academy District,7136,248,73,866,1132,874,,340,10712,2012,2690013.0
Thomaston School District,8500,291,26,681,1750,1479,757.0,284,12867,2012,1400011.0
Thompson School District,6914,128,156,1084,2053,1636,807.0,255,14166,2012,1410011.0
Tolland School District,7422,138,505,510,1184,1100,732.0,24,12273,2012,1420011.0
Torrington School District,8960,138,421,807,1152,1358,868.0,115,14515,2012,1430011.0
Trailblazers Academy District,9321,106,0,3119,10833,1066,,815,25341,2012,2780013.0
Trumbull School District,7583,222,443,1007,1503,1293,708.0,117,13403,2012,1440011.0
Union School District,8666,609,60,908,2712,2029,2112.0,0,15854,2012,1450011.0
Vernon School District,8117,169,681,934,1157,1282,650.0,152,13224,2012,1460011.0
Voluntown School District,7975,438,321,1265,2003,1280,839.0,140,15560,2012,1470011.0
Wallingford School District,8316,91,366,938,1762,2039,959.0,215,15013,2012,1480011.0
Waterbury School District,7979,237,1776,743,1231,1156,628.0,516,14535,2012,1510011.0
Waterford School District,9864,380,176,1049,1566,1705,811.0,307,14937,2012,1520011.0
Watertown School District,7228,240,223,694,1577,1361,687.0,15,12441,2012,1530011.0
West Hartford School District,7848,170,714,916,1629,1267,575.0,122,13494,2012,1550011.0
West Haven School District,7840,241,391,654,934,2320,599.0,269,12291,2012,1560011.0
Westbrook School District,10233,344,332,558,1537,1624,593.0,438,15984,2012,1540011.0
Weston School District,10669,173,1454,1211,1474,2136,674.0,444,18728,2012,1570011.0
Westport School District,10417,492,560,1461,1866,1801,730.0,265,18097,2012,1580011.0
Wethersfield School District,8295,593,284,867,1234,1271,630.0,177,13759,2012,1590011.0
Willington School District,9711,446,514,903,2032,1338,608.0,0,16246,2012,1600011.0
Wilton School District,10199,273,731,1597,1684,1456,819.0,0,17297,2012,1610011.0
Winchester School District,9749,82,348,2076,2421,1489,900.0,0,17277,2012,1620011.0
Windham School District,9638,450,411,1021,1552,1297,798.0,183,16053,2012,1630011.0
Windsor Locks School District,9423,250,670,929,1541,1865,679.0,247,15594,2012,1650011.0
Windsor School District,9800,381,698,1460,2109,1754,978.0,185,16456,2012,1640011.0
Wolcott School District,7924,223,250,448,1272,1446,692.0,275,11955,2012,1660011.0
Woodbridge School District,11208,401,55,201,2354,1779,357.0,0,16980,2012,1670011.0
Woodstock School District,7762,225,196,840,1002,1178,693.0,6,12530,2012,1690011.0
Achievement First Bridgeport Academy District,6121,448,371,1187,3381,498,,626,12780,2013,2850013.0
Achievement First Hartford Academy District,7018,349,317,795,2868,46,,48,11474,2013,2880013.0
Amistad Academy District,6440,374,517,1111,2289,481,,570,11895,2013,2790013.0
Andover School District,8372,266,251,499,1940,1400,368.0,0,13996,2013,10011.0
Ansonia School District,7076,386,207,527,1534,2843,665.0,231,13360,2013,20011.0
Ashford School District,10027,791,140,560,1864,1343,855.0,148,16704,2013,30011.0
Avon School District,8948,263,320,1064,1390,1276,664.0,30,14108,2013,40011.0
Barkhamsted School District,7328,116,455,151,1269,1149,451.0,0,11469,2013,50011.0
Berlin School District,7735,381,428,1435,1628,1737,704.0,304,14349,2013,70011.0
Bethany School District,8927,403,203,334,1569,1966,389.0,0,14529,2013,80011.0
Bethel School District,8592,233,990,991,1375,1223,748.0,198,14935,2013,90011.0
Bloomfield School District,10334,403,894,1423,2983,2552,921.0,235,18556,2013,110011.0
Bolton School District,8491,106,603,1102,1729,1308,888.0,241,14996,2013,120011.0
Bozrah School District,9697,387,158,868,1802,1495,877.0,42,16998,2013,130011.0
Branford School District,9374,292,658,977,1392,1312,853.0,339,15592,2013,140011.0
Bridgeport School District,8393,335,233,923,1333,1371,703.0,46,13761,2013,150011.0
Bristol School District,7585,119,543,829,984,1079,689.0,364,12654,2013,170011.0
Brookfield School District,8441,156,703,969,1418,1325,678.0,302,14203,2013,180011.0
Brooklyn School District,7806,108,205,776,1027,1310,844.0,0,13069,2013,190011.0
Canaan School District,17448,534,558,1475,3873,2559,970.0,168,26640,2013,210011.0
Canterbury School District,10076,223,161,977,1689,4127,1170.0,81,20059,2013,220011.0
Canton School District,7429,211,343,1821,1632,1342,904.0,262,14155,2013,230011.0
Chaplin School District,10865,343,751,1398,1926,1559,690.0,65,18158,2013,240011.0
Cheshire School District,7915,238,543,852,1318,1331,811.0,209,13670,2013,250011.0
Chester School District,9201,254,112,2315,2484,1833,273.0,135,16242,2013,260011.0
Clinton School District,9787,458,229,1066,1320,1144,783.0,56,15288,2013,270011.0
Colchester School District,7729,161,237,1080,1342,1284,868.0,156,13264,2013,280011.0
Colebrook School District,10295,262,149,389,3141,1729,441.0,148,16872,2013,290011.0
Columbia School District,7178,288,202,3232,1936,1178,931.0,814,16897,2013,300011.0
Common Ground High School District,6010,396,1599,1153,3278,699,,1343,14549,2013,2680013.0
Cornwall School District,16150,643,817,1559,3960,3051,1602.0,7,27759,2013,310011.0
Coventry School District,9285,357,113,838,1396,1330,1019.0,35,14649,2013,320011.0
Cromwell School District,8679,294,184,666,1406,1410,553.0,188,13342,2013,330011.0
Danbury School District,8143,276,172,622,1192,714,591.0,85,12154,2013,340011.0
Darien School District,11054,264,809,533,1347,1579,600.0,257,17061,2013,350011.0
Deep River School District,8844,254,178,2275,2000,1418,414.0,57,15574,2013,360011.0
Derby School District,7420,222,121,1000,1694,1377,563.0,124,12753,2013,370011.0
East Granby School District,9792,597,743,972,2173,1685,617.0,293,16181,2013,400011.0
East Haddam School District,8651,369,266,863,1616,1867,912.0,1,15028,2013,410011.0
East Hampton School District,8823,201,396,919,1833,1483,709.0,944,15107,2013,420011.0
East Hartford School District,9320,199,301,558,1701,1365,659.0,101,12939,2013,430011.0
East Haven School District,7927,122,41,1303,1987,1136,759.0,278,13681,2013,440011.0
East Lyme School District,8488,164,626,828,1380,1753,635.0,278,14493,2013,450011.0
East Windsor School District,9286,248,343,1044,2755,1036,1098.0,74,15426,2013,470011.0
Eastford School District,9805,490,449,1600,2061,1742,1046.0,0,19178,2013,390011.0
Easton School District,10392,205,436,188,1890,1553,737.0,1,16068,2013,460011.0
Ellington School District,7033,213,334,988,945,1281,693.0,166,11825,2013,480011.0
Elm City College Preparatory School District,6302,380,733,1336,3985,591,,614,14029,2013,2890013.0
Enfield School District,9043,117,151,185,1648,1292,725.0,171,13310,2013,490011.0
Essex School District,8416,269,139,1881,1787,1274,343.0,65,15547,2013,500011.0
Explorations District,8613,76,436,1212,3361,2301,,90,16881,2013,2720013.0
Fairfield School District,8378,169,987,1132,1720,1588,772.0,197,15381,2013,510011.0
Farmington School District,9699,258,489,954,1021,1208,634.0,51,14785,2013,520011.0
Franklin School District,8027,120,132,751,1776,1860,904.0,0,14816,2013,530011.0
Glastonbury School District,7904,239,748,824,1513,1542,742.0,209,13841,2013,540011.0
Granby School District,7495,399,461,937,1426,1594,646.0,275,13205,2013,560011.0
Greenwich School District,12250,405,388,1228,1697,1468,515.0,0,18494,2013,570011.0
Griswold School District,7609,88,118,537,2027,1410,806.0,152,13067,2013,580011.0
Groton School District,9089,475,481,1155,1669,1521,933.0,0,15184,2013,590011.0
Guilford School District,8617,258,490,926,1600,1407,878.0,205,15312,2013,600011.0
Hamden School District,10542,163,246,1425,1655,1760,972.0,175,16270,2013,620011.0
Hampton School District,11335,417,684,1751,2947,1967,715.0,171,22542,2013,630011.0
Hartford School District,9019,500,325,1351,2269,1635,1254.0,8,16735,2013,640011.0
Hartland School District,8089,269,823,1849,2034,1369,830.0,644,15210,2013,650011.0
Hebron School District,8443,127,645,974,1399,1065,272.0,0,13011,2013,670011.0
Highville Charter School District,5979,529,219,334,1897,1890,,836,11898,2013,2860013.0
Integrated Day Charter School District,5888,192,428,319,1974,1131,,344,10305,2013,2640013.0
Interdistrict School for Arts and Comm District,8137,256,827,353,2555,1220,,0,13371,2013,2650013.0
Jumoke Academy District,5687,361,776,1709,2047,1579,,12,12172,2013,2610013.0
Kent School District,11344,450,371,1239,2000,2199,1076.0,50,19672,2013,680011.0
Killingly School District,7738,128,821,871,1562,1505,974.0,0,14953,2013,690011.0
Lebanon School District,7633,402,343,1099,1524,1730,974.0,171,14628,2013,710011.0
Ledyard School District,7622,234,343,813,1623,1058,1044.0,155,13264,2013,720011.0
Lisbon School District,9687,141,61,1648,1481,1254,1017.0,0,17489,2013,730011.0
Litchfield School District,8794,256,871,1426,1623,1811,962.0,390,16794,2013,740011.0
Madison School District,8125,387,570,1222,1262,1481,933.0,384,14873,2013,760011.0
Manchester School District,9730,212,740,1147,1718,1684,676.0,237,15326,2013,770011.0
Mansfield School District,10259,404,551,890,2188,1310,490.0,68,16669,2013,780011.0
Marlborough School District,7705,196,371,343,1149,1044,307.0,70,11244,2013,790011.0
Meriden School District,7706,248,114,971,1278,1528,655.0,105,12754,2013,800011.0
Middletown School District,8913,178,378,850,1213,1703,1203.0,323,14870,2013,830011.0
Milford School District,10714,444,287,504,1587,1682,647.0,168,16365,2013,840011.0
Monroe School District,9153,166,651,1181,1293,1701,693.0,149,15255,2013,850011.0
Montville School District,8928,350,338,965,1337,1675,913.0,232,14661,2013,860011.0
Naugatuck School District,9044,194,190,1003,1704,1320,667.0,166,14053,2013,880011.0
New Beginnings Inc Family Academy District,5848,459,68,880,1506,1265,,823,10971,2013,2800013.0
New Britain School District,8654,171,128,438,1203,900,1074.0,0,12616,2013,890011.0
New Canaan School District,10075,193,585,1983,2131,1890,915.0,333,18758,2013,900011.0
New Fairfield School District,8101,253,435,934,1477,1137,584.0,184,13420,2013,910011.0
New Hartford School District,9110,166,105,583,1347,1738,595.0,0,14294,2013,920011.0
New Haven School District,9498,356,339,254,1671,1469,1265.0,92,15520,2013,930011.0
New London School District,7378,561,490,1153,2103,1743,931.0,127,13353,2013,950011.0
New Milford School District,7358,219,240,871,1464,1226,968.0,230,12970,2013,960011.0
Newington School District,8430,509,486,822,1462,2126,738.0,189,14962,2013,940011.0
Newtown School District,7616,204,324,1150,1429,1971,793.0,171,13995,2013,970011.0
Norfolk School District,11337,335,778,456,3956,3088,783.0,16,21364,2013,980011.0
North Branford School District,7371,229,783,1124,1454,1661,1003.0,402,13897,2013,990011.0
North Canaan School District,10685,326,117,1282,1863,1719,758.0,53,17381,2013,1000011.0
North Haven School District,7139,318,298,1325,1891,1180,737.0,151,13445,2013,1010011.0
North Stonington School District,9259,909,217,705,1796,1821,1073.0,23,15647,2013,1020011.0
Norwalk School District,10122,99,66,1089,2114,1396,498.0,103,15878,2013,1030011.0
Norwich School District,9366,352,244,1369,879,1197,1109.0,0,16212,2013,1040011.0
Odyssey Community School District,5849,162,289,167,1754,1318,,0,9539,2013,2630013.0
Old Saybrook School District,8458,377,765,995,1507,1898,617.0,343,15855,2013,1060011.0
Orange School District,9265,229,531,1350,1278,1429,395.0,114,15041,2013,1070011.0
Oxford School District,7729,285,48,784,1683,1248,685.0,465,13262,2013,1080011.0
Park City Prep Charter School District,4213,317,328,1139,2985,2148,,0,11130,2013,2830013.0
Plainfield School District,7371,176,241,1038,1369,1247,1008.0,132,13293,2013,1090011.0
Plainville School District,8968,208,476,670,1783,1426,573.0,0,14605,2013,1100011.0
Plymouth School District,8656,486,286,354,1301,1850,1171.0,277,13618,2013,1110011.0
Pomfret School District,9136,354,269,242,1265,1320,994.0,32,15526,2013,1120011.0
Portland School District,7727,336,388,830,1582,1793,590.0,235,13485,2013,1130011.0
Preston School District,11220,134,302,897,2074,2658,1526.0,99,20860,2013,1140011.0
Putnam School District,8016,406,198,1714,1623,1387,803.0,184,16262,2013,1160011.0
Redding School District,13835,240,433,184,1670,2037,764.0,2,20322,2013,1170011.0
Regional School District 01,12695,569,1222,1804,2447,3010,341.0,806,23117,2013,2010012.0
Regional School District 04,8331,218,290,966,2136,1904,627.0,761,15485,2013,2040012.0
Regional School District 05,8304,208,477,1046,2253,1646,836.0,402,15992,2013,2050012.0
Regional School District 06,9223,637,657,1101,1905,1820,985.0,282,16734,2013,2060012.0
Regional School District 07,8501,345,212,677,1677,1885,1347.0,429,15444,2013,2070012.0
Regional School District 08,7758,106,576,680,1108,1211,668.0,205,12574,2013,2080012.0
Regional School District 09,12394,352,463,130,1691,2302,1124.0,1,19522,2013,2090012.0
Regional School District 10,7510,225,824,899,1224,1390,837.0,0,13341,2013,2100012.0
Regional School District 11,9341,275,391,1461,3703,2256,1335.0,767,19865,2013,2110012.0
Regional School District 12,12407,963,1069,2125,2454,2794,1661.0,486,24481,2013,2120012.0
Regional School District 13,9446,174,483,1581,1964,1804,851.0,307,16832,2013,2130012.0
Regional School District 14,8256,263,745,1298,1353,1765,982.0,436,16021,2013,2140012.0
Regional School District 15,8429,116,359,1299,1491,1546,953.0,344,14824,2013,2150012.0
Regional School District 16,7531,204,783,917,1667,1338,953.0,221,13921,2013,2160012.0
Regional School District 17,8428,266,264,762,1789,2059,1405.0,282,15619,2013,2170012.0
Regional School District 18,9234,308,954,1437,2157,2687,811.0,419,18297,2013,2180012.0
Regional School District 19,8916,355,297,942,1901,1286,1237.0,610,16000,2013,2190012.0
Ridgefield School District,9514,188,858,799,1221,1596,937.0,174,16004,2013,1180011.0
Rocky Hill School District,8470,206,902,922,1102,1630,554.0,0,13713,2013,1190011.0
Salem School District,9609,443,95,382,2412,1961,1198.0,0,17751,2013,1210011.0
Salisbury School District,12150,206,533,971,1875,2312,1105.0,7,20212,2013,1220011.0
Scotland School District,11617,439,320,1160,2976,2299,678.0,189,20333,2013,1230011.0
Seymour School District,7366,318,425,945,1970,1429,635.0,197,13377,2013,1240011.0
Sharon School District,13383,396,432,1889,3041,3377,1313.0,114,24424,2013,1250011.0
Shelton School District,7676,204,215,867,1416,1560,760.0,151,12969,2013,1260011.0
Sherman School District,11536,226,715,140,1513,1327,789.0,101,17169,2013,1270011.0
Side By Side Charter School District,6759,175,57,1640,1954,1154,,0,11739,2013,2700013.0
Simsbury School District,8633,202,909,1012,1256,1484,566.0,164,14256,2013,1280011.0
Somers School District,7689,352,301,849,1251,1290,633.0,187,13151,2013,1290011.0
South Windsor School District,8608,369,653,1133,1559,1558,733.0,431,15462,2013,1320011.0
Southington School District,7794,207,204,902,1408,1115,537.0,119,12763,2013,1310011.0
Sprague School District,7646,583,152,548,2087,1252,950.0,0,13772,2013,1330011.0
Stafford School District,8845,275,386,1110,1715,1735,1271.0,39,15741,2013,1340011.0
Stamford Academy District,8392,176,0,3879,9051,230,,513,22761,2013,2820013.0
Stamford School District,9482,282,942,1028,1967,1454,794.0,0,16566,2013,1350011.0
Sterling School District,7775,188,528,334,1117,1071,760.0,89,12912,2013,1360011.0
Stonington School District,8141,109,616,864,1311,1597,1009.0,190,14455,2013,1370011.0
Stratford School District,7982,119,345,1372,1314,1228,641.0,221,13744,2013,1380011.0
Suffield School District,8575,349,113,865,1372,876,615.0,195,13495,2013,1390011.0
The Bridge Academy District,7389,431,121,1078,1369,909,,420,11745,2013,2690013.0
Thomaston School District,8573,372,24,787,1943,1466,835.0,306,13402,2013,1400011.0
Thompson School District,7172,121,156,1209,2097,1678,595.0,240,14623,2013,1410011.0
Tolland School District,7696,158,546,548,1272,1190,758.0,38,12900,2013,1420011.0
Torrington School District,9251,139,607,873,1258,1368,825.0,119,15159,2013,1430011.0
Trailblazers Academy District,8859,104,0,2968,11765,1337,,789,25859,2013,2780013.0
Trumbull School District,8003,241,564,1067,1552,1314,685.0,155,14138,2013,1440011.0
Union School District,9687,387,77,710,3443,1985,1343.0,0,15556,2013,1450011.0
Vernon School District,8567,107,731,1047,1245,1259,658.0,157,13664,2013,1460011.0
Voluntown School District,8530,330,242,1653,1956,1298,985.0,141,16250,2013,1470011.0
Wallingford School District,8311,620,464,960,2178,1328,990.0,240,15361,2013,1480011.0
Waterbury School District,7935,231,1614,739,1286,1132,621.0,537,14349,2013,1510011.0
Waterford School District,10382,322,177,1136,1685,1839,855.0,332,15571,2013,1520011.0
Watertown School District,7750,116,220,600,1616,1517,730.0,2,13234,2013,1530011.0
West Hartford School District,8214,172,736,953,1688,1332,593.0,127,13996,2013,1550011.0
West Haven School District,8065,248,425,718,977,2468,630.0,275,12689,2013,1560011.0
Westbrook School District,11535,596,311,327,1782,1861,642.0,541,18081,2013,1540011.0
Weston School District,10729,154,1605,1358,1558,2394,671.0,504,19452,2013,1570011.0
Westport School District,10916,488,610,1518,1829,1800,746.0,246,18619,2013,1580011.0
Wethersfield School District,7281,408,296,2355,1135,1343,569.0,176,13961,2013,1590011.0
Willington School District,10278,484,569,903,2087,1483,624.0,3,16912,2013,1600011.0
Wilton School District,10456,208,721,1642,1777,1546,766.0,0,17699,2013,1610011.0
Winchester School District,12151,53,249,1964,2175,1029,1037.0,0,18619,2013,1620011.0
Windham School District,9746,292,192,937,1769,1260,809.0,186,16097,2013,1630011.0
Windsor Locks School District,9794,269,646,956,1631,2501,674.0,268,16661,2013,1650011.0
Windsor School District,9937,297,787,1493,2064,1725,1040.0,188,16569,2013,1640011.0
Wolcott School District,7925,243,250,489,1351,1597,749.0,270,12381,2013,1660011.0
Woodbridge School District,11283,476,98,207,2587,1707,362.0,0,17244,2013,1670011.0
Woodstock School District,7941,164,181,805,913,1267,584.0,17,12389,2013,1690011.0
Achievement First Bridgeport Academy District,6772,591,334,1148,3141,481,,669,13304,2014,2850013.0
Achievement First Hartford Academy District,7721,734,192,186,3033,96,,36,12050,2014,2880013.0
Amistad Academy District,7055,362,436,878,3240,482,,556,13132,2014,2790013.0
Andover School District,9197,352,276,548,2228,1519,400.0,0,15224,2014,10011.0
Ansonia School District,7441,724,240,490,1689,1213,712.0,296,13014,2014,20011.0
Ashford School District,10645,723,151,613,2075,1760,657.0,80,17295,2014,30011.0
Avon School District,8946,241,260,1071,1608,1397,728.0,242,14756,2014,40011.0
Barkhamsted School District,8268,238,645,176,1512,1389,445.0,1,13399,2014,50011.0
Berlin School District,7909,532,428,1733,1555,1978,746.0,336,15102,2014,70011.0
Bethany School District,9537,727,207,406,1800,2180,366.0,0,16027,2014,80011.0
Bethel School District,8687,189,1118,1097,1435,1280,769.0,211,15487,2014,90011.0
Bloomfield School District,10997,748,920,1476,3124,2433,1003.0,275,19764,2014,110011.0
Bolton School District,8802,475,542,1127,1974,1342,855.0,273,15843,2014,120011.0
Bozrah School District,10365,664,149,863,1799,1675,837.0,0,18145,2014,130011.0
Branford School District,9280,367,722,1045,1579,1507,872.0,356,16123,2014,140011.0
Brass City Charter School District,4707,1060,204,128,2847,1362,,996,11312,2014,2900013.0
Bridgeport School District,8511,564,194,889,1321,1218,811.0,50,14010,2014,150011.0
Bristol School District,8041,166,495,904,1001,1214,768.0,360,13348,2014,170011.0
Brookfield School District,8792,215,747,970,1626,1038,742.0,255,14494,2014,180011.0
Brooklyn School District,7980,172,246,901,1043,1315,885.0,0,13554,2014,190011.0
Canaan School District,16630,565,506,1363,3659,3369,1011.0,162,26605,2014,210011.0
Canterbury School District,10738,279,162,1091,1853,2422,1135.0,73,19760,2014,220011.0
Canton School District,7643,442,346,1914,1644,1335,926.0,544,14866,2014,230011.0
Chaplin School District,11673,546,788,1642,1851,1564,691.0,76,18825,2014,240011.0
Cheshire School District,8170,340,565,865,1352,1376,842.0,213,14139,2014,250011.0
Chester School District,9871,562,168,2665,2772,2115,260.0,185,18109,2014,260011.0
Clinton School District,9880,575,335,1022,1513,1227,748.0,81,15751,2014,270011.0
Colchester School District,8287,385,313,1188,1557,1365,874.0,176,14370,2014,280011.0
Colebrook School District,11016,194,164,396,3041,2059,480.0,143,17734,2014,290011.0
Columbia School District,8349,349,222,3661,1682,2797,994.0,808,19551,2014,300011.0
Common Ground High School District,5794,289,2139,1470,3104,784,,1381,14998,2014,2680013.0
Cornwall School District,16605,560,697,1276,3660,3001,1729.0,6,27931,2014,310011.0
Coventry School District,9516,500,243,959,1571,1546,985.0,18,15457,2014,320011.0
Cromwell School District,9091,262,157,735,1436,1416,587.0,199,13736,2014,330011.0
Danbury School District,8312,329,186,643,1216,1023,609.0,90,12891,2014,340011.0
Darien School District,11029,333,905,565,1613,1734,634.0,272,17900,2014,350011.0
Deep River School District,9334,364,228,2474,2148,1548,419.0,67,17137,2014,360011.0
Derby School District,7876,353,59,1257,1655,1423,504.0,164,13421,2014,370011.0
East Granby School District,9442,655,1048,970,2164,1819,688.0,302,16461,2014,400011.0
East Haddam School District,9299,251,336,963,1902,2094,1033.0,7,16357,2014,410011.0
East Hampton School District,9032,227,477,987,1816,1432,744.0,10,14509,2014,420011.0
East Hartford School District,9357,387,145,949,1662,1677,656.0,14,13484,2014,430011.0
East Haven School District,8458,376,85,1509,2018,1255,773.0,317,14930,2014,440011.0
East Lyme School District,8981,176,662,857,1386,2084,607.0,306,15236,2014,450011.0
East Windsor School District,10161,147,343,1396,2620,1285,1164.0,64,16359,2014,470011.0
Eastford School District,10945,445,908,1887,2442,1786,1147.0,0,21839,2014,390011.0
Easton School District,11103,308,442,210,2198,1629,780.0,0,17431,2014,460011.0
Ellington School District,7751,323,606,983,1012,1250,718.0,167,12804,2014,480011.0
Elm City College Preparatory School District,6571,489,413,1517,3602,581,,663,13954,2014,2890013.0
Enfield School District,9323,183,218,213,1938,1427,769.0,198,14033,2014,490011.0
Essex School District,8733,301,169,1987,1870,1344,310.0,57,16112,2014,500011.0
Explorations District,8631,115,292,795,2467,2505,,75,15647,2014,2720013.0
Fairfield School District,8628,131,965,1167,1712,1565,774.0,200,15660,2014,510011.0
Farmington School District,9693,439,974,1020,1065,1286,632.0,52,15518,2014,520011.0
Franklin School District,8902,10,118,817,2072,2216,1156.0,42,16672,2014,530011.0
Glastonbury School District,8358,405,808,881,1765,1609,765.0,203,14767,2014,540011.0
Granby School District,7696,407,464,986,1440,1643,658.0,306,13645,2014,560011.0
Greenwich School District,14124,361,463,1401,1891,1602,554.0,0,21059,2014,570011.0
Griswold School District,7611,82,303,374,2095,1425,863.0,179,13380,2014,580011.0
Groton School District,9366,247,441,1124,1545,1568,1019.0,21,15315,2014,590011.0
Guilford School District,9072,292,522,980,1630,1451,915.0,225,15963,2014,600011.0
Hamden School District,10978,238,260,1406,1687,1874,1025.0,171,16908,2014,620011.0
Hampton School District,10902,467,543,2149,3326,1936,804.0,68,22490,2014,630011.0
Hartford School District,9128,531,426,1435,2499,1829,1167.0,10,17236,2014,640011.0
Hartland School District,9280,305,1085,1918,2093,1467,807.0,3045,18863,2014,650011.0
Hebron School District,8893,201,604,997,1776,1187,269.0,0,13816,2014,670011.0
Highville Charter School District,6035,317,267,186,1991,2088,,894,11899,2014,2860013.0
Integrated Day Charter School District,6154,317,477,523,2190,1199,,463,11343,2014,2640013.0
Interdistrict School for Arts and Comm District,7496,456,1140,538,2838,1195,,0,13688,2014,2650013.0
Jumoke Academy District,5669,483,35,1255,1787,1337,,2,10570,2014,2610013.0
Kent School District,11561,528,420,1239,2139,2019,1125.0,110,20118,2014,680011.0
Killingly School District,7981,233,874,813,1528,1624,867.0,0,15958,2014,690011.0
Lebanon School District,9147,439,347,516,1548,2236,1063.0,298,16175,2014,710011.0
Ledyard School District,7807,201,373,852,1703,1132,1011.0,164,13501,2014,720011.0
Lisbon School District,10138,401,116,1445,1593,1426,1037.0,31,18699,2014,730011.0
Litchfield School District,9326,203,979,1332,1677,1926,946.0,436,17443,2014,740011.0
Madison School District,8627,396,647,1226,1186,1623,1013.0,404,15676,2014,760011.0
Manchester School District,9823,264,957,1191,1916,1807,696.0,249,15886,2014,770011.0
Mansfield School District,10856,656,457,1044,2241,1359,510.0,66,17602,2014,780011.0
Marlborough School District,8139,283,466,219,1246,1203,307.0,0,11913,2014,790011.0
Meriden School District,8290,316,125,1004,1295,1568,693.0,124,13415,2014,800011.0
Middletown School District,9570,211,299,913,1291,1871,1280.0,280,15816,2014,830011.0
Milford School District,11318,472,312,528,1720,1740,682.0,316,17453,2014,840011.0
Monroe School District,9198,141,778,1049,1636,1612,712.0,160,15640,2014,850011.0
Montville School District,9087,440,335,956,1377,1735,872.0,239,14858,2014,860011.0
Naugatuck School District,9429,195,171,1005,1932,1480,710.0,124,14653,2014,880011.0
New Beginnings Inc Family Academy District,7688,612,12,847,2232,1262,,894,13571,2014,2800013.0
New Britain School District,9427,201,121,427,1187,1171,1049.0,0,13579,2014,890011.0
New Canaan School District,10222,273,661,1990,2267,1899,904.0,330,19312,2014,900011.0
New Fairfield School District,8234,359,414,1043,1431,1231,609.0,207,13811,2014,910011.0
New Hartford School District,9450,258,153,618,1473,1774,587.0,7,14761,2014,920011.0
New Haven School District,9772,420,284,229,1725,1412,1290.0,176,15882,2014,930011.0
New London School District,8202,760,489,1280,2623,1834,1055.0,135,14908,2014,950011.0
New Milford School District,7714,224,270,952,1551,1374,1085.0,228,13832,2014,960011.0
Newington School District,9038,490,515,837,1621,2017,721.0,182,15506,2014,940011.0
Newtown School District,8095,233,383,1663,1645,2167,851.0,178,15695,2014,970011.0
Norfolk School District,11958,275,726,448,4937,2840,862.0,22,23327,2014,980011.0
North Branford School District,7420,190,891,1175,1575,1777,1130.0,419,14383,2014,990011.0
North Canaan School District,11410,405,171,1396,1918,1856,802.0,62,18510,2014,1000011.0
North Haven School District,7644,175,286,1370,2110,1280,843.0,173,14344,2014,1010011.0
North Stonington School District,9561,844,289,955,2335,1527,1174.0,1,16701,2014,1020011.0
Norwalk School District,10552,193,87,1217,2228,1421,541.0,111,16839,2014,1030011.0
Norwich School District,9097,542,161,1562,984,1525,1146.0,0,16812,2014,1040011.0
Odyssey Community School District,6229,252,289,163,1832,1429,,0,10193,2014,2630013.0
Old Saybrook School District,9089,557,848,1106,1805,1818,712.0,372,17155,2014,1060011.0
Orange School District,9990,308,696,1030,1486,1417,417.0,150,15993,2014,1070011.0
Oxford School District,8305,296,69,884,1724,1122,763.0,487,13980,2014,1080011.0
Park City Prep Charter School District,4204,880,216,1212,3227,3155,,0,12894,2014,2830013.0
Plainfield School District,7661,363,284,1062,1556,1402,990.0,137,13951,2014,1090011.0
Plainville School District,9648,277,524,734,1709,1593,761.0,0,15212,2014,1100011.0
Plymouth School District,9089,484,331,458,1347,1664,1136.0,236,14035,2014,1110011.0
Pomfret School District,10533,393,361,440,1563,1741,971.0,72,18074,2014,1120011.0
Portland School District,7957,558,374,851,1509,1804,590.0,259,13698,2014,1130011.0
Preston School District,10895,335,259,928,2221,1910,1415.0,111,20535,2014,1140011.0
Putnam School District,8136,396,209,1812,1672,1836,990.0,208,16993,2014,1160011.0
Redding School District,14454,254,481,207,1888,2110,744.0,4,21350,2014,1170011.0
Regional School District 01,11352,750,1085,1669,2391,3095,361.0,979,22664,2014,2010012.0
Regional School District 04,8605,333,374,999,2213,1940,717.0,812,16413,2014,2040012.0
Regional School District 05,8454,298,511,1103,2373,1657,866.0,425,16663,2014,2050012.0
Regional School District 06,9654,485,755,1150,2012,1922,949.0,302,17360,2014,2060012.0
Regional School District 07,8675,496,224,698,1786,1907,1412.0,414,15947,2014,2070012.0
Regional School District 08,8187,117,381,864,1482,1438,739.0,290,13525,2014,2080012.0
Regional School District 09,12277,330,420,127,1718,2164,1160.0,0,19269,2014,2090012.0
Regional School District 10,7844,287,857,822,1276,1478,842.0,0,13813,2014,2100012.0
Regional School District 11,9178,264,396,1415,3500,3222,1287.0,716,20042,2014,2110012.0
Regional School District 12,12547,1108,1269,2355,2775,3387,1811.0,514,27099,2014,2120012.0
Regional School District 13,9985,217,475,1660,2211,1923,856.0,354,17968,2014,2130012.0
Regional School District 14,8304,278,871,1466,1580,1939,1105.0,421,16931,2014,2140012.0
Regional School District 15,8904,123,310,1287,1508,1498,964.0,321,15260,2014,2150012.0
Regional School District 16,7541,205,907,1019,1859,1360,1004.0,284,14496,2014,2160012.0
Regional School District 17,8660,241,286,776,1791,2183,1451.0,298,16175,2014,2170012.0
Regional School District 18,9517,324,894,1429,2204,2962,874.0,383,18844,2014,2180012.0
Regional School District 19,9080,547,345,974,2015,1298,1364.0,644,16486,2014,2190012.0
Ridgefield School District,9566,194,971,807,1271,1773,848.0,234,16329,2014,1180011.0
Rocky Hill School District,8953,261,1109,979,1154,1996,588.0,0,14668,2014,1190011.0
Salem School District,9218,470,54,304,2600,5010,1343.0,0,20807,2014,1210011.0
Salisbury School District,13246,422,796,1037,1984,3128,1232.0,6,23220,2014,1220011.0
Scotland School District,11274,472,967,1276,2604,2212,683.0,154,19700,2014,1230011.0
Seymour School District,7529,327,342,979,1863,1553,719.0,189,13712,2014,1240011.0
Sharon School District,14265,527,526,1919,3617,3917,1364.0,134,27350,2014,1250011.0
Shelton School District,8611,171,277,432,1430,1601,748.0,149,13503,2014,1260011.0
Sherman School District,11551,250,972,144,1603,1724,852.0,108,18025,2014,1270011.0
Side By Side Charter School District,6692,256,51,1447,2448,1210,,0,12104,2014,2700013.0
Simsbury School District,9252,190,917,1066,1333,1633,634.0,165,15234,2014,1280011.0
Somers School District,8372,309,318,877,1352,1438,678.0,185,14025,2014,1290011.0
South Windsor School District,9129,514,643,1197,1644,1595,762.0,422,16061,2014,1320011.0
Southington School District,8023,192,218,976,1441,1195,538.0,130,13193,2014,1310011.0
Sprague School District,9208,548,227,279,1391,1360,949.0,0,14370,2014,1330011.0
Stafford School District,9756,291,707,1098,1899,1918,1195.0,54,17219,2014,1340011.0
Stamford Academy District,6629,74,0,3556,8583,265,,587,20133,2014,2820013.0
Stamford School District,9955,276,859,1052,2103,1522,787.0,0,17242,2014,1350011.0
Sterling School District,7848,106,444,365,1247,1014,1018.0,62,13197,2014,1360011.0
Stonington School District,8480,53,684,949,1652,1562,987.0,207,15178,2014,1370011.0
Stratford School District,7819,147,400,1430,1377,1275,643.0,224,13683,2014,1380011.0
Suffield School District,8371,518,170,968,1669,1052,670.0,206,14114,2014,1390011.0
The Bridge Academy District,7827,655,140,1117,1331,891,,472,12443,2014,2690013.0
Thomaston School District,8929,327,28,835,2031,3598,904.0,212,15459,2014,1400011.0
Thompson School District,8244,177,160,1181,1643,2193,858.0,45,15641,2014,1410011.0
Tolland School District,8065,202,569,541,1407,1542,823.0,42,13733,2014,1420011.0
Torrington School District,9799,352,372,932,1545,1470,935.0,133,16286,2014,1430011.0
Trailblazers Academy District,8379,223,0,3250,11932,2188,,761,26759,2014,2780013.0
Trumbull School District,8408,173,636,1220,1673,1351,702.0,62,14688,2014,1440011.0
Union School District,9706,813,80,578,3330,1689,1363.0,0,14848,2014,1450011.0
Vernon School District,9370,164,710,1059,1404,1460,634.0,160,14491,2014,1460011.0
Voluntown School District,8941,389,273,1865,2327,1478,932.0,196,17303,2014,1470011.0
Wallingford School District,8877,175,566,990,2069,3036,1052.0,254,17245,2014,1480011.0
Waterbury School District,8499,374,1302,560,1293,1152,645.0,525,14594,2014,1510011.0
Waterford School District,10722,305,193,1177,1756,1843,848.0,348,15878,2014,1520011.0
Watertown School District,7333,161,225,918,2180,1810,841.0,16,13776,2014,1530011.0
West Hartford School District,8417,176,802,992,1770,1360,634.0,131,14394,2014,1550011.0
West Haven School District,8203,261,423,727,1021,2567,675.0,285,13013,2014,1560011.0
Westbrook School District,11870,1347,396,343,1834,1988,736.0,688,19847,2014,1540011.0
Weston School District,10644,177,1597,1402,1561,2576,695.0,524,19919,2014,1570011.0
Westport School District,11155,600,539,1696,1837,2023,778.0,285,19320,2014,1580011.0
Wethersfield School District,7673,412,365,2142,1176,1313,646.0,187,14297,2014,1590011.0
Willington School District,10994,402,663,982,2246,1674,719.0,3,18351,2014,1600011.0
Wilton School District,10651,202,688,1747,1887,1589,783.0,0,18348,2014,1610011.0
Windham School District,9848,488,472,1368,1900,1361,827.0,23,16849,2014,1630011.0
Windsor Locks School District,10522,702,844,963,1900,2403,742.0,308,17774,2014,1650011.0
Windsor School District,12436,536,278,600,1970,1577,1087.0,223,17380,2014,1640011.0
Wolcott School District,8425,229,359,523,1386,1523,720.0,291,12885,2014,1660011.0
Woodbridge School District,10829,533,125,253,2829,1870,372.0,0,17301,2014,1670011.0
Woodstock School District,7887,320,191,645,1019,1342,727.0,8,13013,2014,1690011.0
Achievement First Bridgeport Academy District,6491,463,425,717,2771,513,,644,12279,2015,2850013.0
Achievement First Hartford Academy District,7194,678,326,1138,3878,87,,18,13422,2015,2880013.0
Amistad Academy District,6351,362,474,1238,2565,521,,600,12306,2015,2790013.0
Andover School District,9864,446,306,574,2237,1781,324.0,0,15640,2015,10011.0
Ansonia School District,7755,218,216,635,1654,1215,832.0,251,13263,2015,20011.0
Ashford School District,10687,998,179,651,2200,1537,666.0,153,17887,2015,30011.0
Avon School District,9300,306,325,1104,1860,1366,710.0,321,15833,2015,40011.0
Barkhamsted School District,8232,137,606,185,1561,1379,504.0,11,13377,2015,50011.0
Berlin School District,8125,339,606,1651,1627,1933,787.0,395,15425,2015,70011.0
Bethany School District,10285,680,245,418,2291,2456,382.0,0,17561,2015,80011.0
Bethel School District,8856,257,1144,1178,1579,1367,828.0,221,16235,2015,90011.0
Bloomfield School District,11273,382,664,1417,3274,2311,1021.0,314,19521,2015,110011.0
Bolton School District,8904,296,670,1192,2287,1714,866.0,270,16296,2015,120011.0
Booker T. Washington Academy District,7046,504,324,475,5789,3178,,40,17461,2015,2950013.0
Bozrah School District,11496,403,208,1056,2059,2051,993.0,66,20273,2015,130011.0
Branford School District,9837,327,798,1162,1802,1436,877.0,376,16842,2015,140011.0
Brass City Charter School District,6809,1154,135,104,3331,1447,,848,13844,2015,2900013.0
Bridgeport School District,7704,426,335,922,1758,1251,879.0,43,13887,2015,150011.0
Bristol School District,8418,146,543,958,1006,1264,854.0,349,13833,2015,170011.0
Brookfield School District,8287,135,651,1027,1886,1090,867.0,330,14727,2015,180011.0
Brooklyn School District,7885,229,301,1065,1108,1460,854.0,42,13706,2015,190011.0
Canaan School District,16722,414,950,1385,3862,2954,1128.0,154,26309,2015,210011.0
Canterbury School District,10841,190,236,1009,1828,2560,991.0,69,19134,2015,220011.0
Canton School District,8049,416,344,2082,1696,1497,922.0,698,15774,2015,230011.0
Chaplin School District,12361,244,674,1738,2093,1855,761.0,64,19744,2015,240011.0
Cheshire School District,8795,235,591,885,1420,1381,797.0,220,14864,2015,250011.0
Chester School District,10039,425,200,2881,2716,2056,266.0,291,18714,2015,260011.0
Clinton School District,10929,204,350,1047,1580,1435,789.0,72,16660,2015,270011.0
Colchester School District,8468,270,313,1178,1711,1598,933.0,174,14913,2015,280011.0
Colebrook School District,12834,229,233,436,3277,2307,600.0,105,19042,2015,290011.0
Columbia School District,8534,305,233,3874,1645,2868,1011.0,804,19950,2015,300011.0
Common Ground High School District,6649,241,2893,984,3195,902,,1450,16353,2015,2680013.0
Cornwall School District,20597,514,995,1273,4271,3635,1876.0,9,34241,2015,310011.0
Coventry School District,10070,319,216,952,1693,1589,984.0,14,15742,2015,320011.0
Cromwell School District,8870,260,167,727,1541,1395,556.0,210,13863,2015,330011.0
Danbury School District,8387,350,201,582,1242,1030,645.0,85,13007,2015,340011.0
Darien School District,11718,404,896,551,1581,1763,678.0,275,18918,2015,350011.0
Deep River School District,9483,213,264,2541,2173,1752,376.0,271,17865,2015,360011.0
Derby School District,8524,689,9,1313,1811,4263,554.0,148,17177,2015,370011.0
East Granby School District,9810,671,1032,973,2138,1910,874.0,229,17677,2015,400011.0
East Haddam School District,9872,531,372,1007,1975,2389,1077.0,5,17625,2015,410011.0
East Hampton School District,9672,206,483,982,1947,1352,682.0,8,14970,2015,420011.0
East Hartford School District,9052,259,369,1345,1955,1757,619.0,12,13834,2015,430011.0
East Haven School District,9519,362,253,1460,2094,1342,831.0,347,15518,2015,440011.0
East Lyme School District,9289,95,617,888,1466,1981,617.0,403,15515,2015,450011.0
East Windsor School District,10510,250,505,1547,3125,1170,1124.0,149,17837,2015,470011.0
Eastford School District,12156,241,701,1986,2902,2090,1185.0,0,24309,2015,390011.0
Easton School District,11727,210,404,204,2195,1567,755.0,4,17990,2015,460011.0
Ellington School District,7634,267,593,1410,1082,1295,703.0,183,13173,2015,480011.0
Elm City College Preparatory School District,6046,1579,499,1371,4673,782,,644,15794,2015,2890013.0
Elm City Montessori School District,8536,5365,2135,3376,3196,1934,,587,25129,2015,2910013.0
Enfield School District,9251,185,265,207,2042,1418,807.0,229,14177,2015,490011.0
Essex School District,9642,317,163,2330,2103,1565,337.0,204,17944,2015,500011.0
Explorations District,9216,121,365,779,2307,2626,,65,16088,2015,2720013.0
Fairfield School District,9154,132,1032,1223,1795,1560,807.0,197,16407,2015,510011.0
Farmington School District,9898,396,627,1129,1120,2004,677.0,38,16183,2015,520011.0
Franklin School District,9784,139,804,1024,2272,2021,888.0,0,17601,2015,530011.0
Glastonbury School District,8817,527,857,948,1687,1776,858.0,219,15741,2015,540011.0
Granby School District,8113,506,544,1126,1587,1671,705.0,330,14656,2015,560011.0
Great Oaks Charter School District,4986,1419,3584,296,3437,1080,,577,15378,2015,2940013.0
Greenwich School District,14835,352,476,1440,2075,1553,571.0,0,21964,2015,570011.0
Griswold School District,7787,110,130,560,2037,2460,826.0,245,14423,2015,580011.0
Groton School District,9027,155,897,1821,1749,1574,918.0,0,15842,2015,590011.0
Guilford School District,9758,290,569,1068,1730,1565,935.0,241,17084,2015,600011.0
Hamden School District,11491,431,265,1496,1788,2043,1099.0,184,18079,2015,620011.0
Hampton School District,11912,252,591,2278,2973,2267,817.0,149,23624,2015,630011.0
Hartland School District,9019,229,1115,2179,2197,1622,1010.0,725,17460,2015,650011.0
Hebron School District,9553,235,950,1251,1750,1516,303.0,0,15487,2015,670011.0
Highville Charter School District,5311,179,365,254,2793,1820,,739,11480,2015,2860013.0
Integrated Day Charter School District,6370,440,476,560,2450,1289,,625,12245,2015,2640013.0
Interdistrict School for Arts and Comm District,7077,219,989,613,2539,1557,,0,13032,2015,2650013.0
Jumoke Academy District,6007,660,109,1632,2213,1276,,1,11900,2015,2610013.0
Kent School District,13776,609,467,1088,2243,2104,1236.0,118,22168,2015,680011.0
Killingly School District,8112,168,911,862,1817,1803,1309.0,0,16925,2015,690011.0
Lebanon School District,9493,505,368,520,1354,2207,1101.0,413,16600,2015,710011.0
Ledyard School District,8357,367,456,870,1951,1339,970.0,148,14631,2015,720011.0
Lisbon School District,10058,390,195,1462,1701,2049,1088.0,71,19253,2015,730011.0
Litchfield School District,9501,330,1080,1553,1796,1880,925.0,491,18115,2015,740011.0
Madison School District,8955,324,813,1345,1274,1843,1076.0,472,16637,2015,760011.0
Manchester School District,10202,292,1292,1213,1960,1790,702.0,216,16248,2015,770011.0
Mansfield School District,11434,600,466,1094,2338,1276,555.0,75,18250,2015,780011.0
Marlborough School District,8207,439,494,231,1250,1208,298.0,0,12268,2015,790011.0
Meriden School District,8580,330,108,1062,1341,1586,703.0,130,13822,2015,800011.0
Middletown School District,9956,291,390,894,1330,1823,1413.0,344,16528,2015,830011.0
Milford School District,11494,575,342,555,1849,1963,671.0,206,18131,2015,840011.0
Monroe School District,9446,140,896,1148,1720,1602,812.0,166,16336,2015,850011.0
Montville School District,9539,403,337,962,1398,1654,1091.0,248,15473,2015,860011.0
Naugatuck School District,9611,237,240,1116,2067,1674,725.0,139,15375,2015,880011.0
New Britain School District,9595,169,334,271,1210,1057,1102.0,0,13715,2015,890011.0
New Canaan School District,10842,189,802,1774,1882,2433,1041.0,381,20138,2015,900011.0
New Fairfield School District,8745,423,440,1067,1520,1321,701.0,220,14915,2015,910011.0
New Hartford School District,9994,240,138,665,1458,1882,617.0,27,15754,2015,920011.0
New Haven School District,9849,370,425,241,1688,1458,1308.0,156,16062,2015,930011.0
New London School District,8267,799,474,1218,2800,1836,1039.0,161,15134,2015,950011.0
New Milford School District,8065,230,283,956,1864,1366,1078.0,246,14574,2015,960011.0
Newington School District,9388,529,497,941,1765,2112,913.0,179,16253,2015,940011.0
Newtown School District,8327,241,373,1674,1765,2263,873.0,180,16251,2015,970011.0
Norfolk School District,11135,259,1119,494,5075,2905,945.0,19,23250,2015,980011.0
North Branford School District,7627,198,914,1251,1619,1947,1186.0,445,15242,2015,990011.0
North Canaan School District,13036,429,192,1154,2080,2030,919.0,67,20149,2015,1000011.0
North Haven School District,7994,192,348,1523,2167,1276,861.0,177,15034,2015,1010011.0
North Stonington School District,9714,723,231,999,2400,1730,1131.0,0,16568,2015,1020011.0
Norwalk School District,10473,220,94,1288,2227,1602,577.0,138,17220,2015,1030011.0
Norwich School District,9085,728,86,1417,1127,1276,1212.0,0,17111,2015,1040011.0
Odyssey Community School District,6455,179,285,183,1807,1502,,0,10411,2015,2630013.0
Old Saybrook School District,9155,639,899,1139,1765,1970,922.0,423,17855,2015,1060011.0
Orange School District,10003,389,745,1059,1743,1861,438.0,116,16985,2015,1070011.0
Oxford School District,8699,266,95,999,1791,1034,832.0,276,14372,2015,1080011.0
Park City Prep Charter School District,3852,1936,576,976,2284,2276,,0,11902,2015,2830013.0
Path Academy District,5728,724,1030,2625,2791,1470,,472,14850,2015,2930013.0
Plainfield School District,8055,204,302,1136,1568,1489,1308.0,144,14661,2015,1090011.0
Plainville School District,9569,358,526,725,1507,1394,758.0,0,15034,2015,1100011.0
Plymouth School District,9155,434,279,486,1662,1585,1061.0,301,14330,2015,1110011.0
Pomfret School District,10281,408,440,334,1745,1648,1194.0,79,18513,2015,1120011.0
Portland School District,8351,426,374,895,1506,2172,654.0,339,14624,2015,1130011.0
Preston School District,12169,175,253,1156,1971,1793,1507.0,88,21005,2015,1140011.0
Putnam School District,8400,461,187,1877,1739,1760,1001.0,212,17508,2015,1160011.0
Redding School District,15025,410,589,224,1927,2328,813.0,2,22645,2015,1170011.0
Regional School District 01,13310,1030,1703,1559,2621,3300,342.0,1034,26782,2015,2010012.0
Regional School District 04,8713,156,362,1020,2218,1913,677.0,936,16948,2015,2040012.0
Regional School District 05,8695,250,505,1138,2422,1553,999.0,440,17110,2015,2050012.0
Regional School District 06,9969,410,812,1252,2246,2004,1122.0,327,18201,2015,2060012.0
Regional School District 07,9446,405,202,742,2069,1985,1583.0,468,17391,2015,2070012.0
Regional School District 08,8164,133,498,1157,1596,1630,756.0,330,14479,2015,2080012.0
Regional School District 09,12927,348,448,141,1688,1996,1104.0,0,19731,2015,2090012.0
Regional School District 10,8074,283,962,852,1338,1629,930.0,0,14402,2015,2100012.0
Regional School District 11,10048,285,424,1428,3667,2416,1361.0,826,20501,2015,2110012.0
Regional School District 12,13095,945,1225,2300,3025,4381,2032.0,599,28917,2015,2120012.0
Regional School District 13,10301,203,583,1688,2404,1854,961.0,322,18583,2015,2130012.0
Regional School District 14,8807,272,906,1584,1728,2254,1155.0,439,18082,2015,2140012.0
Regional School District 15,9403,118,376,1482,1679,1619,1042.0,340,16431,2015,2150012.0
Regional School District 16,7787,277,868,970,1835,2291,1028.0,247,15598,2015,2160012.0
Regional School District 17,9386,228,332,897,1946,2187,1440.0,337,17220,2015,2170012.0
Regional School District 18,10033,272,1122,1494,2334,3256,883.0,435,19910,2015,2180012.0
Regional School District 19,9671,532,255,1012,2230,1439,1307.0,691,17351,2015,2190012.0
Ridgefield School District,9858,192,1072,923,1322,1823,888.0,261,17130,2015,1180011.0
Rocky Hill School District,9318,283,955,959,1200,1902,547.0,0,14847,2015,1190011.0
Salem School District,7655,110,244,2527,2496,3478,1291.0,0,20291,2015,1210011.0
Salisbury School District,14193,300,720,745,2165,3575,1363.0,27,24526,2015,1220011.0
Scotland School District,11457,361,838,1321,2867,2743,645.0,155,20373,2015,1230011.0
Seymour School District,7800,164,408,1024,1902,1665,787.0,212,14362,2015,1240011.0
Sharon School District,15406,542,485,1698,3813,3210,1481.0,248,27682,2015,1250011.0
Shelton School District,8711,348,300,553,1482,1602,694.0,151,13793,2015,1260011.0
Sherman School District,12645,358,1194,158,1667,1901,890.0,132,19992,2015,1270011.0
Side By Side Charter School District,6492,354,21,1200,2505,1327,,0,11899,2015,2700013.0
Simsbury School District,9262,217,913,1177,1386,1689,651.0,178,15527,2015,1280011.0
Somers School District,8671,332,328,983,1350,1607,658.0,206,14533,2015,1290011.0
South Windsor School District,9424,388,676,1261,1766,1509,788.0,430,16401,2015,1320011.0
Southington School District,8360,188,209,1030,1495,1239,556.0,134,13580,2015,1310011.0
Sprague School District,9198,429,80,273,1516,1129,992.0,0,13885,2015,1330011.0
Stafford School District,9696,297,356,1143,2020,2349,1272.0,91,17335,2015,1340011.0
Stamford Academy District,7448,201,0,3312,9012,245,,546,21182,2015,2820013.0
Stamford School District,9943,171,1078,1049,2151,1520,843.0,0,17585,2015,1350011.0
Sterling School District,6912,397,593,390,1319,1098,1010.0,55,12783,2015,1360011.0
Stonington School District,8744,85,772,879,1950,1789,978.0,206,16029,2015,1370011.0
Stratford School District,8487,127,393,1500,1457,1368,691.0,250,14630,2015,1380011.0
Suffield School District,8747,366,186,1051,1813,1220,623.0,218,14643,2015,1390011.0
The Bridge Academy District,8296,402,107,1229,1449,872,,542,12903,2015,2690013.0
Thomaston School District,8840,286,33,1003,2367,1921,1032.0,211,14516,2015,1400011.0
Thompson School District,8039,168,290,1287,1869,2221,965.0,15,16145,2015,1410011.0
Tolland School District,8511,225,569,557,1455,1355,863.0,48,14205,2015,1420011.0
Torrington School District,10039,127,332,1140,1791,1394,985.0,149,16675,2015,1430011.0
Trailblazers Academy District,9788,193,0,4120,16986,2499,,869,34512,2015,2780013.0
Trumbull School District,8810,225,703,1205,1671,1211,705.0,182,15187,2015,1440011.0
Union School District,12221,787,242,491,3228,1732,1418.0,0,21172,2015,1450011.0
Vernon School District,9606,309,808,1044,1548,1556,723.0,163,15118,2015,1460011.0
Voluntown School District,8760,349,425,1720,2239,1324,908.0,194,17136,2015,1470011.0
Wallingford School District,9098,103,516,989,2187,1482,1077.0,290,16060,2015,1480011.0
Waterbury School District,9041,266,1113,463,1323,1185,691.0,541,14870,2015,1510011.0
Waterford School District,10742,370,213,1227,1777,1959,850.0,351,16306,2015,1520011.0
Watertown School District,8053,142,261,947,1791,1773,766.0,0,14476,2015,1530011.0
West Hartford School District,8846,258,718,1054,1876,1403,675.0,142,15041,2015,1550011.0
West Haven School District,8381,273,446,761,1068,2648,726.0,296,13592,2015,1560011.0
Westbrook School District,13197,540,401,388,2026,2238,654.0,660,20527,2015,1540011.0
Weston School District,11513,193,1395,1324,1616,2411,703.0,422,20482,2015,1570011.0
Westport School District,11420,638,534,1781,1966,2321,838.0,295,20217,2015,1580011.0
Wethersfield School District,9090,559,284,1017,1352,1616,729.0,150,14977,2015,1590011.0
Willington School District,11312,293,661,1075,2528,1834,763.0,3,18903,2015,1600011.0
Wilton School District,11133,218,727,1933,1950,1555,886.0,0,19253,2015,1610011.0
Windham School District,10285,445,441,1621,1886,2181,1023.0,28,18678,2015,1630011.0
Windsor Locks School District,11087,716,816,1137,2039,2202,732.0,316,18420,2015,1650011.0
Windsor School District,11550,314,913,1598,2435,1646,1149.0,205,18195,2015,1640011.0
Wolcott School District,8951,274,305,587,1604,1548,787.0,321,13821,2015,1660011.0
Woodbridge School District,10904,394,90,233,2718,1235,383.0,0,16488,2015,1670011.0
Woodstock School District,8171,194,149,707,1125,1561,736.0,23,13333,2015,1690011.0
Achievement First Bridgeport Academy District,4889,509,413,907,2635,489,,486,10483,2016,2850013.0
Achievement First Hartford Academy District,7124,466,409,1232,4333,22,,21,13712,2016,2880013.0
Amistad Academy District,5239,230,377,1040,3234,506,,537,11379,2016,2790013.0
Andover School District,11290,508,487,626,2118,1831,346.0,33,17232,2016,10011.0
Ansonia School District,8366,190,265,690,1672,1229,878.0,0,13932,2016,20011.0
Ashford School District,11304,875,253,599,2590,1732,642.0,261,19165,2016,30011.0
Avon School District,9878,246,284,1071,1578,1417,785.0,330,16218,2016,40011.0
Barkhamsted School District,9202,166,798,206,1879,2978,481.0,0,17098,2016,50011.0
Berlin School District,8805,304,478,1624,1782,1942,850.0,412,16044,2016,70011.0
Bethany School District,11108,952,301,586,2067,1703,389.0,0,17925,2016,80011.0
Bethel School District,9141,220,1231,1124,1520,1390,824.0,263,16291,2016,90011.0
Bloomfield School District,11779,380,667,1514,3388,3093,1107.0,306,20879,2016,110011.0
Bolton School District,9455,340,736,1173,2578,1883,819.0,240,17174,2016,120011.0
Booker T. Washington Academy District,7607,770,1510,1599,1065,765,,0,13410,2016,2950013.0
Bozrah School District,12091,538,267,1175,2152,1805,1086.0,62,20502,2016,130011.0
Branford School District,10498,268,1221,822,1802,1506,935.0,359,17758,2016,140011.0
Brass City Charter School District,6961,709,166,706,2212,2034,,914,13744,2016,2900013.0
Bridgeport School District,7831,326,313,1004,1818,1304,976.0,43,14296,2016,150011.0
Bristol School District,8314,165,525,1250,1011,1391,908.0,237,14066,2016,170011.0
Brookfield School District,8362,247,874,1000,1943,1178,929.0,225,14994,2016,180011.0
Brooklyn School District,8188,197,301,1177,1553,1663,913.0,38,14707,2016,190011.0
Canaan School District,17167,853,930,1675,3862,5134,1155.0,205,31627,2016,210011.0
Canterbury School District,10611,273,236,1038,1850,2682,898.0,61,18530,2016,220011.0
Canton School District,8263,295,318,2211,2054,1642,864.0,298,15975,2016,230011.0
Capital Preparatory Harbor School District,5098,1309,1448,738,1750,738,,641,11799,2016,2970013.0
Chaplin School District,12542,410,763,1563,2448,1432,682.0,37,18945,2016,240011.0
Cheshire School District,9284,304,593,938,1533,1561,839.0,222,15781,2016,250011.0
Chester School District,10620,352,184,2913,2885,2239,281.0,364,19352,2016,260011.0
Clinton School District,11532,236,375,1140,1651,1294,799.0,86,17596,2016,270011.0
Colchester School District,8777,274,339,1233,1818,1577,917.0,165,15355,2016,280011.0
Colebrook School District,13373,155,294,481,3664,3241,646.0,243,20345,2016,290011.0
Columbia School District,8290,281,242,3889,2119,927,1207.0,908,19421,2016,300011.0
Common Ground High School District,6961,231,3263,1118,3240,856,,1004,16721,2016,2680013.0
Cornwall School District,19857,395,959,1626,4406,3864,1904.0,9,34236,2016,310011.0
Coventry School District,10361,429,249,995,1700,1635,976.0,9,16406,2016,320011.0
Cromwell School District,8811,404,207,745,1579,1504,673.0,228,14364,2016,330011.0
Danbury School District,8375,385,207,542,1320,989,647.0,86,13039,2016,340011.0
Darien School District,11953,404,1015,580,1565,1941,667.0,296,19727,2016,350011.0
Deep River School District,9843,271,354,2611,2244,1610,345.0,279,18087,2016,360011.0
Derby School District,10085,537,9,1035,1973,1808,731.0,224,16005,2016,370011.0
East Granby School District,11456,833,1104,362,2201,2135,758.0,215,18981,2016,400011.0
East Haddam School District,10821,424,485,1070,2226,2288,1020.0,17,18623,2016,410011.0
East Hampton School District,9790,381,378,906,1825,1193,648.0,9,15020,2016,420011.0
East Hartford School District,9162,356,314,1430,2092,1829,652.0,9,14121,2016,430011.0
East Haven School District,9580,309,411,1580,2252,1692,844.0,332,16354,2016,440011.0
East Lyme School District,9776,126,672,819,1582,1989,726.0,331,15993,2016,450011.0
East Windsor School District,11166,280,473,1582,3708,1371,1057.0,13,19235,2016,470011.0
Eastford School District,13243,158,670,1901,2603,1524,1420.0,0,25137,2016,390011.0
Easton School District,13246,217,467,234,2183,1561,754.0,8,19888,2016,460011.0
Ellington School District,7893,289,583,1593,1134,1303,728.0,200,13632,2016,480011.0
Elm City College Preparatory School District,6452,601,394,1184,4392,771,,623,14612,2016,2890013.0
Elm City Montessori School District,4307,1608,2680,4036,3305,3142,,584,19955,2016,2910013.0
Enfield School District,9313,249,314,185,1909,1476,813.0,242,14371,2016,490011.0
Essex School District,10373,316,203,2453,2168,2706,404.0,242,20887,2016,500011.0
Explorations District,11079,331,731,1132,2087,4348,,138,20464,2016,2720013.0
Fairfield School District,9673,197,1077,1296,1711,1578,801.0,211,17063,2016,510011.0
Farmington School District,10612,364,601,1103,1139,1517,715.0,29,16613,2016,520011.0
Franklin School District,9633,107,237,1180,2411,2047,836.0,67,17307,2016,530011.0
Glastonbury School District,9159,548,970,962,1731,1833,849.0,226,16300,2016,540011.0
Granby School District,8330,246,532,1333,1472,1748,756.0,340,14888,2016,560011.0
Great Oaks Charter School District,6075,988,5023,152,2700,1523,,590,18182,2016,2940013.0
Greenwich School District,14464,263,498,1455,2074,1551,576.0,0,21518,2016,570011.0
Griswold School District,8810,146,164,591,1426,1787,836.0,148,14291,2016,580011.0
Groton School District,9322,200,681,1890,1805,1530,972.0,0,16092,2016,590011.0
Guilford School District,9798,289,569,1119,1894,1631,934.0,299,17493,2016,600011.0
Hamden School District,12538,303,288,1644,1945,2055,1113.0,180,19128,2016,620011.0
Hampton School District,12218,643,570,2363,3123,2285,874.0,125,23845,2016,630011.0
Hartland School District,10111,278,1052,2185,2404,1404,1167.0,825,17704,2016,650011.0
Hebron School District,10286,502,598,1042,1440,1846,314.0,0,16077,2016,670011.0
Highville Charter School District,4863,513,211,678,2724,2079,,693,11773,2016,2860013.0
Integrated Day Charter School District,6934,344,490,595,2264,1365,,661,12715,2016,2640013.0
Interdistrict School for Arts and Comm District,7636,250,1315,637,2484,1181,,0,13531,2016,2650013.0
Jumoke Academy District,6429,344,85,1339,2573,1394,,3,12172,2016,2610013.0
Kent School District,14200,742,500,1668,2555,2429,1311.0,121,24046,2016,680011.0
Killingly School District,8010,253,974,941,1897,1771,1246.0,2,17108,2016,690011.0
Lebanon School District,9096,797,470,1417,1603,2351,1293.0,287,17736,2016,710011.0
Ledyard School District,8664,266,575,954,2057,1171,995.0,142,15183,2016,720011.0
Lisbon School District,10497,688,220,1537,1635,1413,1224.0,90,19897,2016,730011.0
Litchfield School District,10021,234,933,1838,1954,2018,1177.0,482,19626,2016,740011.0
Madison School District,9586,399,891,1522,1374,1785,1139.0,475,17746,2016,760011.0
Manchester School District,10417,227,1482,1231,2156,2162,661.0,181,16995,2016,770011.0
Mansfield School District,11285,488,426,1101,2528,1356,541.0,81,18308,2016,780011.0
Marlborough School District,9248,342,573,357,1473,1161,295.0,0,13483,2016,790011.0
Meriden School District,8883,360,113,1103,1324,1694,710.0,133,14229,2016,800011.0
Middletown School District,10351,270,423,935,1430,2003,1521.0,323,17289,2016,830011.0
Milford School District,11859,514,401,572,1969,2000,713.0,351,18864,2016,840011.0
Monroe School District,9149,173,1743,1217,1708,1705,900.0,181,17109,2016,850011.0
Montville School District,10217,413,326,997,1416,1676,1070.0,317,16154,2016,860011.0
Naugatuck School District,9307,231,200,1291,2613,1557,733.0,223,15679,2016,880011.0
New Beginnings Inc Family Academy District,7346,385,16,906,3002,1167,,1082,13911,2016,2800013.0
New Britain School District,9600,202,361,325,1230,1046,1104.0,21,13738,2016,890011.0
New Canaan School District,10770,422,681,1878,2062,2272,1162.0,451,20603,2016,900011.0
New Fairfield School District,9089,277,526,1177,1615,1371,766.0,222,15553,2016,910011.0
New Hartford School District,10603,193,141,686,1886,2618,605.0,10,16887,2016,920011.0
New Haven School District,10750,535,289,243,1718,1395,1353.0,155,17057,2016,930011.0
New London School District,8772,628,560,1191,3007,2348,995.0,170,16103,2016,950011.0
New Milford School District,8433,258,293,1035,1537,1436,1176.0,257,14990,2016,960011.0
Newington School District,9708,416,535,954,1910,2525,791.0,207,16849,2016,940011.0
Newtown School District,8545,276,343,1705,1780,2161,920.0,197,16685,2016,970011.0
Norfolk School District,11144,210,1782,463,5599,3870,657.0,0,23863,2016,980011.0
North Branford School District,7940,206,998,1343,1832,2007,1132.0,432,16020,2016,990011.0
North Canaan School District,13702,498,130,1809,2422,1984,951.0,75,22124,2016,1000011.0
North Haven School District,8674,141,368,1167,2173,1239,1077.0,191,15804,2016,1010011.0
North Stonington School District,9466,1117,276,1006,2869,1632,1144.0,0,17089,2016,1020011.0
Norwalk School District,10813,187,108,1233,2290,1353,722.0,148,17548,2016,1030011.0
Norwich School District,10623,468,96,1396,1061,1346,1219.0,0,17850,2016,1040011.0
Odyssey Community School District,6819,153,222,167,1984,1562,,0,10908,2016,2630013.0
Old Saybrook School District,9853,573,924,1233,1844,2935,919.0,485,19582,2016,1060011.0
Orange School District,9084,889,652,1761,2401,1621,462.0,126,17741,2016,1070011.0
Oxford School District,8639,270,141,1140,1753,1002,902.0,312,14536,2016,1080011.0
Park City Prep Charter School District,4146,350,593,703,2376,2224,,524,10917,2016,2830013.0
Path Academy District,5387,396,563,2737,2372,1284,,800,13572,2016,2930013.0
Plainfield School District,8246,278,342,1195,1615,1694,1214.0,192,15210,2016,1090011.0
Plainville School District,9902,380,524,720,1656,1332,765.0,0,15357,2016,1100011.0
Plymouth School District,8823,502,338,1160,1411,1237,1035.0,922,14895,2016,1110011.0
Pomfret School District,11107,358,546,354,1963,1559,1162.0,42,19059,2016,1120011.0
Portland School District,8267,470,439,954,1533,2114,670.0,316,14716,2016,1130011.0
Preston School District,12332,239,239,633,1846,1576,1572.0,77,20295,2016,1140011.0
Putnam School District,8794,282,191,2087,1898,1578,1103.0,216,17950,2016,1160011.0
Redding School District,15931,291,582,232,1955,2352,852.0,6,23439,2016,1170011.0
Regional School District 01,11978,686,1572,1969,2635,2964,308.0,1013,24914,2016,2010012.0
Regional School District 04,9237,209,391,1143,2407,2057,797.0,1007,18073,2016,2040012.0
Regional School District 05,9208,263,527,1222,2620,1685,1058.0,452,18133,2016,2050012.0
Regional School District 06,9860,415,785,1400,2389,1961,1157.0,377,18488,2016,2060012.0
Regional School District 07,9671,337,229,765,1955,1813,1633.0,467,17496,2016,2070012.0
Regional School District 08,8337,183,567,1197,1910,1743,857.0,405,15261,2016,2080012.0
Regional School District 09,13747,329,453,140,1650,1944,1194.0,0,20546,2016,2090012.0
Regional School District 10,8451,424,989,923,1478,1664,923.0,0,15179,2016,2100012.0
Regional School District 11,11275,332,475,1650,4140,2521,1583.0,936,22595,2016,2110012.0
Regional School District 12,13381,708,1587,2400,3004,4737,2163.0,608,29737,2016,2120012.0
Regional School District 13,10836,209,644,1838,2696,2261,1001.0,370,20089,2016,2130012.0
Regional School District 14,9221,260,1090,1743,1840,2245,1145.0,451,18737,2016,2140012.0
Regional School District 15,9779,128,355,1673,1658,1688,1119.0,372,17285,2016,2150012.0
Regional School District 16,8178,244,909,948,1985,2003,1076.0,265,15885,2016,2160012.0
Regional School District 17,9802,268,243,998,2138,2458,1453.0,403,18347,2016,2170012.0
Regional School District 18,10419,330,1093,1441,2513,2991,1012.0,446,20619,2016,2180012.0
Regional School District 19,10018,376,231,1091,2255,1561,1372.0,704,17968,2016,2190012.0
Ridgefield School District,10169,191,1122,996,1439,1801,912.0,283,17653,2016,1180011.0
Rocky Hill School District,9073,244,937,1048,1231,1837,602.0,0,14880,2016,1190011.0
Salem School District,8076,155,186,2957,3170,2533,1362.0,0,20688,2016,1210011.0
Salisbury School District,14228,358,740,1011,2326,3086,1304.0,9,24610,2016,1220011.0
Scotland School District,11060,335,1632,2057,3210,2270,775.0,71,21931,2016,1230011.0
Seymour School District,8157,254,439,1091,1995,1695,821.0,241,15055,2016,1240011.0
Sharon School District,17125,491,430,2532,3994,3901,1492.0,135,30904,2016,1250011.0
Shelton School District,8875,221,415,556,1396,1608,801.0,168,13973,2016,1260011.0
Sherman School District,12990,400,1289,158,1716,1696,1040.0,187,20567,2016,1270011.0
Side By Side Charter School District,6895,342,18,1213,2585,3359,,0,14412,2016,2700013.0
Simsbury School District,9705,306,949,1183,1461,1752,713.0,179,16174,2016,1280011.0
Somers School District,8982,539,419,1060,1391,1714,683.0,221,15367,2016,1290011.0
South Windsor School District,9642,259,1138,1399,1828,1634,796.0,439,17195,2016,1320011.0
Southington School District,8667,225,171,1052,1566,1324,597.0,139,14086,2016,1310011.0
Sprague School District,8093,438,25,797,2285,1078,805.0,80,14128,2016,1330011.0
Stafford School District,10324,334,454,1114,2228,1982,1263.0,155,17932,2016,1340011.0
Stamford Academy District,6741,194,0,3654,9280,199,,553,21038,2016,2820013.0
Stamford Charter School for Excellence District,6747,7636,1845,222,1659,0,,144,18254,2016,2960013.0
Stamford School District,10387,211,1105,1089,2141,1598,856.0,0,18305,2016,1350011.0
Sterling School District,8014,439,525,353,1520,1149,846.0,69,14577,2016,1360011.0
Stonington School District,8861,199,847,1071,2024,2028,975.0,207,16865,2016,1370011.0
Stratford School District,8835,165,408,1650,1547,1424,696.0,251,15172,2016,1380011.0
Suffield School District,9268,501,275,1079,1790,1486,669.0,204,15898,2016,1390011.0
The Bridge Academy District,7934,395,113,1465,1521,802,,517,12760,2016,2690013.0
Thomaston School District,9108,473,32,782,2429,2150,1069.0,222,15464,2016,1400011.0
Thompson School District,8958,285,252,1292,2486,1888,991.0,198,17516,2016,1410011.0
Tolland School District,8801,279,606,588,1755,1520,865.0,58,15130,2016,1420011.0
Torrington School District,9892,167,367,1967,1513,1163,1016.0,125,17018,2016,1430011.0
Trailblazers Academy District,7816,270,0,4487,16148,2244,,799,31797,2016,2780013.0
Trumbull School District,9019,232,769,1281,1796,1233,710.0,186,15600,2016,1440011.0
Union School District,10651,752,320,1177,3646,1676,1071.0,0,20388,2016,1450011.0
Vernon School District,9769,296,693,1058,1893,1885,734.0,169,15858,2016,1460011.0
Voluntown School District,9550,516,461,1530,2732,4304,1148.0,194,21038,2016,1470011.0
Wallingford School District,9581,161,637,1068,2348,1926,1131.0,297,17520,2016,1480011.0
Waterbury School District,9360,229,1146,481,1300,1152,711.0,571,15248,2016,1510011.0
Waterford School District,10812,516,202,1271,1798,2032,857.0,360,16562,2016,1520011.0
Watertown School District,8007,160,946,516,1859,1795,806.0,19,14814,2016,1530011.0
West Hartford School District,8982,245,763,1075,1934,1421,724.0,145,15482,2016,1550011.0
West Haven School District,8804,323,542,900,1199,2725,764.0,307,14416,2016,1560011.0
Westbrook School District,14562,697,521,446,2238,2664,702.0,948,23089,2016,1540011.0
Weston School District,10578,147,1803,1867,2143,2515,702.0,502,21253,2016,1570011.0
Westport School District,11655,660,516,1800,2043,2218,919.0,310,20541,2016,1580011.0
Wethersfield School District,9294,412,292,1252,1370,1669,798.0,176,15442,2016,1590011.0
Willington School District,10803,338,678,1081,2754,1647,925.0,3,19059,2016,1600011.0
Wilton School District,11591,260,952,1977,2059,1612,929.0,0,20040,2016,1610011.0
Winchester School District,12132,250,920,1988,2877,826,1169.0,0,20541,2016,1620011.0
Windham School District,10127,625,434,1654,2031,1928,1021.0,0,18668,2016,1630011.0
Windsor Locks School District,11800,488,711,1252,2008,2602,738.0,320,19049,2016,1650011.0
Windsor School District,11164,391,922,1633,2567,1702,1181.0,231,18314,2016,1640011.0
Wolcott School District,9043,351,495,636,1584,1540,765.0,299,14251,2016,1660011.0
Woodbridge School District,11311,397,111,546,2986,1989,455.0,0,18558,2016,1670011.0
Woodstock School District,8173,311,154,827,1198,1989,683.0,22,14358,2016,1690011.0
Achievement First Bridgeport Academy District,6258,343,276,976,3240,526,,602,12401,2017,2850013.0
Achievement First Hartford Academy District,7537,498,459,1210,4140,25,,26,13914,2017,2880013.0
Amistad Academy District,6325,321,329,1124,3203,570,,585,12669,2017,2790013.0
Andover School District,12027,241,946,661,2511,5132,326.0,30,21810,2017,10011.0
Ansonia School District,9082,401,67,463,1595,1124,919.0,0,14531,2017,20011.0
Ashford School District,11590,760,81,594,2552,1962,712.0,191,18990,2017,30011.0
Avon School District,10195,241,258,1165,1669,1464,820.0,316,16715,2017,40011.0
Barkhamsted School District,10122,213,654,246,2121,2229,533.0,11,17239,2017,50011.0
Berlin School District,9022,267,440,1563,2140,1862,950.0,432,16702,2017,70011.0
Bethany School District,11322,1375,416,590,2604,1816,440.0,0,19748,2017,80011.0
Bethel School District,9100,183,1267,1105,1521,1321,853.0,285,16252,2017,90011.0
Bloomfield School District,11585,323,488,1422,3742,2709,1199.0,309,20624,2017,110011.0
Bolton School District,9538,239,730,1165,2488,1770,909.0,225,17287,2017,120011.0
Booker T. Washington Academy District,7251,952,466,918,2389,618,,7,12783,2017,2950013.0
Bozrah School District,12167,701,219,1202,2252,2103,962.0,52,21085,2017,130011.0
Branford School District,10836,318,1244,885,1956,1553,1004.0,370,18513,2017,140011.0
Brass City Charter School District,8475,667,62,648,2235,1338,,961,14422,2017,2900013.0
Bridgeport School District,7717,292,310,1057,1743,1272,966.0,37,14088,2017,150011.0
Bristol School District,8706,92,591,1056,1210,1285,973.0,280,14281,2017,170011.0
Brookfield School District,8578,105,1056,1051,1974,1122,969.0,243,15377,2017,180011.0
Brooklyn School District,9507,124,387,204,1478,1192,1190.0,84,15403,2017,190011.0
Canaan School District,16410,556,838,1812,4557,2861,1226.0,55,28335,2017,210011.0
Canterbury School District,11154,432,238,1049,1968,2441,905.0,159,19212,2017,220011.0
Canton School District,8458,306,352,2242,2081,1472,901.0,364,16131,2017,230011.0
Capital Preparatory Harbor School District,4333,138,943,216,3103,1320,,478,10841,2017,2970013.0
Chaplin School District,14238,357,889,1446,3122,1745,883.0,38,22184,2017,240011.0
Cheshire School District,9621,215,624,948,1555,1647,863.0,226,16123,2017,250011.0
Chester School District,10995,421,221,3356,3085,2410,315.0,309,20662,2017,260011.0
Clinton School District,11898,273,388,1244,1766,1329,776.0,70,18392,2017,270011.0
Colchester School District,8851,269,322,1322,1963,1496,930.0,183,15617,2017,280011.0
Colebrook School District,15006,148,408,525,4182,1723,736.0,282,23456,2017,290011.0
Columbia School District,8743,175,253,4118,2367,975,1156.0,919,19690,2017,300011.0
Common Ground High School District,6685,230,1164,2786,3066,1155,,872,15958,2017,2680013.0
Cornwall School District,24697,1011,1608,2161,6186,5431,2056.0,15,44341,2017,310011.0
Coventry School District,10843,439,243,1109,1708,1357,1079.0,0,17199,2017,320011.0
Cromwell School District,8367,448,205,1040,1794,1510,714.0,244,14918,2017,330011.0
Danbury School District,8347,387,204,551,1354,960,676.0,107,13032,2017,340011.0
Darien School District,12377,462,990,608,1771,1950,631.0,337,20576,2017,350011.0
Deep River School District,11015,360,201,3027,2686,1620,359.0,301,20404,2017,360011.0
Derby School District,10779,427,11,1082,2070,1891,768.0,217,17063,2017,370011.0
East Granby School District,11525,430,1108,769,2307,1942,761.0,208,19290,2017,400011.0
East Haddam School District,11498,490,452,1176,2555,2302,1049.0,56,19774,2017,410011.0
East Hampton School District,10032,213,352,1112,1904,1179,657.0,8,15288,2017,420011.0
East Hartford School District,9998,263,357,1647,2119,1952,690.0,14,15017,2017,430011.0
East Haven School District,9951,370,486,1439,1917,1206,883.0,283,16008,2017,440011.0
East Lyme School District,10153,112,761,1017,1644,2027,674.0,334,16684,2017,450011.0
East Windsor School District,10865,2079,609,1820,3588,1463,1240.0,486,21605,2017,470011.0
Eastford School District,12586,239,742,2281,2453,2269,1351.0,0,24297,2017,390011.0
Easton School District,12414,200,441,251,2356,1710,756.0,0,18855,2017,460011.0
Ellington School District,8436,209,602,1370,1126,1306,735.0,219,14051,2017,480011.0
Elm City College Preparatory School District,6768,459,430,1220,5333,686,,602,15698,2017,2890013.0
Elm City Montessori School District,4976,368,1841,3475,3313,3481,,676,18767,2017,2910013.0
Enfield School District,9374,352,403,181,1921,1522,865.0,231,14841,2017,490011.0
Essex School District,11708,318,172,2731,2469,2768,454.0,260,22616,2017,500011.0
Explorations District,11069,108,1052,1715,2611,2674,,199,19815,2017,2720013.0
Fairfield School District,9680,234,1058,1301,1781,1760,844.0,215,17505,2017,510011.0
Farmington School District,10282,394,624,1192,1277,1717,753.0,50,16805,2017,520011.0
Franklin School District,9744,151,363,1205,2664,2090,1019.0,44,18200,2017,530011.0
Glastonbury School District,9380,496,964,1022,1813,1874,867.0,255,16758,2017,540011.0
Granby School District,8656,243,726,1269,1560,1644,701.0,379,15353,2017,560011.0
Great Oaks Charter School District,8377,824,5434,106,926,1122,,606,18515,2017,2940013.0
Greenwich School District,14380,269,496,1453,2079,1536,585.0,0,21502,2017,570011.0
Griswold School District,9438,79,169,619,1511,1803,969.0,152,15185,2017,580011.0
Groton School District,9873,234,468,1601,1790,1578,1101.0,0,16454,2017,590011.0
Guilford School District,9852,325,610,1117,1921,1714,948.0,293,17771,2017,600011.0
Hamden School District,12633,256,285,1839,1999,1966,1133.0,156,19552,2017,620011.0
Hampton School District,12057,448,567,1859,3358,2502,890.0,148,24951,2017,630011.0
Hartford School District,9203,290,372,1469,2649,1816,1062.0,0,17324,2017,640011.0
Hartland School District,10233,287,1056,2301,2644,1422,1132.0,817,17931,2017,650011.0
Hebron School District,10496,311,925,966,1510,1798,305.0,0,17052,2017,670011.0
Highville Charter School District,5014,319,37,546,2515,1275,,681,10402,2017,2860013.0
Integrated Day Charter School District,6930,285,565,379,2494,1132,,573,12374,2017,2640013.0
Interdistrict School for Arts and Comm District,7217,192,1675,645,2527,1196,,0,13490,2017,2650013.0
Jumoke Academy District,6550,433,84,1098,2705,1327,,3,12202,2017,2610013.0
Kent School District,14434,984,547,1672,2549,2541,1275.0,116,24241,2017,680011.0
Killingly School District,8180,259,1015,854,1888,2046,1088.0,50,17610,2017,690011.0
Lebanon School District,9838,673,513,1565,1832,2024,1393.0,291,18602,2017,710011.0
Ledyard School District,8599,278,605,1068,2151,1303,993.0,153,15355,2017,720011.0
Lisbon School District,10074,210,220,1630,1672,1310,1524.0,63,19725,2017,730011.0
Litchfield School District,10312,137,1141,1792,2013,1864,1272.0,889,20641,2017,740011.0
Madison School District,10224,346,949,1721,1450,1845,1163.0,493,18837,2017,760011.0
Manchester School District,10473,145,1329,1309,2107,2095,674.0,195,16586,2017,770011.0
Mansfield School District,11838,589,545,1175,2801,1985,574.0,87,20046,2017,780011.0
Marlborough School District,9294,290,577,296,1513,1147,291.0,0,13521,2017,790011.0
Meriden School District,8904,281,111,1112,1374,1840,707.0,151,14318,2017,800011.0
Middletown School District,10676,243,424,967,1510,1914,1418.0,343,17538,2017,830011.0
Milford School District,12415,457,405,604,2047,2040,746.0,363,19710,2017,840011.0
Monroe School District,9323,111,1772,1235,1774,1706,933.0,212,17496,2017,850011.0
Montville School District,10384,438,336,984,1411,1692,972.0,311,16238,2017,860011.0
Naugatuck School District,8785,248,248,1344,2911,1366,678.0,166,15316,2017,880011.0
New Beginnings Inc Family Academy District,7278,513,3,777,3123,1716,,1090,14527,2017,2800013.0
New Britain School District,9609,154,434,564,1146,1219,1106.0,21,13990,2017,890011.0
New Canaan School District,11270,407,756,1982,2000,2283,1199.0,415,21135,2017,900011.0
New Fairfield School District,9675,307,653,1193,1686,1436,801.0,256,16551,2017,910011.0
New Hartford School District,11030,196,153,712,2264,2103,663.0,51,17631,2017,920011.0
New Haven School District,10867,323,259,174,1777,1389,1379.0,91,16893,2017,930011.0
New London School District,8554,494,375,1239,2978,2471,1130.0,207,15897,2017,950011.0
New Milford School District,8709,244,305,1089,1565,1446,1134.0,257,15272,2017,960011.0
Newington School District,9726,431,520,985,2069,2346,854.0,213,17128,2017,940011.0
Newtown School District,8770,333,401,1640,1901,2299,980.0,247,17372,2017,970011.0
Norfolk School District,12646,616,1783,551,5959,3454,686.0,80,26409,2017,980011.0
North Branford School District,8216,168,995,1370,1910,2033,1174.0,436,16470,2017,990011.0
North Canaan School District,12871,360,193,1367,2240,1792,936.0,69,20320,2017,1000011.0
North Haven School District,8861,126,390,1470,2121,1422,1088.0,190,16370,2017,1010011.0
North Stonington School District,9772,688,269,1167,2918,1521,1161.0,0,17161,2017,1020011.0
Norwalk School District,10623,177,103,1290,2443,1346,768.0,153,17466,2017,1030011.0
Norwich School District,10765,600,117,1345,1042,1135,1273.0,0,17942,2017,1040011.0
Odyssey Community School District,6991,424,144,170,2508,1624,,0,11861,2017,2630013.0
Old Saybrook School District,9950,645,943,1277,1918,2661,917.0,495,19862,2017,1060011.0
Orange School District,9610,816,633,1790,2425,1582,494.0,87,18683,2017,1070011.0
Oxford School District,8716,447,154,1208,1819,1248,928.0,324,15249,2017,1080011.0
Park City Prep Charter School District,4540,1343,612,808,2543,2917,,408,13172,2017,2830013.0
Path Academy District,6139,458,413,2189,2297,1042,,591,13165,2017,2930013.0
Plainfield School District,8402,239,326,1270,1661,1694,1331.0,192,15578,2017,1090011.0
Plainville School District,9803,194,531,777,1965,1321,787.0,0,15880,2017,1100011.0
Plymouth School District,8894,302,263,1191,1455,1402,1089.0,890,15145,2017,1110011.0
Pomfret School District,11578,367,755,419,2129,1611,1238.0,37,20198,2017,1120011.0
Portland School District,8704,242,485,982,1662,1995,772.0,320,15076,2017,1130011.0
Preston School District,12377,336,239,678,2019,1665,1574.0,111,20948,2017,1140011.0
Putnam School District,8490,324,206,2143,2011,2090,970.0,245,18449,2017,1160011.0
Redding School District,15975,217,483,227,1939,2117,883.0,0,23238,2017,1170011.0
Regional School District 01,12530,764,1310,2011,2797,2915,343.0,1024,25690,2017,2010012.0
Regional School District 04,9305,254,508,1297,2335,1859,669.0,1030,18093,2017,2040012.0
Regional School District 05,9336,202,488,1256,2711,1972,1105.0,486,18696,2017,2050012.0
Regional School District 06,10276,441,856,1274,2362,2019,1058.0,393,18876,2017,2060012.0
Regional School District 07,9806,343,227,785,1874,1893,1442.0,415,17502,2017,2070012.0
Regional School District 08,9066,181,600,955,1615,1934,974.0,438,16023,2017,2080012.0
Regional School District 09,14366,278,367,235,1706,2149,1389.0,0,22519,2017,2090012.0
Regional School District 10,8682,257,951,1027,1492,1741,949.0,0,15590,2017,2100012.0
Regional School District 11,11076,388,306,1576,4005,2409,1546.0,1039,21983,2017,2110012.0
Regional School District 12,14017,746,1659,2486,2991,3723,2160.0,675,30081,2017,2120012.0
Regional School District 13,10695,214,576,1710,2785,2020,919.0,351,19542,2017,2130012.0
Regional School District 14,8958,268,1196,1778,2024,2097,1095.0,466,18586,2017,2140012.0
Regional School District 15,9955,149,407,1697,1769,1835,1135.0,388,17921,2017,2150012.0
Regional School District 16,8643,209,870,1021,2091,1498,1085.0,242,15922,2017,2160012.0
Regional School District 17,9897,190,347,1081,2170,2356,1464.0,428,18571,2017,2170012.0
Regional School District 18,10714,342,1108,1512,2621,3231,927.0,478,21305,2017,2180012.0
Regional School District 19,10234,299,212,1073,2222,1419,1731.0,697,18408,2017,2190012.0
Ridgefield School District,10778,187,1211,1033,1599,1820,949.0,297,18634,2017,1180011.0
Rocky Hill School District,9225,272,987,1078,1248,2104,633.0,0,15388,2017,1190011.0
Salem School District,7674,485,200,2730,2822,1979,1307.0,0,19498,2017,1210011.0
Salisbury School District,14602,305,594,1402,2252,3722,1334.0,61,25805,2017,1220011.0
Scotland School District,10966,235,891,2214,3323,2249,748.0,190,20963,2017,1230011.0
Seymour School District,8447,324,427,1099,2069,1677,825.0,250,15448,2017,1240011.0
Sharon School District,17576,476,623,2591,4484,4871,1627.0,54,33108,2017,1250011.0
Shelton School District,9215,150,338,871,1431,1687,765.0,186,14477,2017,1260011.0
Sherman School District,14176,429,1511,178,2064,1887,922.0,226,22399,2017,1270011.0
Side By Side Charter School District,6932,89,19,1237,2709,1280,,0,12265,2017,2700013.0
Simsbury School District,9906,259,963,1274,1506,1715,839.0,188,16725,2017,1280011.0
Somers School District,9435,387,417,1002,1487,1887,716.0,216,16032,2017,1290011.0
South Windsor School District,9842,202,1144,1378,1824,1556,863.0,391,17324,2017,1320011.0
Southington School District,8739,172,179,1131,1630,1403,645.0,148,14492,2017,1310011.0
Sprague School District,9220,133,439,899,1782,975,956.0,0,15396,2017,1330011.0
Stafford School District,10974,286,429,611,2119,2049,1285.0,165,18023,2017,1340011.0
Stamford Academy District,6086,79,0,2939,9681,157,,419,19739,2017,2820013.0
Stamford Charter School for Excellence District,4900,461,685,136,1652,595,,125,8554,2017,2960013.0
Stamford School District,11011,215,1148,1104,1808,1646,903.0,0,18756,2017,1350011.0
Sterling School District,8123,173,540,394,1733,1155,1072.0,61,15042,2017,1360011.0
Stonington School District,9653,96,914,1007,2208,2036,1008.0,224,17788,2017,1370011.0
Stratford School District,9531,155,487,1745,1707,1507,746.0,281,16498,2017,1380011.0
Suffield School District,9478,187,540,1174,1831,1433,697.0,257,16371,2017,1390011.0
The Bridge Academy District,8117,574,227,1239,1518,695,,566,12978,2017,2690013.0
Thomaston School District,9530,283,122,952,2218,1685,1154.0,377,15607,2017,1400011.0
Thompson School District,9189,392,253,1296,2671,1947,923.0,199,18089,2017,1410011.0
Tolland School District,9088,268,731,650,1783,1597,922.0,48,15872,2017,1420011.0
Torrington School District,10411,196,320,1547,1517,1335,1025.0,132,17334,2017,1430011.0
Trailblazers Academy District,8167,122,0,3641,16863,2166,,784,31923,2017,2780013.0
Trumbull School District,9380,191,800,1267,1852,1241,765.0,207,16156,2017,1440011.0
Union School District,13687,729,224,731,4142,1912,1131.0,0,23706,2017,1450011.0
Vernon School District,9893,228,817,888,1961,1846,769.0,199,16041,2017,1460011.0
Voluntown School District,10186,409,453,1523,2778,1320,1311.0,210,19758,2017,1470011.0
Wallingford School District,10092,127,688,1142,2232,1573,1124.0,308,17772,2017,1480011.0
Waterbury School District,9360,206,1240,497,1310,1105,735.0,574,15350,2017,1510011.0
Waterford School District,10897,517,210,1294,1837,1999,847.0,372,16687,2017,1520011.0
Watertown School District,9470,125,255,622,2168,1805,880.0,21,15966,2017,1530011.0
West Hartford School District,9361,269,760,1158,1970,1455,798.0,149,16230,2017,1550011.0
West Haven School District,8955,226,510,900,1190,2801,777.0,307,14533,2017,1560011.0
Westbrook School District,14815,788,495,475,2267,2397,771.0,905,23521,2017,1540011.0
Weston School District,10757,142,1816,1966,2035,2312,722.0,514,21379,2017,1570011.0
Westport School District,11918,647,545,1835,2098,2299,996.0,327,21175,2017,1580011.0
Wethersfield School District,9119,138,380,1147,1939,1736,830.0,266,15871,2017,1590011.0
Willington School District,11095,277,737,1310,2715,1687,930.0,3,19637,2017,1600011.0
Wilton School District,11552,208,982,1764,2547,1554,975.0,0,20667,2017,1610011.0
Winchester School District,13108,879,1655,2492,2656,1745,1282.0,59,24408,2017,1620011.0
Windham School District,9871,262,500,1651,2014,2022,937.0,0,18212,2017,1630011.0
Windsor Locks School District,11975,862,712,1399,2116,2372,726.0,340,19366,2017,1650011.0
Windsor School District,11304,365,1052,1703,2464,1798,1153.0,238,18559,2017,1640011.0
Wolcott School District,9361,300,503,673,1641,1632,820.0,310,14786,2017,1660011.0
Woodbridge School District,11500,363,72,346,2898,1257,468.0,0,17922,2017,1670011.0
Woodstock School District,7762,258,192,1045,1259,2368,655.0,21,14880,2017,1690011.0
