"Per Pupil Expenditures by Function (District), 2022-23"
"All Districts"
"Notes:"
"Expenditures exclude food services not funded by local funds, debt, capital (other than equipment), adult education, community services, and state contributions to Teachers' Retirement."
"All amounts include regular and special education."
"This report is based upon data reported by school districts; questions concerning report data should be addressed to the school district."

"Pupil Basis: 1 = Enrollment plus outplaced pupils, 2 = Enrollment in district schools, 3 = Total pupils transported"

"District","District Code","Function","Expenditures","Pupils","Pupil Basis","PPE"
"Achievement First Bridgeport Academy District","=""2850013""","Instruction","$8,511,821",1084,1,"$7,852"
"Achievement First Bridgeport Academy District","=""2850013""","Support services - students","$1,430,846",1084,2,"$1,320"
"Achievement First Bridgeport Academy District","=""2850013""","Support services - instruction","$800,629",1084,2,"$739"
"Achievement First Bridgeport Academy District","=""2850013""","Support services - general administration","$0",1084,2,"$0"
"Achievement First Bridgeport Academy District","=""2850013""","Support services - school based administration","$2,301,517",1084,2,"$2,123"
"Achievement First Bridgeport Academy District","=""2850013""","Central and other support services","$1,289,582",1084,2,"$1,190"
"Achievement First Bridgeport Academy District","=""2850013""","Operation and maintenance of plant","$777,277",1084,2,"$717"
"Achievement First Bridgeport Academy District","=""2850013""","Student transportation services","$301,284",434,3,"$694"
"Achievement First Bridgeport Academy District","=""2850013""","Food services","$0",1084,2,"$0"
"Achievement First Bridgeport Academy District","=""2850013""","Enterprise operations","$0",1084,2,"$0"
"Achievement First Bridgeport Academy District","=""2850013""","Minor school construction","N/A","N/A","N/A","N/A"
"Achievement First Bridgeport Academy District","=""2850013""","Total","$15,412,955",1084,1,"$14,219"
"Achievement First Hartford Academy District","=""2880013""","Instruction","$9,187,385",1041,1,"$8,826"
"Achievement First Hartford Academy District","=""2880013""","Support services - students","$1,736,667",1041,2,"$1,668"
"Achievement First Hartford Academy District","=""2880013""","Support services - instruction","$632,196",1041,2,"$607"
"Achievement First Hartford Academy District","=""2880013""","Support services - general administration","$0",1041,2,"$0"
"Achievement First Hartford Academy District","=""2880013""","Support services - school based administration","$3,168,248",1041,2,"$3,043"
"Achievement First Hartford Academy District","=""2880013""","Central and other support services","$1,557,975",1041,2,"$1,497"
"Achievement First Hartford Academy District","=""2880013""","Operation and maintenance of plant","$105,956",1041,2,"$102"
"Achievement First Hartford Academy District","=""2880013""","Student transportation services","$4,257",10,3,"$426"
"Achievement First Hartford Academy District","=""2880013""","Food services","$0",1041,2,"$0"
"Achievement First Hartford Academy District","=""2880013""","Enterprise operations","$0",1041,2,"$0"
"Achievement First Hartford Academy District","=""2880013""","Minor school construction","N/A","N/A","N/A","N/A"
"Achievement First Hartford Academy District","=""2880013""","Total","$16,392,684",1041,1,"$15,747"
"Amistad Academy District","=""2790013""","Instruction","$8,378,385",1116,1,"$7,508"
"Amistad Academy District","=""2790013""","Support services - students","$1,659,901",1116,2,"$1,487"
"Amistad Academy District","=""2790013""","Support services - instruction","$988,212",1116,2,"$885"
"Amistad Academy District","=""2790013""","Support services - general administration","$0",1116,2,"$0"
"Amistad Academy District","=""2790013""","Support services - school based administration","$2,289,958",1116,2,"$2,052"
"Amistad Academy District","=""2790013""","Central and other support services","$1,313,555",1116,2,"$1,177"
"Amistad Academy District","=""2790013""","Operation and maintenance of plant","$946,630",1116,2,"$848"
"Amistad Academy District","=""2790013""","Student transportation services","$253,252",1202,3,"$211"
"Amistad Academy District","=""2790013""","Food services","$0",1116,2,"$0"
"Amistad Academy District","=""2790013""","Enterprise operations","$0",1116,2,"$0"
"Amistad Academy District","=""2790013""","Minor school construction","N/A","N/A","N/A","N/A"
"Amistad Academy District","=""2790013""","Total","$15,829,893",1116,1,"$14,184"
"Andover School District","=""0010011""","Instruction","$2,686,389",198,1,"$13,568"
"Andover School District","=""0010011""","Support services - students","$183,545",196,2,"$936"
"Andover School District","=""0010011""","Support services - instruction","$230,465",196,2,"$1,176"
"Andover School District","=""0010011""","Support services - general administration","$167,645",196,2,"$855"
"Andover School District","=""0010011""","Support services - school based administration","$223,913",196,2,"$1,142"
"Andover School District","=""0010011""","Central and other support services","$160,206",196,2,"$817"
"Andover School District","=""0010011""","Operation and maintenance of plant","$686,628",196,2,"$3,503"
"Andover School District","=""0010011""","Student transportation services","$170,403",204,3,"$835"
"Andover School District","=""0010011""","Food services","$0",196,2,"$0"
"Andover School District","=""0010011""","Enterprise operations","$11,554",196,2,"$59"
"Andover School District","=""0010011""","Minor school construction","N/A","N/A","N/A","N/A"
"Andover School District","=""0010011""","Total","$4,520,748",198,1,"$22,832"
"Ansonia School District","=""0020011""","Instruction","$33,412,882",2522,1,"$13,249"
"Ansonia School District","=""0020011""","Support services - students","$2,184,245",2313,2,"$944"
"Ansonia School District","=""0020011""","Support services - instruction","$39,158",2313,2,"$17"
"Ansonia School District","=""0020011""","Support services - general administration","$1,331,447",2313,2,"$576"
"Ansonia School District","=""0020011""","Support services - school based administration","$2,159,576",2313,2,"$934"
"Ansonia School District","=""0020011""","Central and other support services","$1,628,628",2313,2,"$704"
"Ansonia School District","=""0020011""","Operation and maintenance of plant","$3,431,245",2313,2,"$1,483"
"Ansonia School District","=""0020011""","Student transportation services","$3,001,634",2343,3,"$1,281"
"Ansonia School District","=""0020011""","Food services","$0",2313,2,"$0"
"Ansonia School District","=""0020011""","Enterprise operations","$388,121",2313,2,"$168"
"Ansonia School District","=""0020011""","Minor school construction","N/A","N/A","N/A","N/A"
"Ansonia School District","=""0020011""","Total","$47,576,937",2522,1,"$18,865"
"Area Cooperative Educational Services","=""2440014""","Instruction","$43,192,437",2005,1,"$21,542"
"Area Cooperative Educational Services","=""2440014""","Support services - students","$17,334,143",2005,2,"$8,645"
"Area Cooperative Educational Services","=""2440014""","Support services - instruction","$1,299,951",2005,2,"$648"
"Area Cooperative Educational Services","=""2440014""","Support services - general administration","$5,369,588",2005,2,"$2,678"
"Area Cooperative Educational Services","=""2440014""","Support services - school based administration","$5,093,466",2005,2,"$2,540"
"Area Cooperative Educational Services","=""2440014""","Central and other support services","$8,610,639",2005,2,"$4,295"
"Area Cooperative Educational Services","=""2440014""","Operation and maintenance of plant","$9,567,039",2005,2,"$4,772"
"Area Cooperative Educational Services","=""2440014""","Student transportation services","$8,211,520",1799,3,"$4,564"
"Area Cooperative Educational Services","=""2440014""","Food services","$0",2005,2,"$0"
"Area Cooperative Educational Services","=""2440014""","Enterprise operations","$0",2005,2,"$0"
"Area Cooperative Educational Services","=""2440014""","Minor school construction","N/A","N/A","N/A","N/A"
"Area Cooperative Educational Services","=""2440014""","Total","$98,678,783",2005,1,"$49,216"
"Ashford School District","=""0030011""","Instruction","$5,773,163",375,1,"$15,395"
"Ashford School District","=""0030011""","Support services - students","$485,968",367,2,"$1,324"
"Ashford School District","=""0030011""","Support services - instruction","$283,611",367,2,"$773"
"Ashford School District","=""0030011""","Support services - general administration","$298,317",367,2,"$813"
"Ashford School District","=""0030011""","Support services - school based administration","$504,532",367,2,"$1,375"
"Ashford School District","=""0030011""","Central and other support services","$445,751",367,2,"$1,215"
"Ashford School District","=""0030011""","Operation and maintenance of plant","$862,416",367,2,"$2,350"
"Ashford School District","=""0030011""","Student transportation services","$363,396",367,3,"$990"
"Ashford School District","=""0030011""","Food services","$0",367,2,"$0"
"Ashford School District","=""0030011""","Enterprise operations","$0",367,2,"$0"
"Ashford School District","=""0030011""","Minor school construction","N/A","N/A","N/A","N/A"
"Ashford School District","=""0030011""","Total","$9,017,154",375,1,"$24,046"
"Avon School District","=""0040011""","Instruction","$42,662,709",3191,1,"$13,370"
"Avon School District","=""0040011""","Support services - students","$4,650,972",3086,2,"$1,507"
"Avon School District","=""0040011""","Support services - instruction","$1,159,452",3086,2,"$376"
"Avon School District","=""0040011""","Support services - general administration","$1,348,344",3086,2,"$437"
"Avon School District","=""0040011""","Support services - school based administration","$3,106,999",3086,2,"$1,007"
"Avon School District","=""0040011""","Central and other support services","$3,086,031",3086,2,"$1,000"
"Avon School District","=""0040011""","Operation and maintenance of plant","$5,858,762",3086,2,"$1,898"
"Avon School District","=""0040011""","Student transportation services","$3,225,109",2982,3,"$1,082"
"Avon School District","=""0040011""","Food services","$0",3086,2,"$0"
"Avon School District","=""0040011""","Enterprise operations","$1,364,528",3086,2,"$442"
"Avon School District","=""0040011""","Minor school construction","N/A","N/A","N/A","N/A"
"Avon School District","=""0040011""","Total","$66,462,907",3191,1,"$20,828"
"Barkhamsted School District","=""0050011""","Instruction","$2,923,454",212,1,"$13,790"
"Barkhamsted School District","=""0050011""","Support services - students","$124,474",208,2,"$598"
"Barkhamsted School District","=""0050011""","Support services - instruction","$284,920",208,2,"$1,370"
"Barkhamsted School District","=""0050011""","Support services - general administration","$232,007",208,2,"$1,115"
"Barkhamsted School District","=""0050011""","Support services - school based administration","$273,868",208,2,"$1,317"
"Barkhamsted School District","=""0050011""","Central and other support services","$99,148",208,2,"$477"
"Barkhamsted School District","=""0050011""","Operation and maintenance of plant","$548,108",208,2,"$2,635"
"Barkhamsted School District","=""0050011""","Student transportation services","$301,664",186,3,"$1,622"
"Barkhamsted School District","=""0050011""","Food services","$2,498",208,2,"$12"
"Barkhamsted School District","=""0050011""","Enterprise operations","$0",208,2,"$0"
"Barkhamsted School District","=""0050011""","Minor school construction","N/A","N/A","N/A","N/A"
"Barkhamsted School District","=""0050011""","Total","$4,790,141",212,1,"$22,595"
"Berlin School District","=""0070011""","Instruction","$36,577,870",2751,1,"$13,296"
"Berlin School District","=""0070011""","Support services - students","$3,140,838",2658,2,"$1,182"
"Berlin School District","=""0070011""","Support services - instruction","$1,430,146",2658,2,"$538"
"Berlin School District","=""0070011""","Support services - general administration","$643,466",2658,2,"$242"
"Berlin School District","=""0070011""","Support services - school based administration","$2,504,505",2658,2,"$942"
"Berlin School District","=""0070011""","Central and other support services","$7,431,229",2658,2,"$2,796"
"Berlin School District","=""0070011""","Operation and maintenance of plant","$2,796,056",2658,2,"$1,052"
"Berlin School District","=""0070011""","Student transportation services","$3,136,109",2450,3,"$1,280"
"Berlin School District","=""0070011""","Food services","$0",2658,2,"$0"
"Berlin School District","=""0070011""","Enterprise operations","$922,396",2658,2,"$347"
"Berlin School District","=""0070011""","Minor school construction","N/A","N/A","N/A","N/A"
"Berlin School District","=""0070011""","Total","$58,582,616",2751,1,"$21,295"
"Bethany School District","=""0080011""","Instruction","$4,757,249",434,1,"$10,961"
"Bethany School District","=""0080011""","Support services - students","$455,188",429,2,"$1,061"
"Bethany School District","=""0080011""","Support services - instruction","$253,841",429,2,"$592"
"Bethany School District","=""0080011""","Support services - general administration","$861,101",429,2,"$2,007"
"Bethany School District","=""0080011""","Support services - school based administration","$440,946",429,2,"$1,028"
"Bethany School District","=""0080011""","Central and other support services","$93",429,2,"$0"
"Bethany School District","=""0080011""","Operation and maintenance of plant","$976,499",429,2,"$2,276"
"Bethany School District","=""0080011""","Student transportation services","$380,517",370,3,"$1,028"
"Bethany School District","=""0080011""","Food services","$0",429,2,"$0"
"Bethany School District","=""0080011""","Enterprise operations","$26,077",429,2,"$61"
"Bethany School District","=""0080011""","Minor school construction","N/A","N/A","N/A","N/A"
"Bethany School District","=""0080011""","Total","$8,151,511",434,1,"$18,782"
"Bethel School District","=""0090011""","Instruction","$35,443,737",3254,1,"$10,892"
"Bethel School District","=""0090011""","Support services - students","$4,190,162",3206,2,"$1,307"
"Bethel School District","=""0090011""","Support services - instruction","$5,173,427",3206,2,"$1,614"
"Bethel School District","=""0090011""","Support services - general administration","$575,634",3206,2,"$180"
"Bethel School District","=""0090011""","Support services - school based administration","$2,919,964",3206,2,"$911"
"Bethel School District","=""0090011""","Central and other support services","$2,564,525",3206,2,"$800"
"Bethel School District","=""0090011""","Operation and maintenance of plant","$5,890,617",3206,2,"$1,837"
"Bethel School District","=""0090011""","Student transportation services","$3,548,119",3298,3,"$1,076"
"Bethel School District","=""0090011""","Food services","$0",3206,2,"$0"
"Bethel School District","=""0090011""","Enterprise operations","$0",3206,2,"$0"
"Bethel School District","=""0090011""","Minor school construction","N/A","N/A","N/A","N/A"
"Bethel School District","=""0090011""","Total","$60,306,187",3254,1,"$18,533"
"Bloomfield School District","=""0110011""","Instruction","$39,169,968",2757,1,"$14,207"
"Bloomfield School District","=""0110011""","Support services - students","$4,319,170",2033,2,"$2,125"
"Bloomfield School District","=""0110011""","Support services - instruction","$1,114,854",2033,2,"$548"
"Bloomfield School District","=""0110011""","Support services - general administration","$2,416,508",2033,2,"$1,189"
"Bloomfield School District","=""0110011""","Support services - school based administration","$3,452,517",2033,2,"$1,698"
"Bloomfield School District","=""0110011""","Central and other support services","$2,069,979",2033,2,"$1,018"
"Bloomfield School District","=""0110011""","Operation and maintenance of plant","$4,823,840",2033,2,"$2,373"
"Bloomfield School District","=""0110011""","Student transportation services","$4,751,131",1745,3,"$2,723"
"Bloomfield School District","=""0110011""","Food services","$0",2033,2,"$0"
"Bloomfield School District","=""0110011""","Enterprise operations","$692,552",2033,2,"$341"
"Bloomfield School District","=""0110011""","Minor school construction","N/A","N/A","N/A","N/A"
"Bloomfield School District","=""0110011""","Total","$62,810,519",2757,1,"$22,782"
"Bolton School District","=""0120011""","Instruction","$8,578,387",762,1,"$11,258"
"Bolton School District","=""0120011""","Support services - students","$1,314,710",732,2,"$1,796"
"Bolton School District","=""0120011""","Support services - instruction","$642,922",732,2,"$878"
"Bolton School District","=""0120011""","Support services - general administration","$700,175",732,2,"$957"
"Bolton School District","=""0120011""","Support services - school based administration","$1,286,385",732,2,"$1,757"
"Bolton School District","=""0120011""","Central and other support services","$832,372",732,2,"$1,137"
"Bolton School District","=""0120011""","Operation and maintenance of plant","$1,442,551",732,2,"$1,971"
"Bolton School District","=""0120011""","Student transportation services","$733,606",678,3,"$1,082"
"Bolton School District","=""0120011""","Food services","$0",732,2,"$0"
"Bolton School District","=""0120011""","Enterprise operations","$230,696",732,2,"$315"
"Bolton School District","=""0120011""","Minor school construction","N/A","N/A","N/A","N/A"
"Bolton School District","=""0120011""","Total","$15,761,803",762,1,"$20,685"
"Booker T. Washington Academy District","=""2950013""","Instruction","$3,193,493",444,1,"$7,193"
"Booker T. Washington Academy District","=""2950013""","Support services - students","$595,410",444,2,"$1,341"
"Booker T. Washington Academy District","=""2950013""","Support services - instruction","$633,889",444,2,"$1,428"
"Booker T. Washington Academy District","=""2950013""","Support services - general administration","$0",444,2,"$0"
"Booker T. Washington Academy District","=""2950013""","Support services - school based administration","$781,608",444,2,"$1,760"
"Booker T. Washington Academy District","=""2950013""","Central and other support services","$0",444,2,"$0"
"Booker T. Washington Academy District","=""2950013""","Operation and maintenance of plant","$1,213,729",444,2,"$2,734"
"Booker T. Washington Academy District","=""2950013""","Student transportation services","$50,787",200,3,"$254"
"Booker T. Washington Academy District","=""2950013""","Food services","$0",444,2,"$0"
"Booker T. Washington Academy District","=""2950013""","Enterprise operations","$0",444,2,"$0"
"Booker T. Washington Academy District","=""2950013""","Minor school construction","N/A","N/A","N/A","N/A"
"Booker T. Washington Academy District","=""2950013""","Total","$6,468,915",444,1,"$14,570"
"Bozrah School District","=""0130011""","Instruction","$4,465,793",269,1,"$16,601"
"Bozrah School District","=""0130011""","Support services - students","$867,828",167,2,"$5,197"
"Bozrah School District","=""0130011""","Support services - instruction","$53,392",167,2,"$320"
"Bozrah School District","=""0130011""","Support services - general administration","$275,421",167,2,"$1,649"
"Bozrah School District","=""0130011""","Support services - school based administration","$264,163",167,2,"$1,582"
"Bozrah School District","=""0130011""","Central and other support services","$113,555",167,2,"$680"
"Bozrah School District","=""0130011""","Operation and maintenance of plant","$580,858",167,2,"$3,478"
"Bozrah School District","=""0130011""","Student transportation services","$428,918",163,3,"$2,631"
"Bozrah School District","=""0130011""","Food services","$36,163",167,2,"$217"
"Bozrah School District","=""0130011""","Enterprise operations","$12,782",167,2,"$77"
"Bozrah School District","=""0130011""","Minor school construction","N/A","N/A","N/A","N/A"
"Bozrah School District","=""0130011""","Total","$7,098,872",269,1,"$26,390"
"Branford School District","=""0140011""","Instruction","$36,247,020",2723,1,"$13,311"
"Branford School District","=""0140011""","Support services - students","$5,733,655",2644,2,"$2,169"
"Branford School District","=""0140011""","Support services - instruction","$4,883,644",2644,2,"$1,847"
"Branford School District","=""0140011""","Support services - general administration","$2,109,369",2644,2,"$798"
"Branford School District","=""0140011""","Support services - school based administration","$3,004,156",2644,2,"$1,136"
"Branford School District","=""0140011""","Central and other support services","$1,944,938",2644,2,"$736"
"Branford School District","=""0140011""","Operation and maintenance of plant","$6,259,403",2644,2,"$2,367"
"Branford School District","=""0140011""","Student transportation services","$3,763,551",2685,3,"$1,402"
"Branford School District","=""0140011""","Food services","$0",2644,2,"$0"
"Branford School District","=""0140011""","Enterprise operations","$1,279,997",2644,2,"$484"
"Branford School District","=""0140011""","Minor school construction","N/A","N/A","N/A","N/A"
"Branford School District","=""0140011""","Total","$65,225,731",2723,1,"$23,954"
"Brass City Charter School District","=""2900013""","Instruction","$3,463,280",360,1,"$9,620"
"Brass City Charter School District","=""2900013""","Support services - students","$522,795",360,2,"$1,452"
"Brass City Charter School District","=""2900013""","Support services - instruction","$67,244",360,2,"$187"
"Brass City Charter School District","=""2900013""","Support services - general administration","$220,835",360,2,"$613"
"Brass City Charter School District","=""2900013""","Support services - school based administration","$335,481",360,2,"$932"
"Brass City Charter School District","=""2900013""","Central and other support services","$245,548",360,2,"$682"
"Brass City Charter School District","=""2900013""","Operation and maintenance of plant","$523,644",360,2,"$1,455"
"Brass City Charter School District","=""2900013""","Student transportation services","$464,472",360,3,"$1,290"
"Brass City Charter School District","=""2900013""","Food services","$0",360,2,"$0"
"Brass City Charter School District","=""2900013""","Enterprise operations","$0",360,2,"$0"
"Brass City Charter School District","=""2900013""","Minor school construction","N/A","N/A","N/A","N/A"
"Brass City Charter School District","=""2900013""","Total","$5,843,299",360,1,"$16,231"
"Bridgeport School District","=""0150011""","Instruction","$253,111,544",20196,1,"$12,533"
"Bridgeport School District","=""0150011""","Support services - students","$21,092,709",19503,2,"$1,082"
"Bridgeport School District","=""0150011""","Support services - instruction","$5,909,037",19503,2,"$303"
"Bridgeport School District","=""0150011""","Support services - general administration","$1,720,355",19503,2,"$88"
"Bridgeport School District","=""0150011""","Support services - school based administration","$19,160,264",19503,2,"$982"
"Bridgeport School District","=""0150011""","Central and other support services","$17,048,378",19503,2,"$874"
"Bridgeport School District","=""0150011""","Operation and maintenance of plant","$30,713,038",19503,2,"$1,575"
"Bridgeport School District","=""0150011""","Student transportation services","$25,067,222",12247,3,"$2,047"
"Bridgeport School District","=""0150011""","Food services","$0",19503,2,"$0"
"Bridgeport School District","=""0150011""","Enterprise operations","$1,109,374",19503,2,"$57"
"Bridgeport School District","=""0150011""","Minor school construction","N/A","N/A","N/A","N/A"
"Bridgeport School District","=""0150011""","Total","$374,931,922",20196,1,"$18,565"
"Bristol School District","=""0170011""","Instruction","$113,666,527",8093,1,"$14,045"
"Bristol School District","=""0170011""","Support services - students","$6,973,546",7663,2,"$910"
"Bristol School District","=""0170011""","Support services - instruction","$6,705,796",7663,2,"$875"
"Bristol School District","=""0170011""","Support services - general administration","$1,952,971",7663,2,"$255"
"Bristol School District","=""0170011""","Support services - school based administration","$6,922,776",7663,2,"$903"
"Bristol School District","=""0170011""","Central and other support services","$126,652",7663,2,"$17"
"Bristol School District","=""0170011""","Operation and maintenance of plant","$11,924,152",7663,2,"$1,556"
"Bristol School District","=""0170011""","Student transportation services","$11,088,269",5535,3,"$2,003"
"Bristol School District","=""0170011""","Food services","$0",7663,2,"$0"
"Bristol School District","=""0170011""","Enterprise operations","$2,489,878",7663,2,"$325"
"Bristol School District","=""0170011""","Minor school construction","N/A","N/A","N/A","N/A"
"Bristol School District","=""0170011""","Total","$161,850,567",8093,1,"$19,999"
"Brookfield School District","=""0180011""","Instruction","$32,893,413",2628,1,"$12,517"
"Brookfield School District","=""0180011""","Support services - students","$3,670,752",2550,2,"$1,440"
"Brookfield School District","=""0180011""","Support services - instruction","$2,342,318",2550,2,"$919"
"Brookfield School District","=""0180011""","Support services - general administration","$1,189,842",2550,2,"$467"
"Brookfield School District","=""0180011""","Support services - school based administration","$3,096,247",2550,2,"$1,214"
"Brookfield School District","=""0180011""","Central and other support services","$1,668,271",2550,2,"$654"
"Brookfield School District","=""0180011""","Operation and maintenance of plant","$3,375,261",2550,2,"$1,324"
"Brookfield School District","=""0180011""","Student transportation services","$4,001,526",2652,3,"$1,509"
"Brookfield School District","=""0180011""","Food services","$0",2550,2,"$0"
"Brookfield School District","=""0180011""","Enterprise operations","$906,741",2550,2,"$356"
"Brookfield School District","=""0180011""","Minor school construction","N/A","N/A","N/A","N/A"
"Brookfield School District","=""0180011""","Total","$53,144,371",2628,1,"$20,222"
"Brooklyn School District","=""0190011""","Instruction","$15,948,039",1244,1,"$12,820"
"Brooklyn School District","=""0190011""","Support services - students","$1,682,335",890,2,"$1,890"
"Brooklyn School District","=""0190011""","Support services - instruction","$310,438",890,2,"$349"
"Brooklyn School District","=""0190011""","Support services - general administration","$528,458",890,2,"$594"
"Brooklyn School District","=""0190011""","Support services - school based administration","$847,798",890,2,"$953"
"Brooklyn School District","=""0190011""","Central and other support services","$388,621",890,2,"$437"
"Brooklyn School District","=""0190011""","Operation and maintenance of plant","$1,287,656",890,2,"$1,447"
"Brooklyn School District","=""0190011""","Student transportation services","$1,316,880",1291,3,"$1,020"
"Brooklyn School District","=""0190011""","Food services","$0",890,2,"$0"
"Brooklyn School District","=""0190011""","Enterprise operations","$53,485",890,2,"$60"
"Brooklyn School District","=""0190011""","Minor school construction","N/A","N/A","N/A","N/A"
"Brooklyn School District","=""0190011""","Total","$22,363,711",1244,1,"$17,977"
"Canaan School District","=""0210011""","Instruction","$1,581,981",76,1,"$20,816"
"Canaan School District","=""0210011""","Support services - students","$147,339",72,2,"$2,046"
"Canaan School District","=""0210011""","Support services - instruction","$119,783",72,2,"$1,664"
"Canaan School District","=""0210011""","Support services - general administration","$81,660",72,2,"$1,134"
"Canaan School District","=""0210011""","Support services - school based administration","$228,306",72,2,"$3,171"
"Canaan School District","=""0210011""","Central and other support services","$41,540",72,2,"$577"
"Canaan School District","=""0210011""","Operation and maintenance of plant","$274,950",72,2,"$3,819"
"Canaan School District","=""0210011""","Student transportation services","$188,009",83,3,"$2,265"
"Canaan School District","=""0210011""","Food services","$0",72,2,"$0"
"Canaan School District","=""0210011""","Enterprise operations","$0",72,2,"$0"
"Canaan School District","=""0210011""","Minor school construction","N/A","N/A","N/A","N/A"
"Canaan School District","=""0210011""","Total","$2,663,568",76,1,"$35,047"
"Canterbury School District","=""0220011""","Instruction","$8,775,987",660,1,"$13,297"
"Canterbury School District","=""0220011""","Support services - students","$377,508",468,2,"$807"
"Canterbury School District","=""0220011""","Support services - instruction","$83,018",468,2,"$177"
"Canterbury School District","=""0220011""","Support services - general administration","$277,485",468,2,"$593"
"Canterbury School District","=""0220011""","Support services - school based administration","$578,336",468,2,"$1,236"
"Canterbury School District","=""0220011""","Central and other support services","$185,739",468,2,"$397"
"Canterbury School District","=""0220011""","Operation and maintenance of plant","$1,304,544",468,2,"$2,787"
"Canterbury School District","=""0220011""","Student transportation services","$870,515",665,3,"$1,309"
"Canterbury School District","=""0220011""","Food services","$0",468,2,"$0"
"Canterbury School District","=""0220011""","Enterprise operations","$13,426",468,2,"$29"
"Canterbury School District","=""0220011""","Minor school construction","N/A","N/A","N/A","N/A"
"Canterbury School District","=""0220011""","Total","$12,466,559",660,1,"$18,889"
"Canton School District","=""0230011""","Instruction","$18,028,464",1554,1,"$11,601"
"Canton School District","=""0230011""","Support services - students","$5,459,997",1508,2,"$3,621"
"Canton School District","=""0230011""","Support services - instruction","$687,434",1508,2,"$456"
"Canton School District","=""0230011""","Support services - general administration","$124,161",1508,2,"$82"
"Canton School District","=""0230011""","Support services - school based administration","$543,856",1508,2,"$361"
"Canton School District","=""0230011""","Central and other support services","$2,226,050",1508,2,"$1,476"
"Canton School District","=""0230011""","Operation and maintenance of plant","$2,547,399",1508,2,"$1,689"
"Canton School District","=""0230011""","Student transportation services","$1,960,741",769,3,"$2,550"
"Canton School District","=""0230011""","Food services","$0",1508,2,"$0"
"Canton School District","=""0230011""","Enterprise operations","$698,205",1508,2,"$463"
"Canton School District","=""0230011""","Minor school construction","N/A","N/A","N/A","N/A"
"Canton School District","=""0230011""","Total","$32,276,307",1554,1,"$20,770"
"Capital Preparatory Harbor School District","=""2970013""","Instruction","$5,259,356",772,1,"$6,813"
"Capital Preparatory Harbor School District","=""2970013""","Support services - students","$397,880",772,2,"$515"
"Capital Preparatory Harbor School District","=""2970013""","Support services - instruction","$237,909",772,2,"$308"
"Capital Preparatory Harbor School District","=""2970013""","Support services - general administration","$465,009",772,2,"$602"
"Capital Preparatory Harbor School District","=""2970013""","Support services - school based administration","$1,254,581",772,2,"$1,625"
"Capital Preparatory Harbor School District","=""2970013""","Central and other support services","$1,578,930",772,2,"$2,045"
"Capital Preparatory Harbor School District","=""2970013""","Operation and maintenance of plant","$1,293,562",772,2,"$1,676"
"Capital Preparatory Harbor School District","=""2970013""","Student transportation services","$366,258",387,3,"$946"
"Capital Preparatory Harbor School District","=""2970013""","Food services","$0",772,2,"$0"
"Capital Preparatory Harbor School District","=""2970013""","Enterprise operations","$0",772,2,"$0"
"Capital Preparatory Harbor School District","=""2970013""","Minor school construction","N/A","N/A","N/A","N/A"
"Capital Preparatory Harbor School District","=""2970013""","Total","$10,853,485",772,1,"$14,059"
"Capitol Region Education Council","=""2410014""","Instruction","$113,769,052",9248,1,"$12,302"
"Capitol Region Education Council","=""2410014""","Support services - students","$33,237,077",9248,2,"$3,594"
"Capitol Region Education Council","=""2410014""","Support services - instruction","$11,350,883",9248,2,"$1,227"
"Capitol Region Education Council","=""2410014""","Support services - general administration","$6,730,263",9248,2,"$728"
"Capitol Region Education Council","=""2410014""","Support services - school based administration","$19,405,703",9248,2,"$2,098"
"Capitol Region Education Council","=""2410014""","Central and other support services","$15,985,425",9248,2,"$1,729"
"Capitol Region Education Council","=""2410014""","Operation and maintenance of plant","$25,914,714",9248,2,"$2,802"
"Capitol Region Education Council","=""2410014""","Student transportation services","$29,898,337",6931,3,"$4,314"
"Capitol Region Education Council","=""2410014""","Food services","$0",9248,2,"$0"
"Capitol Region Education Council","=""2410014""","Enterprise operations","$1,951",9248,2,"$0"
"Capitol Region Education Council","=""2410014""","Minor school construction","N/A","N/A","N/A","N/A"
"Capitol Region Education Council","=""2410014""","Total","$256,293,407",9248,1,"$27,713"
"Chaplin School District","=""0240011""","Instruction","$2,338,126",155,1,"$15,085"
"Chaplin School District","=""0240011""","Support services - students","$190,775",144,2,"$1,325"
"Chaplin School District","=""0240011""","Support services - instruction","$518,737",144,2,"$3,602"
"Chaplin School District","=""0240011""","Support services - general administration","$144,012",144,2,"$1,000"
"Chaplin School District","=""0240011""","Support services - school based administration","$207,488",144,2,"$1,441"
"Chaplin School District","=""0240011""","Central and other support services","$109,849",144,2,"$763"
"Chaplin School District","=""0240011""","Operation and maintenance of plant","$365,474",144,2,"$2,538"
"Chaplin School District","=""0240011""","Student transportation services","$257,067",81,3,"$3,174"
"Chaplin School District","=""0240011""","Food services","$32,471",144,2,"$225"
"Chaplin School District","=""0240011""","Enterprise operations","$0",144,2,"$0"
"Chaplin School District","=""0240011""","Minor school construction","N/A","N/A","N/A","N/A"
"Chaplin School District","=""0240011""","Total","$4,163,999",155,1,"$26,865"
"Cheshire School District","=""0250011""","Instruction","$51,512,217",4242,1,"$12,143"
"Cheshire School District","=""0250011""","Support services - students","$7,038,861",4198,2,"$1,677"
"Cheshire School District","=""0250011""","Support services - instruction","$3,385,158",4198,2,"$806"
"Cheshire School District","=""0250011""","Support services - general administration","$1,014,888",4198,2,"$242"
"Cheshire School District","=""0250011""","Support services - school based administration","$4,230,168",4198,2,"$1,008"
"Cheshire School District","=""0250011""","Central and other support services","$2,415,260",4198,2,"$575"
"Cheshire School District","=""0250011""","Operation and maintenance of plant","$8,115,269",4198,2,"$1,933"
"Cheshire School District","=""0250011""","Student transportation services","$4,632,619",3292,3,"$1,407"
"Cheshire School District","=""0250011""","Food services","$0",4198,2,"$0"
"Cheshire School District","=""0250011""","Enterprise operations","$1,043,902",4198,2,"$249"
"Cheshire School District","=""0250011""","Minor school construction","N/A","N/A","N/A","N/A"
"Cheshire School District","=""0250011""","Total","$83,388,342",4242,1,"$19,658"
"Chester School District","=""0260011""","Instruction","$3,528,490",235,1,"$15,015"
"Chester School District","=""0260011""","Support services - students","$437,370",222,2,"$1,970"
"Chester School District","=""0260011""","Support services - instruction","$87,710",222,2,"$395"
"Chester School District","=""0260011""","Support services - general administration","$327,605",222,2,"$1,476"
"Chester School District","=""0260011""","Support services - school based administration","$466,861",222,2,"$2,103"
"Chester School District","=""0260011""","Central and other support services","$68,266",222,2,"$308"
"Chester School District","=""0260011""","Operation and maintenance of plant","$456,457",222,2,"$2,056"
"Chester School District","=""0260011""","Student transportation services","$209,649",225,3,"$932"
"Chester School District","=""0260011""","Food services","$95,642",222,2,"$431"
"Chester School District","=""0260011""","Enterprise operations","$0",222,2,"$0"
"Chester School District","=""0260011""","Minor school construction","N/A","N/A","N/A","N/A"
"Chester School District","=""0260011""","Total","$5,678,050",235,1,"$24,162"
"Clinton School District","=""0270011""","Instruction","$23,538,086",1521,1,"$15,475"
"Clinton School District","=""0270011""","Support services - students","$2,846,754",1491,2,"$1,909"
"Clinton School District","=""0270011""","Support services - instruction","$723,747",1491,2,"$485"
"Clinton School District","=""0270011""","Support services - general administration","$2,787,643",1491,2,"$1,870"
"Clinton School District","=""0270011""","Support services - school based administration","$1,393,498",1491,2,"$935"
"Clinton School District","=""0270011""","Central and other support services","$758,318",1491,2,"$509"
"Clinton School District","=""0270011""","Operation and maintenance of plant","$2,926,903",1491,2,"$1,963"
"Clinton School District","=""0270011""","Student transportation services","$1,873,479",1221,3,"$1,534"
"Clinton School District","=""0270011""","Food services","$37,504",1491,2,"$25"
"Clinton School District","=""0270011""","Enterprise operations","$0",1491,2,"$0"
"Clinton School District","=""0270011""","Minor school construction","N/A","N/A","N/A","N/A"
"Clinton School District","=""0270011""","Total","$36,885,932",1521,1,"$24,251"
"Colchester School District","=""0280011""","Instruction","$27,313,486",2289,1,"$11,932"
"Colchester School District","=""0280011""","Support services - students","$3,022,067",2229,2,"$1,356"
"Colchester School District","=""0280011""","Support services - instruction","$998,227",2229,2,"$448"
"Colchester School District","=""0280011""","Support services - general administration","$1,802,049",2229,2,"$808"
"Colchester School District","=""0280011""","Support services - school based administration","$2,558,188",2229,2,"$1,148"
"Colchester School District","=""0280011""","Central and other support services","$1,339,748",2229,2,"$601"
"Colchester School District","=""0280011""","Operation and maintenance of plant","$4,638,158",2229,2,"$2,081"
"Colchester School District","=""0280011""","Student transportation services","$2,960,511",2201,3,"$1,345"
"Colchester School District","=""0280011""","Food services","$0",2229,2,"$0"
"Colchester School District","=""0280011""","Enterprise operations","$762,701",2229,2,"$342"
"Colchester School District","=""0280011""","Minor school construction","N/A","N/A","N/A","N/A"
"Colchester School District","=""0280011""","Total","$45,395,135",2289,1,"$19,832"
"Colebrook School District","=""0290011""","Instruction","$1,415,049",77,1,"$18,377"
"Colebrook School District","=""0290011""","Support services - students","$90,202",72,2,"$1,253"
"Colebrook School District","=""0290011""","Support services - instruction","$46,408",72,2,"$645"
"Colebrook School District","=""0290011""","Support services - general administration","$147,057",72,2,"$2,042"
"Colebrook School District","=""0290011""","Support services - school based administration","$165,010",72,2,"$2,292"
"Colebrook School District","=""0290011""","Central and other support services","$89,714",72,2,"$1,246"
"Colebrook School District","=""0290011""","Operation and maintenance of plant","$356,877",72,2,"$4,957"
"Colebrook School District","=""0290011""","Student transportation services","$135,095",76,3,"$1,778"
"Colebrook School District","=""0290011""","Food services","$0",72,2,"$0"
"Colebrook School District","=""0290011""","Enterprise operations","$0",72,2,"$0"
"Colebrook School District","=""0290011""","Minor school construction","N/A","N/A","N/A","N/A"
"Colebrook School District","=""0290011""","Total","$2,445,413",77,1,"$31,759"
"Columbia School District","=""0300011""","Instruction","$7,702,070",664,1,"$11,600"
"Columbia School District","=""0300011""","Support services - students","$2,516,337",462,2,"$5,447"
"Columbia School District","=""0300011""","Support services - instruction","$130,865",462,2,"$283"
"Columbia School District","=""0300011""","Support services - general administration","$704,674",462,2,"$1,525"
"Columbia School District","=""0300011""","Support services - school based administration","$527,513",462,2,"$1,142"
"Columbia School District","=""0300011""","Central and other support services","$157,595",462,2,"$341"
"Columbia School District","=""0300011""","Operation and maintenance of plant","$300,300",462,2,"$650"
"Columbia School District","=""0300011""","Student transportation services","$849,898",673,3,"$1,263"
"Columbia School District","=""0300011""","Food services","$0",462,2,"$0"
"Columbia School District","=""0300011""","Enterprise operations","$349,203",462,2,"$756"
"Columbia School District","=""0300011""","Minor school construction","N/A","N/A","N/A","N/A"
"Columbia School District","=""0300011""","Total","$13,238,454",664,1,"$19,937"
"Common Ground High School District","=""2680013""","Instruction","$1,646,520",226,1,"$7,285"
"Common Ground High School District","=""2680013""","Support services - students","$883,907",226,2,"$3,911"
"Common Ground High School District","=""2680013""","Support services - instruction","$210,667",226,2,"$932"
"Common Ground High School District","=""2680013""","Support services - general administration","$594,637",226,2,"$2,631"
"Common Ground High School District","=""2680013""","Support services - school based administration","$773,126",226,2,"$3,421"
"Common Ground High School District","=""2680013""","Central and other support services","$0",226,2,"$0"
"Common Ground High School District","=""2680013""","Operation and maintenance of plant","$419,028",226,2,"$1,854"
"Common Ground High School District","=""2680013""","Student transportation services","$20,387",226,3,"$90"
"Common Ground High School District","=""2680013""","Food services","$0",226,2,"$0"
"Common Ground High School District","=""2680013""","Enterprise operations","$0",226,2,"$0"
"Common Ground High School District","=""2680013""","Minor school construction","N/A","N/A","N/A","N/A"
"Common Ground High School District","=""2680013""","Total","$4,548,273",226,1,"$20,125"
"Connecticut Technical Education and Career System","=""9000016""","Instruction","$184,747,810",11251,1,"$16,421"
"Connecticut Technical Education and Career System","=""9000016""","Support services - students","$35,987,377",11251,2,"$3,199"
"Connecticut Technical Education and Career System","=""9000016""","Support services - instruction","$5,169,088",11251,2,"$459"
"Connecticut Technical Education and Career System","=""9000016""","Support services - general administration","$19,685,183",11251,2,"$1,750"
"Connecticut Technical Education and Career System","=""9000016""","Support services - school based administration","$28,202,025",11251,2,"$2,507"
"Connecticut Technical Education and Career System","=""9000016""","Central and other support services","$300,858",11251,2,"$27"
"Connecticut Technical Education and Career System","=""9000016""","Operation and maintenance of plant","$39,715,487",11251,2,"$3,530"
"Connecticut Technical Education and Career System","=""9000016""","Student transportation services","$141,028",99,3,"$1,425"
"Connecticut Technical Education and Career System","=""9000016""","Food services","$0",11251,2,"$0"
"Connecticut Technical Education and Career System","=""9000016""","Enterprise operations","$5,292,427",11251,2,"$470"
"Connecticut Technical Education and Career System","=""9000016""","Minor school construction","N/A","N/A","N/A","N/A"
"Connecticut Technical Education and Career System","=""9000016""","Total","$319,241,282",11251,1,"$28,374"
"Cooperative Educational Services","=""2430014""","Instruction","$31,445,264",998,1,"$31,508"
"Cooperative Educational Services","=""2430014""","Support services - students","$1,557,848",998,2,"$1,561"
"Cooperative Educational Services","=""2430014""","Support services - instruction","$330,597",998,2,"$331"
"Cooperative Educational Services","=""2430014""","Support services - general administration","$1,678,232",998,2,"$1,682"
"Cooperative Educational Services","=""2430014""","Support services - school based administration","$1,529,389",998,2,"$1,532"
"Cooperative Educational Services","=""2430014""","Central and other support services","$617,136",998,2,"$618"
"Cooperative Educational Services","=""2430014""","Operation and maintenance of plant","$795,656",998,2,"$797"
"Cooperative Educational Services","=""2430014""","Student transportation services","$182,460",162,3,"$1,126"
"Cooperative Educational Services","=""2430014""","Food services","$0",998,2,"$0"
"Cooperative Educational Services","=""2430014""","Enterprise operations","$126,878",998,2,"$127"
"Cooperative Educational Services","=""2430014""","Minor school construction","N/A","N/A","N/A","N/A"
"Cooperative Educational Services","=""2430014""","Total","$38,263,461",998,1,"$38,340"
"Cornwall School District","=""0310011""","Instruction","$2,004,635",100,1,"$20,046"
"Cornwall School District","=""0310011""","Support services - students","$204,955",94,2,"$2,180"
"Cornwall School District","=""0310011""","Support services - instruction","$129,928",94,2,"$1,382"
"Cornwall School District","=""0310011""","Support services - general administration","$152,078",94,2,"$1,618"
"Cornwall School District","=""0310011""","Support services - school based administration","$294,065",94,2,"$3,128"
"Cornwall School District","=""0310011""","Central and other support services","$56,644",94,2,"$603"
"Cornwall School District","=""0310011""","Operation and maintenance of plant","$332,383",94,2,"$3,536"
"Cornwall School District","=""0310011""","Student transportation services","$199,532",114,3,"$1,750"
"Cornwall School District","=""0310011""","Food services","$0",94,2,"$0"
"Cornwall School District","=""0310011""","Enterprise operations","$8,201",94,2,"$87"
"Cornwall School District","=""0310011""","Minor school construction","N/A","N/A","N/A","N/A"
"Cornwall School District","=""0310011""","Total","$3,382,421",100,1,"$33,824"
"Coventry School District","=""0320011""","Instruction","$20,190,953",1716,1,"$11,766"
"Coventry School District","=""0320011""","Support services - students","$1,980,119",1653,2,"$1,198"
"Coventry School District","=""0320011""","Support services - instruction","$388,502",1653,2,"$235"
"Coventry School District","=""0320011""","Support services - general administration","$726,016",1653,2,"$439"
"Coventry School District","=""0320011""","Support services - school based administration","$1,911,653",1653,2,"$1,156"
"Coventry School District","=""0320011""","Central and other support services","$1,411,090",1653,2,"$854"
"Coventry School District","=""0320011""","Operation and maintenance of plant","$2,724,461",1653,2,"$1,648"
"Coventry School District","=""0320011""","Student transportation services","$1,608,358",1519,3,"$1,059"
"Coventry School District","=""0320011""","Food services","$0",1653,2,"$0"
"Coventry School District","=""0320011""","Enterprise operations","$0",1653,2,"$0"
"Coventry School District","=""0320011""","Minor school construction","N/A","N/A","N/A","N/A"
"Coventry School District","=""0320011""","Total","$30,941,153",1716,1,"$18,031"
"Cromwell School District","=""0330011""","Instruction","$23,779,415",2037,1,"$11,674"
"Cromwell School District","=""0330011""","Support services - students","$3,199,792",1923,2,"$1,664"
"Cromwell School District","=""0330011""","Support services - instruction","$907,653",1923,2,"$472"
"Cromwell School District","=""0330011""","Support services - general administration","$1,517,388",1923,2,"$789"
"Cromwell School District","=""0330011""","Support services - school based administration","$2,425,320",1923,2,"$1,261"
"Cromwell School District","=""0330011""","Central and other support services","$770,747",1923,2,"$401"
"Cromwell School District","=""0330011""","Operation and maintenance of plant","$3,839,606",1923,2,"$1,997"
"Cromwell School District","=""0330011""","Student transportation services","$2,219,020",2005,3,"$1,107"
"Cromwell School District","=""0330011""","Food services","$0",1923,2,"$0"
"Cromwell School District","=""0330011""","Enterprise operations","$478,306",1923,2,"$249"
"Cromwell School District","=""0330011""","Minor school construction","N/A","N/A","N/A","N/A"
"Cromwell School District","=""0330011""","Total","$39,137,245",2037,1,"$19,213"
"Danbury School District","=""0340011""","Instruction","$147,802,666",12168,1,"$12,147"
"Danbury School District","=""0340011""","Support services - students","$4,839,255",12090,2,"$400"
"Danbury School District","=""0340011""","Support services - instruction","$3,025,458",12090,2,"$250"
"Danbury School District","=""0340011""","Support services - general administration","$2,762,864",12090,2,"$229"
"Danbury School District","=""0340011""","Support services - school based administration","$3,963,328",12090,2,"$328"
"Danbury School District","=""0340011""","Central and other support services","$10,006,710",12090,2,"$828"
"Danbury School District","=""0340011""","Operation and maintenance of plant","$15,785,924",12090,2,"$1,306"
"Danbury School District","=""0340011""","Student transportation services","$12,112,514",8961,3,"$1,352"
"Danbury School District","=""0340011""","Food services","$0",12090,2,"$0"
"Danbury School District","=""0340011""","Enterprise operations","$3,419,940",12090,2,"$283"
"Danbury School District","=""0340011""","Minor school construction","N/A","N/A","N/A","N/A"
"Danbury School District","=""0340011""","Total","$203,718,659",12168,1,"$16,742"
"Darien School District","=""0350011""","Instruction","$67,353,157",4709,1,"$14,303"
"Darien School District","=""0350011""","Support services - students","$10,557,177",4678,2,"$2,257"
"Darien School District","=""0350011""","Support services - instruction","$5,805,906",4678,2,"$1,241"
"Darien School District","=""0350011""","Support services - general administration","$1,761,683",4678,2,"$377"
"Darien School District","=""0350011""","Support services - school based administration","$7,394,011",4678,2,"$1,581"
"Darien School District","=""0350011""","Central and other support services","$4,760,898",4678,2,"$1,018"
"Darien School District","=""0350011""","Operation and maintenance of plant","$11,074,931",4678,2,"$2,367"
"Darien School District","=""0350011""","Student transportation services","$4,675,856",2172,3,"$2,153"
"Darien School District","=""0350011""","Food services","$0",4678,2,"$0"
"Darien School District","=""0350011""","Enterprise operations","$2,238,751",4678,2,"$479"
"Darien School District","=""0350011""","Minor school construction","N/A","N/A","N/A","N/A"
"Darien School District","=""0350011""","Total","$115,622,368",4709,1,"$24,553"
"Deep River School District","=""0360011""","Instruction","$3,757,291",208,1,"$18,064"
"Deep River School District","=""0360011""","Support services - students","$443,032",192,2,"$2,307"
"Deep River School District","=""0360011""","Support services - instruction","$129,487",192,2,"$674"
"Deep River School District","=""0360011""","Support services - general administration","$298,489",192,2,"$1,555"
"Deep River School District","=""0360011""","Support services - school based administration","$496,110",192,2,"$2,584"
"Deep River School District","=""0360011""","Central and other support services","$77,318",192,2,"$403"
"Deep River School District","=""0360011""","Operation and maintenance of plant","$467,377",192,2,"$2,434"
"Deep River School District","=""0360011""","Student transportation services","$197,080",197,3,"$1,000"
"Deep River School District","=""0360011""","Food services","$83,124",192,2,"$433"
"Deep River School District","=""0360011""","Enterprise operations","$0",192,2,"$0"
"Deep River School District","=""0360011""","Minor school construction","N/A","N/A","N/A","N/A"
"Deep River School District","=""0360011""","Total","$5,949,306",208,1,"$28,602"
"Derby School District","=""0370011""","Instruction","$23,155,708",1428,1,"$16,215"
"Derby School District","=""0370011""","Support services - students","$1,774,384",1308,2,"$1,357"
"Derby School District","=""0370011""","Support services - instruction","$376,517",1308,2,"$288"
"Derby School District","=""0370011""","Support services - general administration","$953,722",1308,2,"$729"
"Derby School District","=""0370011""","Support services - school based administration","$1,802,117",1308,2,"$1,378"
"Derby School District","=""0370011""","Central and other support services","$858,790",1308,2,"$657"
"Derby School District","=""0370011""","Operation and maintenance of plant","$2,325,178",1308,2,"$1,778"
"Derby School District","=""0370011""","Student transportation services","$1,540,674",1422,3,"$1,083"
"Derby School District","=""0370011""","Food services","$0",1308,2,"$0"
"Derby School District","=""0370011""","Enterprise operations","$472,399",1308,2,"$361"
"Derby School District","=""0370011""","Minor school construction","N/A","N/A","N/A","N/A"
"Derby School District","=""0370011""","Total","$33,259,489",1428,1,"$23,291"
"East Granby School District","=""0400011""","Instruction","$12,791,568",915,1,"$13,980"
"East Granby School District","=""0400011""","Support services - students","$1,573,018",856,2,"$1,838"
"East Granby School District","=""0400011""","Support services - instruction","$806,580",856,2,"$942"
"East Granby School District","=""0400011""","Support services - general administration","$505,944",856,2,"$591"
"East Granby School District","=""0400011""","Support services - school based administration","$1,358,078",856,2,"$1,587"
"East Granby School District","=""0400011""","Central and other support services","$406,849",856,2,"$475"
"East Granby School District","=""0400011""","Operation and maintenance of plant","$1,476,462",856,2,"$1,725"
"East Granby School District","=""0400011""","Student transportation services","$921,262",880,3,"$1,047"
"East Granby School District","=""0400011""","Food services","$0",856,2,"$0"
"East Granby School District","=""0400011""","Enterprise operations","$529,152",856,2,"$618"
"East Granby School District","=""0400011""","Minor school construction","N/A","N/A","N/A","N/A"
"East Granby School District","=""0400011""","Total","$20,368,914",915,1,"$22,261"
"East Haddam School District","=""0410011""","Instruction","$14,817,090",1003,1,"$14,773"
"East Haddam School District","=""0410011""","Support services - students","$1,927,580",983,2,"$1,961"
"East Haddam School District","=""0410011""","Support services - instruction","$763,137",983,2,"$776"
"East Haddam School District","=""0410011""","Support services - general administration","$892,121",983,2,"$908"
"East Haddam School District","=""0410011""","Support services - school based administration","$1,273,970",983,2,"$1,296"
"East Haddam School District","=""0410011""","Central and other support services","$347,530",983,2,"$354"
"East Haddam School District","=""0410011""","Operation and maintenance of plant","$2,730,704",983,2,"$2,778"
"East Haddam School District","=""0410011""","Student transportation services","$1,593,694",1000,3,"$1,594"
"East Haddam School District","=""0410011""","Food services","$0",983,2,"$0"
"East Haddam School District","=""0410011""","Enterprise operations","$16,800",983,2,"$17"
"East Haddam School District","=""0410011""","Minor school construction","N/A","N/A","N/A","N/A"
"East Haddam School District","=""0410011""","Total","$24,362,627",1003,1,"$24,290"
"East Hampton School District","=""0420011""","Instruction","$24,920,125",1809,1,"$13,776"
"East Hampton School District","=""0420011""","Support services - students","$3,416,438",1762,2,"$1,939"
"East Hampton School District","=""0420011""","Support services - instruction","$722,958",1762,2,"$410"
"East Hampton School District","=""0420011""","Support services - general administration","$809,643",1762,2,"$460"
"East Hampton School District","=""0420011""","Support services - school based administration","$1,826,827",1762,2,"$1,037"
"East Hampton School District","=""0420011""","Central and other support services","$1,586,463",1762,2,"$900"
"East Hampton School District","=""0420011""","Operation and maintenance of plant","$2,601,257",1762,2,"$1,476"
"East Hampton School District","=""0420011""","Student transportation services","$1,704,141",1776,3,"$960"
"East Hampton School District","=""0420011""","Food services","$0",1762,2,"$0"
"East Hampton School District","=""0420011""","Enterprise operations","$0",1762,2,"$0"
"East Hampton School District","=""0420011""","Minor school construction","N/A","N/A","N/A","N/A"
"East Hampton School District","=""0420011""","Total","$37,587,852",1809,1,"$20,778"
"East Hartford School District","=""0430011""","Instruction","$90,917,943",8234,1,"$11,042"
"East Hartford School District","=""0430011""","Support services - students","$9,847,223",6366,2,"$1,547"
"East Hartford School District","=""0430011""","Support services - instruction","$2,299,442",6366,2,"$361"
"East Hartford School District","=""0430011""","Support services - general administration","$120,366",6366,2,"$19"
"East Hartford School District","=""0430011""","Support services - school based administration","$6,473,709",6366,2,"$1,017"
"East Hartford School District","=""0430011""","Central and other support services","$9,572,488",6366,2,"$1,504"
"East Hartford School District","=""0430011""","Operation and maintenance of plant","$12,016,959",6366,2,"$1,888"
"East Hartford School District","=""0430011""","Student transportation services","$8,190,834",5347,3,"$1,532"
"East Hartford School District","=""0430011""","Food services","$0",6366,2,"$0"
"East Hartford School District","=""0430011""","Enterprise operations","$0",6366,2,"$0"
"East Hartford School District","=""0430011""","Minor school construction","N/A","N/A","N/A","N/A"
"East Hartford School District","=""0430011""","Total","$139,438,964",8234,1,"$16,935"
"East Haven School District","=""0440011""","Instruction","$36,240,146",3210,1,"$11,290"
"East Haven School District","=""0440011""","Support services - students","$4,627,555",2856,2,"$1,620"
"East Haven School District","=""0440011""","Support services - instruction","$3,392,301",2856,2,"$1,188"
"East Haven School District","=""0440011""","Support services - general administration","$1,607,436",2856,2,"$563"
"East Haven School District","=""0440011""","Support services - school based administration","$2,531,821",2856,2,"$886"
"East Haven School District","=""0440011""","Central and other support services","$1,889,887",2856,2,"$662"
"East Haven School District","=""0440011""","Operation and maintenance of plant","$3,766,822",2856,2,"$1,319"
"East Haven School District","=""0440011""","Student transportation services","$4,635,474",2225,3,"$2,083"
"East Haven School District","=""0440011""","Food services","$0",2856,2,"$0"
"East Haven School District","=""0440011""","Enterprise operations","$0",2856,2,"$0"
"East Haven School District","=""0440011""","Minor school construction","N/A","N/A","N/A","N/A"
"East Haven School District","=""0440011""","Total","$58,691,441",3210,1,"$18,284"
"East Lyme School District","=""0450011""","Instruction","$31,029,226",2674,1,"$11,604"
"East Lyme School District","=""0450011""","Support services - students","$5,241,715",2613,2,"$2,006"
"East Lyme School District","=""0450011""","Support services - instruction","$1,757,863",2613,2,"$673"
"East Lyme School District","=""0450011""","Support services - general administration","$2,184,397",2613,2,"$836"
"East Lyme School District","=""0450011""","Support services - school based administration","$3,070,855",2613,2,"$1,175"
"East Lyme School District","=""0450011""","Central and other support services","$2,868,569",2613,2,"$1,098"
"East Lyme School District","=""0450011""","Operation and maintenance of plant","$7,008,275",2613,2,"$2,682"
"East Lyme School District","=""0450011""","Student transportation services","$2,225,987",2439,3,"$913"
"East Lyme School District","=""0450011""","Food services","$0",2613,2,"$0"
"East Lyme School District","=""0450011""","Enterprise operations","$1,101,773",2613,2,"$422"
"East Lyme School District","=""0450011""","Minor school construction","N/A","N/A","N/A","N/A"
"East Lyme School District","=""0450011""","Total","$56,488,659",2674,1,"$21,125"
"East Windsor School District","=""0470011""","Instruction","$17,571,038",1152,1,"$15,253"
"East Windsor School District","=""0470011""","Support services - students","$2,848,767",1019,2,"$2,796"
"East Windsor School District","=""0470011""","Support services - instruction","$1,308,779",1019,2,"$1,284"
"East Windsor School District","=""0470011""","Support services - general administration","$604,319",1019,2,"$593"
"East Windsor School District","=""0470011""","Support services - school based administration","$2,481,320",1019,2,"$2,435"
"East Windsor School District","=""0470011""","Central and other support services","$651,985",1019,2,"$640"
"East Windsor School District","=""0470011""","Operation and maintenance of plant","$2,254,925",1019,2,"$2,213"
"East Windsor School District","=""0470011""","Student transportation services","$1,397,608",1097,3,"$1,274"
"East Windsor School District","=""0470011""","Food services","$0",1019,2,"$0"
"East Windsor School District","=""0470011""","Enterprise operations","$218,709",1019,2,"$215"
"East Windsor School District","=""0470011""","Minor school construction","N/A","N/A","N/A","N/A"
"East Windsor School District","=""0470011""","Total","$29,337,451",1152,1,"$25,467"
"Eastern Connecticut Regional Educational Service Center (EASTCONN)","=""2530014""","Instruction","$13,103,605",404,1,"$32,435"
"Eastern Connecticut Regional Educational Service Center (EASTCONN)","=""2530014""","Support services - students","$4,889,543",404,2,"$12,103"
"Eastern Connecticut Regional Educational Service Center (EASTCONN)","=""2530014""","Support services - instruction","$609,098",404,2,"$1,508"
"Eastern Connecticut Regional Educational Service Center (EASTCONN)","=""2530014""","Support services - general administration","$5,018",404,2,"$12"
"Eastern Connecticut Regional Educational Service Center (EASTCONN)","=""2530014""","Support services - school based administration","$0",404,2,"$0"
"Eastern Connecticut Regional Educational Service Center (EASTCONN)","=""2530014""","Central and other support services","$187,455",404,2,"$464"
"Eastern Connecticut Regional Educational Service Center (EASTCONN)","=""2530014""","Operation and maintenance of plant","$171,949",404,2,"$426"
"Eastern Connecticut Regional Educational Service Center (EASTCONN)","=""2530014""","Student transportation services","$639,656",81,3,"$7,897"
"Eastern Connecticut Regional Educational Service Center (EASTCONN)","=""2530014""","Food services","$0",404,2,"$0"
"Eastern Connecticut Regional Educational Service Center (EASTCONN)","=""2530014""","Enterprise operations","$0",404,2,"$0"
"Eastern Connecticut Regional Educational Service Center (EASTCONN)","=""2530014""","Minor school construction","N/A","N/A","N/A","N/A"
"Eastern Connecticut Regional Educational Service Center (EASTCONN)","=""2530014""","Total","$19,606,324",404,1,"$48,531"
"Eastford School District","=""0390011""","Instruction","$3,344,479",209,1,"$16,002"
"Eastford School District","=""0390011""","Support services - students","$266,593",151,2,"$1,766"
"Eastford School District","=""0390011""","Support services - instruction","$109,504",151,2,"$725"
"Eastford School District","=""0390011""","Support services - general administration","$193,580",151,2,"$1,282"
"Eastford School District","=""0390011""","Support services - school based administration","$199,538",151,2,"$1,321"
"Eastford School District","=""0390011""","Central and other support services","$13,212",151,2,"$87"
"Eastford School District","=""0390011""","Operation and maintenance of plant","$304,400",151,2,"$2,016"
"Eastford School District","=""0390011""","Student transportation services","$233,879",211,3,"$1,108"
"Eastford School District","=""0390011""","Food services","$0",151,2,"$0"
"Eastford School District","=""0390011""","Enterprise operations","$0",151,2,"$0"
"Eastford School District","=""0390011""","Minor school construction","N/A","N/A","N/A","N/A"
"Eastford School District","=""0390011""","Total","$4,665,186",209,1,"$22,321"
"Easton School District","=""0460011""","Instruction","$11,831,512",905,1,"$13,073"
"Easton School District","=""0460011""","Support services - students","$828,360",902,2,"$918"
"Easton School District","=""0460011""","Support services - instruction","$748,968",902,2,"$830"
"Easton School District","=""0460011""","Support services - general administration","$350,704",902,2,"$389"
"Easton School District","=""0460011""","Support services - school based administration","$1,536,318",902,2,"$1,703"
"Easton School District","=""0460011""","Central and other support services","$414,151",902,2,"$459"
"Easton School District","=""0460011""","Operation and maintenance of plant","$1,755,865",902,2,"$1,947"
"Easton School District","=""0460011""","Student transportation services","$1,172,054",902,3,"$1,299"
"Easton School District","=""0460011""","Food services","$0",902,2,"$0"
"Easton School District","=""0460011""","Enterprise operations","$338",902,2,"$0"
"Easton School District","=""0460011""","Minor school construction","N/A","N/A","N/A","N/A"
"Easton School District","=""0460011""","Total","$18,638,270",905,1,"$20,595"
"EdAdvance","=""2420014""","Instruction","$5,743,325",277,1,"$20,734"
"EdAdvance","=""2420014""","Support services - students","$2,065,655",277,2,"$7,457"
"EdAdvance","=""2420014""","Support services - instruction","$1,565,149",277,2,"$5,650"
"EdAdvance","=""2420014""","Support services - general administration","$3,273,346",277,2,"$11,817"
"EdAdvance","=""2420014""","Support services - school based administration","$656,989",277,2,"$2,372"
"EdAdvance","=""2420014""","Central and other support services","$266,304",277,2,"$961"
"EdAdvance","=""2420014""","Operation and maintenance of plant","$1,179,967",277,2,"$4,260"
"EdAdvance","=""2420014""","Student transportation services","$1,823",1,3,"$1,823"
"EdAdvance","=""2420014""","Food services","$0",277,2,"$0"
"EdAdvance","=""2420014""","Enterprise operations","$0",277,2,"$0"
"EdAdvance","=""2420014""","Minor school construction","N/A","N/A","N/A","N/A"
"EdAdvance","=""2420014""","Total","$14,752,559",277,1,"$53,258"
"Ellington School District","=""0480011""","Instruction","$29,677,856",2684,1,"$11,057"
"Ellington School District","=""0480011""","Support services - students","$4,927,408",2585,2,"$1,906"
"Ellington School District","=""0480011""","Support services - instruction","$1,049,779",2585,2,"$406"
"Ellington School District","=""0480011""","Support services - general administration","$988,571",2585,2,"$382"
"Ellington School District","=""0480011""","Support services - school based administration","$2,492,396",2585,2,"$964"
"Ellington School District","=""0480011""","Central and other support services","$1,538,426",2585,2,"$595"
"Ellington School District","=""0480011""","Operation and maintenance of plant","$4,007,630",2585,2,"$1,550"
"Ellington School District","=""0480011""","Student transportation services","$2,671,583",2631,3,"$1,015"
"Ellington School District","=""0480011""","Food services","$0",2585,2,"$0"
"Ellington School District","=""0480011""","Enterprise operations","$510,641",2585,2,"$198"
"Ellington School District","=""0480011""","Minor school construction","N/A","N/A","N/A","N/A"
"Ellington School District","=""0480011""","Total","$47,864,289",2684,1,"$17,833"
"Elm City College Preparatory School District","=""2890013""","Instruction","$6,170,151",783,1,"$7,880"
"Elm City College Preparatory School District","=""2890013""","Support services - students","$1,579,741",783,2,"$2,018"
"Elm City College Preparatory School District","=""2890013""","Support services - instruction","$821,936",783,2,"$1,050"
"Elm City College Preparatory School District","=""2890013""","Support services - general administration","$0",783,2,"$0"
"Elm City College Preparatory School District","=""2890013""","Support services - school based administration","$2,037,772",783,2,"$2,603"
"Elm City College Preparatory School District","=""2890013""","Central and other support services","$953,209",783,2,"$1,217"
"Elm City College Preparatory School District","=""2890013""","Operation and maintenance of plant","$565,003",783,2,"$722"
"Elm City College Preparatory School District","=""2890013""","Student transportation services","$190,522",298,3,"$639"
"Elm City College Preparatory School District","=""2890013""","Food services","$0",783,2,"$0"
"Elm City College Preparatory School District","=""2890013""","Enterprise operations","$0",783,2,"$0"
"Elm City College Preparatory School District","=""2890013""","Minor school construction","N/A","N/A","N/A","N/A"
"Elm City College Preparatory School District","=""2890013""","Total","$12,318,334",783,1,"$15,732"
"Elm City Montessori School District","=""2910013""","Instruction","$3,166,267",298,1,"$10,625"
"Elm City Montessori School District","=""2910013""","Support services - students","$399,797",298,2,"$1,342"
"Elm City Montessori School District","=""2910013""","Support services - instruction","$159,655",298,2,"$536"
"Elm City Montessori School District","=""2910013""","Support services - general administration","$137,559",298,2,"$462"
"Elm City Montessori School District","=""2910013""","Support services - school based administration","$558,516",298,2,"$1,874"
"Elm City Montessori School District","=""2910013""","Central and other support services","$113,149",298,2,"$380"
"Elm City Montessori School District","=""2910013""","Operation and maintenance of plant","$578,376",298,2,"$1,941"
"Elm City Montessori School District","=""2910013""","Student transportation services","$148,853",217,3,"$686"
"Elm City Montessori School District","=""2910013""","Food services","$0",298,2,"$0"
"Elm City Montessori School District","=""2910013""","Enterprise operations","$0",298,2,"$0"
"Elm City Montessori School District","=""2910013""","Minor school construction","N/A","N/A","N/A","N/A"
"Elm City Montessori School District","=""2910013""","Total","$5,262,172",298,1,"$17,658"
"Enfield School District","=""0490011""","Instruction","$64,546,706",5133,1,"$12,575"
"Enfield School District","=""0490011""","Support services - students","$4,807,347",4896,2,"$982"
"Enfield School District","=""0490011""","Support services - instruction","$2,340,510",4896,2,"$478"
"Enfield School District","=""0490011""","Support services - general administration","$2,332,445",4896,2,"$476"
"Enfield School District","=""0490011""","Support services - school based administration","$4,989,330",4896,2,"$1,019"
"Enfield School District","=""0490011""","Central and other support services","$2,872,122",4896,2,"$587"
"Enfield School District","=""0490011""","Operation and maintenance of plant","$7,348,876",4896,2,"$1,501"
"Enfield School District","=""0490011""","Student transportation services","$5,486,690",2167,3,"$2,532"
"Enfield School District","=""0490011""","Food services","$60,788",4896,2,"$12"
"Enfield School District","=""0490011""","Enterprise operations","$878,501",4896,2,"$179"
"Enfield School District","=""0490011""","Minor school construction","N/A","N/A","N/A","N/A"
"Enfield School District","=""0490011""","Total","$95,663,314",5133,1,"$18,637"
"Essex School District","=""0500011""","Instruction","$5,597,168",305,1,"$18,351"
"Essex School District","=""0500011""","Support services - students","$490,092",300,2,"$1,634"
"Essex School District","=""0500011""","Support services - instruction","$119,015",300,2,"$397"
"Essex School District","=""0500011""","Support services - general administration","$350,685",300,2,"$1,169"
"Essex School District","=""0500011""","Support services - school based administration","$650,967",300,2,"$2,170"
"Essex School District","=""0500011""","Central and other support services","$86,880",300,2,"$290"
"Essex School District","=""0500011""","Operation and maintenance of plant","$760,383",300,2,"$2,535"
"Essex School District","=""0500011""","Student transportation services","$255,380",297,3,"$860"
"Essex School District","=""0500011""","Food services","$122,728",300,2,"$409"
"Essex School District","=""0500011""","Enterprise operations","$0",300,2,"$0"
"Essex School District","=""0500011""","Minor school construction","N/A","N/A","N/A","N/A"
"Essex School District","=""0500011""","Total","$8,433,297",305,1,"$27,650"
"Explorations District","=""2720013""","Instruction","$784,611",93,1,"$8,437"
"Explorations District","=""2720013""","Support services - students","$209,448",93,2,"$2,252"
"Explorations District","=""2720013""","Support services - instruction","$20,296",93,2,"$218"
"Explorations District","=""2720013""","Support services - general administration","$50,205",93,2,"$540"
"Explorations District","=""2720013""","Support services - school based administration","$425,076",93,2,"$4,571"
"Explorations District","=""2720013""","Central and other support services","$0",93,2,"$0"
"Explorations District","=""2720013""","Operation and maintenance of plant","$252,829",93,2,"$2,719"
"Explorations District","=""2720013""","Student transportation services","$38,100",35,3,"$1,089"
"Explorations District","=""2720013""","Food services","$0",93,2,"$0"
"Explorations District","=""2720013""","Enterprise operations","$0",93,2,"$0"
"Explorations District","=""2720013""","Minor school construction","N/A","N/A","N/A","N/A"
"Explorations District","=""2720013""","Total","$1,780,565",93,1,"$19,146"
"Fairfield School District","=""0510011""","Instruction","$131,387,799",9439,1,"$13,920"
"Fairfield School District","=""0510011""","Support services - students","$16,148,759",9307,2,"$1,735"
"Fairfield School District","=""0510011""","Support services - instruction","$12,964,228",9307,2,"$1,393"
"Fairfield School District","=""0510011""","Support services - general administration","$881,503",9307,2,"$95"
"Fairfield School District","=""0510011""","Support services - school based administration","$13,575,077",9307,2,"$1,459"
"Fairfield School District","=""0510011""","Central and other support services","$8,314,962",9307,2,"$893"
"Fairfield School District","=""0510011""","Operation and maintenance of plant","$21,886,655",9307,2,"$2,352"
"Fairfield School District","=""0510011""","Student transportation services","$10,022,846",6894,3,"$1,454"
"Fairfield School District","=""0510011""","Food services","$0",9307,2,"$0"
"Fairfield School District","=""0510011""","Enterprise operations","$2,696,651",9307,2,"$290"
"Fairfield School District","=""0510011""","Minor school construction","N/A","N/A","N/A","N/A"
"Fairfield School District","=""0510011""","Total","$217,878,480",9439,1,"$23,083"
"Farmington School District","=""0520011""","Instruction","$51,044,541",4231,1,"$12,064"
"Farmington School District","=""0520011""","Support services - students","$8,091,251",4136,2,"$1,956"
"Farmington School District","=""0520011""","Support services - instruction","$4,127,463",4136,2,"$998"
"Farmington School District","=""0520011""","Support services - general administration","$1,318,220",4136,2,"$319"
"Farmington School District","=""0520011""","Support services - school based administration","$5,065,763",4136,2,"$1,225"
"Farmington School District","=""0520011""","Central and other support services","$2,061,641",4136,2,"$498"
"Farmington School District","=""0520011""","Operation and maintenance of plant","$9,199,983",4136,2,"$2,224"
"Farmington School District","=""0520011""","Student transportation services","$4,380,263",4006,3,"$1,093"
"Farmington School District","=""0520011""","Food services","$0",4136,2,"$0"
"Farmington School District","=""0520011""","Enterprise operations","$0",4136,2,"$0"
"Farmington School District","=""0520011""","Minor school construction","N/A","N/A","N/A","N/A"
"Farmington School District","=""0520011""","Total","$85,289,125",4231,1,"$20,158"
"Franklin School District","=""0530011""","Instruction","$3,401,905",245,1,"$13,885"
"Franklin School District","=""0530011""","Support services - students","$196,172",186,2,"$1,055"
"Franklin School District","=""0530011""","Support services - instruction","$58,720",186,2,"$316"
"Franklin School District","=""0530011""","Support services - general administration","$234,733",186,2,"$1,262"
"Franklin School District","=""0530011""","Support services - school based administration","$136,197",186,2,"$732"
"Franklin School District","=""0530011""","Central and other support services","$61,603",186,2,"$331"
"Franklin School District","=""0530011""","Operation and maintenance of plant","$481,033",186,2,"$2,586"
"Franklin School District","=""0530011""","Student transportation services","$399,857",316,3,"$1,265"
"Franklin School District","=""0530011""","Food services","$0",186,2,"$0"
"Franklin School District","=""0530011""","Enterprise operations","$0",186,2,"$0"
"Franklin School District","=""0530011""","Minor school construction","N/A","N/A","N/A","N/A"
"Franklin School District","=""0530011""","Total","$4,970,220",245,1,"$20,287"
"Glastonbury School District","=""0540011""","Instruction","$77,547,627",5858,1,"$13,238"
"Glastonbury School District","=""0540011""","Support services - students","$7,349,537",5646,2,"$1,302"
"Glastonbury School District","=""0540011""","Support services - instruction","$6,147,052",5646,2,"$1,089"
"Glastonbury School District","=""0540011""","Support services - general administration","$1,457,450",5646,2,"$258"
"Glastonbury School District","=""0540011""","Support services - school based administration","$5,119,889",5646,2,"$907"
"Glastonbury School District","=""0540011""","Central and other support services","$4,109,544",5646,2,"$728"
"Glastonbury School District","=""0540011""","Operation and maintenance of plant","$11,581,202",5646,2,"$2,051"
"Glastonbury School District","=""0540011""","Student transportation services","$6,138,685",5240,3,"$1,172"
"Glastonbury School District","=""0540011""","Food services","$0",5646,2,"$0"
"Glastonbury School District","=""0540011""","Enterprise operations","$2,290,519",5646,2,"$406"
"Glastonbury School District","=""0540011""","Minor school construction","N/A","N/A","N/A","N/A"
"Glastonbury School District","=""0540011""","Total","$121,741,505",5858,1,"$20,782"
"Goodwin University Educational Services (GUES)","=""2310018""","Instruction","$12,455,353",1152,1,"$10,812"
"Goodwin University Educational Services (GUES)","=""2310018""","Support services - students","$0",1152,2,"$0"
"Goodwin University Educational Services (GUES)","=""2310018""","Support services - instruction","$554,207",1152,2,"$481"
"Goodwin University Educational Services (GUES)","=""2310018""","Support services - general administration","$697,399",1152,2,"$605"
"Goodwin University Educational Services (GUES)","=""2310018""","Support services - school based administration","$2,443,388",1152,2,"$2,121"
"Goodwin University Educational Services (GUES)","=""2310018""","Central and other support services","$2,162,683",1152,2,"$1,877"
"Goodwin University Educational Services (GUES)","=""2310018""","Operation and maintenance of plant","$1,905,088",1152,2,"$1,654"
"Goodwin University Educational Services (GUES)","=""2310018""","Student transportation services","$34,262",5,3,"$6,852"
"Goodwin University Educational Services (GUES)","=""2310018""","Food services","$0",1152,2,"$0"
"Goodwin University Educational Services (GUES)","=""2310018""","Enterprise operations","$0",1152,2,"$0"
"Goodwin University Educational Services (GUES)","=""2310018""","Minor school construction","N/A","N/A","N/A","N/A"
"Goodwin University Educational Services (GUES)","=""2310018""","Total","$20,252,380",1152,1,"$17,580"
"Granby School District","=""0560011""","Instruction","$21,936,203",1801,1,"$12,180"
"Granby School District","=""0560011""","Support services - students","$3,105,723",1725,2,"$1,800"
"Granby School District","=""0560011""","Support services - instruction","$1,294,586",1725,2,"$750"
"Granby School District","=""0560011""","Support services - general administration","$846,327",1725,2,"$491"
"Granby School District","=""0560011""","Support services - school based administration","$2,383,654",1725,2,"$1,382"
"Granby School District","=""0560011""","Central and other support services","$680,796",1725,2,"$395"
"Granby School District","=""0560011""","Operation and maintenance of plant","$3,282,415",1725,2,"$1,903"
"Granby School District","=""0560011""","Student transportation services","$2,319,397",1626,3,"$1,426"
"Granby School District","=""0560011""","Food services","$144",1725,2,"$0"
"Granby School District","=""0560011""","Enterprise operations","$839,997",1725,2,"$487"
"Granby School District","=""0560011""","Minor school construction","N/A","N/A","N/A","N/A"
"Granby School District","=""0560011""","Total","$36,689,242",1801,1,"$20,372"
"Great Oaks Charter School District","=""2940013""","Instruction","$3,746,898",664,1,"$5,643"
"Great Oaks Charter School District","=""2940013""","Support services - students","$491,907",664,2,"$741"
"Great Oaks Charter School District","=""2940013""","Support services - instruction","$289,334",664,2,"$436"
"Great Oaks Charter School District","=""2940013""","Support services - general administration","$25,037",664,2,"$38"
"Great Oaks Charter School District","=""2940013""","Support services - school based administration","$2,608,139",664,2,"$3,928"
"Great Oaks Charter School District","=""2940013""","Central and other support services","$1,630,298",664,2,"$2,455"
"Great Oaks Charter School District","=""2940013""","Operation and maintenance of plant","$2,527,383",664,2,"$3,806"
"Great Oaks Charter School District","=""2940013""","Student transportation services","$389,844",314,3,"$1,242"
"Great Oaks Charter School District","=""2940013""","Food services","$0",664,2,"$0"
"Great Oaks Charter School District","=""2940013""","Enterprise operations","$0",664,2,"$0"
"Great Oaks Charter School District","=""2940013""","Minor school construction","N/A","N/A","N/A","N/A"
"Great Oaks Charter School District","=""2940013""","Total","$11,708,840",664,1,"$17,634"
"Greenwich School District","=""0570011""","Instruction","$155,022,889",8575,1,"$18,078"
"Greenwich School District","=""0570011""","Support services - students","$17,884,620",8521,2,"$2,099"
"Greenwich School District","=""0570011""","Support services - instruction","$13,599,093",8521,2,"$1,596"
"Greenwich School District","=""0570011""","Support services - general administration","$4,528,802",8521,2,"$531"
"Greenwich School District","=""0570011""","Support services - school based administration","$10,027,941",8521,2,"$1,177"
"Greenwich School District","=""0570011""","Central and other support services","$8,357,901",8521,2,"$981"
"Greenwich School District","=""0570011""","Operation and maintenance of plant","$15,287,051",8521,2,"$1,794"
"Greenwich School District","=""0570011""","Student transportation services","$7,618,045",3941,3,"$1,933"
"Greenwich School District","=""0570011""","Food services","$0",8521,2,"$0"
"Greenwich School District","=""0570011""","Enterprise operations","$0",8521,2,"$0"
"Greenwich School District","=""0570011""","Minor school construction","N/A","N/A","N/A","N/A"
"Greenwich School District","=""0570011""","Total","$232,326,341",8575,1,"$27,093"
"Griswold School District","=""0580011""","Instruction","$18,246,077",1779,1,"$10,256"
"Griswold School District","=""0580011""","Support services - students","$1,926,470",1715,2,"$1,123"
"Griswold School District","=""0580011""","Support services - instruction","$416,516",1715,2,"$243"
"Griswold School District","=""0580011""","Support services - general administration","$561,648",1715,2,"$327"
"Griswold School District","=""0580011""","Support services - school based administration","$1,599,961",1715,2,"$933"
"Griswold School District","=""0580011""","Central and other support services","$3,182,356",1715,2,"$1,856"
"Griswold School District","=""0580011""","Operation and maintenance of plant","$3,413,757",1715,2,"$1,991"
"Griswold School District","=""0580011""","Student transportation services","$2,316,059",1831,3,"$1,265"
"Griswold School District","=""0580011""","Food services","$0",1715,2,"$0"
"Griswold School District","=""0580011""","Enterprise operations","$0",1715,2,"$0"
"Griswold School District","=""0580011""","Minor school construction","N/A","N/A","N/A","N/A"
"Griswold School District","=""0580011""","Total","$31,662,846",1779,1,"$17,798"
"Groton School District","=""0590011""","Instruction","$47,206,274",4449,1,"$10,611"
"Groton School District","=""0590011""","Support services - students","$15,496,615",4081,2,"$3,797"
"Groton School District","=""0590011""","Support services - instruction","$1,930,294",4081,2,"$473"
"Groton School District","=""0590011""","Support services - general administration","$2,744,234",4081,2,"$672"
"Groton School District","=""0590011""","Support services - school based administration","$4,635,875",4081,2,"$1,136"
"Groton School District","=""0590011""","Central and other support services","$1,791,600",4081,2,"$439"
"Groton School District","=""0590011""","Operation and maintenance of plant","$7,136,743",4081,2,"$1,749"
"Groton School District","=""0590011""","Student transportation services","$6,732,457",4043,3,"$1,665"
"Groton School District","=""0590011""","Food services","$0",4081,2,"$0"
"Groton School District","=""0590011""","Enterprise operations","$0",4081,2,"$0"
"Groton School District","=""0590011""","Minor school construction","N/A","N/A","N/A","N/A"
"Groton School District","=""0590011""","Total","$87,674,091",4449,1,"$19,706"
"Guilford School District","=""0600011""","Instruction","$41,368,896",3182,1,"$13,001"
"Guilford School District","=""0600011""","Support services - students","$4,599,361",3130,2,"$1,469"
"Guilford School District","=""0600011""","Support services - instruction","$2,171,219",3130,2,"$694"
"Guilford School District","=""0600011""","Support services - general administration","$1,969,113",3130,2,"$629"
"Guilford School District","=""0600011""","Support services - school based administration","$4,704,627",3130,2,"$1,503"
"Guilford School District","=""0600011""","Central and other support services","$494,573",3130,2,"$158"
"Guilford School District","=""0600011""","Operation and maintenance of plant","$7,603,227",3130,2,"$2,429"
"Guilford School District","=""0600011""","Student transportation services","$4,617,908",3217,3,"$1,435"
"Guilford School District","=""0600011""","Food services","$0",3130,2,"$0"
"Guilford School District","=""0600011""","Enterprise operations","$986,429",3130,2,"$315"
"Guilford School District","=""0600011""","Minor school construction","N/A","N/A","N/A","N/A"
"Guilford School District","=""0600011""","Total","$68,515,353",3182,1,"$21,532"
"Hamden School District","=""0620011""","Instruction","$102,027,025",6360,1,"$16,042"
"Hamden School District","=""0620011""","Support services - students","$10,034,448",5384,2,"$1,864"
"Hamden School District","=""0620011""","Support services - instruction","$1,695,729",5384,2,"$315"
"Hamden School District","=""0620011""","Support services - general administration","$2,433,507",5384,2,"$452"
"Hamden School District","=""0620011""","Support services - school based administration","$5,686,285",5384,2,"$1,056"
"Hamden School District","=""0620011""","Central and other support services","$2,887,022",5384,2,"$536"
"Hamden School District","=""0620011""","Operation and maintenance of plant","$9,228,975",5384,2,"$1,714"
"Hamden School District","=""0620011""","Student transportation services","$7,916,250",5322,3,"$1,487"
"Hamden School District","=""0620011""","Food services","$0",5384,2,"$0"
"Hamden School District","=""0620011""","Enterprise operations","$5,992,850",5384,2,"$1,113"
"Hamden School District","=""0620011""","Minor school construction","N/A","N/A","N/A","N/A"
"Hamden School District","=""0620011""","Total","$147,902,092",6360,1,"$23,255"
"Hampton School District","=""0630011""","Instruction","$1,321,133",75,1,"$17,615"
"Hampton School District","=""0630011""","Support services - students","$163,418",66,2,"$2,476"
"Hampton School District","=""0630011""","Support services - instruction","$2,474",66,2,"$37"
"Hampton School District","=""0630011""","Support services - general administration","$114,962",66,2,"$1,742"
"Hampton School District","=""0630011""","Support services - school based administration","$181,481",66,2,"$2,750"
"Hampton School District","=""0630011""","Central and other support services","$72,147",66,2,"$1,093"
"Hampton School District","=""0630011""","Operation and maintenance of plant","$249,002",66,2,"$3,773"
"Hampton School District","=""0630011""","Student transportation services","$152,665",110,3,"$1,388"
"Hampton School District","=""0630011""","Food services","$42,538",66,2,"$645"
"Hampton School District","=""0630011""","Enterprise operations","$0",66,2,"$0"
"Hampton School District","=""0630011""","Minor school construction","N/A","N/A","N/A","N/A"
"Hampton School District","=""0630011""","Total","$2,299,818",75,1,"$30,664"
"Hartford School District","=""0640011""","Instruction","$279,098,290",21590,1,"$12,927"
"Hartford School District","=""0640011""","Support services - students","$44,669,476",16366,2,"$2,729"
"Hartford School District","=""0640011""","Support services - instruction","$16,524,917",16366,2,"$1,010"
"Hartford School District","=""0640011""","Support services - general administration","$14,760,523",16366,2,"$902"
"Hartford School District","=""0640011""","Support services - school based administration","$24,974,142",16366,2,"$1,526"
"Hartford School District","=""0640011""","Central and other support services","$21,791,038",16366,2,"$1,331"
"Hartford School District","=""0640011""","Operation and maintenance of plant","$46,879,385",16366,2,"$2,864"
"Hartford School District","=""0640011""","Student transportation services","$29,894,792",7895,3,"$3,787"
"Hartford School District","=""0640011""","Food services","$0",16366,2,"$0"
"Hartford School District","=""0640011""","Enterprise operations","$0",16366,2,"$0"
"Hartford School District","=""0640011""","Minor school construction","N/A","N/A","N/A","N/A"
"Hartford School District","=""0640011""","Total","$478,592,563",21590,1,"$22,167"
"Hartland School District","=""0650011""","Instruction","$3,507,387",199,1,"$17,625"
"Hartland School District","=""0650011""","Support services - students","$732,348",116,2,"$6,313"
"Hartland School District","=""0650011""","Support services - instruction","$155,588",116,2,"$1,341"
"Hartland School District","=""0650011""","Support services - general administration","$153,849",116,2,"$1,326"
"Hartland School District","=""0650011""","Support services - school based administration","$265,659",116,2,"$2,290"
"Hartland School District","=""0650011""","Central and other support services","$105,890",116,2,"$913"
"Hartland School District","=""0650011""","Operation and maintenance of plant","$442,382",116,2,"$3,814"
"Hartland School District","=""0650011""","Student transportation services","$340,755",190,3,"$1,793"
"Hartland School District","=""0650011""","Food services","$0",116,2,"$0"
"Hartland School District","=""0650011""","Enterprise operations","$143,023",116,2,"$1,233"
"Hartland School District","=""0650011""","Minor school construction","N/A","N/A","N/A","N/A"
"Hartland School District","=""0650011""","Total","$5,846,881",199,1,"$29,381"
"Hebron School District","=""0670011""","Instruction","$8,098,838",706,1,"$11,471"
"Hebron School District","=""0670011""","Support services - students","$929,088",696,2,"$1,335"
"Hebron School District","=""0670011""","Support services - instruction","$964,224",696,2,"$1,385"
"Hebron School District","=""0670011""","Support services - general administration","$379,210",696,2,"$545"
"Hebron School District","=""0670011""","Support services - school based administration","$584,817",696,2,"$840"
"Hebron School District","=""0670011""","Central and other support services","$710,601",696,2,"$1,021"
"Hebron School District","=""0670011""","Operation and maintenance of plant","$1,157,842",696,2,"$1,664"
"Hebron School District","=""0670011""","Student transportation services","$520,478",582,3,"$894"
"Hebron School District","=""0670011""","Food services","$0",696,2,"$0"
"Hebron School District","=""0670011""","Enterprise operations","$0",696,2,"$0"
"Hebron School District","=""0670011""","Minor school construction","N/A","N/A","N/A","N/A"
"Hebron School District","=""0670011""","Total","$13,345,098",706,1,"$18,902"
"Highville Charter School District","=""2860013""","Instruction","$3,410,789",505,1,"$6,754"
"Highville Charter School District","=""2860013""","Support services - students","$855,818",505,2,"$1,695"
"Highville Charter School District","=""2860013""","Support services - instruction","$248,187",505,2,"$491"
"Highville Charter School District","=""2860013""","Support services - general administration","$2,820",505,2,"$6"
"Highville Charter School District","=""2860013""","Support services - school based administration","$530,183",505,2,"$1,050"
"Highville Charter School District","=""2860013""","Central and other support services","$0",505,2,"$0"
"Highville Charter School District","=""2860013""","Operation and maintenance of plant","$876,294",505,2,"$1,735"
"Highville Charter School District","=""2860013""","Student transportation services","$1,706",2,3,"$853"
"Highville Charter School District","=""2860013""","Food services","$0",505,2,"$0"
"Highville Charter School District","=""2860013""","Enterprise operations","$439",505,2,"$1"
"Highville Charter School District","=""2860013""","Minor school construction","N/A","N/A","N/A","N/A"
"Highville Charter School District","=""2860013""","Total","$5,926,237",505,1,"$11,735"
"Integrated Day Charter School District","=""2640013""","Instruction","$2,499,723",361,1,"$6,924"
"Integrated Day Charter School District","=""2640013""","Support services - students","$958,379",361,2,"$2,655"
"Integrated Day Charter School District","=""2640013""","Support services - instruction","$23,503",361,2,"$65"
"Integrated Day Charter School District","=""2640013""","Support services - general administration","$0",361,2,"$0"
"Integrated Day Charter School District","=""2640013""","Support services - school based administration","$460,302",361,2,"$1,275"
"Integrated Day Charter School District","=""2640013""","Central and other support services","$627,178",361,2,"$1,737"
"Integrated Day Charter School District","=""2640013""","Operation and maintenance of plant","$713,444",361,2,"$1,976"
"Integrated Day Charter School District","=""2640013""","Student transportation services","$14,606",361,3,"$40"
"Integrated Day Charter School District","=""2640013""","Food services","$0",361,2,"$0"
"Integrated Day Charter School District","=""2640013""","Enterprise operations","$0",361,2,"$0"
"Integrated Day Charter School District","=""2640013""","Minor school construction","N/A","N/A","N/A","N/A"
"Integrated Day Charter School District","=""2640013""","Total","$5,297,134",361,1,"$14,674"
"Interdistrict School for Arts and Comm District","=""2650013""","Instruction","$2,496,902",281,1,"$8,886"
"Interdistrict School for Arts and Comm District","=""2650013""","Support services - students","$250,324",281,2,"$891"
"Interdistrict School for Arts and Comm District","=""2650013""","Support services - instruction","$458,362",281,2,"$1,631"
"Interdistrict School for Arts and Comm District","=""2650013""","Support services - general administration","$0",281,2,"$0"
"Interdistrict School for Arts and Comm District","=""2650013""","Support services - school based administration","$445,899",281,2,"$1,587"
"Interdistrict School for Arts and Comm District","=""2650013""","Central and other support services","$633,657",281,2,"$2,255"
"Interdistrict School for Arts and Comm District","=""2650013""","Operation and maintenance of plant","$448,117",281,2,"$1,595"
"Interdistrict School for Arts and Comm District","=""2650013""","Student transportation services","$14,730",281,3,"$52"
"Interdistrict School for Arts and Comm District","=""2650013""","Food services","$0",281,2,"$0"
"Interdistrict School for Arts and Comm District","=""2650013""","Enterprise operations","$0",281,2,"$0"
"Interdistrict School for Arts and Comm District","=""2650013""","Minor school construction","N/A","N/A","N/A","N/A"
"Interdistrict School for Arts and Comm District","=""2650013""","Total","$4,747,992",281,1,"$16,897"
"Jumoke Academy District","=""2610013""","Instruction","$7,245,832",629,1,"$11,520"
"Jumoke Academy District","=""2610013""","Support services - students","$306,597",629,2,"$487"
"Jumoke Academy District","=""2610013""","Support services - instruction","$274,874",629,2,"$437"
"Jumoke Academy District","=""2610013""","Support services - general administration","$143,362",629,2,"$228"
"Jumoke Academy District","=""2610013""","Support services - school based administration","$452,127",629,2,"$719"
"Jumoke Academy District","=""2610013""","Central and other support services","$65,310",629,2,"$104"
"Jumoke Academy District","=""2610013""","Operation and maintenance of plant","$969,065",629,2,"$1,541"
"Jumoke Academy District","=""2610013""","Student transportation services","$0",0,3,"$0"
"Jumoke Academy District","=""2610013""","Food services","$0",629,2,"$0"
"Jumoke Academy District","=""2610013""","Enterprise operations","$0",629,2,"$0"
"Jumoke Academy District","=""2610013""","Minor school construction","N/A","N/A","N/A","N/A"
"Jumoke Academy District","=""2610013""","Total","$9,457,167",629,1,"$15,035"
"Kent School District","=""0680011""","Instruction","$3,852,366",197,1,"$19,555"
"Kent School District","=""0680011""","Support services - students","$526,990",194,2,"$2,716"
"Kent School District","=""0680011""","Support services - instruction","$83,853",194,2,"$432"
"Kent School District","=""0680011""","Support services - general administration","$263,990",194,2,"$1,361"
"Kent School District","=""0680011""","Support services - school based administration","$308,151",194,2,"$1,588"
"Kent School District","=""0680011""","Central and other support services","$91,786",194,2,"$473"
"Kent School District","=""0680011""","Operation and maintenance of plant","$592,124",194,2,"$3,052"
"Kent School District","=""0680011""","Student transportation services","$381,994",227,3,"$1,683"
"Kent School District","=""0680011""","Food services","$0",194,2,"$0"
"Kent School District","=""0680011""","Enterprise operations","$44,569",194,2,"$230"
"Kent School District","=""0680011""","Minor school construction","N/A","N/A","N/A","N/A"
"Kent School District","=""0680011""","Total","$6,145,823",197,1,"$31,197"
"Killingly School District","=""0690011""","Instruction","$27,828,676",2513,1,"$11,074"
"Killingly School District","=""0690011""","Support services - students","$3,837,853",2421,2,"$1,585"
"Killingly School District","=""0690011""","Support services - instruction","$1,339,146",2421,2,"$553"
"Killingly School District","=""0690011""","Support services - general administration","$2,202,004",2421,2,"$910"
"Killingly School District","=""0690011""","Support services - school based administration","$2,646,015",2421,2,"$1,093"
"Killingly School District","=""0690011""","Central and other support services","$1,833,345",2421,2,"$757"
"Killingly School District","=""0690011""","Operation and maintenance of plant","$5,361,970",2421,2,"$2,215"
"Killingly School District","=""0690011""","Student transportation services","$3,770,211",2042,3,"$1,846"
"Killingly School District","=""0690011""","Food services","$0",2421,2,"$0"
"Killingly School District","=""0690011""","Enterprise operations","$0",2421,2,"$0"
"Killingly School District","=""0690011""","Minor school construction","N/A","N/A","N/A","N/A"
"Killingly School District","=""0690011""","Total","$48,819,221",2513,1,"$19,427"
"Learn","=""2450014""","Instruction","$27,697,754",1410,1,"$19,644"
"Learn","=""2450014""","Support services - students","$3,084,907",1410,2,"$2,188"
"Learn","=""2450014""","Support services - instruction","$111,592",1410,2,"$79"
"Learn","=""2450014""","Support services - general administration","$0",1410,2,"$0"
"Learn","=""2450014""","Support services - school based administration","$1,768,614",1410,2,"$1,254"
"Learn","=""2450014""","Central and other support services","$2,347,367",1410,2,"$1,665"
"Learn","=""2450014""","Operation and maintenance of plant","$1,358,097",1410,2,"$963"
"Learn","=""2450014""","Student transportation services","$339,255",180,3,"$1,885"
"Learn","=""2450014""","Food services","$0",1410,2,"$0"
"Learn","=""2450014""","Enterprise operations","$33,468",1410,2,"$24"
"Learn","=""2450014""","Minor school construction","N/A","N/A","N/A","N/A"
"Learn","=""2450014""","Total","$36,741,055",1410,1,"$26,057"
"Lebanon School District","=""0710011""","Instruction","$13,564,282",980,1,"$13,841"
"Lebanon School District","=""0710011""","Support services - students","$1,734,639",952,2,"$1,822"
"Lebanon School District","=""0710011""","Support services - instruction","$924,522",952,2,"$971"
"Lebanon School District","=""0710011""","Support services - general administration","$493,946",952,2,"$519"
"Lebanon School District","=""0710011""","Support services - school based administration","$1,096,826",952,2,"$1,152"
"Lebanon School District","=""0710011""","Central and other support services","$896,025",952,2,"$941"
"Lebanon School District","=""0710011""","Operation and maintenance of plant","$2,163,690",952,2,"$2,273"
"Lebanon School District","=""0710011""","Student transportation services","$1,405,796",1007,3,"$1,396"
"Lebanon School District","=""0710011""","Food services","$0",952,2,"$0"
"Lebanon School District","=""0710011""","Enterprise operations","$90,114",952,2,"$95"
"Lebanon School District","=""0710011""","Minor school construction","N/A","N/A","N/A","N/A"
"Lebanon School District","=""0710011""","Total","$22,369,841",980,1,"$22,826"
"Ledyard School District","=""0720011""","Instruction","$25,448,896",2526,1,"$10,075"
"Ledyard School District","=""0720011""","Support services - students","$3,368,876",2407,2,"$1,400"
"Ledyard School District","=""0720011""","Support services - instruction","$2,627,881",2407,2,"$1,092"
"Ledyard School District","=""0720011""","Support services - general administration","$1,634,129",2407,2,"$679"
"Ledyard School District","=""0720011""","Support services - school based administration","$2,542,927",2407,2,"$1,056"
"Ledyard School District","=""0720011""","Central and other support services","$1,765,628",2407,2,"$734"
"Ledyard School District","=""0720011""","Operation and maintenance of plant","$3,520,009",2407,2,"$1,462"
"Ledyard School District","=""0720011""","Student transportation services","$2,702,801",2617,3,"$1,033"
"Ledyard School District","=""0720011""","Food services","$0",2407,2,"$0"
"Ledyard School District","=""0720011""","Enterprise operations","$374,179",2407,2,"$155"
"Ledyard School District","=""0720011""","Minor school construction","N/A","N/A","N/A","N/A"
"Ledyard School District","=""0720011""","Total","$43,985,326",2526,1,"$17,413"
"Lisbon School District","=""0730011""","Instruction","$7,395,814",605,1,"$12,224"
"Lisbon School District","=""0730011""","Support services - students","$1,003,073",434,2,"$2,311"
"Lisbon School District","=""0730011""","Support services - instruction","$117,116",434,2,"$270"
"Lisbon School District","=""0730011""","Support services - general administration","$205,565",434,2,"$474"
"Lisbon School District","=""0730011""","Support services - school based administration","$334,304",434,2,"$770"
"Lisbon School District","=""0730011""","Central and other support services","$303,485",434,2,"$699"
"Lisbon School District","=""0730011""","Operation and maintenance of plant","$778,588",434,2,"$1,794"
"Lisbon School District","=""0730011""","Student transportation services","$898,659",639,3,"$1,406"
"Lisbon School District","=""0730011""","Food services","$28,443",434,2,"$66"
"Lisbon School District","=""0730011""","Enterprise operations","$44,113",434,2,"$102"
"Lisbon School District","=""0730011""","Minor school construction","N/A","N/A","N/A","N/A"
"Lisbon School District","=""0730011""","Total","$11,109,159",605,1,"$18,362"
"Litchfield School District","=""0740011""","Instruction","$10,267,989",832,1,"$12,341"
"Litchfield School District","=""0740011""","Support services - students","$2,221,362",808,2,"$2,749"
"Litchfield School District","=""0740011""","Support services - instruction","$1,002,052",808,2,"$1,240"
"Litchfield School District","=""0740011""","Support services - general administration","$170,618",808,2,"$211"
"Litchfield School District","=""0740011""","Support services - school based administration","$1,080,756",808,2,"$1,338"
"Litchfield School District","=""0740011""","Central and other support services","$1,510,874",808,2,"$1,870"
"Litchfield School District","=""0740011""","Operation and maintenance of plant","$1,788,125",808,2,"$2,213"
"Litchfield School District","=""0740011""","Student transportation services","$1,063,998",829,3,"$1,283"
"Litchfield School District","=""0740011""","Food services","$0",808,2,"$0"
"Litchfield School District","=""0740011""","Enterprise operations","$491,408",808,2,"$608"
"Litchfield School District","=""0740011""","Minor school construction","N/A","N/A","N/A","N/A"
"Litchfield School District","=""0740011""","Total","$19,597,181",832,1,"$23,554"
"Madison School District","=""0760011""","Instruction","$35,952,992",2464,1,"$14,591"
"Madison School District","=""0760011""","Support services - students","$6,188,174",2427,2,"$2,550"
"Madison School District","=""0760011""","Support services - instruction","$2,477,052",2427,2,"$1,021"
"Madison School District","=""0760011""","Support services - general administration","$1,251,198",2427,2,"$516"
"Madison School District","=""0760011""","Support services - school based administration","$2,587,141",2427,2,"$1,066"
"Madison School District","=""0760011""","Central and other support services","$1,022,716",2427,2,"$421"
"Madison School District","=""0760011""","Operation and maintenance of plant","$5,434,805",2427,2,"$2,239"
"Madison School District","=""0760011""","Student transportation services","$4,052,874",1607,3,"$2,522"
"Madison School District","=""0760011""","Food services","$257,152",2427,2,"$106"
"Madison School District","=""0760011""","Enterprise operations","$1,392,430",2427,2,"$574"
"Madison School District","=""0760011""","Minor school construction","N/A","N/A","N/A","N/A"
"Madison School District","=""0760011""","Total","$60,616,534",2464,1,"$24,601"
"Manchester School District","=""0770011""","Instruction","$79,202,143",7560,1,"$10,476"
"Manchester School District","=""0770011""","Support services - students","$14,392,658",6135,2,"$2,346"
"Manchester School District","=""0770011""","Support services - instruction","$22,872,936",6135,2,"$3,728"
"Manchester School District","=""0770011""","Support services - general administration","$351,118",6135,2,"$57"
"Manchester School District","=""0770011""","Support services - school based administration","$6,307,550",6135,2,"$1,028"
"Manchester School District","=""0770011""","Central and other support services","$6,111,536",6135,2,"$996"
"Manchester School District","=""0770011""","Operation and maintenance of plant","$13,466,513",6135,2,"$2,195"
"Manchester School District","=""0770011""","Student transportation services","$6,775,356",4315,3,"$1,570"
"Manchester School District","=""0770011""","Food services","$0",6135,2,"$0"
"Manchester School District","=""0770011""","Enterprise operations","$1,200,307",6135,2,"$196"
"Manchester School District","=""0770011""","Minor school construction","N/A","N/A","N/A","N/A"
"Manchester School District","=""0770011""","Total","$150,680,117",7560,1,"$19,931"
"Mansfield School District","=""0780011""","Instruction","$16,077,351",1040,1,"$15,459"
"Mansfield School District","=""0780011""","Support services - students","$1,890,977",1025,2,"$1,845"
"Mansfield School District","=""0780011""","Support services - instruction","$594,380",1025,2,"$580"
"Mansfield School District","=""0780011""","Support services - general administration","$1,000,572",1025,2,"$976"
"Mansfield School District","=""0780011""","Support services - school based administration","$1,940,988",1025,2,"$1,894"
"Mansfield School District","=""0780011""","Central and other support services","$752,574",1025,2,"$734"
"Mansfield School District","=""0780011""","Operation and maintenance of plant","$2,151,985",1025,2,"$2,099"
"Mansfield School District","=""0780011""","Student transportation services","$1,275,708",1025,3,"$1,245"
"Mansfield School District","=""0780011""","Food services","$0",1025,2,"$0"
"Mansfield School District","=""0780011""","Enterprise operations","$73,142",1025,2,"$71"
"Mansfield School District","=""0780011""","Minor school construction","N/A","N/A","N/A","N/A"
"Mansfield School District","=""0780011""","Total","$25,757,678",1040,1,"$24,767"
"Marlborough School District","=""0790011""","Instruction","$5,705,197",464,1,"$12,296"
"Marlborough School District","=""0790011""","Support services - students","$549,502",456,2,"$1,205"
"Marlborough School District","=""0790011""","Support services - instruction","$276,819",456,2,"$607"
"Marlborough School District","=""0790011""","Support services - general administration","$230,166",456,2,"$505"
"Marlborough School District","=""0790011""","Support services - school based administration","$492,317",456,2,"$1,080"
"Marlborough School District","=""0790011""","Central and other support services","$199,937",456,2,"$438"
"Marlborough School District","=""0790011""","Operation and maintenance of plant","$682,808",456,2,"$1,497"
"Marlborough School District","=""0790011""","Student transportation services","$363,164",456,3,"$796"
"Marlborough School District","=""0790011""","Food services","$0",456,2,"$0"
"Marlborough School District","=""0790011""","Enterprise operations","$0",456,2,"$0"
"Marlborough School District","=""0790011""","Minor school construction","N/A","N/A","N/A","N/A"
"Marlborough School District","=""0790011""","Total","$8,499,910",464,1,"$18,319"
"Meriden School District","=""0800011""","Instruction","$95,629,986",8966,1,"$10,666"
"Meriden School District","=""0800011""","Support services - students","$11,458,672",8584,2,"$1,335"
"Meriden School District","=""0800011""","Support services - instruction","$789,926",8584,2,"$92"
"Meriden School District","=""0800011""","Support services - general administration","$1,835,271",8584,2,"$214"
"Meriden School District","=""0800011""","Support services - school based administration","$6,910,983",8584,2,"$805"
"Meriden School District","=""0800011""","Central and other support services","$5,823,023",8584,2,"$678"
"Meriden School District","=""0800011""","Operation and maintenance of plant","$19,138,256",8584,2,"$2,230"
"Meriden School District","=""0800011""","Student transportation services","$7,206,627",5089,3,"$1,416"
"Meriden School District","=""0800011""","Food services","$371,602",8584,2,"$43"
"Meriden School District","=""0800011""","Enterprise operations","$1,411,330",8584,2,"$164"
"Meriden School District","=""0800011""","Minor school construction","N/A","N/A","N/A","N/A"
"Meriden School District","=""0800011""","Total","$150,575,675",8966,1,"$16,794"
"Middletown School District","=""0830011""","Instruction","$57,321,862",4623,1,"$12,399"
"Middletown School District","=""0830011""","Support services - students","$12,146,578",4376,2,"$2,776"
"Middletown School District","=""0830011""","Support services - instruction","$5,637,909",4376,2,"$1,288"
"Middletown School District","=""0830011""","Support services - general administration","$2,377,750",4376,2,"$543"
"Middletown School District","=""0830011""","Support services - school based administration","$5,380,002",4376,2,"$1,229"
"Middletown School District","=""0830011""","Central and other support services","$6,779,025",4376,2,"$1,549"
"Middletown School District","=""0830011""","Operation and maintenance of plant","$10,291,160",4376,2,"$2,352"
"Middletown School District","=""0830011""","Student transportation services","$7,176,968",4205,3,"$1,707"
"Middletown School District","=""0830011""","Food services","$784,104",4376,2,"$179"
"Middletown School District","=""0830011""","Enterprise operations","$1,679,043",4376,2,"$384"
"Middletown School District","=""0830011""","Minor school construction","N/A","N/A","N/A","N/A"
"Middletown School District","=""0830011""","Total","$109,574,401",4623,1,"$23,702"
"Milford School District","=""0840011""","Instruction","$93,138,549",5494,1,"$16,953"
"Milford School District","=""0840011""","Support services - students","$3,936,240",5325,2,"$739"
"Milford School District","=""0840011""","Support services - instruction","$1,736,903",5325,2,"$326"
"Milford School District","=""0840011""","Support services - general administration","$2,701,590",5325,2,"$507"
"Milford School District","=""0840011""","Support services - school based administration","$10,986,037",5325,2,"$2,063"
"Milford School District","=""0840011""","Central and other support services","$241,634",5325,2,"$45"
"Milford School District","=""0840011""","Operation and maintenance of plant","$11,732,258",5325,2,"$2,203"
"Milford School District","=""0840011""","Student transportation services","$6,407,855",4040,3,"$1,586"
"Milford School District","=""0840011""","Food services","$677,811",5325,2,"$127"
"Milford School District","=""0840011""","Enterprise operations","$1,491,644",5325,2,"$280"
"Milford School District","=""0840011""","Minor school construction","N/A","N/A","N/A","N/A"
"Milford School District","=""0840011""","Total","$133,050,522",5494,1,"$24,217"
"Monroe School District","=""0850011""","Instruction","$41,300,489",3438,1,"$12,013"
"Monroe School District","=""0850011""","Support services - students","$4,579,663",3387,2,"$1,352"
"Monroe School District","=""0850011""","Support services - instruction","$2,072,048",3387,2,"$612"
"Monroe School District","=""0850011""","Support services - general administration","$1,437,053",3387,2,"$424"
"Monroe School District","=""0850011""","Support services - school based administration","$4,488,153",3387,2,"$1,325"
"Monroe School District","=""0850011""","Central and other support services","$1,449,473",3387,2,"$428"
"Monroe School District","=""0850011""","Operation and maintenance of plant","$6,362,465",3387,2,"$1,878"
"Monroe School District","=""0850011""","Student transportation services","$3,689,324",3390,3,"$1,088"
"Monroe School District","=""0850011""","Food services","$0",3387,2,"$0"
"Monroe School District","=""0850011""","Enterprise operations","$740,369",3387,2,"$219"
"Monroe School District","=""0850011""","Minor school construction","N/A","N/A","N/A","N/A"
"Monroe School District","=""0850011""","Total","$66,119,034",3438,1,"$19,232"
"Montville School District","=""0860011""","Instruction","$28,895,827",2186,1,"$13,219"
"Montville School District","=""0860011""","Support services - students","$3,263,763",1995,2,"$1,636"
"Montville School District","=""0860011""","Support services - instruction","$602,973",1995,2,"$302"
"Montville School District","=""0860011""","Support services - general administration","$858,801",1995,2,"$430"
"Montville School District","=""0860011""","Support services - school based administration","$2,255,861",1995,2,"$1,131"
"Montville School District","=""0860011""","Central and other support services","$465,000",1995,2,"$233"
"Montville School District","=""0860011""","Operation and maintenance of plant","$4,208,932",1995,2,"$2,110"
"Montville School District","=""0860011""","Student transportation services","$2,581,381",2023,3,"$1,276"
"Montville School District","=""0860011""","Food services","$0",1995,2,"$0"
"Montville School District","=""0860011""","Enterprise operations","$668,214",1995,2,"$335"
"Montville School District","=""0860011""","Minor school construction","N/A","N/A","N/A","N/A"
"Montville School District","=""0860011""","Total","$43,800,752",2186,1,"$20,037"
"Naugatuck School District","=""0880011""","Instruction","$40,898,236",4704,1,"$8,694"
"Naugatuck School District","=""0880011""","Support services - students","$4,735,497",4320,2,"$1,096"
"Naugatuck School District","=""0880011""","Support services - instruction","$720,606",4320,2,"$167"
"Naugatuck School District","=""0880011""","Support services - general administration","$3,336,675",4320,2,"$772"
"Naugatuck School District","=""0880011""","Support services - school based administration","$4,932,704",4320,2,"$1,142"
"Naugatuck School District","=""0880011""","Central and other support services","$13,976,837",4320,2,"$3,235"
"Naugatuck School District","=""0880011""","Operation and maintenance of plant","$5,640,063",4320,2,"$1,306"
"Naugatuck School District","=""0880011""","Student transportation services","$4,481,944",4813,3,"$931"
"Naugatuck School District","=""0880011""","Food services","$0",4320,2,"$0"
"Naugatuck School District","=""0880011""","Enterprise operations","$0",4320,2,"$0"
"Naugatuck School District","=""0880011""","Minor school construction","N/A","N/A","N/A","N/A"
"Naugatuck School District","=""0880011""","Total","$78,722,563",4704,1,"$16,735"
"New Beginnings Inc Family Academy District","=""2800013""","Instruction","$4,103,037",406,1,"$10,106"
"New Beginnings Inc Family Academy District","=""2800013""","Support services - students","$260,964",406,2,"$643"
"New Beginnings Inc Family Academy District","=""2800013""","Support services - instruction","$0",406,2,"$0"
"New Beginnings Inc Family Academy District","=""2800013""","Support services - general administration","$1,294,338",406,2,"$3,188"
"New Beginnings Inc Family Academy District","=""2800013""","Support services - school based administration","$554,778",406,2,"$1,366"
"New Beginnings Inc Family Academy District","=""2800013""","Central and other support services","$446,778",406,2,"$1,100"
"New Beginnings Inc Family Academy District","=""2800013""","Operation and maintenance of plant","$580,191",406,2,"$1,429"
"New Beginnings Inc Family Academy District","=""2800013""","Student transportation services","$25,695",406,3,"$63"
"New Beginnings Inc Family Academy District","=""2800013""","Food services","$0",406,2,"$0"
"New Beginnings Inc Family Academy District","=""2800013""","Enterprise operations","$0",406,2,"$0"
"New Beginnings Inc Family Academy District","=""2800013""","Minor school construction","N/A","N/A","N/A","N/A"
"New Beginnings Inc Family Academy District","=""2800013""","Total","$7,265,781",406,1,"$17,896"
"New Britain School District","=""0890011""","Instruction","$141,904,726",11192,1,"$12,679"
"New Britain School District","=""0890011""","Support services - students","$6,810,246",9631,2,"$707"
"New Britain School District","=""0890011""","Support services - instruction","$7,142,889",9631,2,"$742"
"New Britain School District","=""0890011""","Support services - general administration","$4,771,844",9631,2,"$495"
"New Britain School District","=""0890011""","Support services - school based administration","$6,519,037",9631,2,"$677"
"New Britain School District","=""0890011""","Central and other support services","$5,802,521",9631,2,"$602"
"New Britain School District","=""0890011""","Operation and maintenance of plant","$18,879,818",9631,2,"$1,960"
"New Britain School District","=""0890011""","Student transportation services","$13,683,373",8288,3,"$1,651"
"New Britain School District","=""0890011""","Food services","$0",9631,2,"$0"
"New Britain School District","=""0890011""","Enterprise operations","$521,926",9631,2,"$54"
"New Britain School District","=""0890011""","Minor school construction","N/A","N/A","N/A","N/A"
"New Britain School District","=""0890011""","Total","$206,036,380",11192,1,"$18,409"
"New Canaan School District","=""0900011""","Instruction","$58,758,952",4174,1,"$14,077"
"New Canaan School District","=""0900011""","Support services - students","$8,702,688",4156,2,"$2,094"
"New Canaan School District","=""0900011""","Support services - instruction","$4,081,860",4156,2,"$982"
"New Canaan School District","=""0900011""","Support services - general administration","$1,695,928",4156,2,"$408"
"New Canaan School District","=""0900011""","Support services - school based administration","$4,868,445",4156,2,"$1,171"
"New Canaan School District","=""0900011""","Central and other support services","$5,166,186",4156,2,"$1,243"
"New Canaan School District","=""0900011""","Operation and maintenance of plant","$9,906,513",4156,2,"$2,384"
"New Canaan School District","=""0900011""","Student transportation services","$7,300,167",3803,3,"$1,920"
"New Canaan School District","=""0900011""","Food services","$327,027",4156,2,"$79"
"New Canaan School District","=""0900011""","Enterprise operations","$2,357,156",4156,2,"$567"
"New Canaan School District","=""0900011""","Minor school construction","N/A","N/A","N/A","N/A"
"New Canaan School District","=""0900011""","Total","$103,164,921",4174,1,"$24,716"
"New Fairfield School District","=""0910011""","Instruction","$23,617,720",2176,1,"$10,854"
"New Fairfield School District","=""0910011""","Support services - students","$3,870,604",2131,2,"$1,816"
"New Fairfield School District","=""0910011""","Support services - instruction","$1,794,910",2131,2,"$842"
"New Fairfield School District","=""0910011""","Support services - general administration","$791,622",2131,2,"$371"
"New Fairfield School District","=""0910011""","Support services - school based administration","$2,242,186",2131,2,"$1,052"
"New Fairfield School District","=""0910011""","Central and other support services","$8,768,935",2131,2,"$4,115"
"New Fairfield School District","=""0910011""","Operation and maintenance of plant","$3,618,573",2131,2,"$1,698"
"New Fairfield School District","=""0910011""","Student transportation services","$3,258,692",2208,3,"$1,476"
"New Fairfield School District","=""0910011""","Food services","$43,982",2131,2,"$21"
"New Fairfield School District","=""0910011""","Enterprise operations","$0",2131,2,"$0"
"New Fairfield School District","=""0910011""","Minor school construction","N/A","N/A","N/A","N/A"
"New Fairfield School District","=""0910011""","Total","$48,007,223",2176,1,"$22,062"
"New Hartford School District","=""0920011""","Instruction","$6,146,529",460,1,"$13,362"
"New Hartford School District","=""0920011""","Support services - students","$232,594",442,2,"$526"
"New Hartford School District","=""0920011""","Support services - instruction","$222,820",442,2,"$504"
"New Hartford School District","=""0920011""","Support services - general administration","$497,890",442,2,"$1,126"
"New Hartford School District","=""0920011""","Support services - school based administration","$531,914",442,2,"$1,203"
"New Hartford School District","=""0920011""","Central and other support services","$235,945",442,2,"$534"
"New Hartford School District","=""0920011""","Operation and maintenance of plant","$1,019,149",442,2,"$2,306"
"New Hartford School District","=""0920011""","Student transportation services","$723,190",454,3,"$1,593"
"New Hartford School District","=""0920011""","Food services","$0",442,2,"$0"
"New Hartford School District","=""0920011""","Enterprise operations","$0",442,2,"$0"
"New Hartford School District","=""0920011""","Minor school construction","N/A","N/A","N/A","N/A"
"New Hartford School District","=""0920011""","Total","$9,610,032",460,1,"$20,891"
"New Haven School District","=""0930011""","Instruction","$267,683,306",19736,1,"$13,563"
"New Haven School District","=""0930011""","Support services - students","$19,446,030",19019,2,"$1,022"
"New Haven School District","=""0930011""","Support services - instruction","$5,166,905",19019,2,"$272"
"New Haven School District","=""0930011""","Support services - general administration","$2,756,547",19019,2,"$145"
"New Haven School District","=""0930011""","Support services - school based administration","$22,064,294",19019,2,"$1,160"
"New Haven School District","=""0930011""","Central and other support services","$11,656,797",19019,2,"$613"
"New Haven School District","=""0930011""","Operation and maintenance of plant","$38,152,499",19019,2,"$2,006"
"New Haven School District","=""0930011""","Student transportation services","$36,004,129",21121,3,"$1,705"
"New Haven School District","=""0930011""","Food services","$58,616",19019,2,"$3"
"New Haven School District","=""0930011""","Enterprise operations","$636,556",19019,2,"$33"
"New Haven School District","=""0930011""","Minor school construction","N/A","N/A","N/A","N/A"
"New Haven School District","=""0930011""","Total","$403,625,679",19736,1,"$20,451"
"New London School District","=""0950011""","Instruction","$41,415,055",3481,1,"$11,897"
"New London School District","=""0950011""","Support services - students","$7,999,949",2917,2,"$2,743"
"New London School District","=""0950011""","Support services - instruction","$4,480,867",2917,2,"$1,536"
"New London School District","=""0950011""","Support services - general administration","$2,730,559",2917,2,"$936"
"New London School District","=""0950011""","Support services - school based administration","$4,144,373",2917,2,"$1,421"
"New London School District","=""0950011""","Central and other support services","$2,808,654",2917,2,"$963"
"New London School District","=""0950011""","Operation and maintenance of plant","$9,398,667",2917,2,"$3,222"
"New London School District","=""0950011""","Student transportation services","$5,241,975",2615,3,"$2,005"
"New London School District","=""0950011""","Food services","$0",2917,2,"$0"
"New London School District","=""0950011""","Enterprise operations","$886,490",2917,2,"$304"
"New London School District","=""0950011""","Minor school construction","N/A","N/A","N/A","N/A"
"New London School District","=""0950011""","Total","$79,106,589",3481,1,"$22,725"
"New Milford School District","=""0960011""","Instruction","$44,344,769",3766,1,"$11,775"
"New Milford School District","=""0960011""","Support services - students","$5,019,503",3664,2,"$1,370"
"New Milford School District","=""0960011""","Support services - instruction","$1,493,454",3664,2,"$408"
"New Milford School District","=""0960011""","Support services - general administration","$1,002,564",3664,2,"$274"
"New Milford School District","=""0960011""","Support services - school based administration","$3,816,567",3664,2,"$1,042"
"New Milford School District","=""0960011""","Central and other support services","$4,442,926",3664,2,"$1,213"
"New Milford School District","=""0960011""","Operation and maintenance of plant","$6,178,904",3664,2,"$1,686"
"New Milford School District","=""0960011""","Student transportation services","$5,489,829",3783,3,"$1,451"
"New Milford School District","=""0960011""","Food services","$0",3664,2,"$0"
"New Milford School District","=""0960011""","Enterprise operations","$1,179,761",3664,2,"$322"
"New Milford School District","=""0960011""","Minor school construction","N/A","N/A","N/A","N/A"
"New Milford School District","=""0960011""","Total","$72,968,278",3766,1,"$19,376"
"Newington School District","=""0940011""","Instruction","$56,014,435",4104,1,"$13,649"
"Newington School District","=""0940011""","Support services - students","$5,141,482",3911,2,"$1,315"
"Newington School District","=""0940011""","Support services - instruction","$1,275,588",3911,2,"$326"
"Newington School District","=""0940011""","Support services - general administration","$3,429,121",3911,2,"$877"
"Newington School District","=""0940011""","Support services - school based administration","$5,402,301",3911,2,"$1,381"
"Newington School District","=""0940011""","Central and other support services","$1,012,048",3911,2,"$259"
"Newington School District","=""0940011""","Operation and maintenance of plant","$9,288,656",3911,2,"$2,375"
"Newington School District","=""0940011""","Student transportation services","$3,934,612",3220,3,"$1,222"
"Newington School District","=""0940011""","Food services","$0",3911,2,"$0"
"Newington School District","=""0940011""","Enterprise operations","$876,022",3911,2,"$224"
"Newington School District","=""0940011""","Minor school construction","N/A","N/A","N/A","N/A"
"Newington School District","=""0940011""","Total","$86,374,266",4104,1,"$21,046"
"Newtown School District","=""0970011""","Instruction","$49,716,149",4037,1,"$12,315"
"Newtown School District","=""0970011""","Support services - students","$10,117,842",3983,2,"$2,540"
"Newtown School District","=""0970011""","Support services - instruction","$2,780,856",3983,2,"$698"
"Newtown School District","=""0970011""","Support services - general administration","$1,661,366",3983,2,"$417"
"Newtown School District","=""0970011""","Support services - school based administration","$4,342,420",3983,2,"$1,090"
"Newtown School District","=""0970011""","Central and other support services","$2,238,193",3983,2,"$562"
"Newtown School District","=""0970011""","Operation and maintenance of plant","$10,245,311",3983,2,"$2,572"
"Newtown School District","=""0970011""","Student transportation services","$5,214,465",4017,3,"$1,298"
"Newtown School District","=""0970011""","Food services","$0",3983,2,"$0"
"Newtown School District","=""0970011""","Enterprise operations","$1,343,582",3983,2,"$337"
"Newtown School District","=""0970011""","Minor school construction","N/A","N/A","N/A","N/A"
"Newtown School District","=""0970011""","Total","$87,660,183",4037,1,"$21,714"
"Norfolk School District","=""0980011""","Instruction","$1,270,319",69,1,"$18,410"
"Norfolk School District","=""0980011""","Support services - students","$50,568",66,2,"$766"
"Norfolk School District","=""0980011""","Support services - instruction","$182,956",66,2,"$2,772"
"Norfolk School District","=""0980011""","Support services - general administration","$215,991",66,2,"$3,273"
"Norfolk School District","=""0980011""","Support services - school based administration","$236,433",66,2,"$3,582"
"Norfolk School District","=""0980011""","Central and other support services","$1,300",66,2,"$20"
"Norfolk School District","=""0980011""","Operation and maintenance of plant","$432,773",66,2,"$6,557"
"Norfolk School District","=""0980011""","Student transportation services","$178,137",63,3,"$2,828"
"Norfolk School District","=""0980011""","Food services","$28,485",66,2,"$432"
"Norfolk School District","=""0980011""","Enterprise operations","$0",66,2,"$0"
"Norfolk School District","=""0980011""","Minor school construction","N/A","N/A","N/A","N/A"
"Norfolk School District","=""0980011""","Total","$2,596,961",69,1,"$37,637"
"North Branford School District","=""0990011""","Instruction","$19,782,934",1589,1,"$12,450"
"North Branford School District","=""0990011""","Support services - students","$3,056,386",1529,2,"$1,999"
"North Branford School District","=""0990011""","Support services - instruction","$1,288,569",1529,2,"$843"
"North Branford School District","=""0990011""","Support services - general administration","$830,970",1529,2,"$543"
"North Branford School District","=""0990011""","Support services - school based administration","$2,069,587",1529,2,"$1,354"
"North Branford School District","=""0990011""","Central and other support services","$1,699,812",1529,2,"$1,112"
"North Branford School District","=""0990011""","Operation and maintenance of plant","$3,933,221",1529,2,"$2,572"
"North Branford School District","=""0990011""","Student transportation services","$2,708,965",1578,3,"$1,717"
"North Branford School District","=""0990011""","Food services","$0",1529,2,"$0"
"North Branford School District","=""0990011""","Enterprise operations","$0",1529,2,"$0"
"North Branford School District","=""0990011""","Minor school construction","N/A","N/A","N/A","N/A"
"North Branford School District","=""0990011""","Total","$35,370,444",1589,1,"$22,260"
"North Canaan School District","=""1000011""","Instruction","$3,908,005",244,1,"$16,016"
"North Canaan School District","=""1000011""","Support services - students","$277,255",238,2,"$1,165"
"North Canaan School District","=""1000011""","Support services - instruction","$116,459",238,2,"$489"
"North Canaan School District","=""1000011""","Support services - general administration","$233,244",238,2,"$980"
"North Canaan School District","=""1000011""","Support services - school based administration","$324,793",238,2,"$1,365"
"North Canaan School District","=""1000011""","Central and other support services","$105,092",238,2,"$442"
"North Canaan School District","=""1000011""","Operation and maintenance of plant","$693,772",238,2,"$2,915"
"North Canaan School District","=""1000011""","Student transportation services","$320,135",256,3,"$1,251"
"North Canaan School District","=""1000011""","Food services","$0",238,2,"$0"
"North Canaan School District","=""1000011""","Enterprise operations","$35,288",238,2,"$148"
"North Canaan School District","=""1000011""","Minor school construction","N/A","N/A","N/A","N/A"
"North Canaan School District","=""1000011""","Total","$6,014,043",244,1,"$24,648"
"North Haven School District","=""1010011""","Instruction","$37,353,611",3268,1,"$11,430"
"North Haven School District","=""1010011""","Support services - students","$5,819,796",3174,2,"$1,834"
"North Haven School District","=""1010011""","Support services - instruction","$1,987,551",3174,2,"$626"
"North Haven School District","=""1010011""","Support services - general administration","$1,016,023",3174,2,"$320"
"North Haven School District","=""1010011""","Support services - school based administration","$3,999,589",3174,2,"$1,260"
"North Haven School District","=""1010011""","Central and other support services","$3,430,416",3174,2,"$1,081"
"North Haven School District","=""1010011""","Operation and maintenance of plant","$5,596,922",3174,2,"$1,763"
"North Haven School District","=""1010011""","Student transportation services","$4,117,228",3244,3,"$1,269"
"North Haven School District","=""1010011""","Food services","$0",3174,2,"$0"
"North Haven School District","=""1010011""","Enterprise operations","$979,811",3174,2,"$309"
"North Haven School District","=""1010011""","Minor school construction","N/A","N/A","N/A","N/A"
"North Haven School District","=""1010011""","Total","$64,300,947",3268,1,"$19,676"
"North Stonington School District","=""1020011""","Instruction","$9,222,829",770,1,"$11,978"
"North Stonington School District","=""1020011""","Support services - students","$1,052,925",751,2,"$1,402"
"North Stonington School District","=""1020011""","Support services - instruction","$581,160",751,2,"$774"
"North Stonington School District","=""1020011""","Support services - general administration","$966,918",751,2,"$1,288"
"North Stonington School District","=""1020011""","Support services - school based administration","$839,163",751,2,"$1,117"
"North Stonington School District","=""1020011""","Central and other support services","$61,302",751,2,"$82"
"North Stonington School District","=""1020011""","Operation and maintenance of plant","$1,017,950",751,2,"$1,355"
"North Stonington School District","=""1020011""","Student transportation services","$1,227,024",579,3,"$2,119"
"North Stonington School District","=""1020011""","Food services","$0",751,2,"$0"
"North Stonington School District","=""1020011""","Enterprise operations","$0",751,2,"$0"
"North Stonington School District","=""1020011""","Minor school construction","N/A","N/A","N/A","N/A"
"North Stonington School District","=""1020011""","Total","$14,969,272",770,1,"$19,441"
"Norwalk School District","=""1030011""","Instruction","$152,652,038",11978,1,"$12,744"
"Norwalk School District","=""1030011""","Support services - students","$19,063,950",11450,2,"$1,665"
"Norwalk School District","=""1030011""","Support services - instruction","$11,906,341",11450,2,"$1,040"
"Norwalk School District","=""1030011""","Support services - general administration","$1,022,098",11450,2,"$89"
"Norwalk School District","=""1030011""","Support services - school based administration","$9,060,838",11450,2,"$791"
"Norwalk School District","=""1030011""","Central and other support services","$5,607,288",11450,2,"$490"
"Norwalk School District","=""1030011""","Operation and maintenance of plant","$56,909,641",11450,2,"$4,970"
"Norwalk School District","=""1030011""","Student transportation services","$10,636,654",6716,3,"$1,584"
"Norwalk School District","=""1030011""","Food services","$0",11450,2,"$0"
"Norwalk School District","=""1030011""","Enterprise operations","$0",11450,2,"$0"
"Norwalk School District","=""1030011""","Minor school construction","N/A","N/A","N/A","N/A"
"Norwalk School District","=""1030011""","Total","$266,858,848",11978,1,"$22,279"
"Norwich School District","=""1040011""","Instruction","$94,358,572",5151,1,"$18,318"
"Norwich School District","=""1040011""","Support services - students","$6,447,090",3270,2,"$1,972"
"Norwich School District","=""1040011""","Support services - instruction","$1,285,817",3270,2,"$393"
"Norwich School District","=""1040011""","Support services - general administration","$1,366,061",3270,2,"$418"
"Norwich School District","=""1040011""","Support services - school based administration","$2,633,986",3270,2,"$806"
"Norwich School District","=""1040011""","Central and other support services","$1,991,571",3270,2,"$609"
"Norwich School District","=""1040011""","Operation and maintenance of plant","$5,114,723",3270,2,"$1,564"
"Norwich School District","=""1040011""","Student transportation services","$9,159,899",5182,3,"$1,768"
"Norwich School District","=""1040011""","Food services","$0",3270,2,"$0"
"Norwich School District","=""1040011""","Enterprise operations","$394,219",3270,2,"$121"
"Norwich School District","=""1040011""","Minor school construction","N/A","N/A","N/A","N/A"
"Norwich School District","=""1040011""","Total","$122,751,936",5151,1,"$23,831"
"Odyssey Community School District","=""2630013""","Instruction","$3,484,688",374,1,"$9,317"
"Odyssey Community School District","=""2630013""","Support services - students","$494,590",374,2,"$1,322"
"Odyssey Community School District","=""2630013""","Support services - instruction","$50,614",374,2,"$135"
"Odyssey Community School District","=""2630013""","Support services - general administration","$220,770",374,2,"$590"
"Odyssey Community School District","=""2630013""","Support services - school based administration","$456,643",374,2,"$1,221"
"Odyssey Community School District","=""2630013""","Central and other support services","$107,192",374,2,"$287"
"Odyssey Community School District","=""2630013""","Operation and maintenance of plant","$607,327",374,2,"$1,624"
"Odyssey Community School District","=""2630013""","Student transportation services","$0",0,3,"$0"
"Odyssey Community School District","=""2630013""","Food services","$0",374,2,"$0"
"Odyssey Community School District","=""2630013""","Enterprise operations","$0",374,2,"$0"
"Odyssey Community School District","=""2630013""","Minor school construction","N/A","N/A","N/A","N/A"
"Odyssey Community School District","=""2630013""","Total","$5,421,824",374,1,"$14,497"
"Old Saybrook School District","=""1060011""","Instruction","$16,560,849",1083,1,"$15,292"
"Old Saybrook School District","=""1060011""","Support services - students","$2,453,422",1065,2,"$2,304"
"Old Saybrook School District","=""1060011""","Support services - instruction","$1,507,205",1065,2,"$1,415"
"Old Saybrook School District","=""1060011""","Support services - general administration","$636,559",1065,2,"$598"
"Old Saybrook School District","=""1060011""","Support services - school based administration","$1,567,733",1065,2,"$1,472"
"Old Saybrook School District","=""1060011""","Central and other support services","$1,264,856",1065,2,"$1,188"
"Old Saybrook School District","=""1060011""","Operation and maintenance of plant","$3,136,950",1065,2,"$2,945"
"Old Saybrook School District","=""1060011""","Student transportation services","$1,439,809",1003,3,"$1,436"
"Old Saybrook School District","=""1060011""","Food services","$0",1065,2,"$0"
"Old Saybrook School District","=""1060011""","Enterprise operations","$0",1065,2,"$0"
"Old Saybrook School District","=""1060011""","Minor school construction","N/A","N/A","N/A","N/A"
"Old Saybrook School District","=""1060011""","Total","$28,567,382",1083,1,"$26,378"
"Orange School District","=""1070011""","Instruction","$13,666,489",1294,1,"$10,561"
"Orange School District","=""1070011""","Support services - students","$4,255,328",1280,2,"$3,324"
"Orange School District","=""1070011""","Support services - instruction","$998,354",1280,2,"$780"
"Orange School District","=""1070011""","Support services - general administration","$591,075",1280,2,"$462"
"Orange School District","=""1070011""","Support services - school based administration","$1,025,017",1280,2,"$801"
"Orange School District","=""1070011""","Central and other support services","$227,551",1280,2,"$178"
"Orange School District","=""1070011""","Operation and maintenance of plant","$2,281,361",1280,2,"$1,782"
"Orange School District","=""1070011""","Student transportation services","$1,272,941",1231,3,"$1,034"
"Orange School District","=""1070011""","Food services","$57,957",1280,2,"$45"
"Orange School District","=""1070011""","Enterprise operations","$0",1280,2,"$0"
"Orange School District","=""1070011""","Minor school construction","N/A","N/A","N/A","N/A"
"Orange School District","=""1070011""","Total","$24,376,072",1294,1,"$18,838"
"Oxford School District","=""1080011""","Instruction","$21,471,834",1778,1,"$12,076"
"Oxford School District","=""1080011""","Support services - students","$2,707,299",1709,2,"$1,584"
"Oxford School District","=""1080011""","Support services - instruction","$814,631",1709,2,"$477"
"Oxford School District","=""1080011""","Support services - general administration","$1,024,956",1709,2,"$600"
"Oxford School District","=""1080011""","Support services - school based administration","$2,313,111",1709,2,"$1,353"
"Oxford School District","=""1080011""","Central and other support services","$1,728,406",1709,2,"$1,011"
"Oxford School District","=""1080011""","Operation and maintenance of plant","$3,013,821",1709,2,"$1,763"
"Oxford School District","=""1080011""","Student transportation services","$1,991,534",1740,3,"$1,145"
"Oxford School District","=""1080011""","Food services","$0",1709,2,"$0"
"Oxford School District","=""1080011""","Enterprise operations","$539,774",1709,2,"$316"
"Oxford School District","=""1080011""","Minor school construction","N/A","N/A","N/A","N/A"
"Oxford School District","=""1080011""","Total","$35,605,367",1778,1,"$20,026"
"Park City Prep Charter School District","=""2830013""","Instruction","$2,495,482",383,1,"$6,516"
"Park City Prep Charter School District","=""2830013""","Support services - students","$1,094,774",383,2,"$2,858"
"Park City Prep Charter School District","=""2830013""","Support services - instruction","$58,779",383,2,"$153"
"Park City Prep Charter School District","=""2830013""","Support services - general administration","$103,068",383,2,"$269"
"Park City Prep Charter School District","=""2830013""","Support services - school based administration","$865,510",383,2,"$2,260"
"Park City Prep Charter School District","=""2830013""","Central and other support services","$415,656",383,2,"$1,085"
"Park City Prep Charter School District","=""2830013""","Operation and maintenance of plant","$1,152,473",383,2,"$3,009"
"Park City Prep Charter School District","=""2830013""","Student transportation services","$0",0,3,"$0"
"Park City Prep Charter School District","=""2830013""","Food services","$0",383,2,"$0"
"Park City Prep Charter School District","=""2830013""","Enterprise operations","$0",383,2,"$0"
"Park City Prep Charter School District","=""2830013""","Minor school construction","N/A","N/A","N/A","N/A"
"Park City Prep Charter School District","=""2830013""","Total","$6,185,742",383,1,"$16,151"
"Plainfield School District","=""1090011""","Instruction","$20,940,145",2091,1,"$10,014"
"Plainfield School District","=""1090011""","Support services - students","$2,931,156",1931,2,"$1,518"
"Plainfield School District","=""1090011""","Support services - instruction","$2,747,311",1931,2,"$1,423"
"Plainfield School District","=""1090011""","Support services - general administration","$466,822",1931,2,"$242"
"Plainfield School District","=""1090011""","Support services - school based administration","$2,301,081",1931,2,"$1,192"
"Plainfield School District","=""1090011""","Central and other support services","$2,983,203",1931,2,"$1,545"
"Plainfield School District","=""1090011""","Operation and maintenance of plant","$3,645,895",1931,2,"$1,888"
"Plainfield School District","=""1090011""","Student transportation services","$3,212,922",1931,3,"$1,664"
"Plainfield School District","=""1090011""","Food services","$0",1931,2,"$0"
"Plainfield School District","=""1090011""","Enterprise operations","$634,505",1931,2,"$329"
"Plainfield School District","=""1090011""","Minor school construction","N/A","N/A","N/A","N/A"
"Plainfield School District","=""1090011""","Total","$39,863,039",2091,1,"$19,064"
"Plainville School District","=""1100011""","Instruction","$29,644,759",2358,1,"$12,572"
"Plainville School District","=""1100011""","Support services - students","$1,244,279",2278,2,"$546"
"Plainville School District","=""1100011""","Support services - instruction","$8,140,830",2278,2,"$3,574"
"Plainville School District","=""1100011""","Support services - general administration","$173,292",2278,2,"$76"
"Plainville School District","=""1100011""","Support services - school based administration","$2,390,956",2278,2,"$1,050"
"Plainville School District","=""1100011""","Central and other support services","$582,228",2278,2,"$256"
"Plainville School District","=""1100011""","Operation and maintenance of plant","$3,231,603",2278,2,"$1,419"
"Plainville School District","=""1100011""","Student transportation services","$2,353,604",1512,3,"$1,557"
"Plainville School District","=""1100011""","Food services","$0",2278,2,"$0"
"Plainville School District","=""1100011""","Enterprise operations","$0",2278,2,"$0"
"Plainville School District","=""1100011""","Minor school construction","N/A","N/A","N/A","N/A"
"Plainville School District","=""1100011""","Total","$47,761,551",2358,1,"$20,255"
"Plymouth School District","=""1110011""","Instruction","$16,871,978",1438,1,"$11,733"
"Plymouth School District","=""1110011""","Support services - students","$2,043,169",1297,2,"$1,575"
"Plymouth School District","=""1110011""","Support services - instruction","$744,886",1297,2,"$574"
"Plymouth School District","=""1110011""","Support services - general administration","$1,148,079",1297,2,"$885"
"Plymouth School District","=""1110011""","Support services - school based administration","$1,515,759",1297,2,"$1,169"
"Plymouth School District","=""1110011""","Central and other support services","$1,007,912",1297,2,"$777"
"Plymouth School District","=""1110011""","Operation and maintenance of plant","$3,523,951",1297,2,"$2,717"
"Plymouth School District","=""1110011""","Student transportation services","$2,018,177",1521,3,"$1,327"
"Plymouth School District","=""1110011""","Food services","$0",1297,2,"$0"
"Plymouth School District","=""1110011""","Enterprise operations","$0",1297,2,"$0"
"Plymouth School District","=""1110011""","Minor school construction","N/A","N/A","N/A","N/A"
"Plymouth School District","=""1110011""","Total","$28,873,910",1438,1,"$20,079"
"Pomfret School District","=""1120011""","Instruction","$7,812,360",552,1,"$14,153"
"Pomfret School District","=""1120011""","Support services - students","$532,505",370,2,"$1,439"
"Pomfret School District","=""1120011""","Support services - instruction","$464,596",370,2,"$1,256"
"Pomfret School District","=""1120011""","Support services - general administration","$177,785",370,2,"$481"
"Pomfret School District","=""1120011""","Support services - school based administration","$483,756",370,2,"$1,307"
"Pomfret School District","=""1120011""","Central and other support services","$229,552",370,2,"$620"
"Pomfret School District","=""1120011""","Operation and maintenance of plant","$943,077",370,2,"$2,549"
"Pomfret School District","=""1120011""","Student transportation services","$702,280",562,3,"$1,250"
"Pomfret School District","=""1120011""","Food services","$0",370,2,"$0"
"Pomfret School District","=""1120011""","Enterprise operations","$0",370,2,"$0"
"Pomfret School District","=""1120011""","Minor school construction","N/A","N/A","N/A","N/A"
"Pomfret School District","=""1120011""","Total","$11,345,911",552,1,"$20,554"
"Portland School District","=""1130011""","Instruction","$15,839,303",1270,1,"$12,472"
"Portland School District","=""1130011""","Support services - students","$1,730,969",1232,2,"$1,405"
"Portland School District","=""1130011""","Support services - instruction","$914,572",1232,2,"$742"
"Portland School District","=""1130011""","Support services - general administration","$1,144,746",1232,2,"$929"
"Portland School District","=""1130011""","Support services - school based administration","$1,804,331",1232,2,"$1,465"
"Portland School District","=""1130011""","Central and other support services","$449,260",1232,2,"$365"
"Portland School District","=""1130011""","Operation and maintenance of plant","$2,954,521",1232,2,"$2,398"
"Portland School District","=""1130011""","Student transportation services","$1,306,125",1040,3,"$1,256"
"Portland School District","=""1130011""","Food services","$0",1232,2,"$0"
"Portland School District","=""1130011""","Enterprise operations","$400,770",1232,2,"$325"
"Portland School District","=""1130011""","Minor school construction","N/A","N/A","N/A","N/A"
"Portland School District","=""1130011""","Total","$26,544,597",1270,1,"$20,901"
"Preston School District","=""1140011""","Instruction","$7,528,016",632,1,"$11,911"
"Preston School District","=""1140011""","Support services - students","$2,431,691",436,2,"$5,577"
"Preston School District","=""1140011""","Support services - instruction","$352,061",436,2,"$807"
"Preston School District","=""1140011""","Support services - general administration","$1,140,791",436,2,"$2,616"
"Preston School District","=""1140011""","Support services - school based administration","$475,123",436,2,"$1,090"
"Preston School District","=""1140011""","Central and other support services","$222,983",436,2,"$511"
"Preston School District","=""1140011""","Operation and maintenance of plant","$954,468",436,2,"$2,189"
"Preston School District","=""1140011""","Student transportation services","$990,469",653,3,"$1,517"
"Preston School District","=""1140011""","Food services","$0",436,2,"$0"
"Preston School District","=""1140011""","Enterprise operations","$0",436,2,"$0"
"Preston School District","=""1140011""","Minor school construction","N/A","N/A","N/A","N/A"
"Preston School District","=""1140011""","Total","$14,095,602",632,1,"$22,303"
"Putnam School District","=""1160011""","Instruction","$13,586,508",1212,1,"$11,210"
"Putnam School District","=""1160011""","Support services - students","$1,848,150",1167,2,"$1,584"
"Putnam School District","=""1160011""","Support services - instruction","$636,589",1167,2,"$545"
"Putnam School District","=""1160011""","Support services - general administration","$785,160",1167,2,"$673"
"Putnam School District","=""1160011""","Support services - school based administration","$1,700,527",1167,2,"$1,457"
"Putnam School District","=""1160011""","Central and other support services","$1,425,241",1167,2,"$1,221"
"Putnam School District","=""1160011""","Operation and maintenance of plant","$1,980,386",1167,2,"$1,697"
"Putnam School District","=""1160011""","Student transportation services","$1,295,722",818,3,"$1,584"
"Putnam School District","=""1160011""","Food services","$0",1167,2,"$0"
"Putnam School District","=""1160011""","Enterprise operations","$294,679",1167,2,"$253"
"Putnam School District","=""1160011""","Minor school construction","N/A","N/A","N/A","N/A"
"Putnam School District","=""1160011""","Total","$23,552,962",1212,1,"$19,433"
"Redding School District","=""1170011""","Instruction","$16,331,850",837,1,"$19,512"
"Redding School District","=""1170011""","Support services - students","$1,270,157",829,2,"$1,532"
"Redding School District","=""1170011""","Support services - instruction","$657,893",829,2,"$794"
"Redding School District","=""1170011""","Support services - general administration","$316,158",829,2,"$381"
"Redding School District","=""1170011""","Support services - school based administration","$1,283,598",829,2,"$1,548"
"Redding School District","=""1170011""","Central and other support services","$413,373",829,2,"$499"
"Redding School District","=""1170011""","Operation and maintenance of plant","$2,524,307",829,2,"$3,045"
"Redding School District","=""1170011""","Student transportation services","$1,669,215",829,3,"$2,014"
"Redding School District","=""1170011""","Food services","$0",829,2,"$0"
"Redding School District","=""1170011""","Enterprise operations","$741",829,2,"$1"
"Redding School District","=""1170011""","Minor school construction","N/A","N/A","N/A","N/A"
"Redding School District","=""1170011""","Total","$24,467,293",837,1,"$29,232"
"Regional School District 01","=""2010012""","Instruction","$7,682,817",334,1,"$23,002"
"Regional School District 01","=""2010012""","Support services - students","$589,013",322,2,"$1,829"
"Regional School District 01","=""2010012""","Support services - instruction","$740,936",322,2,"$2,301"
"Regional School District 01","=""2010012""","Support services - general administration","$254,500",322,2,"$790"
"Regional School District 01","=""2010012""","Support services - school based administration","$715,425",322,2,"$2,222"
"Regional School District 01","=""2010012""","Central and other support services","$499,298",322,2,"$1,551"
"Regional School District 01","=""2010012""","Operation and maintenance of plant","$1,532,198",322,2,"$4,758"
"Regional School District 01","=""2010012""","Student transportation services","$236,626",10,3,"$23,663"
"Regional School District 01","=""2010012""","Food services","$14,502",322,2,"$45"
"Regional School District 01","=""2010012""","Enterprise operations","$79,477",322,2,"$247"
"Regional School District 01","=""2010012""","Minor school construction","N/A","N/A","N/A","N/A"
"Regional School District 01","=""2010012""","Total","$12,344,791",334,1,"$36,960"
"Regional School District 04","=""2040012""","Instruction","$11,470,415",758,1,"$15,132"
"Regional School District 04","=""2040012""","Support services - students","$1,647,497",739,2,"$2,229"
"Regional School District 04","=""2040012""","Support services - instruction","$254,765",739,2,"$345"
"Regional School District 04","=""2040012""","Support services - general administration","$1,195,029",739,2,"$1,617"
"Regional School District 04","=""2040012""","Support services - school based administration","$1,605,883",739,2,"$2,173"
"Regional School District 04","=""2040012""","Central and other support services","$1,126,797",739,2,"$1,525"
"Regional School District 04","=""2040012""","Operation and maintenance of plant","$2,175,604",739,2,"$2,944"
"Regional School District 04","=""2040012""","Student transportation services","$1,058,880",759,3,"$1,395"
"Regional School District 04","=""2040012""","Food services","$194,417",739,2,"$263"
"Regional School District 04","=""2040012""","Enterprise operations","$0",739,2,"$0"
"Regional School District 04","=""2040012""","Minor school construction","N/A","N/A","N/A","N/A"
"Regional School District 04","=""2040012""","Total","$20,729,288",758,1,"$27,347"
"Regional School District 05","=""2050012""","Instruction","$24,738,767",2105,1,"$11,752"
"Regional School District 05","=""2050012""","Support services - students","$5,467,593",2063,2,"$2,650"
"Regional School District 05","=""2050012""","Support services - instruction","$2,160,407",2063,2,"$1,047"
"Regional School District 05","=""2050012""","Support services - general administration","$1,757,367",2063,2,"$852"
"Regional School District 05","=""2050012""","Support services - school based administration","$3,653,853",2063,2,"$1,771"
"Regional School District 05","=""2050012""","Central and other support services","$1,188,871",2063,2,"$576"
"Regional School District 05","=""2050012""","Operation and maintenance of plant","$3,668,404",2063,2,"$1,778"
"Regional School District 05","=""2050012""","Student transportation services","$3,570,046",2015,3,"$1,772"
"Regional School District 05","=""2050012""","Food services","$0",2063,2,"$0"
"Regional School District 05","=""2050012""","Enterprise operations","$1,278,836",2063,2,"$620"
"Regional School District 05","=""2050012""","Minor school construction","N/A","N/A","N/A","N/A"
"Regional School District 05","=""2050012""","Total","$47,484,143",2105,1,"$22,558"
"Regional School District 06","=""2060012""","Instruction","$12,392,112",862,1,"$14,376"
"Regional School District 06","=""2060012""","Support services - students","$1,484,100",852,2,"$1,742"
"Regional School District 06","=""2060012""","Support services - instruction","$1,243,163",852,2,"$1,459"
"Regional School District 06","=""2060012""","Support services - general administration","$113,453",852,2,"$133"
"Regional School District 06","=""2060012""","Support services - school based administration","$1,199,602",852,2,"$1,408"
"Regional School District 06","=""2060012""","Central and other support services","$656,972",852,2,"$771"
"Regional School District 06","=""2060012""","Operation and maintenance of plant","$1,997,974",852,2,"$2,345"
"Regional School District 06","=""2060012""","Student transportation services","$1,055,470",760,3,"$1,389"
"Regional School District 06","=""2060012""","Food services","$0",852,2,"$0"
"Regional School District 06","=""2060012""","Enterprise operations","$457,223",852,2,"$537"
"Regional School District 06","=""2060012""","Minor school construction","N/A","N/A","N/A","N/A"
"Regional School District 06","=""2060012""","Total","$20,600,069",862,1,"$23,898"
"Regional School District 07","=""2070012""","Instruction","$14,118,685",903,1,"$15,635"
"Regional School District 07","=""2070012""","Support services - students","$1,046,881",882,2,"$1,187"
"Regional School District 07","=""2070012""","Support services - instruction","$144,228",882,2,"$164"
"Regional School District 07","=""2070012""","Support services - general administration","$469,182",882,2,"$532"
"Regional School District 07","=""2070012""","Support services - school based administration","$1,353,092",882,2,"$1,534"
"Regional School District 07","=""2070012""","Central and other support services","$637,407",882,2,"$723"
"Regional School District 07","=""2070012""","Operation and maintenance of plant","$2,979,908",882,2,"$3,379"
"Regional School District 07","=""2070012""","Student transportation services","$1,751,512",880,3,"$1,990"
"Regional School District 07","=""2070012""","Food services","$0",882,2,"$0"
"Regional School District 07","=""2070012""","Enterprise operations","$493,163",882,2,"$559"
"Regional School District 07","=""2070012""","Minor school construction","N/A","N/A","N/A","N/A"
"Regional School District 07","=""2070012""","Total","$22,994,057",903,1,"$25,464"
"Regional School District 08","=""2080012""","Instruction","$15,375,949",1256,1,"$12,242"
"Regional School District 08","=""2080012""","Support services - students","$2,831,288",1188,2,"$2,383"
"Regional School District 08","=""2080012""","Support services - instruction","$606,613",1188,2,"$511"
"Regional School District 08","=""2080012""","Support services - general administration","$1,030,850",1188,2,"$868"
"Regional School District 08","=""2080012""","Support services - school based administration","$1,511,913",1188,2,"$1,273"
"Regional School District 08","=""2080012""","Central and other support services","$981,066",1188,2,"$826"
"Regional School District 08","=""2080012""","Operation and maintenance of plant","$3,384,736",1188,2,"$2,849"
"Regional School District 08","=""2080012""","Student transportation services","$1,838,293",1188,3,"$1,547"
"Regional School District 08","=""2080012""","Food services","$0",1188,2,"$0"
"Regional School District 08","=""2080012""","Enterprise operations","$933,718",1188,2,"$786"
"Regional School District 08","=""2080012""","Minor school construction","N/A","N/A","N/A","N/A"
"Regional School District 08","=""2080012""","Total","$28,494,424",1256,1,"$22,687"
"Regional School District 09","=""2090012""","Instruction","$15,420,782",804,1,"$19,180"
"Regional School District 09","=""2090012""","Support services - students","$1,189,438",768,2,"$1,549"
"Regional School District 09","=""2090012""","Support services - instruction","$487,498",768,2,"$635"
"Regional School District 09","=""2090012""","Support services - general administration","$431,351",768,2,"$562"
"Regional School District 09","=""2090012""","Support services - school based administration","$1,365,895",768,2,"$1,779"
"Regional School District 09","=""2090012""","Central and other support services","$413,383",768,2,"$538"
"Regional School District 09","=""2090012""","Operation and maintenance of plant","$3,270,539",768,2,"$4,259"
"Regional School District 09","=""2090012""","Student transportation services","$2,030,272",775,3,"$2,620"
"Regional School District 09","=""2090012""","Food services","$0",768,2,"$0"
"Regional School District 09","=""2090012""","Enterprise operations","$-539",768,2,"$-1"
"Regional School District 09","=""2090012""","Minor school construction","N/A","N/A","N/A","N/A"
"Regional School District 09","=""2090012""","Total","$24,608,619",804,1,"$30,608"
"Regional School District 10","=""2100012""","Instruction","$26,555,540",2215,1,"$11,989"
"Regional School District 10","=""2100012""","Support services - students","$3,276,522",2127,2,"$1,540"
"Regional School District 10","=""2100012""","Support services - instruction","$2,463,883",2127,2,"$1,158"
"Regional School District 10","=""2100012""","Support services - general administration","$449,500",2127,2,"$211"
"Regional School District 10","=""2100012""","Support services - school based administration","$1,918,202",2127,2,"$902"
"Regional School District 10","=""2100012""","Central and other support services","$841,959",2127,2,"$396"
"Regional School District 10","=""2100012""","Operation and maintenance of plant","$4,358,151",2127,2,"$2,049"
"Regional School District 10","=""2100012""","Student transportation services","$2,979,970",2263,3,"$1,317"
"Regional School District 10","=""2100012""","Food services","$0",2127,2,"$0"
"Regional School District 10","=""2100012""","Enterprise operations","$0",2127,2,"$0"
"Regional School District 10","=""2100012""","Minor school construction","N/A","N/A","N/A","N/A"
"Regional School District 10","=""2100012""","Total","$42,843,728",2215,1,"$19,343"
"Regional School District 11","=""2110012""","Instruction","$3,779,196",257,1,"$14,705"
"Regional School District 11","=""2110012""","Support services - students","$322,473",220,2,"$1,466"
"Regional School District 11","=""2110012""","Support services - instruction","$352,259",220,2,"$1,601"
"Regional School District 11","=""2110012""","Support services - general administration","$320,256",220,2,"$1,456"
"Regional School District 11","=""2110012""","Support services - school based administration","$488,471",220,2,"$2,220"
"Regional School District 11","=""2110012""","Central and other support services","$166,059",220,2,"$755"
"Regional School District 11","=""2110012""","Operation and maintenance of plant","$630,154",220,2,"$2,864"
"Regional School District 11","=""2110012""","Student transportation services","$655,484",40,3,"$16,387"
"Regional School District 11","=""2110012""","Food services","$0",220,2,"$0"
"Regional School District 11","=""2110012""","Enterprise operations","$333,934",220,2,"$1,518"
"Regional School District 11","=""2110012""","Minor school construction","N/A","N/A","N/A","N/A"
"Regional School District 11","=""2110012""","Total","$7,048,285",257,1,"$27,425"
"Regional School District 12","=""2120012""","Instruction","$12,833,733",806,1,"$15,923"
"Regional School District 12","=""2120012""","Support services - students","$1,760,324",802,2,"$2,195"
"Regional School District 12","=""2120012""","Support services - instruction","$1,300,458",802,2,"$1,622"
"Regional School District 12","=""2120012""","Support services - general administration","$585,642",802,2,"$730"
"Regional School District 12","=""2120012""","Support services - school based administration","$1,295,409",802,2,"$1,615"
"Regional School District 12","=""2120012""","Central and other support services","$495,818",802,2,"$618"
"Regional School District 12","=""2120012""","Operation and maintenance of plant","$2,967,802",802,2,"$3,701"
"Regional School District 12","=""2120012""","Student transportation services","$1,492,398",598,3,"$2,496"
"Regional School District 12","=""2120012""","Food services","$114,807",802,2,"$143"
"Regional School District 12","=""2120012""","Enterprise operations","$545,483",802,2,"$680"
"Regional School District 12","=""2120012""","Minor school construction","N/A","N/A","N/A","N/A"
"Regional School District 12","=""2120012""","Total","$23,391,874",806,1,"$29,022"
"Regional School District 13","=""2130012""","Instruction","$18,737,799",1383,1,"$13,549"
"Regional School District 13","=""2130012""","Support services - students","$4,052,832",1359,2,"$2,982"
"Regional School District 13","=""2130012""","Support services - instruction","$2,497,565",1359,2,"$1,838"
"Regional School District 13","=""2130012""","Support services - general administration","$1,157,835",1359,2,"$852"
"Regional School District 13","=""2130012""","Support services - school based administration","$1,947,494",1359,2,"$1,433"
"Regional School District 13","=""2130012""","Central and other support services","$2,637,238",1359,2,"$1,941"
"Regional School District 13","=""2130012""","Operation and maintenance of plant","$4,696,256",1359,2,"$3,456"
"Regional School District 13","=""2130012""","Student transportation services","$1,935,232",1466,3,"$1,320"
"Regional School District 13","=""2130012""","Food services","$0",1359,2,"$0"
"Regional School District 13","=""2130012""","Enterprise operations","$0",1359,2,"$0"
"Regional School District 13","=""2130012""","Minor school construction","N/A","N/A","N/A","N/A"
"Regional School District 13","=""2130012""","Total","$37,662,252",1383,1,"$27,232"
"Regional School District 14","=""2140012""","Instruction","$20,874,598",1635,1,"$12,767"
"Regional School District 14","=""2140012""","Support services - students","$3,587,166",1613,2,"$2,224"
"Regional School District 14","=""2140012""","Support services - instruction","$2,029,966",1613,2,"$1,259"
"Regional School District 14","=""2140012""","Support services - general administration","$941,883",1613,2,"$584"
"Regional School District 14","=""2140012""","Support services - school based administration","$1,974,971",1613,2,"$1,224"
"Regional School District 14","=""2140012""","Central and other support services","$1,652,733",1613,2,"$1,025"
"Regional School District 14","=""2140012""","Operation and maintenance of plant","$4,156,841",1613,2,"$2,577"
"Regional School District 14","=""2140012""","Student transportation services","$2,053,318",1423,3,"$1,443"
"Regional School District 14","=""2140012""","Food services","$0",1613,2,"$0"
"Regional School District 14","=""2140012""","Enterprise operations","$0",1613,2,"$0"
"Regional School District 14","=""2140012""","Minor school construction","N/A","N/A","N/A","N/A"
"Regional School District 14","=""2140012""","Total","$37,271,478",1635,1,"$22,796"
"Regional School District 15","=""2150012""","Instruction","$46,682,445",3541,1,"$13,183"
"Regional School District 15","=""2150012""","Support services - students","$6,795,667",3441,2,"$1,975"
"Regional School District 15","=""2150012""","Support services - instruction","$1,898,611",3441,2,"$552"
"Regional School District 15","=""2150012""","Support services - general administration","$5,800,925",3441,2,"$1,686"
"Regional School District 15","=""2150012""","Support services - school based administration","$4,875,174",3441,2,"$1,417"
"Regional School District 15","=""2150012""","Central and other support services","$678,055",3441,2,"$197"
"Regional School District 15","=""2150012""","Operation and maintenance of plant","$7,853,563",3441,2,"$2,282"
"Regional School District 15","=""2150012""","Student transportation services","$6,058,263",3510,3,"$1,726"
"Regional School District 15","=""2150012""","Food services","$0",3441,2,"$0"
"Regional School District 15","=""2150012""","Enterprise operations","$1,345,288",3441,2,"$391"
"Regional School District 15","=""2150012""","Minor school construction","N/A","N/A","N/A","N/A"
"Regional School District 15","=""2150012""","Total","$81,987,991",3541,1,"$23,154"
"Regional School District 16","=""2160012""","Instruction","$23,589,788",2009,1,"$11,742"
"Regional School District 16","=""2160012""","Support services - students","$2,647,220",1949,2,"$1,358"
"Regional School District 16","=""2160012""","Support services - instruction","$2,315,450",1949,2,"$1,188"
"Regional School District 16","=""2160012""","Support services - general administration","$1,525,279",1949,2,"$783"
"Regional School District 16","=""2160012""","Support services - school based administration","$2,190,137",1949,2,"$1,124"
"Regional School District 16","=""2160012""","Central and other support services","$964,634",1949,2,"$495"
"Regional School District 16","=""2160012""","Operation and maintenance of plant","$3,870,537",1949,2,"$1,986"
"Regional School District 16","=""2160012""","Student transportation services","$2,712,227",2080,3,"$1,304"
"Regional School District 16","=""2160012""","Food services","$0",1949,2,"$0"
"Regional School District 16","=""2160012""","Enterprise operations","$682,802",1949,2,"$350"
"Regional School District 16","=""2160012""","Minor school construction","N/A","N/A","N/A","N/A"
"Regional School District 16","=""2160012""","Total","$40,498,074",2009,1,"$20,158"
"Regional School District 17","=""2170012""","Instruction","$23,755,200",1831,1,"$12,974"
"Regional School District 17","=""2170012""","Support services - students","$3,510,014",1802,2,"$1,948"
"Regional School District 17","=""2170012""","Support services - instruction","$1,701,336",1802,2,"$944"
"Regional School District 17","=""2170012""","Support services - general administration","$488,543",1802,2,"$271"
"Regional School District 17","=""2170012""","Support services - school based administration","$2,149,072",1802,2,"$1,193"
"Regional School District 17","=""2170012""","Central and other support services","$3,333,237",1802,2,"$1,850"
"Regional School District 17","=""2170012""","Operation and maintenance of plant","$5,837,457",1802,2,"$3,239"
"Regional School District 17","=""2170012""","Student transportation services","$3,434,657",1852,3,"$1,855"
"Regional School District 17","=""2170012""","Food services","$0",1802,2,"$0"
"Regional School District 17","=""2170012""","Enterprise operations","$0",1802,2,"$0"
"Regional School District 17","=""2170012""","Minor school construction","N/A","N/A","N/A","N/A"
"Regional School District 17","=""2170012""","Total","$44,209,516",1831,1,"$24,145"
"Regional School District 18","=""2180012""","Instruction","$17,353,375",1296,1,"$13,390"
"Regional School District 18","=""2180012""","Support services - students","$2,034,799",1288,2,"$1,580"
"Regional School District 18","=""2180012""","Support services - instruction","$1,825,681",1288,2,"$1,417"
"Regional School District 18","=""2180012""","Support services - general administration","$947,906",1288,2,"$736"
"Regional School District 18","=""2180012""","Support services - school based administration","$2,211,777",1288,2,"$1,717"
"Regional School District 18","=""2180012""","Central and other support services","$1,691,488",1288,2,"$1,313"
"Regional School District 18","=""2180012""","Operation and maintenance of plant","$4,263,078",1288,2,"$3,310"
"Regional School District 18","=""2180012""","Student transportation services","$1,167,968",1209,3,"$966"
"Regional School District 18","=""2180012""","Food services","$0",1288,2,"$0"
"Regional School District 18","=""2180012""","Enterprise operations","$0",1288,2,"$0"
"Regional School District 18","=""2180012""","Minor school construction","N/A","N/A","N/A","N/A"
"Regional School District 18","=""2180012""","Total","$31,496,072",1296,1,"$24,303"
"Regional School District 19","=""2190012""","Instruction","$14,730,221",1140,1,"$12,921"
"Regional School District 19","=""2190012""","Support services - students","$1,579,039",1116,2,"$1,415"
"Regional School District 19","=""2190012""","Support services - instruction","$394,874",1116,2,"$354"
"Regional School District 19","=""2190012""","Support services - general administration","$395,719",1116,2,"$355"
"Regional School District 19","=""2190012""","Support services - school based administration","$1,123,892",1116,2,"$1,007"
"Regional School District 19","=""2190012""","Central and other support services","$936,589",1116,2,"$839"
"Regional School District 19","=""2190012""","Operation and maintenance of plant","$1,799,195",1116,2,"$1,612"
"Regional School District 19","=""2190012""","Student transportation services","$2,135,831",1131,3,"$1,888"
"Regional School District 19","=""2190012""","Food services","$0",1116,2,"$0"
"Regional School District 19","=""2190012""","Enterprise operations","$976,092",1116,2,"$875"
"Regional School District 19","=""2190012""","Minor school construction","N/A","N/A","N/A","N/A"
"Regional School District 19","=""2190012""","Total","$24,071,454",1140,1,"$21,115"
"Ridgefield School District","=""1180011""","Instruction","$68,607,495",4577,1,"$14,990"
"Ridgefield School District","=""1180011""","Support services - students","$6,509,132",4540,2,"$1,434"
"Ridgefield School District","=""1180011""","Support services - instruction","$7,190,553",4540,2,"$1,584"
"Ridgefield School District","=""1180011""","Support services - general administration","$1,385,525",4540,2,"$305"
"Ridgefield School District","=""1180011""","Support services - school based administration","$6,069,599",4540,2,"$1,337"
"Ridgefield School District","=""1180011""","Central and other support services","$845,784",4540,2,"$186"
"Ridgefield School District","=""1180011""","Operation and maintenance of plant","$10,531,428",4540,2,"$2,320"
"Ridgefield School District","=""1180011""","Student transportation services","$5,868,415",4513,3,"$1,300"
"Ridgefield School District","=""1180011""","Food services","$0",4540,2,"$0"
"Ridgefield School District","=""1180011""","Enterprise operations","$2,047,464",4540,2,"$451"
"Ridgefield School District","=""1180011""","Minor school construction","N/A","N/A","N/A","N/A"
"Ridgefield School District","=""1180011""","Total","$109,055,396",4577,1,"$23,827"
"Rocky Hill School District","=""1190011""","Instruction","$33,424,369",2699,1,"$12,384"
"Rocky Hill School District","=""1190011""","Support services - students","$3,449,342",2544,2,"$1,356"
"Rocky Hill School District","=""1190011""","Support services - instruction","$4,295,444",2544,2,"$1,688"
"Rocky Hill School District","=""1190011""","Support services - general administration","$1,242,969",2544,2,"$489"
"Rocky Hill School District","=""1190011""","Support services - school based administration","$2,660,363",2544,2,"$1,046"
"Rocky Hill School District","=""1190011""","Central and other support services","$1,420,602",2544,2,"$558"
"Rocky Hill School District","=""1190011""","Operation and maintenance of plant","$4,776,797",2544,2,"$1,878"
"Rocky Hill School District","=""1190011""","Student transportation services","$2,355,822",2262,3,"$1,041"
"Rocky Hill School District","=""1190011""","Food services","$0",2544,2,"$0"
"Rocky Hill School District","=""1190011""","Enterprise operations","$0",2544,2,"$0"
"Rocky Hill School District","=""1190011""","Minor school construction","N/A","N/A","N/A","N/A"
"Rocky Hill School District","=""1190011""","Total","$53,625,708",2699,1,"$19,869"
"Salem School District","=""1210011""","Instruction","$7,405,929",584,1,"$12,681"
"Salem School District","=""1210011""","Support services - students","$1,096,816",397,2,"$2,763"
"Salem School District","=""1210011""","Support services - instruction","$144,442",397,2,"$364"
"Salem School District","=""1210011""","Support services - general administration","$552,144",397,2,"$1,391"
"Salem School District","=""1210011""","Support services - school based administration","$627,355",397,2,"$1,580"
"Salem School District","=""1210011""","Central and other support services","$337,697",397,2,"$851"
"Salem School District","=""1210011""","Operation and maintenance of plant","$880,580",397,2,"$2,218"
"Salem School District","=""1210011""","Student transportation services","$758,821",593,3,"$1,280"
"Salem School District","=""1210011""","Food services","$0",397,2,"$0"
"Salem School District","=""1210011""","Enterprise operations","$0",397,2,"$0"
"Salem School District","=""1210011""","Minor school construction","N/A","N/A","N/A","N/A"
"Salem School District","=""1210011""","Total","$11,803,784",584,1,"$20,212"
"Salisbury School District","=""1220011""","Instruction","$5,334,203",296,1,"$18,021"
"Salisbury School District","=""1220011""","Support services - students","$413,953",296,2,"$1,398"
"Salisbury School District","=""1220011""","Support services - instruction","$335,591",296,2,"$1,134"
"Salisbury School District","=""1220011""","Support services - general administration","$283,188",296,2,"$957"
"Salisbury School District","=""1220011""","Support services - school based administration","$461,113",296,2,"$1,558"
"Salisbury School District","=""1220011""","Central and other support services","$139,715",296,2,"$472"
"Salisbury School District","=""1220011""","Operation and maintenance of plant","$915,955",296,2,"$3,094"
"Salisbury School District","=""1220011""","Student transportation services","$438,648",341,3,"$1,286"
"Salisbury School District","=""1220011""","Food services","$0",296,2,"$0"
"Salisbury School District","=""1220011""","Enterprise operations","$0",296,2,"$0"
"Salisbury School District","=""1220011""","Minor school construction","N/A","N/A","N/A","N/A"
"Salisbury School District","=""1220011""","Total","$8,322,365",296,1,"$28,116"
"Scotland School District","=""1230011""","Instruction","$1,682,922",105,1,"$16,028"
"Scotland School District","=""1230011""","Support services - students","$200,967",96,2,"$2,093"
"Scotland School District","=""1230011""","Support services - instruction","$53,056",96,2,"$553"
"Scotland School District","=""1230011""","Support services - general administration","$121,367",96,2,"$1,264"
"Scotland School District","=""1230011""","Support services - school based administration","$168,140",96,2,"$1,751"
"Scotland School District","=""1230011""","Central and other support services","$43,342",96,2,"$451"
"Scotland School District","=""1230011""","Operation and maintenance of plant","$314,270",96,2,"$3,274"
"Scotland School District","=""1230011""","Student transportation services","$180,338",168,3,"$1,073"
"Scotland School District","=""1230011""","Food services","$23,500",96,2,"$245"
"Scotland School District","=""1230011""","Enterprise operations","$0",96,2,"$0"
"Scotland School District","=""1230011""","Minor school construction","N/A","N/A","N/A","N/A"
"Scotland School District","=""1230011""","Total","$2,787,901",105,1,"$26,551"
"Seymour School District","=""1240011""","Instruction","$23,651,150",2209,1,"$10,707"
"Seymour School District","=""1240011""","Support services - students","$2,803,709",2123,2,"$1,321"
"Seymour School District","=""1240011""","Support services - instruction","$532,965",2123,2,"$251"
"Seymour School District","=""1240011""","Support services - general administration","$706,078",2123,2,"$333"
"Seymour School District","=""1240011""","Support services - school based administration","$3,232,375",2123,2,"$1,523"
"Seymour School District","=""1240011""","Central and other support services","$1,586,044",2123,2,"$747"
"Seymour School District","=""1240011""","Operation and maintenance of plant","$5,549,545",2123,2,"$2,614"
"Seymour School District","=""1240011""","Student transportation services","$2,560,972",2278,3,"$1,124"
"Seymour School District","=""1240011""","Food services","$0",2123,2,"$0"
"Seymour School District","=""1240011""","Enterprise operations","$665,952",2123,2,"$314"
"Seymour School District","=""1240011""","Minor school construction","N/A","N/A","N/A","N/A"
"Seymour School District","=""1240011""","Total","$41,288,790",2209,1,"$18,691"
"Sharon School District","=""1250011""","Instruction","$2,773,268",98,1,"$28,299"
"Sharon School District","=""1250011""","Support services - students","$321,794",97,2,"$3,317"
"Sharon School District","=""1250011""","Support services - instruction","$269,301",97,2,"$2,776"
"Sharon School District","=""1250011""","Support services - general administration","$165,260",97,2,"$1,704"
"Sharon School District","=""1250011""","Support services - school based administration","$403,517",97,2,"$4,160"
"Sharon School District","=""1250011""","Central and other support services","$53,864",97,2,"$555"
"Sharon School District","=""1250011""","Operation and maintenance of plant","$815,118",97,2,"$8,403"
"Sharon School District","=""1250011""","Student transportation services","$241,958",139,3,"$1,741"
"Sharon School District","=""1250011""","Food services","$0",97,2,"$0"
"Sharon School District","=""1250011""","Enterprise operations","$0",97,2,"$0"
"Sharon School District","=""1250011""","Minor school construction","N/A","N/A","N/A","N/A"
"Sharon School District","=""1250011""","Total","$5,044,078",98,1,"$51,470"
"Shelton School District","=""1260011""","Instruction","$51,475,069",4682,1,"$10,994"
"Shelton School District","=""1260011""","Support services - students","$8,925,530",4491,2,"$1,987"
"Shelton School District","=""1260011""","Support services - instruction","$2,419,509",4491,2,"$539"
"Shelton School District","=""1260011""","Support services - general administration","$578,012",4491,2,"$129"
"Shelton School District","=""1260011""","Support services - school based administration","$4,818,078",4491,2,"$1,073"
"Shelton School District","=""1260011""","Central and other support services","$1,402,709",4491,2,"$312"
"Shelton School District","=""1260011""","Operation and maintenance of plant","$8,709,625",4491,2,"$1,939"
"Shelton School District","=""1260011""","Student transportation services","$4,956,519",4637,3,"$1,069"
"Shelton School District","=""1260011""","Food services","$0",4491,2,"$0"
"Shelton School District","=""1260011""","Enterprise operations","$571,948",4491,2,"$127"
"Shelton School District","=""1260011""","Minor school construction","N/A","N/A","N/A","N/A"
"Shelton School District","=""1260011""","Total","$83,856,998",4682,1,"$17,911"
"Sherman School District","=""1270011""","Instruction","$6,720,327",384,1,"$17,501"
"Sherman School District","=""1270011""","Support services - students","$83,197",264,2,"$315"
"Sherman School District","=""1270011""","Support services - instruction","$304,587",264,2,"$1,154"
"Sherman School District","=""1270011""","Support services - general administration","$435,879",264,2,"$1,651"
"Sherman School District","=""1270011""","Support services - school based administration","$682,690",264,2,"$2,586"
"Sherman School District","=""1270011""","Central and other support services","$250,381",264,2,"$948"
"Sherman School District","=""1270011""","Operation and maintenance of plant","$736,971",264,2,"$2,792"
"Sherman School District","=""1270011""","Student transportation services","$307,278",376,3,"$817"
"Sherman School District","=""1270011""","Food services","$31,834",264,2,"$121"
"Sherman School District","=""1270011""","Enterprise operations","$78,442",264,2,"$297"
"Sherman School District","=""1270011""","Minor school construction","N/A","N/A","N/A","N/A"
"Sherman School District","=""1270011""","Total","$9,631,587",384,1,"$25,082"
"Side By Side Charter School District","=""2700013""","Instruction","$1,807,834",236,1,"$7,660"
"Side By Side Charter School District","=""2700013""","Support services - students","$537,439",236,2,"$2,277"
"Side By Side Charter School District","=""2700013""","Support services - instruction","$14,955",236,2,"$63"
"Side By Side Charter School District","=""2700013""","Support services - general administration","$56,794",236,2,"$241"
"Side By Side Charter School District","=""2700013""","Support services - school based administration","$558,982",236,2,"$2,369"
"Side By Side Charter School District","=""2700013""","Central and other support services","$121,169",236,2,"$513"
"Side By Side Charter School District","=""2700013""","Operation and maintenance of plant","$380,354",236,2,"$1,612"
"Side By Side Charter School District","=""2700013""","Student transportation services","$0",0,3,"$0"
"Side By Side Charter School District","=""2700013""","Food services","$0",236,2,"$0"
"Side By Side Charter School District","=""2700013""","Enterprise operations","$0",236,2,"$0"
"Side By Side Charter School District","=""2700013""","Minor school construction","N/A","N/A","N/A","N/A"
"Side By Side Charter School District","=""2700013""","Total","$3,477,527",236,1,"$14,735"
"Simsbury School District","=""1280011""","Instruction","$54,379,699",4251,1,"$12,792"
"Simsbury School District","=""1280011""","Support services - students","$6,445,759",4092,2,"$1,575"
"Simsbury School District","=""1280011""","Support services - instruction","$5,165,657",4092,2,"$1,262"
"Simsbury School District","=""1280011""","Support services - general administration","$1,497,035",4092,2,"$366"
"Simsbury School District","=""1280011""","Support services - school based administration","$4,710,847",4092,2,"$1,151"
"Simsbury School District","=""1280011""","Central and other support services","$1,546,306",4092,2,"$378"
"Simsbury School District","=""1280011""","Operation and maintenance of plant","$7,441,714",4092,2,"$1,819"
"Simsbury School District","=""1280011""","Student transportation services","$3,631,978",3707,3,"$980"
"Simsbury School District","=""1280011""","Food services","$0",4092,2,"$0"
"Simsbury School District","=""1280011""","Enterprise operations","$953,004",4092,2,"$233"
"Simsbury School District","=""1280011""","Minor school construction","N/A","N/A","N/A","N/A"
"Simsbury School District","=""1280011""","Total","$85,771,998",4251,1,"$20,177"
"Somers School District","=""1290011""","Instruction","$17,512,812",1367,1,"$12,811"
"Somers School District","=""1290011""","Support services - students","$2,136,774",1337,2,"$1,598"
"Somers School District","=""1290011""","Support services - instruction","$719,365",1337,2,"$538"
"Somers School District","=""1290011""","Support services - general administration","$633,572",1337,2,"$474"
"Somers School District","=""1290011""","Support services - school based administration","$1,463,953",1337,2,"$1,095"
"Somers School District","=""1290011""","Central and other support services","$423,698",1337,2,"$317"
"Somers School District","=""1290011""","Operation and maintenance of plant","$3,429,458",1337,2,"$2,565"
"Somers School District","=""1290011""","Student transportation services","$1,552,921",1346,3,"$1,154"
"Somers School District","=""1290011""","Food services","$0",1337,2,"$0"
"Somers School District","=""1290011""","Enterprise operations","$389,167",1337,2,"$291"
"Somers School District","=""1290011""","Minor school construction","N/A","N/A","N/A","N/A"
"Somers School District","=""1290011""","Total","$28,261,721",1367,1,"$20,674"
"South Windsor School District","=""1320011""","Instruction","$54,994,999",5111,1,"$10,760"
"South Windsor School District","=""1320011""","Support services - students","$8,333,010",4855,2,"$1,716"
"South Windsor School District","=""1320011""","Support services - instruction","$2,048,978",4855,2,"$422"
"South Windsor School District","=""1320011""","Support services - general administration","$1,611,314",4855,2,"$332"
"South Windsor School District","=""1320011""","Support services - school based administration","$6,245,154",4855,2,"$1,286"
"South Windsor School District","=""1320011""","Central and other support services","$3,250,604",4855,2,"$670"
"South Windsor School District","=""1320011""","Operation and maintenance of plant","$7,406,752",4855,2,"$1,526"
"South Windsor School District","=""1320011""","Student transportation services","$4,192,527",4094,3,"$1,024"
"South Windsor School District","=""1320011""","Food services","$0",4855,2,"$0"
"South Windsor School District","=""1320011""","Enterprise operations","$0",4855,2,"$0"
"South Windsor School District","=""1320011""","Minor school construction","N/A","N/A","N/A","N/A"
"South Windsor School District","=""1320011""","Total","$88,083,340",5111,1,"$17,234"
"Southington School District","=""1310011""","Instruction","$72,582,628",6380,1,"$11,377"
"Southington School District","=""1310011""","Support services - students","$11,144,934",6244,2,"$1,785"
"Southington School District","=""1310011""","Support services - instruction","$2,114,006",6244,2,"$339"
"Southington School District","=""1310011""","Support services - general administration","$4,628,245",6244,2,"$741"
"Southington School District","=""1310011""","Support services - school based administration","$6,388,599",6244,2,"$1,023"
"Southington School District","=""1310011""","Central and other support services","$1,132,110",6244,2,"$181"
"Southington School District","=""1310011""","Operation and maintenance of plant","$9,705,803",6244,2,"$1,554"
"Southington School District","=""1310011""","Student transportation services","$5,809,976",3689,3,"$1,575"
"Southington School District","=""1310011""","Food services","$0",6244,2,"$0"
"Southington School District","=""1310011""","Enterprise operations","$1,028,597",6244,2,"$165"
"Southington School District","=""1310011""","Minor school construction","N/A","N/A","N/A","N/A"
"Southington School District","=""1310011""","Total","$114,534,898",6380,1,"$17,952"
"Sprague School District","=""1330011""","Instruction","$5,418,394",392,1,"$13,822"
"Sprague School District","=""1330011""","Support services - students","$214,065",270,2,"$793"
"Sprague School District","=""1330011""","Support services - instruction","$167,928",270,2,"$622"
"Sprague School District","=""1330011""","Support services - general administration","$232,954",270,2,"$863"
"Sprague School District","=""1330011""","Support services - school based administration","$251,379",270,2,"$931"
"Sprague School District","=""1330011""","Central and other support services","$165,179",270,2,"$612"
"Sprague School District","=""1330011""","Operation and maintenance of plant","$427,926",270,2,"$1,585"
"Sprague School District","=""1330011""","Student transportation services","$675,367",401,3,"$1,684"
"Sprague School District","=""1330011""","Food services","$0",270,2,"$0"
"Sprague School District","=""1330011""","Enterprise operations","$0",270,2,"$0"
"Sprague School District","=""1330011""","Minor school construction","N/A","N/A","N/A","N/A"
"Sprague School District","=""1330011""","Total","$7,553,191",392,1,"$19,268"
"Stafford School District","=""1340011""","Instruction","$16,834,519",1434,1,"$11,740"
"Stafford School District","=""1340011""","Support services - students","$2,770,493",1390,2,"$1,993"
"Stafford School District","=""1340011""","Support services - instruction","$2,242,456",1390,2,"$1,613"
"Stafford School District","=""1340011""","Support services - general administration","$568,214",1390,2,"$409"
"Stafford School District","=""1340011""","Support services - school based administration","$2,196,367",1390,2,"$1,580"
"Stafford School District","=""1340011""","Central and other support services","$2,324,805",1390,2,"$1,673"
"Stafford School District","=""1340011""","Operation and maintenance of plant","$2,830,094",1390,2,"$2,036"
"Stafford School District","=""1340011""","Student transportation services","$2,689,038",1501,3,"$1,791"
"Stafford School District","=""1340011""","Food services","$0",1390,2,"$0"
"Stafford School District","=""1340011""","Enterprise operations","$0",1390,2,"$0"
"Stafford School District","=""1340011""","Minor school construction","N/A","N/A","N/A","N/A"
"Stafford School District","=""1340011""","Total","$32,455,986",1434,1,"$22,633"
"Stamford Charter School for Excellence District","=""2960013""","Instruction","$3,920,894",561,1,"$6,989"
"Stamford Charter School for Excellence District","=""2960013""","Support services - students","$410,892",561,2,"$732"
"Stamford Charter School for Excellence District","=""2960013""","Support services - instruction","$52,421",561,2,"$93"
"Stamford Charter School for Excellence District","=""2960013""","Support services - general administration","$-5,224",561,2,"$-9"
"Stamford Charter School for Excellence District","=""2960013""","Support services - school based administration","$828,969",561,2,"$1,478"
"Stamford Charter School for Excellence District","=""2960013""","Central and other support services","$0",561,2,"$0"
"Stamford Charter School for Excellence District","=""2960013""","Operation and maintenance of plant","$952,790",561,2,"$1,698"
"Stamford Charter School for Excellence District","=""2960013""","Student transportation services","$6,732",1,3,"$6,732"
"Stamford Charter School for Excellence District","=""2960013""","Food services","$0",561,2,"$0"
"Stamford Charter School for Excellence District","=""2960013""","Enterprise operations","$0",561,2,"$0"
"Stamford Charter School for Excellence District","=""2960013""","Minor school construction","N/A","N/A","N/A","N/A"
"Stamford Charter School for Excellence District","=""2960013""","Total","$6,167,474",561,1,"$10,994"
"Stamford School District","=""1350011""","Instruction","$242,292,087",16246,1,"$14,914"
"Stamford School District","=""1350011""","Support services - students","$20,606,810",16040,2,"$1,285"
"Stamford School District","=""1350011""","Support services - instruction","$6,849,906",16040,2,"$427"
"Stamford School District","=""1350011""","Support services - general administration","$8,327,369",16040,2,"$519"
"Stamford School District","=""1350011""","Support services - school based administration","$19,950,191",16040,2,"$1,244"
"Stamford School District","=""1350011""","Central and other support services","$6,126,584",16040,2,"$382"
"Stamford School District","=""1350011""","Operation and maintenance of plant","$34,771,057",16040,2,"$2,168"
"Stamford School District","=""1350011""","Student transportation services","$23,709,552",13274,3,"$1,786"
"Stamford School District","=""1350011""","Food services","$0",16040,2,"$0"
"Stamford School District","=""1350011""","Enterprise operations","$0",16040,2,"$0"
"Stamford School District","=""1350011""","Minor school construction","N/A","N/A","N/A","N/A"
"Stamford School District","=""1350011""","Total","$362,633,556",16246,1,"$22,321"
"Sterling School District","=""1360011""","Instruction","$6,496,469",464,1,"$14,001"
"Sterling School District","=""1360011""","Support services - students","$138,731",315,2,"$440"
"Sterling School District","=""1360011""","Support services - instruction","$298,400",315,2,"$947"
"Sterling School District","=""1360011""","Support services - general administration","$325,777",315,2,"$1,034"
"Sterling School District","=""1360011""","Support services - school based administration","$377,559",315,2,"$1,199"
"Sterling School District","=""1360011""","Central and other support services","$144,222",315,2,"$458"
"Sterling School District","=""1360011""","Operation and maintenance of plant","$553,255",315,2,"$1,756"
"Sterling School District","=""1360011""","Student transportation services","$711,793",537,3,"$1,325"
"Sterling School District","=""1360011""","Food services","$26,730",315,2,"$85"
"Sterling School District","=""1360011""","Enterprise operations","$50,414",315,2,"$160"
"Sterling School District","=""1360011""","Minor school construction","N/A","N/A","N/A","N/A"
"Sterling School District","=""1360011""","Total","$9,123,351",464,1,"$19,662"
"Stonington School District","=""1370011""","Instruction","$23,441,110",1865,1,"$12,569"
"Stonington School District","=""1370011""","Support services - students","$2,980,664",1781,2,"$1,674"
"Stonington School District","=""1370011""","Support services - instruction","$2,570,072",1781,2,"$1,443"
"Stonington School District","=""1370011""","Support services - general administration","$819,879",1781,2,"$460"
"Stonington School District","=""1370011""","Support services - school based administration","$2,181,018",1781,2,"$1,225"
"Stonington School District","=""1370011""","Central and other support services","$2,923,753",1781,2,"$1,642"
"Stonington School District","=""1370011""","Operation and maintenance of plant","$4,668,932",1781,2,"$2,622"
"Stonington School District","=""1370011""","Student transportation services","$2,158,369",1850,3,"$1,167"
"Stonington School District","=""1370011""","Food services","$0",1781,2,"$0"
"Stonington School District","=""1370011""","Enterprise operations","$579,544",1781,2,"$325"
"Stonington School District","=""1370011""","Minor school construction","N/A","N/A","N/A","N/A"
"Stonington School District","=""1370011""","Total","$42,323,341",1865,1,"$22,693"
"Stratford School District","=""1380011""","Instruction","$87,486,273",7075,1,"$12,366"
"Stratford School District","=""1380011""","Support services - students","$13,073,180",6702,2,"$1,951"
"Stratford School District","=""1380011""","Support services - instruction","$3,543,353",6702,2,"$529"
"Stratford School District","=""1380011""","Support services - general administration","$1,263,904",6702,2,"$189"
"Stratford School District","=""1380011""","Support services - school based administration","$7,273,750",6702,2,"$1,085"
"Stratford School District","=""1380011""","Central and other support services","$4,909,563",6702,2,"$733"
"Stratford School District","=""1380011""","Operation and maintenance of plant","$15,539,330",6702,2,"$2,319"
"Stratford School District","=""1380011""","Student transportation services","$6,538,785",3626,3,"$1,803"
"Stratford School District","=""1380011""","Food services","$648,113",6702,2,"$97"
"Stratford School District","=""1380011""","Enterprise operations","$1,488,867",6702,2,"$222"
"Stratford School District","=""1380011""","Minor school construction","N/A","N/A","N/A","N/A"
"Stratford School District","=""1380011""","Total","$141,765,117",7075,1,"$20,037"
"Suffield School District","=""1390011""","Instruction","$27,465,804",2087,1,"$13,160"
"Suffield School District","=""1390011""","Support services - students","$3,453,323",2027,2,"$1,704"
"Suffield School District","=""1390011""","Support services - instruction","$598,489",2027,2,"$295"
"Suffield School District","=""1390011""","Support services - general administration","$1,531,522",2027,2,"$756"
"Suffield School District","=""1390011""","Support services - school based administration","$2,417,668",2027,2,"$1,193"
"Suffield School District","=""1390011""","Central and other support services","$32,035",2027,2,"$16"
"Suffield School District","=""1390011""","Operation and maintenance of plant","$3,090,998",2027,2,"$1,525"
"Suffield School District","=""1390011""","Student transportation services","$1,672,926",1674,3,"$999"
"Suffield School District","=""1390011""","Food services","$0",2027,2,"$0"
"Suffield School District","=""1390011""","Enterprise operations","$799,080",2027,2,"$394"
"Suffield School District","=""1390011""","Minor school construction","N/A","N/A","N/A","N/A"
"Suffield School District","=""1390011""","Total","$41,061,845",2087,1,"$19,675"
"The Bridge Academy District","=""2690013""","Instruction","$2,277,828",280,1,"$8,135"
"The Bridge Academy District","=""2690013""","Support services - students","$1,105,528",280,2,"$3,948"
"The Bridge Academy District","=""2690013""","Support services - instruction","$116,081",280,2,"$415"
"The Bridge Academy District","=""2690013""","Support services - general administration","$72,668",280,2,"$260"
"The Bridge Academy District","=""2690013""","Support services - school based administration","$802,000",280,2,"$2,864"
"The Bridge Academy District","=""2690013""","Central and other support services","$0",280,2,"$0"
"The Bridge Academy District","=""2690013""","Operation and maintenance of plant","$240,318",280,2,"$858"
"The Bridge Academy District","=""2690013""","Student transportation services","$20,194",280,3,"$72"
"The Bridge Academy District","=""2690013""","Food services","$0",280,2,"$0"
"The Bridge Academy District","=""2690013""","Enterprise operations","$0",280,2,"$0"
"The Bridge Academy District","=""2690013""","Minor school construction","N/A","N/A","N/A","N/A"
"The Bridge Academy District","=""2690013""","Total","$4,634,617",280,1,"$16,552"
"Thomaston School District","=""1400011""","Instruction","$10,688,595",925,1,"$11,555"
"Thomaston School District","=""1400011""","Support services - students","$1,358,129",816,2,"$1,664"
"Thomaston School District","=""1400011""","Support services - instruction","$294,897",816,2,"$361"
"Thomaston School District","=""1400011""","Support services - general administration","$1,111,134",816,2,"$1,362"
"Thomaston School District","=""1400011""","Support services - school based administration","$1,120,923",816,2,"$1,374"
"Thomaston School District","=""1400011""","Central and other support services","$423,146",816,2,"$519"
"Thomaston School District","=""1400011""","Operation and maintenance of plant","$2,055,194",816,2,"$2,519"
"Thomaston School District","=""1400011""","Student transportation services","$1,042,361",927,3,"$1,124"
"Thomaston School District","=""1400011""","Food services","$0",816,2,"$0"
"Thomaston School District","=""1400011""","Enterprise operations","$337,607",816,2,"$414"
"Thomaston School District","=""1400011""","Minor school construction","N/A","N/A","N/A","N/A"
"Thomaston School District","=""1400011""","Total","$18,431,986",925,1,"$19,926"
"Thompson School District","=""1410011""","Instruction","$11,822,433",955,1,"$12,380"
"Thompson School District","=""1410011""","Support services - students","$2,040,213",903,2,"$2,259"
"Thompson School District","=""1410011""","Support services - instruction","$489,373",903,2,"$542"
"Thompson School District","=""1410011""","Support services - general administration","$657,071",903,2,"$728"
"Thompson School District","=""1410011""","Support services - school based administration","$622,539",903,2,"$689"
"Thompson School District","=""1410011""","Central and other support services","$1,504,372",903,2,"$1,666"
"Thompson School District","=""1410011""","Operation and maintenance of plant","$2,605,707",903,2,"$2,886"
"Thompson School District","=""1410011""","Student transportation services","$1,743,676",923,3,"$1,889"
"Thompson School District","=""1410011""","Food services","$0",903,2,"$0"
"Thompson School District","=""1410011""","Enterprise operations","$0",903,2,"$0"
"Thompson School District","=""1410011""","Minor school construction","N/A","N/A","N/A","N/A"
"Thompson School District","=""1410011""","Total","$21,485,384",955,1,"$22,498"
"Tolland School District","=""1420011""","Instruction","$27,595,263",2361,1,"$11,688"
"Tolland School District","=""1420011""","Support services - students","$3,000,444",2286,2,"$1,313"
"Tolland School District","=""1420011""","Support services - instruction","$1,836,771",2286,2,"$803"
"Tolland School District","=""1420011""","Support services - general administration","$721,740",2286,2,"$316"
"Tolland School District","=""1420011""","Support services - school based administration","$2,078,414",2286,2,"$909"
"Tolland School District","=""1420011""","Central and other support services","$1,311,752",2286,2,"$574"
"Tolland School District","=""1420011""","Operation and maintenance of plant","$4,601,795",2286,2,"$2,013"
"Tolland School District","=""1420011""","Student transportation services","$2,863,274",2412,3,"$1,187"
"Tolland School District","=""1420011""","Food services","$0",2286,2,"$0"
"Tolland School District","=""1420011""","Enterprise operations","$107,838",2286,2,"$47"
"Tolland School District","=""1420011""","Minor school construction","N/A","N/A","N/A","N/A"
"Tolland School District","=""1420011""","Total","$44,117,288",2361,1,"$18,686"
"Torrington School District","=""1430011""","Instruction","$56,027,193",4205,1,"$13,324"
"Torrington School District","=""1430011""","Support services - students","$6,639,606",3836,2,"$1,731"
"Torrington School District","=""1430011""","Support services - instruction","$2,298,799",3836,2,"$599"
"Torrington School District","=""1430011""","Support services - general administration","$2,408,549",3836,2,"$628"
"Torrington School District","=""1430011""","Support services - school based administration","$4,913,443",3836,2,"$1,281"
"Torrington School District","=""1430011""","Central and other support services","$6,941,372",3836,2,"$1,810"
"Torrington School District","=""1430011""","Operation and maintenance of plant","$4,038,738",3836,2,"$1,053"
"Torrington School District","=""1430011""","Student transportation services","$5,491,397",3928,3,"$1,398"
"Torrington School District","=""1430011""","Food services","$0",3836,2,"$0"
"Torrington School District","=""1430011""","Enterprise operations","$0",3836,2,"$0"
"Torrington School District","=""1430011""","Minor school construction","N/A","N/A","N/A","N/A"
"Torrington School District","=""1430011""","Total","$88,759,098",4205,1,"$21,108"
"Trumbull School District","=""1440011""","Instruction","$71,644,047",7034,1,"$10,185"
"Trumbull School District","=""1440011""","Support services - students","$20,633,118",6894,2,"$2,993"
"Trumbull School District","=""1440011""","Support services - instruction","$7,085,333",6894,2,"$1,028"
"Trumbull School District","=""1440011""","Support services - general administration","$3,221,859",6894,2,"$467"
"Trumbull School District","=""1440011""","Support services - school based administration","$5,096,458",6894,2,"$739"
"Trumbull School District","=""1440011""","Central and other support services","$4,146,482",6894,2,"$601"
"Trumbull School District","=""1440011""","Operation and maintenance of plant","$11,358,078",6894,2,"$1,648"
"Trumbull School District","=""1440011""","Student transportation services","$7,313,947",7231,3,"$1,011"
"Trumbull School District","=""1440011""","Food services","$0",6894,2,"$0"
"Trumbull School District","=""1440011""","Enterprise operations","$0",6894,2,"$0"
"Trumbull School District","=""1440011""","Minor school construction","N/A","N/A","N/A","N/A"
"Trumbull School District","=""1440011""","Total","$130,499,323",7034,1,"$18,553"
"Union School District","=""1450011""","Instruction","$1,112,320",75,1,"$14,831"
"Union School District","=""1450011""","Support services - students","$163,268",53,2,"$3,081"
"Union School District","=""1450011""","Support services - instruction","$127,203",53,2,"$2,400"
"Union School District","=""1450011""","Support services - general administration","$140,927",53,2,"$2,659"
"Union School District","=""1450011""","Support services - school based administration","$0",53,2,"$0"
"Union School District","=""1450011""","Central and other support services","$21,113",53,2,"$398"
"Union School District","=""1450011""","Operation and maintenance of plant","$188,088",53,2,"$3,549"
"Union School District","=""1450011""","Student transportation services","$113,588",82,3,"$1,385"
"Union School District","=""1450011""","Food services","$0",53,2,"$0"
"Union School District","=""1450011""","Enterprise operations","$1,450",53,2,"$27"
"Union School District","=""1450011""","Minor school construction","N/A","N/A","N/A","N/A"
"Union School District","=""1450011""","Total","$1,867,958",75,1,"$24,906"
"Vernon School District","=""1460011""","Instruction","$37,732,109",3415,1,"$11,049"
"Vernon School District","=""1460011""","Support services - students","$7,311,032",3137,2,"$2,331"
"Vernon School District","=""1460011""","Support services - instruction","$3,189,256",3137,2,"$1,017"
"Vernon School District","=""1460011""","Support services - general administration","$2,873,193",3137,2,"$916"
"Vernon School District","=""1460011""","Support services - school based administration","$3,015,130",3137,2,"$961"
"Vernon School District","=""1460011""","Central and other support services","$698,369",3137,2,"$223"
"Vernon School District","=""1460011""","Operation and maintenance of plant","$6,547,700",3137,2,"$2,087"
"Vernon School District","=""1460011""","Student transportation services","$3,119,255",2414,3,"$1,292"
"Vernon School District","=""1460011""","Food services","$0",3137,2,"$0"
"Vernon School District","=""1460011""","Enterprise operations","$541,949",3137,2,"$173"
"Vernon School District","=""1460011""","Minor school construction","N/A","N/A","N/A","N/A"
"Vernon School District","=""1460011""","Total","$65,027,993",3415,1,"$19,042"
"Voluntown School District","=""1470011""","Instruction","$4,707,490",346,1,"$13,605"
"Voluntown School District","=""1470011""","Support services - students","$540,108",248,2,"$2,178"
"Voluntown School District","=""1470011""","Support services - instruction","$304,501",248,2,"$1,228"
"Voluntown School District","=""1470011""","Support services - general administration","$330,745",248,2,"$1,334"
"Voluntown School District","=""1470011""","Support services - school based administration","$271,795",248,2,"$1,096"
"Voluntown School District","=""1470011""","Central and other support services","$140,593",248,2,"$567"
"Voluntown School District","=""1470011""","Operation and maintenance of plant","$584,562",248,2,"$2,357"
"Voluntown School District","=""1470011""","Student transportation services","$565,858",384,3,"$1,474"
"Voluntown School District","=""1470011""","Food services","$0",248,2,"$0"
"Voluntown School District","=""1470011""","Enterprise operations","$36,215",248,2,"$146"
"Voluntown School District","=""1470011""","Minor school construction","N/A","N/A","N/A","N/A"
"Voluntown School District","=""1470011""","Total","$7,481,868",346,1,"$21,624"
"Wallingford School District","=""1480011""","Instruction","$77,892,336",5437,1,"$14,326"
"Wallingford School District","=""1480011""","Support services - students","$9,174,518",5299,2,"$1,731"
"Wallingford School District","=""1480011""","Support services - instruction","$4,789,137",5299,2,"$904"
"Wallingford School District","=""1480011""","Support services - general administration","$2,163,181",5299,2,"$408"
"Wallingford School District","=""1480011""","Support services - school based administration","$6,871,597",5299,2,"$1,297"
"Wallingford School District","=""1480011""","Central and other support services","$3,854,760",5299,2,"$727"
"Wallingford School District","=""1480011""","Operation and maintenance of plant","$10,824,970",5299,2,"$2,043"
"Wallingford School District","=""1480011""","Student transportation services","$6,062,508",4794,3,"$1,265"
"Wallingford School District","=""1480011""","Food services","$0",5299,2,"$0"
"Wallingford School District","=""1480011""","Enterprise operations","$1,741,584",5299,2,"$329"
"Wallingford School District","=""1480011""","Minor school construction","N/A","N/A","N/A","N/A"
"Wallingford School District","=""1480011""","Total","$123,374,591",5437,1,"$22,692"
"Waterbury School District","=""1510011""","Instruction","$189,528,275",19282,1,"$9,829"
"Waterbury School District","=""1510011""","Support services - students","$9,432,909",18630,2,"$506"
"Waterbury School District","=""1510011""","Support services - instruction","$75,391,307",18630,2,"$4,047"
"Waterbury School District","=""1510011""","Support services - general administration","$10,920,040",18630,2,"$586"
"Waterbury School District","=""1510011""","Support services - school based administration","$14,209,219",18630,2,"$763"
"Waterbury School District","=""1510011""","Central and other support services","$3,412,173",18630,2,"$183"
"Waterbury School District","=""1510011""","Operation and maintenance of plant","$17,949,471",18630,2,"$963"
"Waterbury School District","=""1510011""","Student transportation services","$19,999,756",14925,3,"$1,340"
"Waterbury School District","=""1510011""","Food services","$0",18630,2,"$0"
"Waterbury School District","=""1510011""","Enterprise operations","$14,042,338",18630,2,"$754"
"Waterbury School District","=""1510011""","Minor school construction","N/A","N/A","N/A","N/A"
"Waterbury School District","=""1510011""","Total","$354,885,488",19282,1,"$18,405"
"Waterford School District","=""1520011""","Instruction","$34,657,390",2490,1,"$13,919"
"Waterford School District","=""1520011""","Support services - students","$4,500,290",2316,2,"$1,943"
"Waterford School District","=""1520011""","Support services - instruction","$1,616,271",2316,2,"$698"
"Waterford School District","=""1520011""","Support services - general administration","$2,973,632",2316,2,"$1,284"
"Waterford School District","=""1520011""","Support services - school based administration","$2,318,807",2316,2,"$1,001"
"Waterford School District","=""1520011""","Central and other support services","$914,987",2316,2,"$395"
"Waterford School District","=""1520011""","Operation and maintenance of plant","$5,659,759",2316,2,"$2,444"
"Waterford School District","=""1520011""","Student transportation services","$2,986,344",1490,3,"$2,004"
"Waterford School District","=""1520011""","Food services","$0",2316,2,"$0"
"Waterford School District","=""1520011""","Enterprise operations","$1,144,122",2316,2,"$494"
"Waterford School District","=""1520011""","Minor school construction","N/A","N/A","N/A","N/A"
"Waterford School District","=""1520011""","Total","$56,771,603",2490,1,"$22,800"
"Watertown School District","=""1530011""","Instruction","$35,195,434",2751,1,"$12,794"
"Watertown School District","=""1530011""","Support services - students","$3,529,923",2574,2,"$1,371"
"Watertown School District","=""1530011""","Support services - instruction","$449,150",2574,2,"$174"
"Watertown School District","=""1530011""","Support services - general administration","$2,139,443",2574,2,"$831"
"Watertown School District","=""1530011""","Support services - school based administration","$3,071,711",2574,2,"$1,193"
"Watertown School District","=""1530011""","Central and other support services","$1,049,232",2574,2,"$408"
"Watertown School District","=""1530011""","Operation and maintenance of plant","$5,957,566",2574,2,"$2,315"
"Watertown School District","=""1530011""","Student transportation services","$4,312,874",2414,3,"$1,787"
"Watertown School District","=""1530011""","Food services","$0",2574,2,"$0"
"Watertown School District","=""1530011""","Enterprise operations","$0",2574,2,"$0"
"Watertown School District","=""1530011""","Minor school construction","N/A","N/A","N/A","N/A"
"Watertown School District","=""1530011""","Total","$55,705,331",2751,1,"$20,249"
"West Hartford School District","=""1550011""","Instruction","$125,068,442",9613,1,"$13,010"
"West Hartford School District","=""1550011""","Support services - students","$15,688,198",9134,2,"$1,718"
"West Hartford School District","=""1550011""","Support services - instruction","$7,949,912",9134,2,"$870"
"West Hartford School District","=""1550011""","Support services - general administration","$4,385,829",9134,2,"$480"
"West Hartford School District","=""1550011""","Support services - school based administration","$13,461,750",9134,2,"$1,474"
"West Hartford School District","=""1550011""","Central and other support services","$2,764,074",9134,2,"$303"
"West Hartford School District","=""1550011""","Operation and maintenance of plant","$16,458,975",9134,2,"$1,802"
"West Hartford School District","=""1550011""","Student transportation services","$11,318,738",5232,3,"$2,163"
"West Hartford School District","=""1550011""","Food services","$0",9134,2,"$0"
"West Hartford School District","=""1550011""","Enterprise operations","$1,931,493",9134,2,"$211"
"West Hartford School District","=""1550011""","Minor school construction","N/A","N/A","N/A","N/A"
"West Hartford School District","=""1550011""","Total","$199,027,411",9613,1,"$20,704"
"West Haven School District","=""1560011""","Instruction","$91,260,003",6791,1,"$13,438"
"West Haven School District","=""1560011""","Support services - students","$2,450,001",5902,2,"$415"
"West Haven School District","=""1560011""","Support services - instruction","$486,695",5902,2,"$82"
"West Haven School District","=""1560011""","Support services - general administration","$4,661,318",5902,2,"$790"
"West Haven School District","=""1560011""","Support services - school based administration","$3,107,828",5902,2,"$527"
"West Haven School District","=""1560011""","Central and other support services","$1,228,770",5902,2,"$208"
"West Haven School District","=""1560011""","Operation and maintenance of plant","$7,982,274",5902,2,"$1,352"
"West Haven School District","=""1560011""","Student transportation services","$6,602,720",4864,3,"$1,357"
"West Haven School District","=""1560011""","Food services","$0",5902,2,"$0"
"West Haven School District","=""1560011""","Enterprise operations","$390,166",5902,2,"$66"
"West Haven School District","=""1560011""","Minor school construction","N/A","N/A","N/A","N/A"
"West Haven School District","=""1560011""","Total","$118,169,774",6791,1,"$17,401"
"Westbrook School District","=""1540011""","Instruction","$13,496,687",622,1,"$21,699"
"Westbrook School District","=""1540011""","Support services - students","$628,412",613,2,"$1,025"
"Westbrook School District","=""1540011""","Support services - instruction","$380,048",613,2,"$620"
"Westbrook School District","=""1540011""","Support services - general administration","$667,556",613,2,"$1,089"
"Westbrook School District","=""1540011""","Support services - school based administration","$924,780",613,2,"$1,509"
"Westbrook School District","=""1540011""","Central and other support services","$222,620",613,2,"$363"
"Westbrook School District","=""1540011""","Operation and maintenance of plant","$1,677,531",613,2,"$2,737"
"Westbrook School District","=""1540011""","Student transportation services","$890,704",621,3,"$1,434"
"Westbrook School District","=""1540011""","Food services","$0",613,2,"$0"
"Westbrook School District","=""1540011""","Enterprise operations","$598,622",613,2,"$977"
"Westbrook School District","=""1540011""","Minor school construction","N/A","N/A","N/A","N/A"
"Westbrook School District","=""1540011""","Total","$19,486,960",622,1,"$31,330"
"Weston School District","=""1570011""","Instruction","$33,304,019",2206,1,"$15,097"
"Weston School District","=""1570011""","Support services - students","$4,930,813",2182,2,"$2,260"
"Weston School District","=""1570011""","Support services - instruction","$4,755,648",2182,2,"$2,179"
"Weston School District","=""1570011""","Support services - general administration","$1,059,024",2182,2,"$485"
"Weston School District","=""1570011""","Support services - school based administration","$2,733,411",2182,2,"$1,253"
"Weston School District","=""1570011""","Central and other support services","$672,065",2182,2,"$308"
"Weston School District","=""1570011""","Operation and maintenance of plant","$6,077,123",2182,2,"$2,785"
"Weston School District","=""1570011""","Student transportation services","$2,830,509",2228,3,"$1,270"
"Weston School District","=""1570011""","Food services","$0",2182,2,"$0"
"Weston School District","=""1570011""","Enterprise operations","$1,613,635",2182,2,"$740"
"Weston School District","=""1570011""","Minor school construction","N/A","N/A","N/A","N/A"
"Weston School District","=""1570011""","Total","$57,976,246",2206,1,"$26,281"
"Westport School District","=""1580011""","Instruction","$86,291,704",5393,1,"$16,001"
"Westport School District","=""1580011""","Support services - students","$11,127,184",5361,2,"$2,076"
"Westport School District","=""1580011""","Support services - instruction","$3,493,114",5361,2,"$652"
"Westport School District","=""1580011""","Support services - general administration","$2,311,390",5361,2,"$431"
"Westport School District","=""1580011""","Support services - school based administration","$8,425,062",5361,2,"$1,572"
"Westport School District","=""1580011""","Central and other support services","$3,397,133",5361,2,"$634"
"Westport School District","=""1580011""","Operation and maintenance of plant","$14,140,690",5361,2,"$2,638"
"Westport School District","=""1580011""","Student transportation services","$6,491,781",5241,3,"$1,239"
"Westport School District","=""1580011""","Food services","$0",5361,2,"$0"
"Westport School District","=""1580011""","Enterprise operations","$2,255,168",5361,2,"$421"
"Westport School District","=""1580011""","Minor school construction","N/A","N/A","N/A","N/A"
"Westport School District","=""1580011""","Total","$137,933,226",5393,1,"$25,576"
"Wethersfield School District","=""1590011""","Instruction","$48,366,069",3921,1,"$12,335"
"Wethersfield School District","=""1590011""","Support services - students","$5,254,623",3621,2,"$1,451"
"Wethersfield School District","=""1590011""","Support services - instruction","$1,711,248",3621,2,"$473"
"Wethersfield School District","=""1590011""","Support services - general administration","$567,055",3621,2,"$157"
"Wethersfield School District","=""1590011""","Support services - school based administration","$2,673,237",3621,2,"$738"
"Wethersfield School District","=""1590011""","Central and other support services","$3,674,694",3621,2,"$1,015"
"Wethersfield School District","=""1590011""","Operation and maintenance of plant","$6,956,368",3621,2,"$1,921"
"Wethersfield School District","=""1590011""","Student transportation services","$3,364,961",2264,3,"$1,486"
"Wethersfield School District","=""1590011""","Food services","$0",3621,2,"$0"
"Wethersfield School District","=""1590011""","Enterprise operations","$846,248",3621,2,"$234"
"Wethersfield School District","=""1590011""","Minor school construction","N/A","N/A","N/A","N/A"
"Wethersfield School District","=""1590011""","Total","$73,414,503",3921,1,"$18,723"
"Willington School District","=""1600011""","Instruction","$6,446,045",408,1,"$15,799"
"Willington School District","=""1600011""","Support services - students","$443,411",398,2,"$1,114"
"Willington School District","=""1600011""","Support services - instruction","$301,074",398,2,"$756"
"Willington School District","=""1600011""","Support services - general administration","$322,064",398,2,"$809"
"Willington School District","=""1600011""","Support services - school based administration","$527,537",398,2,"$1,325"
"Willington School District","=""1600011""","Central and other support services","$391,447",398,2,"$984"
"Willington School District","=""1600011""","Operation and maintenance of plant","$1,037,282",398,2,"$2,606"
"Willington School District","=""1600011""","Student transportation services","$611,425",398,3,"$1,536"
"Willington School District","=""1600011""","Food services","$0",398,2,"$0"
"Willington School District","=""1600011""","Enterprise operations","$0",398,2,"$0"
"Willington School District","=""1600011""","Minor school construction","N/A","N/A","N/A","N/A"
"Willington School District","=""1600011""","Total","$10,080,285",408,1,"$24,707"
"Wilton School District","=""1610011""","Instruction","$54,842,168",3792,1,"$14,463"
"Wilton School District","=""1610011""","Support services - students","$7,475,348",3767,2,"$1,984"
"Wilton School District","=""1610011""","Support services - instruction","$5,882,199",3767,2,"$1,562"
"Wilton School District","=""1610011""","Support services - general administration","$1,991,525",3767,2,"$529"
"Wilton School District","=""1610011""","Support services - school based administration","$4,228,334",3767,2,"$1,122"
"Wilton School District","=""1610011""","Central and other support services","$5,671,359",3767,2,"$1,506"
"Wilton School District","=""1610011""","Operation and maintenance of plant","$6,913,326",3767,2,"$1,835"
"Wilton School District","=""1610011""","Student transportation services","$4,870,705",3869,3,"$1,259"
"Wilton School District","=""1610011""","Food services","$0",3767,2,"$0"
"Wilton School District","=""1610011""","Enterprise operations","$0",3767,2,"$0"
"Wilton School District","=""1610011""","Minor school construction","N/A","N/A","N/A","N/A"
"Wilton School District","=""1610011""","Total","$91,874,965",3792,1,"$24,229"
"Winchester School District","=""1620011""","Instruction","$18,265,096",1075,1,"$16,991"
"Winchester School District","=""1620011""","Support services - students","$1,482,041",594,2,"$2,495"
"Winchester School District","=""1620011""","Support services - instruction","$83,234",594,2,"$140"
"Winchester School District","=""1620011""","Support services - general administration","$597,918",594,2,"$1,007"
"Winchester School District","=""1620011""","Support services - school based administration","$690,383",594,2,"$1,162"
"Winchester School District","=""1620011""","Central and other support services","$417,642",594,2,"$703"
"Winchester School District","=""1620011""","Operation and maintenance of plant","$1,019,621",594,2,"$1,717"
"Winchester School District","=""1620011""","Student transportation services","$1,409,334",301,3,"$4,682"
"Winchester School District","=""1620011""","Food services","$0",594,2,"$0"
"Winchester School District","=""1620011""","Enterprise operations","$0",594,2,"$0"
"Winchester School District","=""1620011""","Minor school construction","N/A","N/A","N/A","N/A"
"Winchester School District","=""1620011""","Total","$23,965,269",1075,1,"$22,293"
"Windham School District","=""1630011""","Instruction","$43,138,713",3392,1,"$12,718"
"Windham School District","=""1630011""","Support services - students","$8,159,180",3210,2,"$2,542"
"Windham School District","=""1630011""","Support services - instruction","$3,075,930",3210,2,"$958"
"Windham School District","=""1630011""","Support services - general administration","$1,003,923",3210,2,"$313"
"Windham School District","=""1630011""","Support services - school based administration","$4,548,618",3210,2,"$1,417"
"Windham School District","=""1630011""","Central and other support services","$4,553,544",3210,2,"$1,419"
"Windham School District","=""1630011""","Operation and maintenance of plant","$7,947,019",3210,2,"$2,476"
"Windham School District","=""1630011""","Student transportation services","$4,230,119",2758,3,"$1,534"
"Windham School District","=""1630011""","Food services","$0",3210,2,"$0"
"Windham School District","=""1630011""","Enterprise operations","$0",3210,2,"$0"
"Windham School District","=""1630011""","Minor school construction","N/A","N/A","N/A","N/A"
"Windham School District","=""1630011""","Total","$76,657,046",3392,1,"$22,599"
"Windsor Locks School District","=""1650011""","Instruction","$24,097,605",1672,1,"$14,412"
"Windsor Locks School District","=""1650011""","Support services - students","$2,804,343",1537,2,"$1,825"
"Windsor Locks School District","=""1650011""","Support services - instruction","$1,439,551",1537,2,"$937"
"Windsor Locks School District","=""1650011""","Support services - general administration","$592,320",1537,2,"$385"
"Windsor Locks School District","=""1650011""","Support services - school based administration","$2,074,655",1537,2,"$1,350"
"Windsor Locks School District","=""1650011""","Central and other support services","$1,071,377",1537,2,"$697"
"Windsor Locks School District","=""1650011""","Operation and maintenance of plant","$4,518,536",1537,2,"$2,940"
"Windsor Locks School District","=""1650011""","Student transportation services","$1,874,843",1215,3,"$1,543"
"Windsor Locks School District","=""1650011""","Food services","$0",1537,2,"$0"
"Windsor Locks School District","=""1650011""","Enterprise operations","$0",1537,2,"$0"
"Windsor Locks School District","=""1650011""","Minor school construction","N/A","N/A","N/A","N/A"
"Windsor Locks School District","=""1650011""","Total","$38,473,229",1672,1,"$23,010"
"Windsor School District","=""1640011""","Instruction","$48,141,003",3902,1,"$12,338"
"Windsor School District","=""1640011""","Support services - students","$7,214,988",3298,2,"$2,188"
"Windsor School District","=""1640011""","Support services - instruction","$6,031,761",3298,2,"$1,829"
"Windsor School District","=""1640011""","Support services - general administration","$0",3298,2,"$0"
"Windsor School District","=""1640011""","Support services - school based administration","$4,636,450",3298,2,"$1,406"
"Windsor School District","=""1640011""","Central and other support services","$743,307",3298,2,"$225"
"Windsor School District","=""1640011""","Operation and maintenance of plant","$7,378,592",3298,2,"$2,237"
"Windsor School District","=""1640011""","Student transportation services","$5,805,800",3603,3,"$1,611"
"Windsor School District","=""1640011""","Food services","$0",3298,2,"$0"
"Windsor School District","=""1640011""","Enterprise operations","$4,510,882",3298,2,"$1,368"
"Windsor School District","=""1640011""","Minor school construction","N/A","N/A","N/A","N/A"
"Windsor School District","=""1640011""","Total","$84,462,783",3902,1,"$21,646"
"Wolcott School District","=""1660011""","Instruction","$26,604,516",2272,1,"$11,710"
"Wolcott School District","=""1660011""","Support services - students","$2,155,944",2128,2,"$1,013"
"Wolcott School District","=""1660011""","Support services - instruction","$599,068",2128,2,"$282"
"Wolcott School District","=""1660011""","Support services - general administration","$1,048,560",2128,2,"$493"
"Wolcott School District","=""1660011""","Support services - school based administration","$2,268,484",2128,2,"$1,066"
"Wolcott School District","=""1660011""","Central and other support services","$917,957",2128,2,"$431"
"Wolcott School District","=""1660011""","Operation and maintenance of plant","$4,431,915",2128,2,"$2,083"
"Wolcott School District","=""1660011""","Student transportation services","$2,604,756",2293,3,"$1,136"
"Wolcott School District","=""1660011""","Food services","$0",2128,2,"$0"
"Wolcott School District","=""1660011""","Enterprise operations","$578,786",2128,2,"$272"
"Wolcott School District","=""1660011""","Minor school construction","N/A","N/A","N/A","N/A"
"Wolcott School District","=""1660011""","Total","$41,209,985",2272,1,"$18,138"
"Woodbridge School District","=""1670011""","Instruction","$10,551,529",855,1,"$12,341"
"Woodbridge School District","=""1670011""","Support services - students","$1,893,370",847,2,"$2,235"
"Woodbridge School District","=""1670011""","Support services - instruction","$211,200",847,2,"$249"
"Woodbridge School District","=""1670011""","Support services - general administration","$1,067,328",847,2,"$1,260"
"Woodbridge School District","=""1670011""","Support services - school based administration","$669,911",847,2,"$791"
"Woodbridge School District","=""1670011""","Central and other support services","$423,312",847,2,"$500"
"Woodbridge School District","=""1670011""","Operation and maintenance of plant","$1,423,559",847,2,"$1,681"
"Woodbridge School District","=""1670011""","Student transportation services","$789,677",777,3,"$1,016"
"Woodbridge School District","=""1670011""","Food services","$0",847,2,"$0"
"Woodbridge School District","=""1670011""","Enterprise operations","$0",847,2,"$0"
"Woodbridge School District","=""1670011""","Minor school construction","N/A","N/A","N/A","N/A"
"Woodbridge School District","=""1670011""","Total","$17,029,887",855,1,"$19,918"
"Woodstock School District","=""1690011""","Instruction","$16,910,686",1218,1,"$13,884"
"Woodstock School District","=""1690011""","Support services - students","$839,550",773,2,"$1,086"
"Woodstock School District","=""1690011""","Support services - instruction","$104,275",773,2,"$135"
"Woodstock School District","=""1690011""","Support services - general administration","$232,278",773,2,"$300"
"Woodstock School District","=""1690011""","Support services - school based administration","$746,177",773,2,"$965"
"Woodstock School District","=""1690011""","Central and other support services","$592,019",773,2,"$766"
"Woodstock School District","=""1690011""","Operation and maintenance of plant","$1,468,866",773,2,"$1,900"
"Woodstock School District","=""1690011""","Student transportation services","$1,533,488",1297,3,"$1,182"
"Woodstock School District","=""1690011""","Food services","$0",773,2,"$0"
"Woodstock School District","=""1690011""","Enterprise operations","$0",773,2,"$0"
"Woodstock School District","=""1690011""","Minor school construction","N/A","N/A","N/A","N/A"
"Woodstock School District","=""1690011""","Total","$22,427,339",1218,1,"$18,413"

