"town_code","town_name","grand_list_year","residential_net","residential_ratio","residential_equalized","apartments_net","apartments_ratio","apartments_equalized","cip_net","cip_ratio","cip_equalized","vacant_net","vacant_ratio","vacant_equalized","land_use_net","land_use_ratio","land_use_equalized","ten_mill_net","ten_mill_ratio","ten_mill_equalized","total_real_property","total_real_property_equalized","total_personal_property_mvpp","total_personal_property_ratio","total_personal_property_equalized","total_net_assessment","total_equalized"
"169","Woodstock","2024","794032250","45.64","1739772677.48","0","47.37","0.00","30562700","63.55","48092368.21","11601600","72.95","15903495.54","12704010","70.00","18148585.71","0","100.00","0.00","848900560","1821917127.00","130361260.00","70.00","186230371.43","979261820","2008147498.00"
"169","Woodstock","2023","790330740","52.73","1498825602.12","0","52.73","0","31227400","52.73","59221316.14","11747470","55.98","20985119.69","12699920","70","18142742.86","0","100","0","846005530","1597174781","132778790","70","189683985.71","978784320","1786858767"
"169","Woodstock","2022","783375640","53.7","1458800074.49","0","56.2","0","30573910","56.2","54401975.09","12708170","79.82","15921034.83","12623320","70","18033314.29","0","100","0","839281040","1547156398","127137252","70","181624645.71","966418292","1728781044"
"169","Woodstock","2021","773800975","70","1105429964.29","0","70","0","30510520","70","43586457.14","12905770","70","18436814.29","12924850","70","18464071.43","0","100","0","830142115","1185917306","119663502","70","170947860","949805617","1356865166"
"169","Woodstock","2020","590701176","48.95","1206743975.49","0","50.05","0","30205860","80.26","37635011.21","13220625","68.87","19196493.39","5128620","70","7326600","0","100","0","639256281","1270902079","101459870","70","144942671.43","740716151","1415844750"
"169","Woodstock","2019","587328096","60.07","977739463.96","0","61.11","0","30093560","61.11","49244902.63","13619800","81.63","16684797.26","4912820","70","7018314.29","0","100","0","635954276","1050687478","96193320","70","137419028.57","732147596","1188106507"
"169","Woodstock","2018","582605046","60.06","970038371.63","0","61.09","0","29652090","61.09","48538369.62","13585560","79.48","17093054.86","4938840","70","7055485.71","0","100","0","630781536","1042725281.82","94418940","70","134884200","725200476","1177609481.82"
"169","Woodstock","2017","579848046","61.3","945918508.97","0","61.67","0","29433745","61.67","47727817.42","14033400","72.53","19348407.56","4893240","70","6990342.86","0","100","0","628208431","1019985076.80","90119495","70","128742135.71","718327926","1148727212.51"
"169","Woodstock","2016","575982160","70","822831657.14","0","70","0","29783460","70","42547800","14960690","70","21372414.29","4896860","70","6995514.29","0","100","0","625623170","893747385.71","85826293","70","122608990","711449463","1016356375.71"
"169","Woodstock","2015","550849358","65.97","834999784.75","0","66.19","0","28683837","66.19","43335605.08","17323340","76.16","22745982.14","2954820","70","4221171.43","0","100","0","599811355","905302543.40","84903653","70","121290932.86","684715008","1026593476.26"
"169","Woodstock","2014","547956758","69.15","792417582","0","69.46","0","27611977","69.46","39752342","17304840","106.33","16274654","2958580","70","4226543","0","100","0","595832155","852671122","83920975","70","119887107","679753130","972558229"
"169","Woodstock","2013","544660553","67.08","811956698","0","67.08","0","27723057","67.08","41328350","17702440","81","21854864","3021950","70","4317071","0","100","0","593108000","879456983","81242761","70","116061087","674350761","995518070"
"169","Woodstock","2012","542269090","71","764728656","0","71","0","28067600","71","39404184","18028640","90","20031822","2937140","70","4195914","0","100","0","591302470","828360576","76447600","70","109210857","667750070","937571433"
"169","Woodstock","2011","540265180","70","771807400","0","70","0","27986620","70","39980885.71","18786670","70","26838100","2928070","70","4182957.14","0","100","0","589966540","842809342.86","84510003","70","120728575.71","674476543","963537918.57"
"168","Woodbury","2024","1153092980","55.13","2091588935.24","30117420","54.56","55200549.85","86884050","44.66","194545566.50","14890260","40.00","37225650.00","9491790","70.00","13559700.00","0","100.00","0.00","1294476500","2392120402.00","174164242.00","70.00","248806060.00","1468640742","2640926462.00"
"168","Woodbury","2023","1148680130","70","1640971614.29","30048120","70","42925885.71","86415310","70","123450442.86","15741740","70","22488200","9526590","70","13609414.29","0","100","0","1290411890","1843445557","170216226","70","243166037.14","1460628116","2086611594"
"168","Woodbury","2022","832110420","45.71","1820412207.39","22454140","45.71","49123036.53","81633346","57.25","142590997.38","15473080","48.97","31597059.42","9046340","70","12923342.86","0","100","0","960717326","2056646643","167219273","70","238884675.71","1127936599","2295531319"
"168","Woodbury","2021","827142050","48.36","1710384718.78","22090140","49.1","44990101.83","81840716","58.71","139398255.83","15699380","51.31","30597115.57","9473710","70","13533871.43","0","100","0","956245996","1938904064","164782821","70","235404030","1121028817","2174308094"
"168","Woodbury","2020","821259410","56.12","1463398806.13","22267670","41.25","53982230.30","82616194","56.08","147318462.91","16416930","51.07","32145936.95","9544090","70","13634414.29","0","100","0","952104294","1710479850","138985629","70","198550898.57","1091089923","1909030749"
"168","Woodbury","2019","818103190","66.42","1231712119.84","21858850","66.7","32771889.06","81751086","50.27","162624002.39","18231310","75.22","24237317.20","9808470","70","14012100","0","100","0","949752906","1465357428","125906398","70","179866282.86","1075659304","1645223711"
"168","Woodbury","2018","813737140","70","1162481628.57","17919590","70","25599414.29","86060076","70","122942965.71","18923320","70","27033314.29","10256210","70","14651728.57","0","100","0","946896336","1352709051.43","119563276","70","170804680","1066459612","1523513731.43"
"168","Woodbury","2017","906765245","75.36","1203244751.86","13205620","75.74","17435463.43","88723876","75.74","117142693.42","23473840","86.88","27018692.45","2579560","70","3685085.71","0","100","0","1034748141","1368526686.87","117719206","70","168170294.29","1152467347","1536696981.16"
"168","Woodbury","2016","903577470","74.32","1215793151.24","13112480","38.95","33664903.72","87855841","82.88","106003669.16","23411810","85.81","27283311.97","2600220","70","3714600","0","100","0","1030557821","1386459636.09","114519885","70","163599835.71","1145077706","1550059471.80"
"168","Woodbury","2015","898468390","74.23","1210384467.20","13112480","74.23","17664663.88","88446611","74.23","119152109.66","24104500","78.37","30757305.09","2681680","70","3830971.43","0","100","0","1026813661","1381789517.26","111291670","70","158988100","1138105331","1540777617.26"
"168","Woodbury","2014","895762700","74.52","1202043344","13112480","73.88","17748349","88022545","64.11","137299243","24243880","73.88","32815214","2688780","70","3841114","0","100","0","1023830385","1393747264","108503663","70","155005233","1132334048","1548752497"
"168","Woodbury","2013","892965600","70","1275665143","13013910","70","18591300","88254650","70","126078071","22723030","70","32461471","2707370","70","3867671","0","100","0","1019664560","1456663657","107549658","70","153642369","1127214218","1610306026"
"168","Woodbury","2012","991925060","84","1184954080","13676760","84","16291555","90422990","84","107710530","34325830","118","29077366","2976140","70","4251629","0","100","0","1133326780","1342285158","104560006","70","149371437","1237886786","1491656595"
"168","Woodbury","2011","987665010","84.17","1173416906.26","13866142","83.74","16558564.60","89308010","83.74","106649164.08","33267690","84.92","39175329.72","2990530","70","4272185.71","0","100","0","1127097382","1340072150.38","104282995","70","148975707.14","1231380377","1489047857.52"
"167","Woodbridge","2024","1419042998","70.00","2027204282.86","1702610","70.00","2432300.00","87739700","70.00","125342428.57","11118910","70.00","15884157.14","1798500","70.00","2569285.71","0","100.00","0.00","1521402718","2173432455.00","145474999.00","70.00","207821427.14","1666877717","2381253882.00"
"167","Woodbridge","2023","902187527","41.39","2179723428.36","1269420","41.39","3066972.70","70477050","41.39","170275549.65","10226960","40.01","25561009.75","1863540","70","2662200","0","100","0","986024497","2381289161","158709764","70","226728234.29","1144734261","2608017395"
"167","Woodbridge","2022","897731169","43.98","2041225941.34","752730","44.07","1708032.68","71044425","44.07","161208134.79","11002750","44.07","24966530.52","1869320","70","2670457.14","0","100","0","982400394","2231779097","164347503","70","234782147.14","1146747897","2466561244"
"167","Woodbridge","2021","892830353","48.26","1850042173.64","838950","48.62","1725524.48","70766610","58.73","120494823.77","10971450","50.42","21760115.03","1871800","70","2674000","0","100","0","977279163","1996696637","157854850","70","225506928.57","1135134013","2222203566"
"167","Woodbridge","2020","889536593","58.45","1521876121.47","801570","58.98","1359053.92","71378510","58.98","121021549.68","11961250","67.9","17615979.38","1856160","70","2651657.14","0","100","0","975534083","1664524361","139774090","70","199677271.43","1115308173","1864201632"
"167","Woodbridge","2019","887683330","70","1268119042.86","801570","70","1145100","71515990","70","102165700","12229070","70","17470100","1856600","70","2652285.71","0","100","0","974086560","1391552229","137189549","70","195985070","1111276109","1587537299"
"167","Woodbridge","2018","927787580","70.96","1307479678.69","819490","71.39","1147905.87","76106100","70.18","108444143.63","12572700","152.22","8259558.53","1864360","70","2663371.43","0","100","0","1019150230","1427994658.15","137434316","70","196334737.14","1156584546","1624329395.30"
"167","Woodbridge","2017","924361620","66.06","1399275840.15","819490","65.85","1244479.88","73857770","63.3","116678941.55","12916610","65.85","19615201.21","1865750","70","2665357.14","0","100","0","1013821240","1539479819.93","137871243","70","196958918.57","1151692483","1736438738.50"
"167","Woodbridge","2016","920710860","68.04","1353190564.37","819490","68.06","1204069.94","75800760","84.86","89324487.39","12788370","63.17","20244372.33","1874840","70","2678342.86","0","100","0","1011994320","1466641836.89","130499350","70","186427642.86","1142493670","1653069479.75"
"167","Woodbridge","2015","916409440","68.89","1330250312.09","819490","68.86","1190081.32","75968840","68.86","110323613.13","13170290","68.86","19126183.56","1953980","70","2791400","0","100","0","1008322040","1463681590.11","130861830","70","186945471.43","1139183870","1650627061.53"
"167","Woodbridge","2014","913324730","70","1304749614","819490","70","1170700","83755570","70","119650814","13218170","70","18883100","2445030","70","3492900","0","100","0","1013562990","1447947129","132342730","70","189061043","1145905720","1637008171"
"167","Woodbridge","2013","975148450","73.66","1323850733","927080","73.75","1257058","78208630","73.75","106045600","14109200","80.22","17588133","1973840","70","2819771","0","100","0","1070367200","1451561295","132343900","70","189062714","1202711100","1640624009"
"167","Woodbridge","2012","972654600","71","1368971992","924980","71","1301872","77477260","71","109046108","14846340","71","20895623","1960360","70","2800514","0","100","0","1067863540","1503016109","133579640","70","190828057","1201443180","1693844166"
"167","Woodbridge","2011","968770580","73.93","1310388989.58","924980","73.61","1256595.57","77912390","73.61","105844844.45","14266810","73.61","19381619.35","2156050","70","3080071.43","0","100","0","1064030810","1439952120.38","134166440","70","191666342.86","1198197250","1631618463.24"
"166","Wolcott","2024","1117107155","45.94","2431665552.90","9734600","46.52","20925623.39","88099800","46.52","189380481.51","19880070","71.05","27980394.09","681530","70.00","973614.29","0","100.00","0.00","1235503155","2670925666.00","229961091.00","70.00","328515844.29","1465464246","2999441510.00"
"166","Wolcott","2023","1116540625","48.55","2299774716.79","9201340","48.97","18789748.83","87618310","59.14","148154058.17","21074340","47.75","44134743.46","660310","70","943300","0","100","0","1235094925","2511796567","229694000","70","328134285.71","1464788925","2839930853"
"166","Wolcott","2022","1113235387","53.97","2062692953.49","9037070","54.3","16642854.51","87247100","69.6","125355028.74","21459650","74.01","28995608.70","657580","70","939400","0","100","0","1231636787","2234625846","240192242","70","343131774.29","1471829029","2577757620"
"166","Wolcott","2021","1108678537","70","1583826481.43","9037070","70","12910100","85052210","70","121503157.14","22312550","70","31875071.43","656240","70","937485.71","0","100","0","1225736607","1751052295","232585472","70","332264960","1458322079","2083317255"
"166","Wolcott","2020","975307550","58.77","1659533010.04","8643120","59","14649355.93","80172012","60.84","131775167.65","21508698","67.04","32083380.07","434540","70","620771.43","0","100","0","1086065920","1838661685","187463129","70","267804470","1273529049","2106466155"
"166","Wolcott","2019","970800590","64.85","1496993970.70","7384020","64.85","11386306.86","78991080","62.28","126832177.26","21646870","72.3","29940345.78","434590","70","620842.86","0","100","0","1079257150","1665773644","177152185","70","253074550","1256409335","1918848194"
"166","Wolcott","2018","965418230","67.77","1424650389.23","7226800","67.34","10732322.18","78769150","58.39","134907146.63","22277190","67.34","33083242.97","466600","70","666571.43","0","100","0","1074157970","1604039672.43","168676380","70","240966257.14","1242834350","1845005929.57"
"166","Wolcott","2017","959484630","66.92","1433778586.37","7226800","66.84","10812088.57","78013350","66.84","116716561.94","23068580","66.84","34513135.85","470260","70","671800","0","100","0","1068263620","1596492172.73","167000089","70","238571555.71","1235263709","1835063728.44"
"166","Wolcott","2016","954370830","70","1363386900","7159350","70","10227642.86","76660140","70","109514485.71","24487850","70","34982642.86","451990","70","645700","0","100","0","1063130160","1518757371.43","164942114","70","235631591.43","1228072274","1754388962.86"
"166","Wolcott","2015","1011204000","68.63","1473413958.91","7186360","68.17","10541821.92","78779450","77.17","102085590.26","25470400","51.3","49649902.53","274860","70","392657.14","0","100","0","1122915070","1636083930.76","161035445","70","230050635.71","1283950515","1866134566.47"
"166","Wolcott","2014","1005862450","69.85","1440032140","6885400","69.82","9861644","78696650","69.82","112713621","25825020","68.52","37689755","274940","70","392771","0","100","0","1117544460","1600689932","154729707","70","221042439","1272274167","1821732370"
"166","Wolcott","2013","1002801870","70","1432574100","6152030","70","8788614","77949880","70","111356971","26645920","70","38065600","342000","70","488571","0","100","0","1113891700","1591273857","152818215","70","218311736","1266709915","1809585593"
"166","Wolcott","2012","999743210","68","1463538589","6045690","68","8877665","78302250","64","123058699","27152300","68","39871219","337230","70","481757","0","100","0","1111580680","1635827929","147417024","70","210595749","1258997704","1846423677"
"166","Wolcott","2011","996830230","70","1424043185.71","5795650","70","8279500","78290370","70","111843385.71","27672650","70","39532357.14","336050","70","480071.43","0","100","0","1108924950","1584178500","147375880","70","210536971.43","1256300830","1794715471.43"
"165","Windsor Locks","2024","801886054","51.49","1557362699.55","29604060","51.49","57494775.68","439169212","39.79","1103717547.12","26018560","60.62","42920752.23","211070","70.00","301528.57","0","100.00","0.00","1296888956","2761797304.00","525325387.00","70.00","750464838.57","1822214343","3512262143.00"
"165","Windsor Locks","2023","598975680","40.49","1479317559.89","20863770","40.51","51502764.75","414884548","53.34","777811301.09","21003720","40.51","51848235","180070","70","257242.86","0","100","0","1055907788","2360737104","498464069","70","712091527.14","1554371857","3072828631"
"165","Windsor Locks","2022","598349570","45.64","1311020092.02","22358140","46.06","48541337.39","416785984","55.51","750830452.17","21352020","68.4","31216403.51","180070","70","257242.86","0","100","0","1059025784","2141865528","521925952","70","745608502.86","1580951736","2887474031"
"165","Windsor Locks","2021","595368810","48.7","1222523223.82","25651400","48.94","52413976.30","410160080","68.1","602290866.37","20876670","48.94","42657682.88","499960","70","714228.57","0","100","0","1052556920","1920599978","439217770","70","627453957.14","1491774690","2548053935"
"165","Windsor Locks","2020","594534240","54.51","1090688387.45","18212390","54.73","33276795.18","408009743","67.74","602317305.88","21308630","54.73","38934094.65","316980","70","452828.57","0","100","0","1042381983","1765669412","414433683","70","592048118.57","1456815666","2357717531"
"165","Windsor Locks","2019","593788515","62.05","956951676.07","18595500","62.06","29963744.76","397342548","60.4","657851900.66","21102340","101.57","20776154.38","316980","70","452828.57","0","100","0","1031145883","1665996305","451127583","70","644467975.71","1482273466","2310464281"
"165","Windsor Locks","2018","593206010","70","847437157.14","18798220","70","26854600","402844202","70","575491717.14","20685980","70","29551400","339430","70","484900","0","100","0","1035873842","1479819774.29","426706137","70","609580195.71","1462579979","2089399970"
"165","Windsor Locks","2017","571073597","62.73","910367602.42","12232900","62.73","19500876.77","311612954","51.17","608975872.58","16525253","62.73","26343460.86","213645","70","305207.14","0","100","0","911658349","1565493019.79","373233552","70","533190788.57","1284891901","2098683808.36"
"165","Windsor Locks","2016","567138400","64.34","881470935.65","12232900","64.19","19057329.80","304821376","57.73","528012083.84","13840312","64.19","21561476.87","308445","70","440635.71","0","100","0","898341433","1450542461.87","315076823","70","450109747.14","1213418256","1900652209.02"
"165","Windsor Locks","2015","561259730","64.72","867212190.98","12232900","64.72","18901267","284487181","64.72","439566101.67","17207953","64.72","26588308.10","317335","70","453335.71","0","100","0","875505099","1352721203.45","385147109","70","550210155.71","1260652208","1902931359.17"
"165","Windsor Locks","2014","559390090","69.18","808600882","12232900","68.92","17749420","284211861","68.92","412379369","17614753","68.92","25558260","313700","70","448143","0","100","0","873763304","1264736073","304451943","70","434931347","1178215247","1699667421"
"165","Windsor Locks","2013","558135790","70","797336843","12232900","70","17475571","286858900","70","409798429","18452240","70","26360343","313300","70","447571","0","100","0","875993130","1251418757","342983891","70","489976987","1218977021","1741395744"
"165","Windsor Locks","2012","637816810","75","851899038","14995700","75","20104169","318998940","60","535053573","0","75","0","149980","70","214257","0","100","0","971961430","1407271038","298510519","70","426443599","1270471949","1833714636"
"165","Windsor Locks","2011","632420440","74.65","847180763.56","14995700","74.57","20109561.49","308814390","68.84","448597312.61","0","74.57","0","149980","70","214257.14","0","100","0","956380510","1316101894.80","197749004","70","282498577.14","1154129514","1598600471.94"
"164","Windsor","2024","2279801960","59.06","3860145546.90","79296770","59.06","134264764.65","1182521550","50.87","2324595144.49","39139800","79.20","49418939.39","3227160","70.00","4610228.57","0","100.00","0.00","3583987240","6373034624.00","1003174797.00","70.00","1433106852.86","4587162037","7806141477.00"
"164","Windsor","2023","1900266721","50.56","3758438926.03","75830160","50.57","149950879.97","994012712","58.1","1710865253.01","41648180","74.21","56122059.02","3381320","70","4830457.14","0","100","0","3015139093","5680207575","942858896","70","1346941280","3957997989","7027148855"
"164","Windsor","2022","1535327830","46.33","3313895596.81","48140841","46.51","103506430.88","1036403051","53.33","1943377181.70","41040804","63.39","64743341.22","2536520","70","3623600","0","100","0","2663449046","5429146151","907735330","70","1296764757.14","3571184376","6725910908"
"164","Windsor","2021","1529130087","48.69","3140542384.47","48913284","48.93","99965836.91","962554187","58.24","1652737271.63","30414090","57.26","53115770.17","2671900","70","3817000","0","100","0","2573683548","4950178263","751600346","70","1073714780","3325283894","6023893043"
"164","Windsor","2020","1521664256","54.85","2774228360.98","43317050","54.96","78815593.16","880661565","67.87","1297571187.56","44490530","54.96","80950746","2671900","70","3817000","0","100","0","2492805301","4235382888","732269934","70","1046099905.71","3225075235","5281482794"
"164","Windsor","2019","1517566863","62.19","2440210424.51","34915573","62.23","56107300.34","870008072","48.15","1806870346.83","24326771","75.52","32212355.67","2887040","70","4124342.86","0","100","0","2449704319","4339524771","720136071","70","1028765815.71","3169840390","5368290587"
"164","Windsor","2018","1511314510","70","2159020728.57","28843080","70","41204400","846694624","70","1209563748.57","24088400","70","34412000","2961070","70","4230100","0","100","0","2413901684","3448430977.14","694598038","70","992282911.43","3108499722","4440713888.57"
"164","Windsor","2017","1432872210","61.66","2323827781.38","26756870","61.89","43232945.55","787331917","70.01","1124599224.40","23745960","61.89","38368007.76","3431960","70","4902800","0","100","0","2274138917","3534930759.08","688567180","70","983667400","2962706097","4518598159.08"
"164","Windsor","2016","1428970810","64.36","2220277827.84","22604820","64.42","35089754.73","765226922","74.83","1022620502.47","23864120","64.42","37044582.43","3482290","70","4974700","0","100","0","2244148962","3320007367.48","645750311","70","922500444.29","2889899273","4242507811.76"
"164","Windsor","2015","1424679420","65.34","2180409274.56","16586430","65.23","25427610","793531917","63.89","1242028356.55","25415530","65.23","38962946.50","3738700","70","5341000","0","100","0","2263951997","3492169187.61","663522058","70","947888654.29","2927474055","4440057841.89"
"164","Windsor","2014","1419720400","66.1","2147837216","16605260","66.14","25106229","746126377","66.14","1128101568","24422020","66.14","36924735","3749060","70","5355800","0","100","0","2210623117","3343325549","640999666","70","915713809","2851622783","4259039357"
"164","Windsor","2013","1415007626","70","2021439466","16605260","70","23721800","704676882","70","1006681260","26291930","70","37559900","3588340","70","5126200","0","100","0","2166170038","3094528626","667403130","70","953433043","2833573168","4047961669"
"164","Windsor","2012","1632875039","76","2155041625","16360484","76","21575213","724613273","78","933659674","19816510","76","26132810","3597440","70","5139200","0","100","0","2397262746","3141548522","619228730","70","884612471","3016491476","4026160993"
"164","Windsor","2011","1575392541","75.04","2099403706.02","16376696","75.04","21823955.22","658190414","68.29","963816684.73","19202939","75.04","25590270.52","3816750","70","5452500","0","100","0","2272979340","3116087116.50","637049073","70","910070104.29","2910028413","4026157220.78"
"163","Windham","2024","809306557","54.21","1492910084.86","0","52.21","0.00","321135505","54.95","584414021.84","17984150","72.39","24843417.60","1717723","70.00","2453890.00","0","100.00","0.00","1150143935","2104621415.00","244487560.00","70.00","349267942.86","1394631495","2453889358.00"
"163","Windham","2023","811346870","70","1159066957.14","0","70","0","318611700","70","455159571.43","18133160","70","25904514.29","1653670","70","2362385.71","0","100","0","1149745400","1642493428","245409130","70","350584471.43","1395154530","1993077899"
"163","Windham","2022","495722925","40.06","1237451135.80","0","44.68","0","275726544","54.1","509660894.64","15767310","55.43","28445444.71","993710","70","1419585.71","0","100","0","788210489","1776977062","249683370","70","356690528.57","1037893859","2133667591"
"163","Windham","2021","495224295","45.24","1094660245.36","0","54.28","0","273741430","53.91","507774865.52","15852110","75.9","20885520.42","962260","70","1374657.14","0","100","0","785780095","1624695288","225214510","70","321735014.29","1010994605","1946430302"
"163","Windham","2020","494573820","51.95","952018902.79","0","58.2","0","267983799","63.5","422021730.71","15902200","90.58","17555972.62","946280","70","1351828.57","0","100","0","779406099","1392948436","192543610","70","275062300","971949709","1668010736"
"163","Windham","2019","493189450","61.12","806919911.65","0","61.43","0","263949860","71.76","367823104.79","16188280","67.25","24071791.82","933920","70","1334171.43","0","100","0","774261510","1200148980","187482830","70","267832614.29","961744340","1467981594"
"163","Windham","2018","492655210","70","703793157.14","0","70","0","261716236","70","373880337.14","15974630","70","22820900","956720","70","1366742.86","0","100","0","771302796","1101861137.14","179560170","70","256514528.57","950862966","1358375665.71"
"163","Windham","2017","453951420","62.01","732061635.22","53683230","62.25","86238120.48","167326487","58.99","283652291.91","24316600","67.64","35950029.57","9230250","70","13186071.43","0","100","0","708507987","1151088148.61","185173150","70","264533071.43","893681137","1415621220.04"
"163","Windham","2016","452866020","65.72","689084023.13","54655100","81.53","67036796.27","164318538","70.77","232186714.71","24282040","86.2","28169419.95","9356330","70","13366185.71","0","100","0","705478028","1029843139.78","182924830","70","261321185.71","888402858","1291164325.49"
"163","Windham","2015","451279620","67.54","668166449.51","59118060","67.12","88078158.52","167618439","60.6","276598084.16","19542360","62.86","31088705.06","9255730","70","13222471.43","0","100","0","706814209","1077153868.68","175427580","70","250610828.57","882241789","1327764697.25"
"163","Windham","2014","449460150","68.78","653475065","23416830","115.36","20298916","166626009","62.58","266260801","55698620","101.25","55010983","9248200","70","13211714","0","100","0","704449809","1008257479","174008740","70","248583914","878458549","1256841394"
"163","Windham","2013","449473990","70","642105700","59668560","70","85240800","166729815","70","238185450","18017720","70","25739600","9229000","70","13184286","0","100","0","703119085","1004455836","158630686","70","226615266","861749771","1231071101"
"163","Windham","2012","553132995","84","657708674","0","83","0","167776670","83","201533538","76696130","80","96146584","10883590","70","15547986","0","100","0","808489385","970936781","154427490","70","220610700","962916875","1191547481"
"163","Windham","2011","549334535","80.1","685810905.12","3533250","80.27","4401706.74","157029700","83.29","188533677.51","76083070","80.27","94783941.70","11045270","70","15778957.14","0","100","0","797025825","989309188.21","151363730","70","216233900","948389555","1205543088.21"
"162","Winchester","2024","730200161","51.84","1408565125.39","22867810","52.75","43351298.58","93941680","58.49","160611523.34","20008240","112.14","17842197.25","2239180","70.00","3198828.57","0","100.00","0.00","869257071","1633568973.00","153829507.00","70.00","219756438.57","1023086578","1853325412.00"
"162","Winchester","2023","728964174","53.79","1355203892.92","20159860","54.6","36922820.51","98819350","54.66","180789151.12","21147434","103.43","20446131.68","2551050","70","3644357.14","0","100","0","871641868","1597006354","154468643","70","220669490","1026110511","1817675844"
"162","Winchester","2022","731402201","70","1044860287.14","20159860","70","28799800","98176470","70","140252100","21237410","70","30339157.14","2605660","70","3722371.43","0","100","0","873581601","1247973715","157166491","70","224523558.57","1030748092","1472497274"
"162","Winchester","2021","515908815","47.66","1082477580.78","15060640","47.98","31389412.26","75354905","55.88","134851297.42","15593010","47.98","32498978.74","1304865","70","1864092.86","0","100","0","623222235","1283081362","156112301","70","223017572.86","779334536","1506098935"
"162","Winchester","2020","513041800","50.93","1007346946.79","17163580","51.23","33502986.53","71701172","51.29","139795617.08","15522320","64.16","24193142.14","1352650","70","1932357.14","0","100","0","618781522","1206771050","118604602","70","169435145.71","737386124","1376206196"
"162","Winchester","2019","512679800","63.13","812101694.92","17152870","64.09","26763722.89","70010182","84.5","82852286.39","15185630","150.64","10080742.17","1354990","70","1935700","0","100","0","616383472","933734146","112424049","70","160605784.29","728807521","1094339930"
"162","Winchester","2018","510154050","67.34","757579521.83","17152870","67.21","25521306.35","70523212","62.35","113108599.84","15615450","121.88","12812151.30","1350380","70","1929114.29","0","100","0","614795962","910950693.60","105685047","70","150978638.57","720481009","1061929332.18"
"162","Winchester","2017","509446510","70","727780728.57","17157420","70","24510600","70050670","70","100072385.71","15922250","70","22746071.43","1361030","70","1944328.57","0","100","0","613937880","877054114.29","100408032","70","143440045.71","714345912","1020494160"
"162","Winchester","2016","494666440","69.73","709402610.07","15886850","69.87","22737727.21","69224870","77.93","88829552.16","16058000","63.44","25312105.93","868140","70","1240200","0","100","0","596704300","847522195.36","116156316","70","165937594.29","712860616","1013459789.65"
"162","Winchester","2015","493983090","68.6","720091967.93","15886850","68.08","23335561.10","69268340","54.15","127919372.11","15907470","70.18","22666671.42","1017960","70","1454228.57","0","100","0","596063710","895467801.14","97839888","70","139771268.57","693903598","1035239069.71"
"162","Winchester","2014","493478490","74.69","660702223","15886850","76.7","20712973","68176788","70.49","96718383","15475280","140.58","11008166","1022940","70","1461343","0","100","0","594040348","790603087","98712539","70","141017913","692752887","931621000"
"162","Winchester","2013","492673970","72.67","677960603","15450680","72.67","21261428","67973648","72.67","93537427","16312520","72.93","22367366","1019680","70","1456686","0","100","0","593430498","816583509","97649483","70","139499261","691079981","956082771"
"162","Winchester","2012","491791845","70","702559779","14461580","70","20659400","68658210","70","98083157","16595440","70","23707771","1015810","70","1451157","0","100","0","592522885","846461264","95995845","70","137136921","688518730","983598186"
"162","Winchester","2011","609639135","88.87","685989799.71","15850450","88.8","17849605.86","74621190","67.46","110615461.01","25712660","86.48","29732493.06","1263420","70","1804885.71","0","100","0","727086855","845992245.35","91282029","70","130402898.57","818368884","976395143.92"
"161","Wilton","2024","4374337980","54.58","8014543752.29","132724830","54.55","243308579.29","655216270","42.68","1535183388.00","27688470","54.55","50757965.17","10281500","70.00","14687857.14","0","100.00","0.00","5200249050","9858481541.00","575560779.00","70.00","822229684.29","5775809829","10680711225.00"
"161","Wilton","2023","4352081926","70","6217259894.29","81852890","70","116932700","654395770","70","934851100","32245920","70","46065600","10261990","70","14659985.71","0","100","0","5130838496","7329769280","566745142","70","809635917.14","5697583638","8139405197"
"161","Wilton","2022","3210047198","48.54","6613199831.07","48359290","49.08","98531560.72","625974780","83.82","746808375.09","21861500","49.08","44542583.54","8564660","70","12235228.57","0","100","0","3914807428","7515317580","523291758","70","747559654.29","4438099186","8262877234"
"161","Wilton","2021","3198530118","52.48","6094760133.38","47180070","52.67","89576741.98","621699317","76.2","815878368.77","22826170","88.97","25656030.12","8568040","70","12240057.14","0","100","0","3898803715","7038111331","492470320","70","703529028.57","4391274035","7741640360"
"161","Wilton","2020","3191041668","59.96","5321950747.16","47180070","60.26","78294175.24","623123978","100.61","619345967.60","23011040","75.55","30458027.80","8566210","70","12237442.86","0","100","0","3892922966","6062286361","436204674","70","623149534.29","4329127640","6685435895"
"161","Wilton","2019","3182951657","69.84","4557490917.81","47705070","69.95","68198813.44","604966287","69.95","864855306.65","22870760","89.17","25648491.65","8561580","70","12230828.57","0","100","0","3867055354","5528424359","416268633","70","594669475.71","4283323987","6123093835"
"161","Wilton","2018","3173839610","70","4534056585.71","48126540","70","68752200","578962826","70","827089751.43","24087990","70","34411414.29","8548620","70","12212314.29","0","100","0","3833565586","5476522265.71","412461250","70","589230357.14","4246026836","6065752622.86"
"161","Wilton","2017","3276330270","67.97","4820259335","25441150","68.16","37325630.87","597806560","81.88","730100830.48","31563970","79.45","39728093.14","412290","70","588985.71","0","100","0","3931554240","5628002875.21","407625704","70","582322434.29","4339179944","6210325309.49"
"161","Wilton","2016","3261657720","67.14","4857994816.80","26994690","67.71","39868099.25","594329880","107.16","554619148.94","32468940","67.71","47952946.39","421320","70","601885.71","0","100","0","3915872550","5501036897.09","398398170","70","569140242.86","4314270720","6070177139.94"
"161","Wilton","2015","3249118620","65.49","4961243884.56","23384010","65.64","35624634.37","600547350","61.61","974756289.56","32873610","65.64","50081672.76","421320","70","601885.71","0","100","0","3906344910","6022308366.97","397456990","70","567795700","4303801900","6590104066.97"
"161","Wilton","2014","3229210830","62.44","5171702162","20658120","63.59","32486429","609709740","84.03","725585791","35038640","110.37","31746525","444650","70","635214","0","100","0","3895061980","5962156121","401328070","70","573325814","4296390050","6535481935"
"161","Wilton","2013","3206430690","64.3","4986672924","20658120","64.31","32122718","604815190","51.96","1164001520","35451920","69.67","50885489","444650","70","635214","0","100","0","3867800570","6234317865","398039480","70","568627829","4265840050","6802945694"
"161","Wilton","2012","3185678440","70","4550969200","19205270","70","27436100","603177220","70","861681743","39010720","70","55729600","455640","70","650914","0","100","0","3847527290","5496467557","390559020","70","557941457","4238086310","6054409014"
"161","Wilton","2011","3986467150","84.75","4703796047.20","19432280","84.57","22977746.25","685503840","84.57","810575665.13","49353220","75.46","65403153.99","422700","70","603857.14","0","100","0","4741179190","5603356469.70","371964610","70","531378014.29","5113143800","6134734483.99"
"160","Willington","2024","437323540","70.00","624747914.29","45759200","70.00","65370285.71","64842640","70.00","92632342.86","11268900","70.00","16098428.57","3266812","70.00","4666874.29","38400","100.00","38400.00","562499492","803554246.00","92514102.00","70.00","132163002.86","655013594","935717249.00"
"160","Willington","2023","298855963","41.8","714966418.66","22092937","40.34","54766824.49","57047440","59.13","96477997.63","7682790","69.47","11059147.83","2208312","70","3154731.43","38400","100","38400","387925842","880463520","98711975","70","141017107.14","486637817","1021480627"
"160","Willington","2022","296224650","47.7","621016037.74","22110640","48.13","45939414.09","56607518","48.13","117613791.81","8165110","53.27","15327782.99","2214262","70","3163231.43","37770","100","37770","385359950","803098028","96398823","70","137712604.29","481758773","940810632"
"160","Willington","2021","292691311","52.3","559639217.97","21647940","41.92","51641078.24","50855168","51.84","98100246.91","9114360","73.69","12368516.76","2173022","70","3104317.14","0","100","0","376481801","724853377","88748879","70","126784112.86","465230680","851637490"
"160","Willington","2020","289585624","58.68","493499700.07","20461780","58.65","34887945.44","50814438","58.65","86640132.99","9208150","52.61","17502661.09","2159532","70","3085045.71","37770","100","37770","372267294","635653255","75931355","70","108473364.29","448198649","744126619"
"160","Willington","2019","289316006","64.45","448899931.73","20461780","64.91","31523309.20","52768980","64.91","81295609.31","9498970","64.91","14634062.55","2200442","70","3143488.57","0","100","0","374246178","579496402","70805190","70","101150271.43","445051368","680646673"
"160","Willington","2018","290619248","70","415170354.29","22548350","70","32211928.57","49977478","70","71396397.14","9001690","70","12859557.14","2654282","70","3791831.43","0","100","0","374801048","535430068.57","66759600","70","95370857.14","441560648","630800925.71"
"160","Willington","2017","290641788","66.41","437647625.36","24145250","67.07","36000074.55","48094528","67.07","71707958.85","11125020","91.06","12217241.38","1653620","70","2362314.29","11230","100","11230","375671436","559946444.42","64649765","70","92356807.14","440321201","652303251.56"
"160","Willington","2016","292957890","68.26","429179446.24","22306270","68.26","32678391.44","47682310","68.26","69853955.46","11132400","68.26","16308819.22","1648020","70","2354314.29","11230","100","11230","375738120","550386156.65","62248230","70","88926042.86","437986350","639312199.51"
"160","Willington","2015","296083730","73.29","403989261.84","22665741","73.29","30926103.15","47842930","65.42","73131962.70","11163920","73.29","15232528.31","1639270","70","2341814.29","11230","100","11230","379406821","525632900.29","62530171","70","89328815.71","441936992","614961716"
"160","Willington","2014","295811440","71.51","413664439","22705130","71.74","31649192","47384570","71.74","66050418","11738620","71.74","16362727","1631610","70","2330871","11230","100","11230","379282600","530068876","59926290","70","85608986","439208890","615677862"
"160","Willington","2013","294846180","70","421208829","22737750","70","32482500","45848880","70","65498400","11611790","70","16588271","1635190","70","2335986","11230","100","11230","376691020","538125216","57154784","70","81649691","433845804","619774907"
"160","Willington","2012","331991950","77","431999935","22378570","78","28617097","55184520","78","70568440","13530360","78","17302251","1617220","70","2310314","11220","100","11220","424713840","550809257","54954949","70","78507070","479668789","629316327"
"160","Willington","2011","330899470","82.22","402456178.55","22378570","81.95","27307589.99","54919930","81.95","67016388.04","14157020","66.03","21440284.72","1580690","70","2258128.57","11220","100","11220","423946900","520489789.87","55190725","70","78843892.86","479137625","599333682.73"
"159","Wethersfield","2024","1930349456","45.09","4281103251.28","136374970","45.12","302249490.25","245215993","53.96","454440313.19","7620530","44.30","17202099.32","367940","70.00","525628.57","0","100.00","0.00","2319928889","5055520782.00","359726320.00","70.00","513894742.86","2679655209","5569415525.00"
"159","Wethersfield","2023","1717303610","43.11","3983538877.29","103049800","43.16","238762279.89","264609356","49.76","531771213.83","5966980","43.16","13825254.87","301920","70","431314.29","0","100","0","2091231666","4768328940","362796939","70","518281341.43","2454028605","5286610281"
"159","Wethersfield","2022","1714832120","46.66","3675165280.75","103731350","46.77","221790357.07","264826086","63.97","413984814.76","6698680","46.77","14322599.96","301930","70","431328.57","0","100","0","2090390166","4325694382","365637123","70","522338747.14","2456027289","4848033129"
"159","Wethersfield","2021","1718021110","52.58","3267442202.36","85271220","52.74","161682252.56","271408121","61.01","444858418.29","7110820","52.74","13482783.47","431130","70","615900","0","100","0","2082242401","3888081556","344540302","70","492200431.43","2426782703","4380281987"
"159","Wethersfield","2020","1713664040","57.42","2984437547.89","89185340","57.42","155321037.97","260070083","53.84","483042501.86","6145020","57.42","10701880.88","440690","70","629557.14","0","100","0","2069505173","3634132526","298787390","70","426839128.57","2368292563","4060971655"
"159","Wethersfield","2019","1714732910","65","2638050630.77","80103940","65.06","123123178.60","258634467","83.09","311270269.59","1319260","65.06","2027758.99","309590","70","442271.43","0","100","0","2055100167","3074914110","283541026","70","405058608.57","2338641193","3479972719"
"159","Wethersfield","2018","1707678545","70","2439540778.57","69223970","70","98891385.71","262167260","70","374524657.14","11361620","70","16230885.71","466740","70","666771.43","0","100","0","2050898135","2929854478.57","271514640","70","387878057.14","2322412775","3317732535.71"
"159","Wethersfield","2017","1696028778","65.17","2602468586.77","63756710","65.16","97846393.49","226210140","75.9","298037075.10","0","65.16","0","565660","70","808085.71","0","100","0","1986561288","2999160141.08","265971855","70","379959792.86","2252533143","3379119933.94"
"159","Wethersfield","2016","1692688470","67.74","2498801992.91","61888200","67.67","91455888.87","226859000","53.1","427229755.18","0","50.69","0","578480","70","826400","0","100","0","1982014150","3018314036.97","262058756","70","374369651.43","2244072906","3392683688.39"
"159","Wethersfield","2015","1676570750","68.47","2448620928.87","60698500","68.71","88340125.16","225686330","81.34","277460449.96","0","68.71","0","739800","70","1056857.14","0","100","0","1963695380","2815478361.14","251541770","70","359345385.71","2215237150","3174823746.86"
"159","Wethersfield","2014","1672424140","70.05","2387472006","61379200","70.39","87198750","227993590","84.97","268322455","0","70.87","0","740200","70","1057429","0","100","0","1962537130","2744050639","252286960","70","360409943","2214824090","3104460582"
"159","Wethersfield","2013","1669005060","70","2384292943","61965600","70","88522286","230664570","70","329520814","0","70","0","797100","70","1138714","0","100","0","1962432330","2803474757","244747954","70","349639934","2207180284","3153114691"
"159","Wethersfield","2012","1805641340","75","2397293335","58619600","75","77899801","231889810","71","327805782","0","74","0","502900","70","718429","0","100","0","2096653650","2803717346","240387930","70","343411329","2337041580","3147128675"
"159","Wethersfield","2011","1802816600","77.4","2329220413.44","58118300","77.36","75127068.25","231258010","57.7","400793778.16","0","53.52","0","525500","70","750714.29","0","100","0","2092718410","2805891974.14","238380490","70","340543557.14","2331098900","3146435531.28"
"158","Westport","2024","9339704750","41.10","22724342457.42","46888710","41.15","113945832.32","1282888930","61.99","2069509485.40","112355620","28.43","395200914.53","155100","70.00","221571.43","0","100.00","0.00","10781993110","25303220260.00","832559470.00","70.00","1189370671.43","11614552580","26492590931.00"
"158","Westport","2023","9157793811","44.64","20514771081.99","44113910","44.87","98314932.03","1290187210","51.62","2499394052.69","116829820","44.39","263189502.14","155100","70","221571.43","0","100","0","10609079851","23375891140","858101569","70","1225859384.29","11467181420","24601750524"
"158","Westport","2022","9011167563","47.48","18978870183.24","43245310","47.72","90623030.18","1278470289","53.25","2400883171.83","114516813","47.72","239976557","159000","70","227142.86","0","100","0","10447558975","21710580085","877612554","70","1253732220","11325171529","22964312305"
"158","Westport","2021","8866927587","51.66","17164010040.65","43399510","51.69","83961133.68","1278817729","63.22","2022805645.37","123637612","54.47","226982948.41","251600","70","359428.57","0","100","0","10313034038","19498119197","796790006","70","1138271437.14","11109824044","20636390634"
"158","Westport","2020","8715288530","70","12450412185.71","35543510","70","50776442.86","1269951740","70","1814216771.43","125605957","70","179437081.43","251600","70","359428.57","0","100","0","10146641337","14495201910","683151199","70","975930284.29","10829792536","15471132194"
"158","Westport","2019","9239009005","72.17","12801730642.93","35724949","72.18","49494249.10","1367575430","57.84","2364411186.03","130934761","80.97","161707744.84","264600","70","378000","0","100","0","10773508745","15377721823","669759165","70","956798807.14","11443267910","16334520630"
"158","Westport","2018","9118620852","72.66","12549712155.24","22242190","72.27","30778648.03","1369996346","64.11","2136946413.98","142911330","53.05","269408817.87","264600","70","378000","0","100","0","10654035318","14987224035.12","654881806","70","935545437.14","11308917124","15922769472.27"
"158","Westport","2017","9023344714","71.28","12659013347.36","9805710","71.15","13781742.80","1363676590","56.46","2415296829.61","142727230","69.65","204920646.09","264600","70","378000","0","100","0","10539818844","15293390565.86","646182133","70","923117332.86","11186000977","16216507898.72"
"158","Westport","2016","8894399661","69.87","12729926522.11","13930350","69.73","19977556.29","1334377210","60.12","2219522970.73","150157030","66.74","224988058.14","263200","70","376000","0","100","0","10393127451","15194791107.26","625401299","70","893430427.14","11018528750","16088221534.41"
"158","Westport","2015","8753141620","70","12504488028.57","10850600","70","15500857.14","1318601010","70","1883715728.57","174400710","70","249143871.43","263200","70","376000","0","100","0","10257257140","14653224485.71","608457592","70","869225131.43","10865714732","15522449617.14"
"158","Westport","2014","8128100492","61.22","13276871107","9915880","61.25","16189192","1193987360","54.2","2202928708","141210470","62.76","225000749","290000","70","414286","0","100","0","9473504202","15721404042","616987604","70","881410863","10090491806","16602814905"
"158","Westport","2013","7998874457","62.86","12724903686","10107780","61.91","16326571","1171208060","53.34","2195740645","142159475","48.92","290595820","290000","70","414286","0","100","0","9322639772","15227981007","616443194","70","880633134","9939082966","16108614141"
"158","Westport","2012","7904736210","66","12027900502","10919380","66","16609948","1161345460","69","1679701273","126589560","56","226012426","290000","70","414286","0","100","0","9203880610","13950638435","596698209","70","852426013","9800578819","14803064448"
"158","Westport","2011","7755543410","68.54","11315353676.69","10850680","68.41","15861248.36","1172043330","63.33","1850692136.43","135278160","44.5","303995865.17","290000","70","414285.71","0","100","0","9074005580","13486317212.35","573784423","70","819692032.86","9647790003","14306009245.21"
"157","Weston","2024","3006143250","57.55","5223533014.77","0","57.56","0.00","20821460","57.56","36173488.53","39605020","59.45","66619041.21","178100","70.00","254428.57","0","100.00","0.00","3066747830","5326579974.00","200550720.00","70.00","286501028.57","3267298550","5613081003.00"
"157","Weston","2023","2981846050","70","4259780071.43","0","70","0","20821460","70","29744942.86","41119260","70","58741800","186640","70","266628.57","0","100","0","3043973410","4348533443","190482764","70","272118234.29","3234456174","4620651677"
"157","Weston","2022","2079518120","48.16","4317936295.68","76060","48.68","156244.86","19682540","48.68","40432497.95","40614710","68.19","59561094","115360","70","164800","0","100","0","2140006790","4418250933","197459802","70","282085431.43","2337466592","4700336364"
"157","Weston","2021","2057296250","49.97","4117062737.64","76060","50.2","151513.94","19682540","50.2","39208247.01","42444720","59.24","71648750.84","115010","70","164300","0","100","0","2119614580","4228235550","188526911","70","269324158.57","2308141491","4497559709"
"157","Weston","2020","2036417060","54.96","3705271215.43","47500","55","86363.64","19682540","55","35786436.36","44654230","64.42","69317339.34","115330","70","164757.14","0","100","0","2100916660","3810626111","154285545","70","220407921.43","2255202205","4031034032"
"157","Weston","2019","2026311970","69.74","2905523329.51","47500","70.12","67741.02","19682530","70.12","28069780.38","45007780","112.27","40088875.03","115670","70","165242.86","0","100","0","2091165450","2973914969","147262896","70","210375565.71","2238428346","3184290535"
"157","Weston","2018","2026311970","70","2894731385.71","47500","70","67857.14","19682530","70","28117900","45007780","70","64296828.57","115670","70","165242.86","0","100","0","2091165450","2987379214.29","147262896","70","210375565.71","2238428346","3197754780"
"157","Weston","2017","2213306860","69.8","3170926733.52","0","69.72","0","27729200","69.72","39772231.78","0","69.72","0","63660","70","90942.86","0","100","0","2241099720","3210789908.17","145645776","70","208065394.29","2386745496","3418855302.45"
"157","Weston","2016","2201324650","69.77","3155116310.74","0","69.77","0","27696300","69.77","39696574.46","0","68.43","0","61570","70","87957.14","4600","100","4600","2229087120","3194905442.34","143487934","70","204982762.86","2372575054","3399888205.19"
"157","Weston","2015","2189679600","66.33","3301190411.58","0","66.47","0","27696300","66.47","41667368.74","0","93.89","0","61570","70","87957.14","4600","100","4600","2217442070","3342950337.46","139520177","70","199314538.57","2356962247","3542264876.03"
"157","Weston","2014","2174346950","65.04","3343091867","0","65.63","0","26870200","65.63","40941947","0","78.47","0","620","70","886","67980","100","67980","2201285750","3384102680","140560319","70","200800456","2341846069","3584903135"
"157","Weston","2013","2162369320","70","3089099029","0","70","0","26870200","70","38386000","0","70","0","2040","70","2914","67980","100","67980","2189309540","3127555923","138782512","70","198260731","2328092052","3325816654"
"157","Weston","2012","2496625550","74","3356130596","0","76","0","27913900","76","36786900","0","123","0","2100","70","3000","93000","100","93000","2524634550","3393013496","136072362","70","194389089","2660706912","3587402584"
"157","Weston","2011","2489934100","77.99","3192632516.99","0","78.39","0","27913900","78.39","35609006.25","0","101.35","0","2100","70","3000","93000","100","93000","2517943100","3228337523.24","136937748","70","195625354.29","2654880848","3423962877.53"
"156","West Haven","2024","3225754369","70.00","4608220527.14","222545120","70.00","317921600.00","555050144","70.00","792928777.14","27983340","70.00","39976200.00","25650","70.00","36642.86","0","100.00","0.00","4031358623","5759083747.00","599346510.00","70.00","856209300.00","4630705133","6615293047.00"
"156","West Haven","2023","2040796886","41.07","4969069603.12","123248440","41.29","298494647.61","410119875","45.08","909760148.62","21075680","88.96","23691187.05","25650","70","36642.86","0","100","0","2595266531","6201052230","612864619","70","875520884.29","3208131150","7076573114"
"156","West Haven","2022","2033693920","45.11","4508299534.47","123248440","31.45","391886931.64","413662584","59.05","700529354.78","20396400","45.66","44670170.83","25650","70","36642.86","0","100","0","2591026994","5645422635","585408312","70","836297588.57","3176435306","6481720224"
"156","West Haven","2021","2027687250","50.17","4041632947.98","123781280","50.24","246379936.31","411637897","52.6","782581553.23","20079860","66.64","30131842.74","25650","70","36642.86","0","100","0","2583211937","5100762923","545153340","70","778790485.71","3128365277","5879553409"
"156","West Haven","2020","2023556405","70","2890794864.29","123781280","70","176830400","412021982","70","588602831.43","19411220","70","27730314.29","23720","70","33885.71","0","100","0","2578794607","3683992295","455659176","70","650941680","3034453783","4334933975"
"156","West Haven","2019","1793815042","60.62","2959114223.03","102863560","32.29","318561659.96","371511945","51.56","720542949.96","16843929","56","30078444.64","20570","70","29385.71","0","100","0","2285055046","4028326664","437939219","70","625627455.71","2722994265","4653954120"
"156","West Haven","2018","1788104373","62.77","2848887712.90","104733470","26.09","401431468","359135382","65.42","549010749.83","17666499","64.4","27432451.86","20570","70","29385.71","0","100","0","2269660294","3826791768.30","417202545","70","596003635.71","2686862839","4422795404.01"
"156","West Haven","2017","1785449569","65.16","2740100627.69","104283391","65.02","160386636.42","352753563","48.87","721820263.97","20649270","52.45","39369437.56","21530","70","30757.14","0","100","0","2263157323","3661707722.77","394278364","70","563254805.71","2657435687","4224962528.49"
"156","West Haven","2016","1783182606","66.69","2673838065.68","106500424","71.81","148308625.54","354421484","67.92","521821972.91","21178980","66.84","31686086.18","21040","70","30057.14","0","100","0","2265304534","3375684807.44","387192446","70","553132065.71","2652496980","3928816873.16"
"156","West Haven","2015","1779036011","70","2541480015.71","103116862","70","147309802.86","350927811","70","501325444.29","20071450","70","28673500","20570","70","29385.71","0","100","0","2253172704","3218818148.57","379837574","70","542625105.71","2633010278","3761443254.29"
"156","West Haven","2014","1979212322","75.05","2637191635","112907057","74.52","151512422","374421091","61.22","611599299","20941940","57.66","36319702","19090","70","27271","0","100","0","2487501500","3436650329","369435428","70","527764897","2856936928","3964415227"
"156","West Haven","2013","1977771879","74.79","2644433586","112922747","74.57","151431872","374248554","70","534640791","20867110","70","29810157","19090","70","27271","0","100","0","2485829380","3360343678","336373147","70","480533067","2822202527","3840876745"
"156","West Haven","2012","1975865266","75","2624339575","110316500","75","146873253","383202709","60","640485892","20369300","64","31678538","19090","70","27271","0","100","0","2489772865","3443404529","333672171","70","476674530","2823445036","3920079059"
"156","West Haven","2011","1971859874","76.25","2586045736.39","113155070","75.76","149359912.88","391230365","63.37","617374727.79","21556290","57.91","37223778.28","18830","70","26900","0","100","0","2497820429","3390031055.34","329836181","70","471194544.29","2827656610","3861225599.63"
"155","West Hartford","2024","5168021189","43.93","11764218504.44","184951829","43.93","421014862.28","1069699347","44.87","2383996761.76","24366940","47.87","50902318.78","32260","70.00","46085.71","0","100.00","0.00","6447071565","14620178533.00","842406462.00","70.00","1203437802.86","7289478027","15823616336.00"
"155","West Hartford","2023","5150823034","46.94","10973206293.14","182505701","47.33","385602579.76","1041791831","62.07","1678414420.82","27443740","52.85","51927606.43","32260","70","46085.71","0","100","0","6402596566","13089196986","826655066","70","1180935808.57","7229251632","14270132795"
"155","West Hartford","2022","5135718837","52.64","9756304781.53","157157250","52.65","298494301.99","1062836942","51.96","2045490650.50","27350650","52.65","51948053.18","32260","70","46085.71","0","100","0","6383095939","12152283874","854297509","70","1220425012.86","7237393448","13372708887"
"155","West Hartford","2021","4959762842","56.34","8803270930.07","149017120","42.45","351041507.66","1032178444","60.4","1708904708.61","29495160","61.43","48014260.13","32260","70","46085.71","0","100","0","6170485826","10911277493","821197669","70","1173139527.14","6991683495","12084417020"
"155","West Hartford","2020","4529267530","57.42","7887961563.92","130516762","51.06","255614496.67","1038131503","61.06","1700182612.18","29110500","59.16","49206389.45","23640","70","33771.43","0","100","0","5727049935","9892998833","684435246","70","977764637.14","6411485181","10870763470"
"155","West Hartford","2019","4512396532","63.22","7137609193.29","131834960","54.25","243013751.15","1037750552","59.65","1739732694.05","29600350","74.06","39968066.43","23640","70","33771.43","0","100","0","5711606034","9160357475","663013215","70","947161735.71","6374619249","10107519211"
"155","West Hartford","2018","4493901241","64.4","6978107517.08","127528460","53.13","240023415.15","1034804582","60.63","1706894155.88","27510010","77.99","35273765.87","12200","70","17428.57","0","100","0","5683756493","8960316282.55","641412909","70","916304155.71","6325169402","9876620438.26"
"155","West Hartford","2017","4483857700","65.01","6897181510.54","127828940","65.02","196599415.56","1021798770","64.56","1582711849.44","27069780","113.4","23871058.20","12200","70","17428.57","0","100","0","5660567390","8700381262.32","633685859","70","905265512.86","6294253249","9605646775.17"
"155","West Hartford","2016","4474937136","70","6392767337.14","125006540","70","178580771.43","1001203185","70","1430290264.29","28344060","70","40491514.29","8720","70","12457.14","0","100","0","5629499641","8042142344.29","606001791","70","865716844.29","6235501432","8907859188.57"
"155","West Hartford","2015","4419949858","65.57","6740811130.09","85542311","50.77","168489877.88","850735418","59.1","1439484632.83","32207470","59.87","53795673.96","4730","70","6757.14","0","100","0","5388439787","8402588071.90","594582484","70","849403548.57","5983022271","9251991620.47"
"155","West Hartford","2014","4399589952","64.36","6835907321","84363231","49.82","169336072","843773858","58.89","1432796499","31955190","72.5","44076124","4730","70","6757","0","100","0","5359686961","8482122773","588972525","70","841389321","5948659486","9323512094"
"155","West Hartford","2013","4383725191","63.95","6854926022","82457411","64.03","128779339","849353978","65.99","1287094981","27703690","53.78","51512997","4730","70","6757","0","100","0","5343245000","8322320097","583696729","70","833852470","5926941729","9156172567"
"155","West Hartford","2012","4362321195","65","6736135261","83749541","65","129322948","848201568","65","1300324342","29107330","49","59257594","4730","70","6757","0","100","0","5323384364","8225046901","567603336","70","810861909","5890987700","9035908810"
"155","West Hartford","2011","4347945917","70","6211351310","83845090","70","119778700","846068040","70","1208668628.57","30132970","70","43047100","0","70","0","0","100","0","5307992017","7582845738.57","572652915","70","818075592.86","5880644932","8400921331.43"
"154","Westbrook","2024","1100310021","44.48","2473718572.39","6844150","44.48","15387027.88","141251912","43.79","322566595.11","50334587","44.48","113162290.92","568780","70.00","812542.86","0","100.00","0.00","1299309450","2925647029.00","120539830.00","70.00","172199757.14","1419849280","3097846786.00"
"154","Westbrook","2023","1096249316","51.32","2136105448.17","6844150","52.53","13029031.03","140412292","65.18","215422356.55","51928037","76.37","67995334.56","568780","70","812542.86","0","100","0","1296002575","2433364714","133172567","70","190246524.29","1429175142","2623611238"
"154","Westbrook","2022","1092142352","52.24","2090624716.69","6844150","52.76","12972232.75","139552432","52.76","264504230.48","53501808","78","68592061.54","577060","70","824371.43","0","100","0","1292617802","2437517613","134844198","70","192634568.57","1427462000","2630152182"
"154","Westbrook","2021","1085235140","70","1550335914.29","6826490","70","9752128.57","140557312","70","200796160","56230573","70","80329390","8930600","70","12758000","0","100","0","1297780115","1853971593","128545455","70","183636364.29","1426325570","2037607957"
"154","Westbrook","2020","871263797","53.16","1638946194.51","5536980","53.01","10445161.29","140607240","49.25","285496934.01","39307385","46.39","84732453.11","401230","70","573185.71","0","100","0","1057116632","2020193929","112169440","70","160242057.14","1169286072","2180435986"
"154","Westbrook","2019","870368081","64.29","1353815649.40","5536980","65.03","8514501","138832990","65.03","213490681.22","38884825","91.73","42390521.09","442300","70","631857.14","0","100","0","1054065176","1618843209","109181828","70","155974040","1163247004","1774817249"
"154","Westbrook","2018","858952051","66.95","1282975430.92","5377960","66.68","8065931.76","142985730","49.96","286200420.34","39475535","66.68","59205901.76","414300","70","591857.14","0","100","0","1047205576","1637039541.92","103153310","70","147361871.43","1150358886","1784401413.35"
"154","Westbrook","2017","856987154","67.54","1268858682.26","5377960","67.94","7915749.19","139770960","74.81","186834594.31","39787515","67.94","58562724.46","414300","70","591857.14","0","100","0","1042337889","1522763607.36","99254521","70","141792172.86","1141592410","1664555780.22"
"154","Westbrook","2016","852542254","70","1217917505.71","5736280","70","8194685.71","140426560","70","200609371.43","40470970","70","57815671.43","414300","70","591857.14","0","100","0","1039590364","1485129091.43","96848030","70","138354328.57","1136438394","1623483420"
"154","Westbrook","2015","882813479","66.11","1335370562.70","6089720","65.95","9233843.82","143352840","56.22","254985485.59","40262818","65.95","61050520.09","318080","70","454400","0","100","0","1072836937","1661094812.20","95361283","70","136230404.29","1168198220","1797325216.49"
"154","Westbrook","2014","873026182","64.79","1347470570","6075040","65.95","9211585","146385740","85.5","171211392","42405880","78.69","53889795","335430","70","479186","0","100","0","1068228272","1582262527","92813530","70","132590757","1161041802","1714853284"
"154","Westbrook","2013","865474278","65.76","1316110520","6021150","65.69","9166007","142136630","40.29","352783892","43872380","72.63","60405315","336380","70","480543","0","100","0","1057840818","1738946276","90010003","70","128585719","1147850821","1867531995"
"154","Westbrook","2012","859639657","70","1232458290","5669790","70","8128731","142127430","70","203766925","41883020","67","62122545","318610","70","455157","0","100","0","1049638507","1506931648","85432080","70","122045829","1135070587","1628977476"
"154","Westbrook","2011","858091120","70","1225844457.14","5669790","70","8099700","135043110","70","192918728.57","42979680","70","61399542.86","315360","70","450514.29","0","100","0","1042099060","1488712942.86","83231741","70","118902487.14","1125330801","1607615430"
"153","Watertown","2024","1835414790","57.10","3214386672.50","17577170","56.68","31011238.53","324279885","55.63","582922676.61","18847790","40.40","46652945.54","1519940","70.00","2171342.86","0","100.00","0.00","2197639575","3877144878.00","397377750.00","70.00","567682500.00","2595017325","4444827378.00"
"153","Watertown","2023","1829899410","70","2614142014.29","17291227","70","24701752.86","326515717","70","466451024.29","19217770","70","27453957.14","1548920","70","2212742.86","0","100","0","2194473044","3134961491","403606269","70","576580384.29","2598079313","3711541875"
"153","Watertown","2022","1284557990","45.29","2836294965.78","11401200","45.7","24947921.23","240790075","62.99","382267145.58","20675850","70.24","29436005.13","925860","70","1322657.14","0","100","0","1558350975","3274268695","409232415","70","584617735.71","1967583390","3858886431"
"153","Watertown","2021","1277905520","48.66","2626193012.74","10190900","48.58","20977562.78","239522215","51.56","464550455.78","21206060","41.04","51671686.16","1005220","70","1436028.57","0","100","0","1549829915","3164828747","390095575","70","557279392.86","1939925490","3722108140"
"153","Watertown","2020","1271969890","55.72","2282788747.31","11401200","55.93","20384766.67","231191342","55.93","413358380.12","20880720","69.7","29957991.39","1002450","70","1432071.43","0","100","0","1536445602","2747921956","332037913","70","474339875.71","1868483515","3222261832"
"153","Watertown","2019","1265682970","63.56","1991319965.39","11353540","63.88","17773231.06","228424960","78.68","290321504.83","23004420","76.67","30004460.68","998100","70","1425857.14","0","100","0","1529463990","2330845019","316871937","70","452674195.71","1846335927","2783519215"
"153","Watertown","2018","1275343690","70","1821919557.14","12710900","70","18158428.57","235489320","70","336413314.29","0","70","0","1167620","70","1668028.57","0","100","0","1524711530","2178159328.57","310591091","70","443701558.57","1835302621","2621860887.14"
"153","Watertown","2017","1239703640","66.08","1876064830.51","11668200","66.58","17525082.61","219216310","67.9","322851708.39","0","79.9","0","839700","70","1199571.43","0","100","0","1471427850","2217641192.94","295666800","70","422381142.86","1767094650","2640022335.80"
"153","Watertown","2016","1236237440","67.21","1839365332.54","11668200","67.39","17314438.34","219625510","49.07","447575932.34","0","76.32","0","752690","70","1075271.43","0","100","0","1468283840","2305330974.65","300405731","70","429151044.29","1768689571","2734482018.94"
"153","Watertown","2015","1232347490","67.71","1820037645.84","11668200","67.91","17181858.34","219524110","58.89","372769757.17","0","86.27","0","760900","70","1087000","0","100","0","1464300700","2211076261.36","281795184","70","402564548.57","1746095884","2613640809.93"
"153","Watertown","2014","1226777200","68.29","1796422902","12152800","68.33","17785453","221812800","55.17","402053290","0","69.4","0","447950","70","639929","0","100","0","1461190750","2216901574","277044819","70","395778313","1738235569","2612679887"
"153","Watertown","2013","1222383258","70","1746261797","12152800","70","17361143","221036300","70","315766143","0","70","0","451400","70","644857","0","100","0","1456023758","2080033940","263372479","70","376246399","1719396237","2456280339"
"153","Watertown","2012","1457740560","81","1800124179","11345000","83","13721577","227297320","84","272082021","0","111","0","537650","70","768071","0","100","0","1696920530","2086695848","261910615","70","374158021","1958831145","2460853869"
"153","Watertown","2011","1450917328","81.91","1771355546.33","11623700","82.7","14055259.98","227424270","89.66","253651873.75","0","118.71","0","598480","70","854971.43","0","100","0","1690563778","2039917651.48","252403500","70","360576428.57","1942967278","2400494080.05"
"152","Waterford","2024","1982086450","51.13","3876562585.57","38099590","51.46","74037291.10","962970379","62.06","1551676408.31","49645750","80.56","61625806.85","1580750","70.00","2258214.29","0","100.00","0.00","3034382919","5566160306.00","1407221952.00","70.00","2010317074.29","4441604871","7576477380.00"
"152","Waterford","2023","1973609735","53.86","3664332965.09","33888020","53.96","62802112.68","1224203379","85.08","1438885024.68","49362240","77.9","63366161.75","1601700","70","2288142.86","0","100","0","3282665074","5231674408","1236600080","70","1766571542.86","4519265154","6998245951"
"152","Waterford","2022","1967254675","70","2810363821.43","20090490","70","28700700","1222112865","70","1745875521.43","49670320","70","70957600","1621690","70","2316700","0","100","0","3260750040","4658214342","1273592657","70","1819418081.43","4534342697","6477632423"
"152","Waterford","2021","1466694695","47.83","3066474378.01","14694600","48.06","30575530.59","843201084","68.85","1224692932.46","39671361","63.61","62366547.71","1129290","70","1613271.43","0","100","0","2365391030","4385722660","1147335590","70","1639050842.86","3512726620","6024773503"
"152","Waterford","2020","1453621765","53.12","2736486756.40","14694600","53.31","27564434.44","828957112","74","1120212313.51","39476150","52.52","75164032.75","1138010","70","1625728.57","0","100","0","2337887637","3961053266","1049613289","70","1499447555.71","3387500926","5460500822"
"152","Waterford","2019","1440515275","61.01","2361113383.05","10837980","61.23","17700440.96","831386112","81.38","1021609869.75","39861321","59.06","67492924.14","1139520","70","1627885.71","0","100","0","2323740208","3469544504","1007607489","70","1439439270","3331347697","4908983774"
"152","Waterford","2018","1431584134","65.05","2200913419.94","9120780","65.04","14023339.48","840489862","51.25","1640140232.22","43919910","73.81","59504010.30","1119270","70","1598957.14","0","100","0","2326233956","3916179959.08","974689559","70","1392413655.71","3300923515","5308593614.80"
"152","Waterford","2017","1429455820","70","2042079742.86","6366510","70","9095014.29","838650978","70","1198072825.71","45625110","70","65178728.57","1129300","70","1613285.71","0","100","0","2321227718","3316039597.14","969533365","70","1385047664.29","3290761083","4701087261.43"
"152","Waterford","2016","1409077890","65.44","2153236384.47","5877600","65.49","8974805.31","833222699","65.49","1272289966.41","47595140","79.09","60178454.92","694340","70","991914.29","0","100","0","2296467669","3495671525.41","943089799","70","1347271141.43","3239557468","4842942666.83"
"152","Waterford","2015","1403212900","67.63","2074837941.74","5877600","67.7","8681831.61","823320880","77.33","1064684960.56","47342330","62.34","75942139.88","699690","70","999557.14","0","100","0","2280453400","3225146430.93","913966682","70","1305666688.57","3194420082","4530813119.50"
"152","Waterford","2014","1397804030","67.12","2082544741","5877600","67.16","8751638","814108225","67.16","1212192116","54253800","78.07","69493788","690850","70","986929","0","100","0","2272734505","3373969211","886204357","70","1266006224","3158938862","4639975435"
"152","Waterford","2013","1393647330","66.53","2094765264","5877600","66.85","8792221","826971005","73.83","1120101591","46826730","81.07","57760861","686380","70","980543","0","100","0","2274009045","3282400481","924031363","70","1320044804","3198040408","4602445285"
"152","Waterford","2012","1388623050","70","1983747214","5877600","70","8396571","822021035","70","1174315764","50317150","70","71881643","814480","70","1163543","0","100","0","2267653315","3239504736","906061183","70","1294373119","3173714498","4533877854"
"152","Waterford","2011","1848159850","90.11","2051004161.58","11332340","90.58","12510863.33","900797310","88.07","1022819700.24","38216610","113.79","33585209.60","480190","70","685985.71","0","100","0","2798986300","3120605920.45","914303087","70","1306147267.14","3713289387","4426753187.60"
"151","Waterbury","2024","3165210857","38.96","8124257846.51","518188610","44.46","1165516441.75","1286621109","43.16","2981049835.50","1480080","41.56","3561308.95","157710","70.00","225300.00","0","100.00","0.00","4971658366","12274610734.00","1226997964.00","70.00","1752854234.29","6198656330","14027464968.00"
"151","Waterbury","2023","2787513895","38.27","7283809498.30","519133150","37.25","1393646040.27","1158523948","45.43","2550129755.67","1480080","45.29","3268006.18","169020","70","241457.14","0","100","0","4466820093","11231094757","1231719269","70","1759598955.71","5698539362","12990693713"
"151","Waterbury","2022","2410111934","38.02","6339063477.12","517557250","38.92","1329797661.87","1031569388","56.33","1831296623.47","1469930","63.02","2332481.75","157190","70","224557.14","0","100","0","3960865692","9502714801","1248723365","70","1783890521.43","5209589057","11286605322"
"151","Waterbury","2021","2043772180","35.85","5700898688.98","267900564","41.81","640757149.01","1118155269","51","2192461311.76","1210170","69.05","1752599.57","106400","70","152000","0","100","0","3431144583","8536021750","1150763515","70","1643947878.57","4581908098","10179969629"
"151","Waterbury","2020","2039688060","43.27","4713861936.68","265487564","45.89","578530320.33","1135170300","64.94","1748029411.76","732130","74.17","987097.21","131820","70","188314.29","0","100","0","3441209874","7041597080","1026191108","70","1465987297.14","4467400982","8507584377"
"151","Waterbury","2019","2035304880","54.27","3750331453.84","265980834","53.76","494756015.63","1206130196","75.78","1591620738.98","700660","96.04","729550.19","131820","70","188314.29","0","100","0","3508248390","5837626073","984575171","70","1406535958.57","4492823561","7244162032"
"151","Waterbury","2018","2035145910","58.04","3506756112.69","276056684","56.75","486443496.04","1100296800","64.57","1704037168.96","666480","118.06","564550.42","131820","70","188314.29","0","100","0","3412297694","5697989642.40","941506405","70","1345009150","4353804099","7042998792.40"
"151","Waterbury","2017","2031482820","70","2902118314.29","279778504","70","399683577.14","1089249804","70","1556071148.57","682230","70","974614.29","131820","70","188314.29","0","100","0","3401325178","4859035968.57","892589306","70","1275127580","4293914484","6134163548.57"
"151","Waterbury","2016","2070882110","69.23","2991307395.64","223733020","66.02","338886731.29","938852257","74.71","1256662102.80","50459030","70.95","71119140.24","237090","70","338700","0","100","0","3284163507","4658314069.97","889032387","70","1270046267.14","4173195894","5928360337.11"
"151","Waterbury","2015","2069341720","72.05","2872091214.43","222545350","66.83","333002169.68","941588180","70.22","1340911677.58","49970740","73.9","67619404.60","237090","70","338700","0","100","0","3283683080","4613963166.30","833919049","70","1191312927.14","4117602129","5805276093.45"
"151","Waterbury","2014","2072395700","70.43","2942489990","224196750","71.59","313167691","948465248","87.45","1084580043","49802071","77.34","64393679","108500","70","155000","0","100","0","3294968269","4404786403","804807568","70","1149725097","4099775837","5554511500"
"151","Waterbury","2013","2070917626","69.07","2998288151","210155244","64.63","325166709","977876378","77.9","1255297019","51526121","58.02","88807516","228510","70","326443","0","100","0","3310703879","4667885839","726450931","70","1037787044","4037154810","5705672883"
"151","Waterbury","2012","2067875625","70","2954108036","213584937","70","305121339","975190141","70","1393128773","51229024","70","73184320","216310","70","309014","0","100","0","3308096037","4725851481","722566058","70","1032237226","4030662095","5758088707"
"151","Waterbury","2011","3077649514","100.75","3054738971.71","270363147","100.87","268031274.91","1198137777","105.95","1130852078.34","72861160","130.8","55704250.76","185100","70","264428.57","0","100","0","4619196698","4509591004.30","701638955","70","1002341364.29","5320835653","5511932368.58"
"150","Washington","2024","1539883990","59.03","2608646434.02","2735740","59.03","4634490.94","70813590","59.03","119962036.25","60377650","59.03","102282991.70","2431400","70.00","3473428.57","0","100.00","0.00","1676242370","2838999382.00","93409304.00","70.00","133441862.86","1769651674","2972441245.00"
"150","Washington","2023","1510435080","70","2157764400","2712500","70","3875000","71262180","70","101803114.29","58634370","70","83763385.71","2480290","70","3543271.43","0","100","0","1645524420","2350749171","103587550","70","147982214.29","1749111970","2498731385"
"150","Washington","2022","1084656690","43.54","2491172921.45","1461950","43.51","3360032.18","57067300","43.51","131159043.90","53572520","39.58","135352501.26","1797180","70","2567400","0","100","0","1198555640","2763611898","101222590","70","144603700","1299778230","2908215598"
"150","Washington","2021","1056813270","50.32","2100185353.74","1461950","50.13","2916317.57","56847920","50.13","113400997.41","53228980","36.09","147489553.89","1834370","70","2620528.57","0","100","0","1170186490","2366612752","91441990","70","130631414.29","1261628480","2497244166"
"150","Washington","2020","1043461310","50.78","2054866699.49","1461130","50.28","2905986.48","55015640","42.7","128842248.24","53444570","40.41","132255803.02","1848550","70","2640785.71","0","100","0","1155231200","2321511522","76647626","70","109496608.57","1231878826","2431008131"
"150","Washington","2019","1043323460","69.55","1500105621.85","1461130","69.55","2100833.93","54131320","63.87","84752340.69","53885910","75.47","71400437.26","1841619","70","2630884.29","0","100","0","1154643439","1660990118","71560060","70","102228657.14","1226203499","1763218775"
"150","Washington","2018","1026529040","70","1466470057.14","1461130","70","2087328.57","53626580","70","76609400","54667950","70","78097071.43","1914260","70","2734657.14","0","100","0","1138198960","1625998514.29","69085633","70","98693761.43","1207284593","1724692275.71"
"150","Washington","2017","965364960","69.16","1395842914.98","1492540","69.15","2158409.26","50123910","67.24","74544779.89","55085560","69.15","79660968.91","1084000","70","1548571.43","0","100","0","1073150970","1553755644.46","67224682","70","96035260","1140375652","1649790904.46"
"150","Washington","2016","953529200","67.68","1408878841.61","1491160","67.68","2203250.59","49506420","67.68","73147783.69","54933320","90.02","61023461.45","1066350","70","1523357.14","0","100","0","1060526450","1546776694.48","64488021","70","92125744.29","1125014471","1638902438.77"
"150","Washington","2015","939293760","63.03","1490232841.50","1425640","62.56","2278836.32","49301420","61.99","79531246.98","57262620","42.76","133916323.67","1103370","70","1576242.86","0","100","0","1048386810","1707535491.32","63064892","70","90092702.86","1111451702","1797628194.18"
"150","Washington","2014","928736370","63.08","1472315108","1461080","62.51","2337354","49274700","66.9","73654260","60132740","56.87","105737190","1096770","70","1566814","0","100","0","1040701660","1655610726","55600384","70","79429120","1096302044","1735039846"
"150","Washington","2013","809394920","70","1156278457","0","70","0","44755370","70","63936243","52996560","70","75709371","131151520","70","187359314","0","100","0","1038298370","1483283386","56615413","70","80879161","1094913783","1564162547"
"150","Washington","2012","934697560","85","1093469303","0","81","0","48767840","87","56138874","71887780","78","92650831","143528570","70","205040814","0","100","0","1198881750","1447299823","56022471","70","80032101","1254904221","1527331924"
"150","Washington","2011","939185010","82.02","1145068288.22","0","84.58","0","50265220","114.52","43892088.72","75170600","96.22","78123674.91","134266870","70","191809814.29","0","100","0","1198887700","1458893866.14","56105440","70","80150628.57","1254993140","1539044494.71"
"149","Warren","2024","439181420","58.12","755645939.44","0","58.12","0.00","6365180","58.12","10951789.40","33539070","50.47","66453477.31","3594410","70.00","5134871.43","0","100.00","0.00","482680080","838186076.00","25225460.00","70.00","36036371.43","507905540","874222447.00"
"149","Warren","2023","432311060","54.04","799983456.70","0","55.26","0","6302320","55.26","11404849.80","33581450","61.77","54365306.78","3609830","70","5156900","0","100","0","475804660","870910514","28259994","70","40371420","504064654","911281934"
"149","Warren","2022","426706430","70","609580614.29","0","70","0","5452310","70","7789014.29","33857210","70","48367442.86","3848200","70","5497428.57","0","100","0","469864150","671234500","29216440","70","41737771.43","499080590","712972271"
"149","Warren","2021","330994770","51.23","646095588.52","0","51.23","0","5276240","51.23","10299121.61","31863420","51.23","62196798.75","3415640","70","4879485.71","0","100","0","371550070","723470996","26975710","70","38536728.57","398525780","762007725"
"149","Warren","2020","327122710","49.34","662996980.14","0","49.34","0","5221620","49.34","10582934.74","31830050","47.78","66617936.38","3432140","70","4903057.14","0","100","0","367606520","745100908","21292640","70","30418057.14","388899160","775518965"
"149","Warren","2019","322545780","53.7","600643910.61","0","53.7","0","5221620","53.7","9723687.15","31736840","53.7","59100260.71","3458970","70","4941385.71","0","100","0","362963210","674409245","18935080","70","27050114.29","381898290","701459359"
"149","Warren","2018","320474590","60.09","533324330.17","0","60.09","0","5221620","60.09","8689665.50","33604170","60.09","55923065.40","3403610","70","4862300","0","100","0","362703990","602799361.08","19616560","70","28023657.14","382320550","630823018.22"
"149","Warren","2017","314297730","70","448996757.14","0","70","0","5467470","70","7810671.43","32032700","70","45761000","3543730","70","5062471.43","0","100","0","355341630","507630900","18662560","70","26660800","374004190","534291700"
"149","Warren","2016","304268790","71.51","425491245.98","0","71.13","0","4608870","71.13","6479502.32","31513520","71.13","44304119.22","4014160","70","5734514.29","0","100","0","344405340","482009381.80","18700610","70","26715157.14","363105950","508724538.95"
"149","Warren","2015","301799854","67.75","445461039.11","0","67.75","0","3805760","67.75","5617357.93","29037550","67.75","42859852.40","3766100","70","5380142.86","0","100","0","338409264","499318392.30","15967090","70","22810128.57","354376354","522128520.88"
"149","Warren","2014","302043240","65.62","460291436","0","66.67","0","3268090","66.67","4901890","26608340","66.67","39910514","3358420","70","4797743","0","100","0","335278090","509901583","17682050","70","25260071","352960140","535161654"
"149","Warren","2013","213631810","60.26","354516777","0","62.62","0","5252940","62.62","8388598","26411450","62.62","42177340","84061950","70","120088500","0","100","0","329358150","525171215","17309000","70","24727143","346667150","549898358"
"149","Warren","2012","211941740","70","302773914","0","70","0","5250490","70","7500700","25772260","70","36817514","83037300","70","118624714","0","100","0","326001790","465716843","16803860","70","24005514","342805650","489722357"
"149","Warren","2011","219281960","79.12","277151112.23","0","76.44","0","4035640","76.44","5279487.18","27493650","76.44","35967621.66","89682580","70","128117971.43","0","100","0","340493830","446516192.51","17366830","70","24809757.14","357860660","471325949.65"
"148","Wallingford","2024","4132171330","70.00","5903101900.00","79072900","70.00","112961285.71","990322720","70.00","1414746742.86","34664000","70.00","49520000.00","1884800","70.00","2692571.43","0","100.00","0.00","5238115750","7483022500.00","818522163.00","70.00","1169317375.71","6056637913","8652339876.00"
"148","Wallingford","2023","2845178790","45.32","6277976147.40","60449770","45.43","133061347.13","826402299","56.56","1461107317.89","24609300","77.52","31745743.03","1846300","70","2637571.43","0","100","0","3758486459","7906528126","879508869","70","1256441241.43","4637995328","9162969367"
"148","Wallingford","2022","2835497610","50.78","5583886589.21","60353670","50.88","118619634.43","823764099","52.65","1564604176.64","24084900","50.88","47336674.53","1868600","70","2669428.57","0","100","0","3745568879","7317116504","886111911","70","1265874158.57","4631680790","8582990663"
"148","Wallingford","2021","2823867380","53.55","5273328440.71","57950970","53.23","108869002.44","823794409","54.51","1511272076.68","24684100","79.49","31053088.44","1868900","70","2669857.14","0","100","0","3732165759","6927192465","840450064","70","1200642948.57","4572615823","8127835414"
"148","Wallingford","2020","2815449070","70","4022070100","57023470","70","81462100","835897329","70","1194139041.43","25221700","70","36031000","1861600","70","2659428.57","0","100","0","3735453169","5336361670","746179737","70","1065971052.86","4481632906","6402332723"
"148","Wallingford","2019","2704504795","65.55","4125865438.60","41104615","65.4","62851093.27","814823327","54.08","1506699938.98","25969090","102.29","25387711.41","2260100","70","3228714.29","0","100","0","3588661927","5724032896","693233041","70","990332915.71","4281894968","6714365812"
"148","Wallingford","2018","2697600430","66.92","4031082531.38","31891400","66.92","47656007.17","819137570","57","1437209527.15","25820790","66.92","38584563.66","2196900","70","3138428.57","0","100","0","3576647090","5557671057.93","663748153","70","948211647.14","4240395243","6505882705.08"
"148","Wallingford","2017","2686437830","67.5","3979907896.30","24763800","67.48","36697984.59","804474120","59.85","1344150576.44","27860690","91.97","30293236.93","2166600","70","3095142.86","0","100","0","3545703040","5394144837.11","648221695","70","926030992.86","4193924735","6320175829.96"
"148","Wallingford","2016","2678481160","69.34","3862822555.52","24122700","69.28","34819139.72","859471300","62.86","1367278555.52","27475690","69.28","39658905.89","2167900","70","3097000","0","100","0","3591718750","5307676156.66","630023328","70","900033325.71","4221742078","6207709482.37"
"148","Wallingford","2015","2666762570","70","3809660814.29","23595300","70","33707571.43","859409370","70","1227727671.43","30584690","70","43692414.29","2164100","70","3091571.43","0","100","0","3582516030","5117880042.86","625957157","70","894224510","4208473187","6012104552.86"
"148","Wallingford","2014","2714632360","71.17","3814293045","28225590","70.84","39844142","828551910","62.39","1328020372","30524930","55.98","54528278","1890800","70","2701143","0","100","0","3603825590","5239386979","668624420","70","955177743","4272450010","6194564722"
"148","Wallingford","2013","2706477360","70.23","3853733960","24172800","70.45","34311994","819331510","73.15","1120070417","31299130","79.56","39340284","1897000","70","2710000","0","100","0","3583177800","5050166655","671285095","70","958978707","4254462895","6009145362"
"148","Wallingford","2012","2693257270","71","3768901861","24172800","71","33898191","817581370","63","1292414433","34280830","70","48965619","1863000","70","2661429","0","100","0","3571155270","5146841532","649933555","70","928476507","4221088825","6075318040"
"148","Wallingford","2011","2676871930","72.4","3697336919.89","24090900","72.05","33436363.64","804043170","65.93","1219540679.51","37513530","96.61","38829862.33","1861600","70","2659428.57","0","100","0","3544381130","4991803253.94","641634962","70","916621374.29","4186016092","5908424628.22"
"147","Voluntown","2024","285179160","70.00","407398800.00","0","70.00","0.00","10206360","70.00","14580514.29","1120010","70.00","1600014.29","1356260","70.00","1937514.29","0","100.00","0.00","297861790","425516842.00","34935020.00","70.00","49907171.43","332796810","475424013.00"
"147","Voluntown","2023","183759840","40.36","455301883.05","0","40.45","0","8337840","40.45","20612707.05","1037740","40.45","2565488.26","1398200","70","1997428.57","0","100","0","194533620","480477507","40644265","70","58063235.71","235177885","538540743"
"147","Voluntown","2022","182000000","43.94","414201183.43","0","43.94","0","8554560","43.94","19468730.09","1038265","43.94","2362915.34","1405280","70","2007542.86","0","100","0","192998105","438040371","42013700","70","60019571.43","235011805","498059942"
"147","Voluntown","2021","180130452","44.67","403247038.28","0","45.23","0","8459020","45.23","18702233.03","1081750","66.39","1629386.96","1410388","70","2014840","0","100","0","191081610","425593498","38566320","70","55094742.86","229647930","480688241"
"147","Voluntown","2020","178905940","70","255579914.29","0","70","0","8482980","70","12118542.86","1019100","70","1455857.14","1493530","70","2133614.29","0","100","0","189901550","271287928","32204030","70","46005757.14","222105580","317293685"
"147","Voluntown","2019","162042860","58.89","275161929.02","22170","59.83","37054.99","9298330","59.83","15541250.21","5384590","78.26","6880385.89","956780","70","1366828.57","0","100","0","177704730","298987449","30081070","70","42972957.14","207785800","341960406"
"147","Voluntown","2018","161098220","62.76","256702557.49","22170","62.93","35229.62","9317000","62.93","14805339.27","5519960","62.93","8771587.48","1035680","70","1479542.86","0","100","0","176993030","281794256.71","30031090","70","42901557.14","207024120","324695813.86"
"147","Voluntown","2017","161051080","59.08","272598307.38","22170","59.72","37123.24","9286730","59.72","15550452.11","5369170","97.14","5527249.33","1030640","70","1472342.86","0","100","0","176759790","295185474.92","29923009","70","42747155.71","206682799","337932630.63"
"147","Voluntown","2016","159727150","73.01","218774345.98","25270","75.33","33545.73","9347850","75.33","12409199.52","5933600","116.48","5094093.41","1031210","70","1473157.14","0","100","0","176065080","237784341.78","28067430","70","40096328.57","204132510","277880670.36"
"147","Voluntown","2015","159165520","70","227379314.29","25270","70","36100","9393510","70","13419300","6186930","70","8838471.43","1032490","70","1474985.71","0","100","0","175803720","251148171.43","26269985","70","37528550","202073705","288676721.43"
"147","Voluntown","2014","160958214","73.74","218278023","39740","74.27","53507","8998590","74.27","12116050","6185930","74.27","8328975","734483","70","1049261","0","100","0","176916957","239825817","25043031","70","35775759","201959988","275601575"
"147","Voluntown","2013","160431574","71.03","225864528","39740","71.03","55948","8998590","71.03","12668717","5966650","67.79","8801667","734703","70","1049576","0","100","0","176171257","248440436","24647625","70","35210893","200818882","283651329"
"147","Voluntown","2012","159951634","75","214068033","39740","77","51907","8881680","77","11600940","6107100","80","7611991","737248","70","1053211","0","100","0","175717402","234386082","23708222","70","33868889","199425624","268254971"
"147","Voluntown","2011","158068660","73.55","214913201.90","39740","72.87","54535.47","7263650","72.87","9967956.64","6811610","72.87","9347619.05","837420","70","1196314.29","0","100","0","173021080","235479627.35","21949564","70","31356520","194970644","266836147.35"
"146","Vernon","2024","1305241463","43.18","3022791716.07","272368380","31.38","867968068.83","323375538","66.58","485694710.12","9304000","60.94","15267476.21","493480","70.00","704971.43","0","100.00","0.00","1910782861","4392426942.00","385041488.00","70.00","550059268.57","2295824349","4942486211.00"
"146","Vernon","2023","1300704873","47.1","2761581471.34","272038330","47.35","574526568.11","315754961","53.1","594642111.11","9890630","32.42","30507803.82","508740","70","726771.43","0","100","0","1898897534","3961984725","385522373","70","550746247.14","2284419907","4512730972"
"146","Vernon","2022","1295640367","52.83","2452470882.07","272038330","52.81","515126548","305665686","50.33","607323039.94","10123770","41.64","24312608.07","529370","70","756242.86","0","100","0","1883997523","3599989321","391812600","70","559732285.71","2275810123","4159721607"
"146","Vernon","2021","1291251387","70","1844644838.57","272057017","70","388652881.43","305787717","70","436839595.71","10414650","70","14878071.43","566290","70","808985.71","0","100","0","1880077061","2685824373","348769911","70","498242730","2228846972","3184067103"
"146","Vernon","2020","1080888560","55.06","1963110352.34","203256470","48.23","421431619.32","276845560","65.12","425131388.21","9527350","62.25","15304979.92","510230","70","728900","0","100","0","1571028170","2825707239","291736012","70","416765731.43","1862764182","3242472970"
"146","Vernon","2019","1076254860","62.94","1709969590.09","197762240","57.23","345556945.66","278649192","75.51","369022900.28","9962570","63.12","15783539.29","489830","70","699757.14","0","100","0","1563118692","2441032732","277548550","70","396497928.57","1840667242","2837530661"
"146","Vernon","2018","1074916402","66.86","1607712237.51","192359827","53.83","357346882.78","276140195","57.27","482172507.42","9771380","78.79","12401802.26","492350","70","703357.14","0","100","0","1553680154","2460336787.11","276956978","70","395652825.71","1830637132","2855989612.83"
"146","Vernon","2017","1075881836","67.47","1594607730.84","182361210","45.47","401058302.18","275231412","51.54","534015157.16","10557400","67.44","15654507.71","481620","70","688028.57","0","100","0","1544513478","2546023726.46","276296255","70","394708935.71","1820809733","2940732662.18"
"146","Vernon","2016","1074312541","70","1534732201.43","173736229","70","248194612.86","273765582","70","391093688.57","11364618","70","16235168.57","513190","70","733128.57","0","100","0","1533692160","2190988800","261753234","70","373933191.43","1795445394","2564921991.43"
"146","Vernon","2015","1141407927","73.29","1557385628.33","140092050","71.46","196042611.25","228829260","59.23","386340131.69","6001650","44.02","13633916.40","348530","70","497900","0","100","0","1516679417","2153900187.67","252669596","70","360956565.71","1769349013","2514856753.38"
"146","Vernon","2014","1137325720","74.63","1523952459","133773770","68.99","193903131","233291125","51.46","453344588","6074037","74.12","8194869","350680","70","500971","0","100","0","1510815332","2179896018","256961136","70","367087337","1767776468","2546983355"
"146","Vernon","2013","1132401390","73.07","1549748720","137254240","51.96","264153657","227241532","69.41","327390192","6840600","72.64","9417126","361125","70","515893","0","100","0","1504098887","2151225587","258677519","70","369539313","1762776406","2520764900"
"146","Vernon","2012","1127507520","73","1554753889","128586390","72","178443505","230289300","73","314473986","7111140","73","9799008","359110","70","513014","0","100","0","1493853460","2057983402","241286145","70","344694493","1735139605","2402677895"
"146","Vernon","2011","1124378830","70","1606255471.43","128369030","70","183384328.57","225788900","70","322555571.43","8300820","70","11858314.29","345620","70","493742.86","0","100","0","1487183200","2124547428.57","252076124","70","360108748.57","1739259324","2484656177.14"
"145","Union","2024","100397910","55.82","179860103.91","0","55.52","0.00","5621790","55.52","10125702.45","3675950","55.52","6620947.41","2064540","70.00","2949342.86","0","100.00","0.00","111760190","199556096.00","16062044.00","70.00","22945777.14","127822234","222501873.00"
"145","Union","2023","99521680","70","142173828.57","0","70","0","5598490","70","7997842.86","3720820","70","5315457.14","2390330","70","3414757.14","0","100","0","111231320","158901886","16698384","70","23854834.29","127929704","182756720"
"145","Union","2022","73339990","44.43","165068624.80","0","44.43","0","5788200","44.43","13027684","2902120","44.43","6531892.87","1392500","70","1989285.71","0","100","0","83422810","186617488","17316295","70","24737564.29","100739105","211355052"
"145","Union","2021","72310860","47.35","152715649.42","0","50.95","0","5492000","50.95","10779195.29","2657660","54.56","4871077.71","1423800","70","2034000","0","100","0","81884320","170399922","16420276","70","23457537.14","98304596","193857459"
"145","Union","2020","71208890","62.7","113570797.45","0","66.62","0","5492000","66.62","8243770.64","2608190","139.73","1866592.71","1422810","70","2032585.71","0","100","0","80731890","125713747","14173199","70","20247427.14","94905089","145961174"
"145","Union","2019","70272523","64.87","108328230.31","0","64.87","0","5524950","64.87","8516956.99","2762840","64.87","4259041.16","1425460","70","2036371.43","0","100","0","79985773","123140599","13619639","70","19456627.14","93605412","142597226"
"145","Union","2018","70001613","70","100002304.29","0","70","0","5524950","70","7892785.71","2771370","70","3959100","1425190","70","2035985.71","0","100","0","79723123","113890175.71","12893351","70","18419072.86","92616474","132309248.57"
"145","Union","2017","67916770","67.05","101292721.85","0","68.15","0","5675027","68.15","8327258.99","3595570","68.15","5275964.78","999290","70","1427557.14","0","100","0","78186657","116323502.76","12882382","70","18403402.86","91069039","134726905.62"
"145","Union","2016","67896370","69.33","97932165.01","0","67.16","0","5713180","67.16","8506819.54","3639790","67.16","5419580.11","1000290","70","1428985.71","0","100","0","78249630","113287550.36","12279997","70","17542852.86","90529627","130830403.22"
"145","Union","2015","67501670","69.65","96915534.82","0","69.65","0","5609480","69.65","8053811.92","3978000","69.65","5711414.21","1001060","70","1430085.71","0","100","0","78090210","112110846.66","12766945","70","18238492.86","90857155","130349339.52"
"145","Union","2014","67480130","76.92","87727678","0","77.61","0","5609990","77.61","7228437","3940280","77.61","5077026","1010470","70","1443529","0","100","0","78040870","101476670","11996690","70","17138129","90037560","118614798"
"145","Union","2013","67698360","70","96711943","0","70","0","5618790","70","8026843","3950070","70","5642957","1011110","70","1444443","0","100","0","78278330","111826186","11594853","70","16564076","89873183","128390261"
"145","Union","2012","75935810","80","95420721","0","80","0","5968140","80","7454584","4846310","80","6053347","1068180","70","1525971","0","100","0","87818440","110454624","10814894","70","15449849","98633334","125904473"
"145","Union","2011","75298040","76.44","98506070.12","0","79.18","0","6026590","79.18","7611252.84","4828040","79.18","6097549.89","1065970","70","1522814.29","0","100","0","87218640","113737687.13","10410210","70","14871728.57","97628850","128609415.71"
"144","Trumbull","2024","3736599107","47.02","7946829236.50","160156493","47.10","340035016.99","753212068","47.10","1599176365.18","21783186","51.27","42487197.19","89600","70.00","128000.00","0","100.00","0.00","4671840454","9928655816.00","648087162.00","70.00","925838802.86","5319927616","10854494619.00"
"144","Trumbull","2023","3724976466","50.29","7406992376.22","106052065","50.33","210713421.42","821510330","53.1","1547100433.15","21749289","50.33","43213369.76","89600","70","128000","0","100","0","4674377750","9208147600","634908417","70","907012024.29","5309286167","10115159624"
"144","Trumbull","2022","3704426692","53.53","6920281509.43","102870030","53.53","192172669.53","815638218","50.45","1616725902.87","22068381","63.48","34764305.29","101070","70","144385.71","0","100","0","4645104391","8764088773","667720015","70","953885735.71","5312824406","9717974509"
"144","Trumbull","2021","3684238925","70","5263198464.29","99203020","70","141718600","810497620","70","1157853742.86","30822120","70","44031600","89600","70","128000","0","100","0","4624851285","6606930407","646908628","70","924155182.86","5271759913","7531085590"
"144","Trumbull","2020","3169694134","55.07","5755754737.61","68367740","55.1","124079382.94","875507489","55.1","1588942811.25","23944090","74.56","32113854.61","51600","70","73714.29","0","100","0","4137565053","7500964501","549477908","70","784968440","4687042961","8285932941"
"144","Trumbull","2019","3162441074","63.24","5000697460.47","50611330","63.24","80030566.10","893925238","67.87","1317113950.20","25767370","63.24","40745366.86","51600","70","73714.29","0","100","0","4132796612","6438661057","557017119","70","795738741.43","4689813731","7234399798"
"144","Trumbull","2018","3161532762","65.38","4835626739.06","38975825","65.42","59577843.17","905700029","67.22","1347366898.24","25720400","65.42","39315805.56","51100","70","73000","0","100","0","4131980116","6281960286.04","553776959","70","791109941.43","4685757075","7073070227.47"
"144","Trumbull","2017","3150795389","65.24","4829545354.08","37453500","65.31","57347266.88","905742449","79.47","1139728764.31","26395200","67.46","39127186.48","51100","70","73000","0","100","0","4120437638","6065821571.75","530125558","70","757322225.71","4650563196","6823143797.47"
"144","Trumbull","2016","3137044799","65.56","4784998168.09","36363810","65.62","55415742.15","913660590","66.19","1380360462.31","25995000","66.5","39090225.56","51200","70","73142.86","0","100","0","4113115399","6259937740.97","542592560","70","775132228.57","4655707959","7035069969.54"
"144","Trumbull","2015","3126516350","70","4466451928.57","36363810","70","51948300","872116080","70","1245880114.29","26147280","70","37353257.14","54300","70","77571.43","0","100","0","4061197820","5801711171.43","533782457","70","762546367.14","4594980277","6564257538.57"
"144","Trumbull","2014","3127347359","64.83","4823920035","23086300","64.85","35599537","806242571","74","1089516988","27451135","63.1","43504176","54300","70","77571","0","100","0","3984181665","5992618308","537690777","70","768129681","4521872442","6760747989"
"144","Trumbull","2013","3119891500","66.27","4707848951","23086300","66.35","34794725","828126100","72.65","1139884515","28346400","77.53","36561847","54000","70","77143","0","100","0","3999504300","5919167181","519257128","70","741795897","4518761428","6660963078"
"144","Trumbull","2012","3108236600","67","4646788160","23086300","67","34508670","792140200","67","1175805551","29171400","67","43604484","54000","70","77143","0","100","0","3952688500","5900784008","513989643","70","734270919","4466678143","6635054926"
"144","Trumbull","2011","3097309744","70","4424728205.71","23086300","70","32980428.57","766032300","70","1094331857.14","33625100","70","48035857.14","54000","70","77142.86","0","100","0","3920107444","5600153491.43","517495770","70","739279671.43","4437603214","6339433162.86"
"143","Torrington","2024","1741532236","46.99","3706176284.32","60551440","47.15","128422990.46","426615559","47.43","899463544.17","30114600","64.20","46907476.64","2368500","70.00","3383571.43","0","100.00","0.00","2261182335","4784353866.00","546344983.00","70.00","780492832.86","2807527318","5564846699.00"
"143","Torrington","2023","1222499078","34.35","3558949280.93","30817960","27.93","110339992.84","404177687","53.31","758164860.25","54940","76.33","71976.94","967000","70","1381428.57","0","100","0","1658516665","4428907540","535662033","70","765231475.71","2194178698","5194139016"
"143","Torrington","2022","1221173670","39.35","3103363837.36","31277150","37.68","83007298.30","404526431","54.99","735636353.88","54940","81.5","67411.04","946510","70","1352157.14","0","100","0","1657978701","3923427057","534396706","70","763423865.71","2192375407","4686850923"
"143","Torrington","2021","1213528970","44.93","2700932494.99","30750640","46.02","66820165.15","401548722","59.93","670029571.17","92290","62.2","148376.21","962810","70","1375442.86","0","100","0","1646883432","3439306050","508554830","70","726506900","2155438262","4165812950"
"143","Torrington","2020","1208654110","51.56","2344170112.49","30485880","60.46","50423221.96","404641017","66.96","604302594.09","60500","57.15","105861.77","978990","70","1398557.14","0","100","0","1644820497","3000400347","442531522","70","632187888.57","2087352019","3632588236"
"143","Torrington","2019","1203488710","70","1719269585.71","30241720","70","43202457.14","385925850","70","551322642.86","60500","70","86428.57","1000050","70","1428642.86","0","100","0","1620716830","2315309758","421691432","70","602416331.43","2042408262","2917726089"
"143","Torrington","2018","1208751670","67.87","1780980801.53","25509920","67.87","37586444.67","339761770","66","514790560.61","17015790","110.62","15382200.33","885220","70","1264600","0","100","0","1591924370","2350004607.14","404036785","70","577195407.14","1995961155","2927200014.28"
"143","Torrington","2017","1205346290","69.82","1726362489.26","25464020","69.88","36439639.38","334113200","68.89","484995209.75","17081800","99.28","17205680.90","915870","70","1308385.71","0","100","0","1582921180","2266311405.01","397408570","70","567726528.57","1980329750","2834037933.58"
"143","Torrington","2016","1203014950","72.02","1670390099.97","25481580","71.68","35549079.24","327426560","69.63","470237771.08","17016570","66.38","25635085.87","907470","70","1296385.71","0","100","0","1573847130","2203108421.87","385951450","70","551359214.29","1959798580","2754467636.16"
"143","Torrington","2015","1204654630","70.63","1705584921.42","25622970","70.51","36339483.76","328013590","66.59","492586859.89","17368970","58.55","29665192.14","901220","70","1287457.14","0","100","0","1576561380","2265463914.36","373407839","70","533439770","1949969219","2798903684.36"
"143","Torrington","2014","1200756450","70","1715366357","25494630","70","36420900","320207550","70","457439357","17016650","70","24309500","921720","70","1316743","0","100","0","1564397000","2234852857","367980565","70","525686521","1932377565","2760539379"
"143","Torrington","2013","1567994490","85.16","1841233549","28595540","85.35","33503855","379993860","85.69","443451815","39960140","90.97","43926723","907710","70","1296729","0","100","0","2017451740","2363412670","359400550","70","513429357","2376852290","2876842027"
"143","Torrington","2012","1567835480","83","1878772295","28431250","83","34275166","379231200","72","524379425","41139030","63","65664852","925880","70","1322686","0","100","0","2017562840","2504414423","346442945","70","494918493","2364005785","2999332916"
"143","Torrington","2011","1564091040","77.92","2007303696.10","28413800","77.16","36824520.48","379580060","67.48","562507498.52","41890280","77.16","54290150.34","922760","70","1318228.57","0","100","0","2014897940","2662244094","350941045","70","501344350","2365838985","3163588444"
"142","Tolland","2024","1521411550","70.00","2173445071.43","10949400","70.00","15642000.00","111936906","70.00","159909865.71","3662200","70.00","5231714.29","2029056","70.00","2898651.43","0","100.00","0.00","1649989112","2357127302.00","232934000.00","70.00","332762857.14","1882923112","2689890159.00"
"142","Tolland","2023","1022411640","44.49","2298070667.57","8240900","44.65","18456662.93","99253300","69.27","143284683.12","3576800","82.6","4330266.34","1264420","70","1806314.29","0","100","0","1134747060","2465948594","234120699","70","334458141.43","1368867759","2800406735"
"142","Tolland","2022","1012977270","48.81","2075347818.07","8324000","49.55","16799192.73","98476550","49.55","198741775.98","3579600","58.4","6129452.05","1273105","70","1818721.43","0","100","0","1124630525","2298836960","234388329","70","334840470","1359018854","2633677430"
"142","Tolland","2021","1003763360","52.66","1906121078.62","8324000","52.91","15732375.73","96849350","72.17","134196134.13","3579600","64.01","5592251.21","1307460","70","1867800","0","100","0","1113823770","2063509640","221468457","70","316383510","1335292227","2379893150"
"142","Tolland","2020","996453220","57.54","1731757420.92","8106200","57.82","14019716.36","98529750","72.94","135083287.63","4104000","75.11","5463986.15","1302690","70","1860985.71","0","100","0","1108495860","1888185397","178468385","70","254954835.71","1286964245","2143140233"
"142","Tolland","2019","992398220","70","1417711742.86","7645700","70","10922428.57","96246830","70","137495471.43","3859500","70","5513571.43","1347115","70","1924450","0","100","0","1101497365","1573567664","174913680","70","249876685.71","1276411045","1823444350"
"142","Tolland","2018","1008504077","67.59","1492090659.86","5216700","67.76","7699357.98","94238580","70.18","134281248.22","3874900","67.76","5718987.53","1083725","70","1548178.57","0","100","0","1112917982","1641338432.16","169206029","70","241722898.57","1282124011","1883061330.73"
"142","Tolland","2017","1006963549","69.31","1452840209.21","5216700","69.45","7511447.08","93822110","45.46","206383875.93","3983100","71.02","5608420.16","1096815","70","1566878.57","0","100","0","1111082274","1673910830.96","167680794","70","239543991.43","1278763068","1913454822.39"
"142","Tolland","2016","1008020397","67.69","1489171808.24","5216700","68.1","7660352.42","87708910","74.24","118142389.55","4116400","82.13","5012054.06","1111600","70","1588000","0","100","0","1106174007","1621574604.27","161869890","70","231242700","1268043897","1852817304.27"
"142","Tolland","2015","1007686427","69.6","1447825326.15","5216700","69.83","7470571.39","88834810","69.83","127215824.14","4413800","79.62","5543582.01","1115895","70","1594135.71","0","100","0","1107267632","1589649439.41","157815855","70","225451221.43","1265083487","1815100660.84"
"142","Tolland","2014","1004960614","70","1435658020","5699300","70","8141857","88559310","70","126513300","4534585","70","6477979","1103390","70","1576271","0","100","0","1104857199","1578367427","150844526","70","215492180","1255701725","1793859607"
"142","Tolland","2013","1060535080","71.7","1479128424","5901000","71.95","8201529","81715210","68.96","118496534","4559985","77.63","5873998","1163295","70","1661850","0","100","0","1153874570","1613362336","147602316","70","210860451","1301476886","1824222787"
"142","Tolland","2012","1057783400","73","1443875785","5901000","73","8089102","81544610","73","111781508","4626085","67","6907697","1163600","70","1662286","0","100","0","1151018695","1572316378","145377911","70","207682730","1296396606","1779999108"
"142","Tolland","2011","1055031800","72.71","1451013340.67","5901000","72.74","8112455.32","81225710","76.64","105983442.07","4624285","72.74","6357279.35","1143895","70","1634135.71","0","100","0","1147926690","1573100653.12","145931440","70","208473485.71","1293858130","1781574138.84"
"141","Thompson","2024","927104700","70.00","1324435285.71","3580700","70.00","5115285.71","40929200","70.00","58470285.71","31919697","70.00","45599567.14","5565120","70.00","7950171.43","0","100.00","0.00","1009099417","1441570596.00","120664033.00","70.00","172377190.00","1129763450","1613947786.00"
"141","Thompson","2023","577748979","41.13","1404689956.24","2853200","42.1","6777197.15","34055220","42.1","80891258.91","18507570","49.84","37133968.70","4464400","70","6377714.29","0","100","0","637629369","1535870095","140961266","70","201373237.14","778590635","1737243332"
"141","Thompson","2022","571025829","46.53","1227220780.14","2662700","68.71","3875272.89","33493160","49.9","67120561.12","18901920","61.6","30684935.06","4548530","70","6497900","0","100","0","630632139","1335399449","144642015","70","206631450","775274154","1542030899"
"141","Thompson","2021","566095099","47.55","1190525970.56","2713500","48.21","5628500.31","32694860","48.21","67817589.71","17333400","56.32","30776633.52","3009649","70","4299498.57","0","100","0","621846508","1299048194","135743445","70","193919207.14","757589953","1492967401"
"141","Thompson","2020","558965629","52.43","1066117926.76","2713500","54.36","4991721.85","32649100","62.72","52055325.26","17342400","68.66","25258374.60","2934420","70","4192028.57","0","100","0","614605049","1152615378","113807835","70","162582621.43","728412884","1315197999"
"141","Thompson","2019","552491839","70","789274055.71","2731700","70","3902428.57","32571500","70","46530714.29","16134700","70","23049571.43","2984460","70","4263514.29","0","100","0","606914199","867020284","101367101","70","144810144.29","708281300","1011830428"
"141","Thompson","2018","460444940","54.78","840534757.21","2483951","55.74","4456257.61","32432580","55.74","58184695.02","16757530","125.53","13349422.45","2892890","70","4132700","0","100","0","515011891","920657832.28","96670115","70","138100164.29","611682006","1058757996.57"
"141","Thompson","2017","455775940","55.78","817095625.67","2483951","56.04","4432460.74","31135570","56.04","55559546.75","17280330","75.5","22887854.30","3016440","70","4309200","0","100","0","509692231","904284687.47","93230568","70","133186525.71","602922799","1037471213.19"
"141","Thompson","2016","453304140","59.72","759049129.27","2483951","61.01","4071383.38","30838670","61.01","50546910.34","17490330","76.22","22947166.10","3089840","70","4414057.14","0","100","0","507206931","841028646.23","95578973","70","136541390","602785904","977570036.23"
"141","Thompson","2015","450486340","62.27","723440404.69","2484000","62.66","3964251.52","30055220","62.66","47965560.17","17628130","62.66","28132987.55","2279640","70","3256628.57","0","100","0","502933330","806759832.49","96436920","70","137767028.57","599370250","944526861.07"
"141","Thompson","2014","448337350","70","640481929","2783600","70","3976571","29699910","70","42428443","17397030","70","24852900","2145240","70","3064629","0","100","0","500363130","714804471","83806660","70","119723800","584169790","834528271"
"141","Thompson","2013","483216850","73.52","657259045","2383200","73.84","3227519","27820930","89.4","31119609","19217310","97.02","19807576","2600640","70","3715200","0","100","0","535238930","715128948","80857586","70","115510837","616096516","830639786"
"141","Thompson","2012","479865925","76","635079308","2383200","76","3139507","27763430","76","36574140","20205680","107","18801228","2624490","70","3749271","0","100","0","532842725","697343455","81466318","70","116380454","614309043","813723910"
"141","Thompson","2011","478238290","75.91","630006968.78","2383200","75.91","3139507.31","27776730","75.91","36591661.18","20311220","91.78","22130333.41","2719270","70","3884671.43","0","100","0","531428710","695753142.10","78090386","70","111557694.29","609519096","807310836.39"
"140","Thomaston","2024","426017420","42.53","1001686856.34","7717080","43.18","17871885.13","73690510","45.68","161318979.86","8670200","43.18","20079203.33","8204790","70.00","11721128.57","0","100.00","0.00","524300000","1212678053.00","138184750.00","70.00","197406785.71","662484750","1410084839.00"
"140","Thomaston","2023","427346620","45.2","945457123.89","7717080","45.37","17009213.14","72478990","45.37","159750914.70","9208990","84.11","10948745.69","7618760","70","10883942.86","0","100","0","524370440","1144049941","153457613","70","219225161.43","677828053","1363275102"
"140","Thomaston","2022","425473250","50.46","843189159.73","7717080","51.17","15081258.55","72601030","36.48","199015981.36","9730700","51.17","19016415.87","7621820","70","10888314.29","0","100","0","523143880","1087191130","152654145","70","218077350","675798025","1305268480"
"140","Thomaston","2021","424458440","70","606369200","7717080","70","11024400","70491590","70","100702271.43","11720520","70","16743600","8100000","70","11571428.57","0","100","0","522487630","746410900","143576555","70","205109364.29","666064185","951520264"
"140","Thomaston","2020","364433330","57.61","632586929.35","6991950","57.68","12121966.02","70189780","57.68","121688245.49","12119030","57.68","21010800.97","6868020","70","9811457.14","0","100","0","460602110","797219398","118684619","70","169549455.71","579286729","966768854"
"140","Thomaston","2019","361583574","62.36","579832543.30","6991950","62.69","11153214.23","69985160","62.69","111636879.89","12478660","151.55","8234021.77","6722770","70","9603957.14","0","100","0","457762114","720460616","116277305","70","166110435.71","574039419","886571052"
"140","Thomaston","2018","359413420","66.9","537279946.18","6934270","67.91","10211722.26","69527320","72.2","96304896.46","12466260","132.4","9415604.23","6500450","70","9286357.14","0","100","0","454841720","662498526.28","109711794","70","156731134.29","564553514","819229660.56"
"140","Thomaston","2017","358286250","67.93","527434491.39","7251090","68.13","10643020.70","69754830","68.13","102384896.52","12730130","68.13","18685057.98","6279460","70","8970657.14","0","100","0","454301760","668118123.73","99029399","70","141470570","553331159","809588693.73"
"140","Thomaston","2016","356468240","70","509240342.86","7277480","70","10396400","67449920","70","96357028.57","14075500","70","20107857.14","6112580","70","8732257.14","0","100","0","451383720","644833885.71","97397638","70","139139482.86","548781358","783973368.57"
"140","Thomaston","2015","360331954","69.74","516679027.82","6971430","69.74","9996314.88","64184720","89.41","71786958.95","13826144","69.74","19825271.01","5759110","70","8227300","0","100","0","451073358","626514872.66","95885065","70","136978664.29","546958423","763493536.95"
"140","Thomaston","2014","358317067","71.92","498216167","6621500","71.36","9279008","63680438","60.11","105939840","14328674","71.36","20079420","6012216","70","8588880","0","100","0","448959895","642103315","91843326","70","131204751","540803221","773308066"
"140","Thomaston","2013","347244034","71.16","487976439","6548490","71.31","9183130","63513175","82.94","76577255","14250274","71.31","19983556","5534326","70","7906180","0","100","0","437090299","601626560","86034548","70","122906497","523124847","724533057"
"140","Thomaston","2012","346415444","70","491787967","6458760","70","9183506","63552410","70","90363159","15118344","68","22331380","5859896","70","8371280","0","100","0","437404854","622037292","90285020","70","128978600","527689874","751015892"
"140","Thomaston","2011","344095910","70","491565585.71","6289920","70","8985600","65972514","70","94246448.57","14687220","70","20981742.86","5962866","70","8518380","0","100","0","437008430","624297757.14","89065785","70","127236835.71","526074215","751534592.86"
"139","Suffield","2024","1597648900","58.28","2741333047.36","20047790","58.28","34399090.60","141511785","58.28","242813632.46","15073080","75.54","19953772.84","8395250","70.00","11993214.29","0","100.00","0.00","1782676805","3050492757.00","266490189.00","70.00","380700270.00","2049166994","3431193027.00"
"139","Suffield","2023","1587364890","70","2267664128.57","20047790","70","28639700","149968823","70","214241175.71","17086210","70","24408871.43","8403780","70","12005400","0","100","0","1782871493","2546959276","270369437","70","386242052.86","2053240930","2933201329"
"139","Suffield","2022","1165683720","48.52","2402480873.87","13563660","48.98","27692241.73","107655966","48.98","219795765.62","18494120","68.96","26818619.49","7130140","70","10185914.29","0","100","0","1312527606","2686973415","276493317","70","394990452.86","1589020923","3081963868"
"139","Suffield","2021","1151467350","52.06","2211808202.07","13073810","52.07","25108142.88","104407862","52.07","200514426.73","20961764","67.4","31100540.06","7143500","70","10205000","0","100","0","1297054286","2478736312","261448013","70","373497161.43","1558502299","2852233473"
"139","Suffield","2020","1139200840","58.58","1944692454.76","13733700","58.64","23420361.53","105934330","68.81","153951940.12","24628020","59.97","41067233.62","7100470","70","10143528.57","0","100","0","1290597360","2173275520","223431758","70","319188225.71","1514029118","2492463746"
"139","Suffield","2019","1145788620","66.36","1726625406.87","11481870","66.13","17362573.72","109157380","66.13","165064841.98","3300650","63.51","5197055.58","9613460","70","13733514.29","0","100","0","1279341980","1927983393","210985890","70","301408414.29","1490327870","2229391807"
"139","Suffield","2018","1133388733","70","1619126761.43","11050970","70","15787100","107600640","70","153715200","3107450","70","4439214.29","9592590","70","13703700","0","100","0","1264740383","1806771975.71","203660758","70","290943940","1468401141","2097715915.71"
"139","Suffield","2017","1099065328","66.69","1648021184.59","6847540","66.8","10250808.38","100513813","66.8","150469779.94","6356230","71.54","8884861.62","9088230","70","12983185.71","0","100","0","1221871141","1830609820.24","188068701","70","268669572.86","1409939842","2099279393.10"
"139","Suffield","2016","1088390944","67.03","1623737049.08","6847540","67.01","10218683.78","100949523","67.01","150648445.01","3100810","61.11","5074144.98","8993420","70","12847742.86","0","100","0","1208282237","1802526065.71","178104375","70","254434821.43","1386386612","2056960887.14"
"139","Suffield","2015","1076255065","68.87","1562734231.16","6847540","68.99","9925409.48","100566155","68.99","145769176.69","3094370","73.5","4210027.21","9084380","70","12977685.71","0","100","0","1195847510","1735616530.26","190593126","70","272275894.29","1386440636","2007892424.54"
"139","Suffield","2014","1065181355","68.33","1558878026","6847540","68.41","10009560","96635975","68.41","141260013","3177110","65.95","4817453","9068260","70","12954657","0","100","0","1180910240","1727919709","186659707","70","266656724","1367569947","1994576433"
"139","Suffield","2013","1057440181","70","1510628830","5263720","70","7519600","98744275","70","141063250","3300170","70","4714529","8686150","70","12408786","0","100","0","1173434496","1676334994","170304950","70","243292786","1343739446","1919627780"
"139","Suffield","2012","1149873790","74","1558939520","6983200","74","9467462","103308125","74","140059822","4710870","93","5077463","6929800","70","9899714","0","100","0","1271805785","1723443982","157434602","70","224906574","1429240387","1948350556"
"139","Suffield","2011","1141939040","74.94","1523804430.21","6364820","74.94","8493221.24","103001605","74.94","137445429.68","5138640","76.95","6677894.74","6677660","70","9539514.29","0","100","0","1263121765","1685960490.15","144307569","70","206153670","1407429334","1892114160.15"
"138","Stratford","2024","3129982461","37.80","8280376880.95","73597720","38.06","193372884.92","917601232","53.00","1731323079.25","61074720","38.06","160469574.36","112770","70.00","161100.00","0","100.00","0.00","4182368903","10365703519.00","1182423096.00","70.00","1689175851.43","5364791999","12054879370.00"
"138","Stratford","2023","3126056191","39.88","7838656446.84","73622500","40.31","182640783.92","872670278","59.72","1461269722.04","61907580","74.84","82719909.14","112770","70","161100","0","100","0","4134369319","9565447962","998584277","70","1426548967.14","5132953596","10991996929"
"138","Stratford","2022","3119947580","43.52","7168997196.69","73622500","38.43","191575591.99","862162450","58.64","1470263386.77","66907340","43.86","152547514.82","112740","70","161057.14","0","100","0","4122752610","8983544748","1042331103","70","1489044432.86","5165083713","10472589181"
"138","Stratford","2021","3109023560","46.63","6667432039.46","73621800","46.91","156942656.15","850235731","66.88","1271285482.95","65324590","59.92","109019676.23","112740","70","161057.14","0","100","0","4098318421","8204840911","916730197","70","1309614567.14","5015048618","9514455478"
"138","Stratford","2020","3097239330","52.58","5890527443.90","69253940","52.65","131536448.24","842262370","66.12","1273839035.09","68636900","52.18","131538712.15","112740","70","161057.14","0","100","0","4077505280","7427602696","774070785","70","1105815407.14","4851576065","8533418103"
"138","Stratford","2019","3086028330","70","4408611900","71319220","70","101884600","808021395","70","1154316278.57","69627440","70","99467771.43","113570","70","162242.86","0","100","0","4035109955","5764442793","738949287","70","1055641838.57","4774059242","6820084632"
"138","Stratford","2018","2990562950","63.41","4716232376.60","59613540","63.43","93983194.07","777668124","71.36","1089781563.90","71607950","63.43","112892874.03","104550","70","149357.14","0","100","0","3899557114","6013039365.75","719895589","70","1028422270","4619452703","7041461635.75"
"138","Stratford","2017","2985443380","65.11","4585230195.05","58107140","65.31","88971275.46","764740020","66.96","1142084856.63","66661080","114.7","58117768.09","103790","70","148271.43","0","100","0","3875055410","5874552366.66","682342004","70","974774291.43","4557397414","6849326658.09"
"138","Stratford","2016","2974953150","66.89","4447530497.83","56570990","67.05","84371349.74","761332457","71.65","1062571468.25","67537550","80.85","83534384.66","103790","70","148271.43","0","100","0","3860497937","5678155971.91","634845621","70","906922315.71","4495343558","6585078287.63"
"138","Stratford","2015","2963368640","67.96","4360460035.31","56726600","67.88","83568945.20","782036100","62.31","1255073182.47","67718570","73.77","91796895.76","103790","70","148271.43","0","100","0","3869953700","5791047330.17","613159576","70","875942251.43","4483113276","6666989581.60"
"138","Stratford","2014","2954969090","70","4221384414","56336210","70","80480300","778008250","70","1111440357","71098780","70","101569686","99100","70","141571","0","100","0","3860511430","5515016329","586614625","70","838020893","4447126055","6353037221"
"138","Stratford","2013","3145099401","71.26","4413555152","44646910","71.24","62671126","727865038","62.23","1169636892","67013210","91.48","73254493","99000","70","141429","0","100","0","3984723559","5719259091","578280645","70","826115207","4563004204","6545374298"
"138","Stratford","2012","3136542575","72","4368443698","38774820","72","54101884","730102450","61","1195909009","67927795","72","94778561","99000","70","141429","0","100","0","3973446640","5713374580","562940850","70","804201214","4536387490","6517575795"
"138","Stratford","2011","3129831730","74","4229502337.84","38427060","74.3","51718788.69","734797160","77.39","949473006.85","65041265","74.3","87538714.67","99000","70","141428.57","0","100","0","3968196215","5318374276.62","562535078","70","803621540","4530731293","6121995816.62"
"137","Stonington","2024","3117289522","53.20","5859566770.68","57133052","53.18","107433343.36","501548163","52.10","962664420.35","66170403","53.03","124779187.25","2523342","70.00","3604774.29","11900","100.00","11900.00","3744676382","7058060395.00","388985002.00","70.00","555692860.00","4133661384","7613753255.00"
"137","Stonington","2023","3085111622","56.35","5474909710.74","45931352","56.1","81874067.74","496297054","60.32","822773630.64","69177803","46.52","148705509.46","2556172","70","3651674.29","11900","100","11900","3699085903","6531926493","386384322","70","551977602.86","4085470225","7083904096"
"137","Stonington","2022","3052199828","70","4360285468.57","44779256","70","63970365.71","496286409","70","708980584.29","68116703","70","97309575.71","2615582","70","3736545.71","11900","100","11900","3664009678","5234294441","378835208","70","541193154.29","4042844886","5775487595"
"137","Stonington","2021","2096227290","45.71","4585927127.54","29892066","46.03","64940399.74","408171944","55.34","737571275.75","61034753","54.06","112901873.84","1687760","70","2411085.71","11900","100","11900","2597025713","5503763664","368414711","70","526306730","2965440424","6030070394"
"137","Stonington","2020","2066759398","53.51","3862379738.37","28883766","54.22","53271423.83","408258954","70.57","578516301.54","60903303","62.99","96687256.71","1688680","70","2412400","11900","100","11900","2566506001","4593279021","296120716","70","423029594.29","2862626717","5016308615"
"137","Stonington","2019","2062100178","62.09","3321147009.18","25281766","62.35","40548141.14","401376544","65.98","608330621.40","60934291","75.3","80922033.20","1716920","70","2452742.86","11900","100","11900","2551421599","4053412447","272508252","70","389297502.86","2823929851","4442709950"
"137","Stonington","2018","2054314256","63.32","3244337106.76","19838466","63.62","31185201.60","392223814","75.97","516287763.59","61146519","72.1","84807932.04","1735810","70","2479728.57","11900","100","11900","2529270765","3879109632.56","261993691","70","374276701.43","2791264456","4253386333.99"
"137","Stonington","2017","2032374754","70","2903392505.71","19206866","70","27438380","400749754","70","572499648.57","66761100","70","95373000","1786580","70","2552257.14","11900","100","11900","2520890954","3601267691.43","255208587","70","364583695.71","2776099541","3965851387.14"
"137","Stonington","2016","1936076368","63.84","3032701077.69","20896920","63.92","32692302.88","374983121","93.32","401825033.22","66174400","82.2","80504136.25","1221790","70","1745414.29","943600","100","943600","2400296199","3550411564.33","248273953","70","354677075.71","2648570152","3905088640.04"
"137","Stonington","2015","1928208229","64.26","3000635277","15377610","64.4","23878276.40","378373601","68.25","554393554.58","67567900","66.16","102128022.97","1254230","70","1791757.14","3000","100","3000","2390784570","3682829888.09","239115977","70","341594252.86","2629900547","4024424140.95"
"137","Stonington","2014","1922203560","64.2","2994086542","14131330","64.97","21750546","379492021","70.58","537676425","68307400","71.65","95334822","1230070","70","1757243","3000","100","3000","2385367381","3650608579","240505635","70","343579479","2625873016","3994188057"
"137","Stonington","2013","1910471460","68.67","2782104937","14277830","68.64","20801034","377519921","92.48","408217908","72360000","62.43","115905815","1225120","70","1750171","6010","100","6010","2375860341","3328785875","227544392","70","325063417","2603404733","3653849292"
"137","Stonington","2012","1898537310","70","2712196157","12976240","70","18537486","382072900","70","545818429","73795100","70","105421571","1186190","70","1694557","6010","100","6010","2368573750","3383674210","227410006","70","324871437","2595983756","3708545647"
"137","Stonington","2011","2374929780","86.67","2740198200.07","18037200","86.93","20749108.48","470995102","111.25","423366383.82","102636830","77.88","131788430.92","1285820","70","1836885.71","6010","100","6010","2967890742","3317945019","223275596","70","318965137.14","3191166338","3636910156.14"
"136","Sterling","2024","290279267","56.96","509619499.65","0","57.00","0.00","17561580","50.80","34570039.37","813900","66.98","1215138.85","2299582","70.00","3285117.14","0","100.00","0.00","310954329","548689795.00","44237840.00","70.00","63196914.29","355192169","611886709.00"
"136","Sterling","2023","290963167","53.54","543450069.11","0","54.44","0","18222000","74.09","24594412.20","765100","83.45","916836.43","2250552","70","3215074.29","0","100","0","312200819","572176391","49979320","70","71399028.57","362180139","643575420"
"136","Sterling","2022","288960957","70","412801367.14","0","70","0","16480700","70","23543857.14","953600","70","1362285.71","2216662","70","3166660","0","100","0","308611919","440874170","50801985","70","72574264.29","359413904","513448434"
"136","Sterling","2021","166748061","40.85","408195987.76","1080570","41.7","2591294.96","11134860","57.46","19378454.58","7514410","57.06","13169313","14589800","70","20842571.43","0","100","0","201067701","464177622","49245633","70","70350904.29","250313334","534528526"
"136","Sterling","2020","165149081","48.51","340443374.56","1080570","48.56","2225226.52","12473950","48.56","25687705.93","7609870","51.7","14719284.33","14740220","70","21057457.14","0","100","0","201053691","404133049","41035627","70","58622324.29","242089318","462755373"
"136","Sterling","2019","163486545","58.76","278227612.32","1080570","58.62","1843346.98","12131630","58.62","20695377","7671430","56.42","13597004.61","15208020","70","21725742.86","0","100","0","199578195","336089084","38449616","70","54928022.86","238027811","391017107"
"136","Sterling","2018","162529485","58.77","276575316.94","1080570","58.94","1833338.99","12131630","58.94","20583016.63","7849070","65.65","11955932.98","14923150","70","21318785.71","0","100","0","198513905","332266391.25","38500499","70","55000712.86","237014404","387267104.11"
"136","Sterling","2017","161557400","70","230796285.71","1080570","70","1543671.43","12137390","70","17339128.57","7822050","70","11174357.14","15134930","70","21621328.57","0","100","0","197732340","282474771.43","37804575","70","54006535.71","235536915","336481307.14"
"136","Sterling","2016","150754260","63.13","238799714.87","1085540","65.45","1658579.07","12408390","65.45","18958579.07","8872680","97.1","9137672.50","14728760","70","21041085.71","0","100","0","187849630","289595631.23","38014206","70","54306008.57","225863836","343901639.80"
"136","Sterling","2015","149805285","65.15","229939040.68","1085540","65.37","1660608.84","12411720","65.37","18986874.71","8992750","90.42","9945531.96","15093110","70","21561585.71","0","100","0","187388405","282093641.91","39401551","70","56287930","226789956","338381571.91"
"136","Sterling","2014","149874129","68.94","217397924","1085540","70.99","1529145","12144610","70.99","17107494","8920120","126.75","7037570","14837530","70","21196471","0","100","0","186861929","264268605","39116305","70","55880436","225978234","320149040"
"136","Sterling","2013","148373290","66.02","224739912","1085540","69.66","1558341","12377110","69.66","17767887","9130520","78.69","11603152","14205770","70","20293957","0","100","0","185172230","275963248","39324728","70","56178183","224496958","332141431"
"136","Sterling","2012","148120320","70","211600457","1085540","70","1550771","12567850","70","17954071","8693840","70","12419771","14069840","70","20099771","0","100","0","184537390","263624843","39746591","70","56780844","224283981","320405687"
"136","Sterling","2011","220428570","101.83","216467219.88","1676640","101.83","1646508.89","16469640","101.83","16173661.99","18402260","101.83","18071550.62","19498940","70","27855628.57","0","100","0","276476050","280214569.94","45435735","70","64908192.86","321911785","345122762.80"
"135","Stamford","2024","14610690074","53.75","27182679207.44","3688163213","53.56","6886040352.88","5767781550","64.90","8887182665.64","458664127","79.62","576066474.50","2187090","70.00","3124414.29","0","100.00","0.00","24527486054","43535093115.00","2918987619.00","70.00","4169982312.86","27446473673","47705075428.00"
"135","Stamford","2023","14582154691","57.57","25329433196.11","3598598833","57.68","6238902276.35","5822043114","68.09","8550511255.69","466124930","83.9","555572026.22","2198020","70","3140028.57","0","100","0","24471119588","40677558783","2738614866","70","3912306951.43","27209734454","44589865734"
"135","Stamford","2022","13076833760","57.09","22905646803.29","3428209910","48.02","7139129341.94","5050110342","55.33","9127255272","486278600","70.29","691817612.75","2056850","70","2938357.14","0","100","0","22043489462","39866787387","2743360855","70","3919086935.71","24786850317","43785874323"
"135","Stamford","2021","11746960513","55.51","21161881666.37","2675263696","52.65","5081222594.49","5354021622","55.68","9615699752.16","407777080","68.8","592699244.19","2967690","70","4239557.14","0","100","0","20186990601","36455742813","2608977684","70","3727110977.14","22795968285","40182853790"
"135","Stamford","2020","11709233164","60.63","19312606241.13","2417330739","60.68","3983735561.96","5376507345","59.29","9068152040.82","411811890","73.46","560593370.54","3044700","70","4349571.43","0","100","0","19917927838","32929436786","2304481045","70","3292115778.57","22222408883","36221552565"
"135","Stamford","2019","11684058938","65.42","17860071748.70","2204240919","65.51","3364739610.75","5345945984","67.77","7888366510.26","421065020","77.54","543029429.97","3044700","70","4349571.43","0","100","0","19658355561","29660556871","2349040582","70","3355772260","22007396143","33016329131"
"135","Stamford","2018","11632677357","65.48","17766593901.49","1983744780","55.43","3578800685.54","5456308754","64.68","8435851505.88","408775310","96.15","425143328.13","3036720","70","4338171.43","0","100","0","19484542921","30210727592.47","2199514780","70","3142163971.43","21684057701","33352891563.90"
"135","Stamford","2017","11579488484","70","16542126405.71","1918132900","70","2740189857.14","5283649992","70","7548071417.14","445513620","70","636448028.57","3036720","70","4338171.43","0","100","0","19229821716","27471173880","2233462419","70","3190660598.57","21463284135","30661834478.57"
"135","Stamford","2016","10760418537","60.83","17689328517.18","1611968634","57.27","2814682441.07","4812389635","56.83","8468044404.36","470904520","57.2","823259650.35","2721970","70","3888528.57","0","100","0","17658403296","29799203541.53","2118394202","70","3026277431.43","19776797498","32825480972.96"
"135","Stamford","2015","10837448629","61.08","17743039667.65","1815328537","55.2","3288638653.99","4844959035","54.61","8871926451.20","0","57.71","0","742390","70","1060557.14","0","100","0","17498478591","29904665329.98","2110347878","70","3014782682.86","19608826469","32919448012.83"
"135","Stamford","2014","10804342437","61.2","17654154309","1193417941","60.76","1964150660","5364177008","55.36","9689626098","0","62.93","0","779320","70","1113314","0","100","0","17362716706","29309044381","1998265353","70","2854664790","19360982059","32163709171"
"135","Stamford","2013","10762169741","61.83","17406064598","1153895293","53.8","2144786790","5227217416","57.44","9100308872","0","75.38","0","779320","70","1113314","0","100","0","17144061770","28652273574","1960009320","70","2800013314","19104071090","31452286889"
"135","Stamford","2012","10718148492","70","15311640703","1119515480","70","1599307829","5174626474","70","7392323534","0","70","0","692750","70","989643","0","100","0","17012983196","24304261709","1934852205","70","2764074579","18947835401","27068336287"
"135","Stamford","2011","14458053698","90.35","16002273047.04","1293363240","90.29","1432454579.69","6749157106","77.88","8666097978.94","0","98.7","0","689480","70","984971.43","0","100","0","22501263524","26101810577.10","1920703419","70","2743862027.14","24421966943","28845672604.24"
"134","Stafford","2024","589791030","38.90","1516172313.62","7250730","39.71","18259204.23","76910820","47.07","163396685.79","16886780","69.29","24371164.67","3590910","70.00","5129871.43","4700","100.00","4700.00","694434970","1727333940.00","195062890.00","70.00","278661271.43","889497860","2005995211.00"
"134","Stafford","2023","589598080","42.78","1378209630.67","7250730","43.67","16603457.75","76724900","43.67","175692466.22","17063040","68.94","24750565.71","3549400","70","5070571.43","4700","100","4700","694190850","1600331392","181070525","70","258672178.57","875261375","1859003571"
"134","Stafford","2022","586367380","47.75","1227994513.09","7250730","48.4","14980847.11","77043722","64.25","119912407.78","18500249","69.33","26684334.34","3415700","70","4879571.43","4700","100","4700","692582481","1394456373","179203765","70","256005378.57","871786246","1650461752"
"134","Stafford","2021","582055540","49.85","1167613921.77","7250730","43.05","16842578.40","75175660","50.41","149128466.57","18425180","84.77","21735496.05","3552200","70","5074571.43","4700","100","4700","686464010","1360399734","168307990","70","240439985.71","854772000","1600839720"
"134","Stafford","2020","577699050","70","825284357.14","7250730","70","10358185.71","74193600","70","105990857.14","18682470","70","26689242.86","3528370","70","5040528.57","800","100","800","681355020","973363972","143028991","70","204327130","824384011","1177691102"
"134","Stafford","2019","556685070","65.26","853026463.38","6252680","65.93","9483816.17","72139518","77.15","93505532.08","20770950","124.79","16644723.13","2181080","70","3115828.57","0","100","0","658029298","975776363","135384235","70","193406050","793413533","1169182413"
"134","Stafford","2018","555895418","67.15","827841277.74","6319880","67.21","9403184.05","70437720","67.21","104802440.11","20777390","80.99","25654265.96","2129170","70","3041671.43","40460","100","40460","655600038","970783299.29","130459239","70","186370341.43","786059277","1157153640.72"
"134","Stafford","2017","554444028","66.64","831998841.54","6455820","66.68","9681793.64","70009817","66.68","104993726.75","21429230","123.73","17319348.58","2159130","70","3084471.43","3900","100","3900","654501925","967082081.94","127729528","70","182470754.29","782231453","1149552836.23"
"134","Stafford","2016","554382950","66.07","839084228.85","6252680","66.07","9463720.30","69598688","53.26","130677221.18","22020940","74.29","29641862.97","2159730","70","3085328.57","1340","100","1340","654416328","1011953701.86","124062534","70","177232191.43","778478862","1189185893.29"
"134","Stafford","2015","555025498","70","792893568.57","6267310","70","8953300","62313965","70","89019950","22321030","70","31887185.71","2184030","70","3120042.86","1340","100","1340","648113173","925875387.14","122742976","70","175347108.57","770856149","1101222495.71"
"134","Stafford","2014","560221766","70.93","789823440","7289079","70.79","10296764","59061055","63.57","92907118","22618960","64.64","34992203","1197970","70","1711386","1340","100","1340","650390170","929732250","120011686","70","171445266","770401856","1101177516"
"134","Stafford","2013","557847300","69.58","801735125","8114674","69.62","11655665","59500235","68.84","86432648","22481270","79.13","28410552","1204070","70","1720100","1340","100","1340","649148889","929955431","117459229","70","167798899","766608118","1097754329"
"134","Stafford","2012","556326074","72","768937214","6748750","72","9327920","60306725","96","62799880","23448950","64","36593243","1172440","70","1674914","1340","100","1340","648004279","879334511","116953270","70","167076100","764957549","1046410611"
"134","Stafford","2011","554131838","70","791616911.43","6663209","70","9518870","64560278","70","92228968.57","24215290","70","34593271.43","1169620","70","1670885.71","20450","100","20450","650760685","929649357.14","117706510","70","168152157.14","768467195","1097801514.29"
"133","Sprague","2024","175582750","58.82","298508585.52","1273400","62.35","2042341.62","11560235","62.35","18540874.10","3944430","142.20","2773860.76","1191430","70.00","1702042.86","0","100.00","0.00","193552245","323567706.00","53149496.00","70.00","75927851.43","246701741","399495557.00"
"133","Sprague","2023","174937271","59.29","295053585.76","1273400","61.56","2068551.01","11406205","61.56","18528598.12","4236610","78.97","5364834.75","1214020","70","1734314.29","0","100","0","193067506","322749884","52932753","70","75618218.57","246000259","398368103"
"133","Sprague","2022","173767250","70","248238928.57","1273400","70","1819142.86","11433085","70","16332978.57","4281070","70","6115814.29","1241120","70","1773028.57","0","100","0","191995925","274279894","55031484","70","78616405.71","247027409","352896300"
"133","Sprague","2021","120257298","42.25","284632657.99","1156710","45.63","2534976.99","11891778","83.98","14160250.06","3065230","55.46","5526920.30","799650","70","1142357.14","0","100","0","137170666","307997162","51475839","70","73536912.86","188646505","381534075"
"133","Sprague","2020","119490500","53.67","222639277.06","1156710","54.15","2136121.88","11864108","54.15","21909710.06","3206280","67.66","4738811.71","812790","70","1161128.57","0","100","0","136530388","252585050","44500300","70","63571857.14","181030688","316156907"
"133","Sprague","2019","118510530","60.11","197156097.16","1156710","60.19","1921764.41","11026260","60.19","18319089.55","3322720","75.92","4376606.95","826450","70","1180642.86","0","100","0","134842670","222954201","44595460","70","63707800","179438130","286662001"
"133","Sprague","2018","118294340","60.36","195981345.26","1156710","62.53","1849848.07","11026260","62.53","17633551.90","3584470","62.53","5732400.45","826450","70","1180642.86","0","100","0","134888230","222377788.53","28030810","70","40044014.29","162919040","262421802.82"
"133","Sprague","2017","117930730","70","168472471.43","1156710","70","1652442.86","11026260","70","15751800","3719310","70","5313300","879900","70","1257000","0","100","0","134712910","192447014.29","32214674","70","46020962.86","166927584","238467977.14"
"133","Sprague","2016","111183970","62.27","178551421.23","1797390","62.27","2886446.12","15953180","62.27","25619367.27","3883090","62.27","6235892.08","5248520","70","7497885.71","0","100","0","138066150","220791012.42","36079610","70","51542300","174145760","272333312.42"
"133","Sprague","2015","111101190","67.54","164496875.93","1797390","67.8","2651017.70","15948630","67.8","23523053.10","3851180","67.8","5680206.49","5492420","70","7846314.29","0","100","0","138190810","204197467.50","31242662","70","44632374.29","169433472","248829841.78"
"133","Sprague","2014","110993370","66.43","167083200","1797390","66.04","2721669","15961670","66.04","24169700","3896740","66.04","5900575","5629740","70","8042486","0","100","0","138278910","207917630","32734640","70","46763771","171013550","254681402"
"133","Sprague","2013","110326610","71.71","153851081","1797390","71.9","2499847","15702970","71.9","21840014","4234910","71.9","5890000","6009470","70","8584957","0","100","0","138071350","192665899","27677960","70","39539943","165749310","232205842"
"133","Sprague","2012","109777040","70","156824343","1797390","70","2567700","15837390","70","22624843","4227700","70","6039571","5937370","70","8481957","0","100","0","137576890","196538414","26625421","70","38036316","164202311","234574730"
"133","Sprague","2011","124889600","66.12","188883242.59","1382600","73.18","1889314.02","20141620","73.18","27523394.37","4812100","82.56","5828609.50","7749000","70","11070000","0","100","0","158974920","235194560.48","29264780","70","41806828.57","188239700","277001389.05"
"132","South Windsor","2024","2366071210","51.70","4576540058.03","38728000","52.00","74476923.08","650567590","54.64","1190643466.33","43495460","52.00","83645115.38","2741270","70.00","3916100.00","0","100.00","0.00","3101603530","5929221662.00","718785765.00","70.00","1026836807.14","3820389295","6956058469.00"
"132","South Windsor","2023","2354784620","54.56","4315954215.54","37758100","54.72","69002375.73","646775600","62.51","1034675411.93","44738360","76.64","58374686.85","2725190","70","3893128.57","0","100","0","3086781870","5481899820","699219759","70","998885370","3786001629","6480785190"
"132","South Windsor","2022","2342878520","70","3346969314.29","37399000","70","53427142.86","633146202","70","904494574.29","50536760","70","72195371.43","2813530","70","4019328.57","0","100","0","3066774012","4381105731","692228947","70","988898495.71","3759002959","5370004227"
"132","South Windsor","2021","1756259311","51.87","3385886468.09","33534320","51.88","64638242.10","567102127","50.63","1120091106.06","37458376","59.55","62902394.63","2389670","70","3413814.29","0","100","0","2396743804","4636932025","647535554","70","925050791.43","3044279358","5561982816"
"132","South Windsor","2020","1745156685","56.2","3105261005.34","33531500","56.15","59717720.39","550248997","52.28","1052503819.82","39089176","53.3","73338041.28","2464150","70","3520214.29","0","100","0","2370490508","4294340800","586830810","70","838329728.57","2957321318","5132670529"
"132","South Windsor","2019","1731631552","63.07","2745570876.80","33521500","63.19","53048741.89","498701827","59.43","839141556.45","42994186","74.21","57935838.84","2629660","70","3756657.14","0","100","0","2309478725","3699453671","544629559","70","778042227.14","2854108284","4477495898"
"132","South Windsor","2018","1710993112","65.32","2619401579.91","30132300","65.07","46307514.98","462026938","57.84","798870818.71","41365816","65.07","63571255.57","2544410","70","3634871.43","0","100","0","2247062576","3531786040.61","521565316","70","745093308.57","2768627892","4276879349.18"
"132","South Windsor","2017","1695354403","70","2421934861.43","25319400","70","36170571.43","458465828","70","654951182.86","43699216","70","62427451.43","2571870","70","3674100","0","100","0","2225410717","3179158167.14","518539262","70","740770374.29","2743949979","3919928541.43"
"132","South Windsor","2016","1653248924","64.94","2545809861.41","19429500","64.94","29919156.14","434152730","69.48","624860002.88","34451050","64.94","53050585.16","2669120","70","3813028.57","0","100","0","2143951324","3257452634.16","458241601","70","654630858.57","2602192925","3912083492.73"
"132","South Windsor","2015","1648926104","67.44","2445026844.60","0","67.42","0","445492891","64.23","693590052.93","33851250","58.86","57511467.89","2676910","70","3824157.14","0","100","0","2130947155","3199952522.57","415481460","70","593544942.86","2546428615","3793497465.43"
"132","South Windsor","2014","1640800440","67.59","2427578695","0","67.81","0","416831851","74.49","559580952","35429650","67.81","52248415","2641920","70","3774171","0","100","0","2095703861","3043182233","406660530","70","580943614","2502364391","3624125847"
"132","South Windsor","2013","1636662640","67.65","2419309150","0","67.65","0","404074401","66.75","605354908","37220500","67.65","55019217","2729070","70","3898671","0","100","0","2080686611","3083581946","426491191","70","609273130","2507177802","3692855076"
"132","South Windsor","2012","1629489276","70","2327841823","0","70","0","411135690","70","587336700","38572100","70","55103000","2736480","70","3909257","0","100","0","2081933546","2974190780","385785202","70","551121717","2467718748","3525312497"
"132","South Windsor","2011","1879954229","81.11","2317783539.64","0","81.22","0","486859742","98.13","496137513.50","33703420","81.22","41496454.08","1383460","70","1976371.43","0","100","0","2401900851","2857393878.64","370228340","70","528897628.57","2772129191","3386291507.22"
"131","Southington","2024","3178826009","41.76","7612131247.61","56582360","41.84","135235086.04","583020709","46.88","1243644857.08","42628468","43.22","98631346.60","623782","70.00","891117.14","0","100.00","0.00","3861681328","9090533655.00","869558558.00","70.00","1242226511.43","4731239886","10332760166.00"
"131","Southington","2023","3164401870","45.38","6973120030.85","55550020","45.4","122356872.25","570613153","54.16","1053569337.15","43792558","44.54","98321863.49","650742","70","929631.43","0","100","0","3835008343","8248297734","855826421","70","1222609172.86","4690834764","9470906907"
"131","Southington","2022","3141356409","48.76","6442486482.77","54454320","48.89","111381304.97","557408197","50.81","1097044276.72","45512208","55.21","82434718.35","641122","70","915888.57","0","100","0","3799372256","7734262672","876740085","70","1252485835.71","4676112341","8986748508"
"131","Southington","2021","3113991799","53.06","5868812286.09","52591210","52.99","99247424.04","557918856","56.53","986942961.26","44916110","47.84","93888189.80","742200","70","1060285.71","0","100","0","3770160175","7049951147","820398387","70","1171997695.71","4590558562","8221948843"
"131","Southington","2020","3074248100","70","4391783000","49989730","70","71413900","557964006","70","797091437.14","51068560","70","72955085.71","768740","70","1098200","0","100","0","3734039136","5334341623","703813255","70","1005447507.14","4437852391","6339789130"
"131","Southington","2019","2862535710","65.8","4350358221.88","44926620","65.72","68360651.25","528600502","59.18","893208012.84","49729437","65.02","76483292.83","1367570","70","1953671.43","0","100","0","3487159839","5390363850","672446857","70","960638367.14","4159606696","6351002217"
"131","Southington","2018","2835364551","64.83","4373537792.69","40437320","64.83","62379205.55","515481052","60.31","854719038.30","53989273","59.01","91491735.30","1330270","70","1900385.71","0","100","0","3446602466","5384028157.56","624285741","70","891836772.86","4070888207","6275864930.41"
"131","Southington","2017","2813131321","64.82","4339912559.40","39554240","64.81","61031075.45","503222462","66.65","755022448.61","55215323","60.91","90650669.84","1327030","70","1895757.14","0","100","0","3412450376","5248512510.44","598549843","70","855071204.29","4011000219","6103583714.73"
"131","Southington","2016","2781718431","67.54","4118623676.34","39227920","67.26","58322807.02","490144687","68.5","715539689.05","63316483","61.61","102769814.97","1395900","70","1994142.86","0","100","0","3375803421","4997250130.23","574997178","70","821424540","3950800599","5818674670.23"
"131","Southington","2015","2754689811","70","3935271158.57","39464900","70","56378428.57","488310899","70","697586998.57","63419613","70","90599447.14","1504000","70","2148571.43","0","100","0","3347389223","4781984604.29","560066865","70","800095521.43","3907456088","5582080125.71"
"131","Southington","2014","2720517804","67.72","4017303314","28260540","67.54","41842671","469154733","63.58","737896718","62150751","53.52","116126216","1472960","70","2104229","0","100","0","3281556788","4915273147","552901607","70","789859439","3834458395","5705132586"
"131","Southington","2013","2690226986","67.8","3967886410","26881710","67.78","39660239","478115521","80.26","595708349","54633371","64.55","84637290","1502920","70","2147029","0","100","0","3251360508","4690039317","529195107","70","755993010","3780555615","5446032327"
"131","Southington","2012","2656536091","68","3908970116","23605290","68","34785279","478499034","95","504745816","63194529","63","99880716","1483280","70","2118971","0","100","0","3223318224","4550500899","515410083","70","736300119","3738728307","5286801017"
"131","Southington","2011","2637433564","70","3767762234.29","24485910","70","34979871.43","480773143","70","686818775.71","67609431","70","96584901.43","2047890","70","2925557.14","0","100","0","3212349938","4589071340","509383997","70","727691424.29","3721733935","5316762764.29"
"130","Southbury","2024","2264958970","57.05","3970129658.19","18285960","57.05","32052515.34","262907470","68.76","382355250.15","21900380","45.36","48281261.02","3561310","70.00","5087585.71","0","100.00","0.00","2571614090","4437906270.00","365424261.00","70.00","522034658.57","2937038351","4959940929.00"
"130","Southbury","2023","2232742930","57.36","3892508594.84","18285960","57.56","31768519.81","263586700","92.07","286289453.68","23589030","58.58","40268060.77","3642710","70","5203871.43","0","100","0","2541847330","4256038501","374139961","70","534485658.57","2915987291","4790524160"
"130","Southbury","2022","2206132180","70","3151617400","17835500","70","25479285.71","264776030","70","378251471.43","25959800","70","37085428.57","3710760","70","5301085.71","0","100","0","2518414270","3597734672","376165383","70","537379118.57","2894579653","4135113791"
"130","Southbury","2021","1561584010","45.55","3428285422.61","24090330","45.87","52518705.04","269115780","51.03","527367783.66","28671059","75.3","38075775.56","1534860","70","2192657.14","0","100","0","1884996039","4048440345","356036841","70","508624058.57","2241032880","4557064404"
"130","Southbury","2020","1550472910","52.37","2960612774.49","20401130","52.72","38697135.81","267353150","62.72","426264588.65","29709809","69.46","42772543.91","1511580","70","2159400","0","100","0","1869448579","3470506443","298152012","70","425931445.71","2167600591","3896437889"
"130","Southbury","2019","1542106410","61.1","2523905744.68","19898630","61.37","32424034.54","268204490","92.34","290453205.54","31210839","70.34","44371394.65","1388930","70","1984185.71","0","100","0","1862809299","2893138567","294131457","70","420187795.71","2156940756","3313326363"
"130","Southbury","2018","1537089737","65.14","2359671073.07","19716820","65.18","30249800.55","270153523","84.08","321305331.83","32029150","64.88","49370558.77","1390360","70","1986228.57","0","100","0","1860379590","2762582992.79","278266854","70","397524077.14","2138646444","3160107069.93"
"130","Southbury","2017","1532726072","70","2189608674.29","19716820","70","28166885.71","267216353","70","381737647.14","32174579","70","45963684.29","1391250","70","1987500","0","100","0","1853225074","2647464391.43","268988405","70","384269150","2122213479","3031733541.43"
"130","Southbury","2016","1517496100","63.81","2378147782.48","22439320","63.88","35127301.19","287993593","63.88","450835305.26","34757660","68.67","50615494.39","1065500","70","1522142.86","0","100","0","1863752173","2916248026.18","273707010","70","391010014.29","2137459183","3307258040.47"
"130","Southbury","2015","1511387804","65.79","2297291083.75","22439320","66.08","33957808.72","287390789","82.05","350262996.95","36489724","88.55","41208045.17","1056830","70","1509757.14","0","100","0","1858764467","2724229691.74","270226691","70","386038130","2128991158","3110267821.74"
"130","Southbury","2014","1504580369","66.03","2278631484","24021320","66.04","36373895","287534300","66.04","435394155","37296100","68.38","54542410","1024220","70","1463171","0","100","0","1854456309","2806405115","265925751","70","379893930","2120382060","3186299045"
"130","Southbury","2013","1494048616","65.83","2269555850","25200670","65.83","38281437","288382108","60.35","477849392","36521460","67.22","54331241","1013960","70","1448514","0","100","0","1845166814","2841466434","255358992","70","364798560","2100525806","3206264994"
"130","Southbury","2012","1486805099","70","2124007284","21340470","70","30486386","288585620","70","412265171","37912310","70","54160443","1113110","70","1590157","0","100","0","1835756609","2622509441","264282745","70","377546779","2100039354","3000056220"
"130","Southbury","2011","1990329991","102.86","1934989297.10","25983920","103.51","25102811.32","302793980","82.43","367334683.97","18091330","106.62","16968045.39","757800","70","1082571.43","0","100","0","2337957021","2345477409.22","268085176","70","382978822.86","2606042197","2728456232.08"
"129","Somers","2024","728868957","45.85","1589681476.55","1690600","47.78","3538300.54","46548000","70.42","66100539.62","13112234","59.28","22119153.17","8545135","70.00","12207335.71","0","100.00","0.00","798764926","1693646807.00","176818378.00","70.00","252597682.86","975583304","1946244490.00"
"129","Somers","2023","724338276","47.82","1514718268.51","1280500","49.08","2609005.70","47722700","66.42","71849894.61","13618134","53.92","25256183.23","8525485","70","12179264.29","0","100","0","795485095","1626612617","194467731","70","277811044.29","989952826","1904423661"
"129","Somers","2022","720408037","51.29","1404577962.57","1280500","51.84","2470100.31","47452950","66.9","70931165.92","13248760","62.16","21313963.96","8815075","70","12592964.29","0","100","0","791205322","1511886157","191653741","70","273791058.57","982859063","1785677216"
"129","Somers","2021","713999045","53.47","1335326435.38","1280500","55","2328181.82","47452950","78.29","60611763.95","13558560","68.75","19721541.82","8896565","70","12709378.57","0","100","0","785187620","1430697302","184112680","70","263018114.29","969300300","1693715416"
"129","Somers","2020","710540055","70","1015057221.43","1280500","70","1829285.71","48813002","70","69732860","14026740","70","20038200","8949665","70","12785235.71","0","100","0","783609962","1119442803","149149907","70","213071295.71","932759869","1332514099"
"129","Somers","2019","673794406","63.7","1057762018.84","1093600","63.7","1716797.49","45947216","60.92","75422219.30","15837607","71.73","22079474.42","7556735","70","10795335.71","0","100","0","744229564","1167775845","132756107","70","189651581.43","876985671","1357427426"
"129","Somers","2018","670958507","64.43","1041375922.71","1093600","65.24","1676272.23","44395670","72.85","60945390.90","16432900","80.41","20436388.51","7539880","70","10771257.14","0","100","0","740420557","1135205231.48","127045240","70","181493200","867465797","1316698431.48"
"129","Somers","2017","667528670","64.73","1031250841.96","1093600","65.25","1676015.33","44303398","65.25","67897927.97","16350030","72.38","22589154.46","7575960","70","10822800","0","100","0","736851658","1134236739.72","124747426","70","178210608.57","861599084","1312447348.29"
"129","Somers","2016","661048910","66.63","992119030.47","1093600","66.07","1655214.17","43411260","62.75","69181290.84","16280000","49.25","33055837.56","7825060","70","11178657.14","0","100","0","729658830","1107190030.18","122219080","70","174598685.71","851877910","1281788715.89"
"129","Somers","2015","658152110","70","940217300","1214200","70","1734571.43","43128050","70","61611500","16553900","70","23648428.57","7986330","70","11409042.86","0","100","0","727034590","1038620842.86","119218590","70","170312271.43","846253180","1208933114.29"
"129","Somers","2014","681736440","70.37","968788461","1193200","69.84","1708477","40304570","69.84","57709865","18403220","50.52","36427593","5960900","70","8515571","0","100","0","747598330","1073149967","119265400","70","170379143","866863730","1243529110"
"129","Somers","2013","677172240","71.51","946961600","1104300","71.77","1538665","40190270","71.77","55998704","18149660","58.21","31179625","6090520","70","8700743","0","100","0","742706990","1044379337","109454410","70","156363443","852161400","1200742780"
"129","Somers","2012","673860356","77","877308106","1264300","76","1670145","40072570","76","52936024","18347930","56","32717422","6323160","70","9033086","0","100","0","739868316","973664782","95461010","70","136372871","835329326","1110037653"
"129","Somers","2011","670649752","71.12","942983340.83","1264300","71.09","1778449.85","37889040","83.31","45479582.28","18989230","57.18","33209566.28","6380810","70","9115442.86","0","100","0","735173132","1032566382.11","96191613","70","137416590","831364745","1169982972.11"
"128","Simsbury","2024","2389435457","50.64","4718474441.15","251539310","50.55","497604965.38","307774644","45.20","680917353.98","25975730","50.55","51386211.67","856670","70.00","1223814.29","0","100.00","0.00","2975581811","5949606786.00","433485755.00","70.00","619265364.29","3409067566","6568872150.00"
"128","Simsbury","2023","2385468580","54.95","4341162111.01","253894980","55.13","460538690.37","306154153","68.36","447855694.85","26746710","71.65","37329672.02","925610","70","1322300","0","100","0","2973190033","5288208468","430444838","70","614921197.14","3403634871","5903129665"
"128","Simsbury","2022","2365952204","70","3379931720","255061630","70","364373757.14","303942260","70","434203228.57","26688900","70","38127000","935930","70","1337042.86","0","100","0","2952580924","4217972749","444439162","70","634913088.57","3397020086","4852885838"
"128","Simsbury","2021","1819688840","50.21","3624156223.86","154866990","36.52","424060761.23","250323580","64.55","387797955.07","24165620","50.22","48119514.14","1151110","70","1644442.86","0","100","0","2250196140","4485778897","429524285","70","613606121.43","2679720425","5099385018"
"128","Simsbury","2020","1810605833","57.62","3142321820.55","141241400","57.75","244573852.81","248012210","64.06","387156119.26","27435110","73.5","37326680.27","1199070","70","1712957.14","0","100","0","2228493623","3813091430","353860315","70","505514735.71","2582353938","4318606166"
"128","Simsbury","2019","1795867045","65.9","2725139673.75","126001330","66.16","190449410.52","240322140","66.16","363243863.36","30359720","66.16","45888331.32","1214260","70","1734657.14","0","100","0","2193764495","3326455936","314495449","70","449279212.86","2508259944","3775735149"
"128","Simsbury","2018","1787810937","65.32","2737003883.96","101407250","65.45","154938502.67","245515800","65.37","375586540.67","25278750","84.6","29880319.15","1436040","70","2051485.71","0","100","0","2161448777","3299460732.16","281149472","70","401642102.86","2442598249","3701102835.02"
"128","Simsbury","2017","1785561214","70","2550801734.29","81425620","70","116322314.29","237843140","70","339775914.29","31582380","70","45117685.71","1440190","70","2057414.29","0","100","0","2137852544","3054075062.86","278338635","70","397626621.43","2416191179","3451701684.29"
"128","Simsbury","2016","1692283217","61.15","2767429627.15","57598000","61.13","94222149.52","224283090","60.86","368522987.18","27727360","61.13","45358023.88","1442970","70","2061385.71","0","100","0","2003334637","3277594173.45","274719622","70","392456602.86","2278054259","3670050776.30"
"128","Simsbury","2015","1689142337","62.88","2686295065.20","42867220","62.88","68173059.80","253822630","62.88","403661943.38","23485830","63","37279095.24","1497660","70","2139514.29","0","100","0","2010815677","3197548677.91","281819159","70","402598798.57","2292634836","3600147476.48"
"128","Simsbury","2014","1684567462","62.41","2699194780","30376600","62.45","48641473","258330300","62.54","413064119","14002640","62.45","22422162","1614850","70","2306929","0","100","0","1988891852","3185629462","280294197","70","400420281","2269186049","3586049744"
"128","Simsbury","2013","1679998317","62.1","2705311300","28787040","62.14","46326102","259276020","62.14","417244963","15065800","62.14","24244931","1571280","70","2244686","0","100","0","1984698457","3195371981","267145318","70","381636169","2251843775","3577008150"
"128","Simsbury","2012","1671920253","70","2388457504","30910700","70","44158143","253350920","70","361929886","17916870","70","25595529","1728860","70","2469800","0","100","0","1975827603","2822610861","259061352","70","370087646","2234888955","3192698507"
"128","Simsbury","2011","1989491031","74.63","2665806017.69","23028060","74.61","30864575.79","301239517","74.95","401920636.42","19373730","74.61","25966666.67","1653820","70","2362600","0","100","0","2334786158","3126920496.57","264886760","70","378409657.14","2599672918","3505330153.72"
"127","Sherman","2024","807171932","54.93","1469455547.06","2150000","54.93","3914072.46","2915600","54.93","5307846.35","9091200","54.93","16550518.84","1894200","70.00","2706000.00","0","100.00","0.00","823222932","1497933984.00","56025206.00","70.00","80036008.57","879248138","1577969993.00"
"127","Sherman","2023","789475493","70","1127822132.86","2097600","70","2996571.43","2915600","70","4165142.86","9178100","70","13111571.43","1829500","70","2613571.43","0","100","0","805496293","1150708989","62479075","70","89255821.43","867975368","1239964810"
"127","Sherman","2022","687858919","49.38","1392990925.48","1484700","49.38","3006682.87","2858500","49.38","5788780.88","8307900","49.38","16824422.84","1966700","70","2809571.43","0","100","0","702476719","1421420383","61609066","70","88012951.43","764085785","1509433334"
"127","Sherman","2021","671692041","56.47","1189467046.22","1484700","57.34","2589291.94","2858500","57.34","4985176.14","8059600","58.15","13860017.20","1805100","70","2578714.29","0","100","0","685899941","1213480245","59428982","70","84898545.71","745328923","1298378791"
"127","Sherman","2020","650466265","63.77","1020019233.18","1484700","63.78","2327845.72","2858500","63.78","4481812.48","8413200","70.6","11916713.88","1812200","70","2588857.14","0","100","0","665034865","1041334462","49081481","70","70116401.43","714116346","1111450863"
"127","Sherman","2019","635267465","65.1","975833279.57","1484700","65.6","2263262.20","2858500","65.6","4357469.51","7883500","65.78","11984645.79","1956100","70","2794428.57","0","100","0","649450265","997233087","46988637","70","67126624.29","696438902","1064359711"
"127","Sherman","2018","629619801","70","899456858.57","1512700","70","2161000","2857600","70","4082285.71","7887500","70","11267857.14","1954500","70","2792142.86","0","100","0","643832101","919760144.29","45010068","70","64300097.14","688842169","984060241.43"
"127","Sherman","2017","631885503","67.43","937098476.94","1546400","67.05","2306338.55","2853000","67.05","4255033.56","7513550","67.05","11205891.13","1990800","70","2844000","0","100","0","645789253","957709740.18","44160093","70","63085847.14","689949346","1020795587.32"
"127","Sherman","2016","627759536","67.32","932500796.20","1546400","67.32","2297088.53","2853000","67.32","4237967.91","7694520","67.32","11429768.27","1873600","70","2676571.43","0","100","0","641727056","953142192.34","43030872","70","61472674.29","684757928","1014614866.63"
"127","Sherman","2015","622021147","66.98","928666985.67","1649700","68.03","2424959.58","2853000","68.03","4193738.06","7681500","68.03","11291342.06","1936100","70","2765857.14","0","100","0","636141447","949342882.50","42513055","70","60732935.71","678654502","1010075818.21"
"127","Sherman","2014","617917091","67.83","910979052","1505400","67.83","2219372","2853000","67.83","4206103","7897700","67.83","11643373","1928200","70","2754571","0","100","0","632101391","931802472","43095477","70","61564967","675196868","993367439"
"127","Sherman","2013","610004809","70","871435441","1646200","70","2351714","2943200","70","4204571","8105700","70","11579571","1932300","70","2760429","0","100","0","624632209","892331727","42997538","70","61425054","667629747","953756781"
"127","Sherman","2012","705020898","80","883706315","1907000","79","2415147","3417500","79","4328141","9304715","52","17849060","2065400","70","2950571","0","100","0","721715513","911249234","41693578","70","59562254","763409091","970811488"
"127","Sherman","2011","697094237","84.88","821270307.49","1907000","85.18","2238788.45","3417500","85.18","4012092.04","9036855","85.18","10609127.73","2066900","70","2952714.29","0","100","0","713522492","841083030","42132116","70","60188737.14","755654608","901271767.14"
"126","Shelton","2024","4021988170","49.88","8063328327.99","203328990","49.90","407472925.85","975121310","56.24","1733857236.84","18197850","57.13","31853404.52","662210","70.00","946014.29","0","100.00","0.00","5219298530","10237457910.00","916700400.00","70.00","1309572000.00","6135998930","11547029910.00"
"126","Shelton","2023","4020275530","51.88","7749181823.44","205360608","51.87","395914031.23","970759170","47.18","2057565006.36","17051460","55.97","30465356.44","672380","70","960542.86","0","100","0","5214119148","10234086759","914910235","70","1307014621.43","6129029383","11541101380"
"126","Shelton","2022","4004835510","57.33","6985584353.74","202177880","57.02","354573623.29","959022250","55.61","1724549991.01","12328910","46.55","26485306.12","676560","70","966514.29","0","100","0","5179041110","9092159788","885732335","70","1265331907.14","6064773445","10357491695"
"126","Shelton","2021","3981442590","70","5687775128.57","196004160","70","280005942.86","948705320","70","1355293314.29","19737290","70","28196128.57","673300","70","961857.14","0","100","0","5146562660","7352232372","848261350","70","1211801928.57","5994824010","8564034301"
"126","Shelton","2020","3072541220","53.34","5760294750.66","126824960","53.38","237588909.70","893001601","50.54","1766920461.02","13151970","61.65","21333284.67","447970","70","639957.14","0","100","0","4105967721","7786777364","782758620","70","1118226600","4888726341","8905003964"
"126","Shelton","2019","3055843310","62.12","4919258386.99","110224480","62.08","177552319.59","884961249","79.94","1107031835.13","12832230","44.25","28999389.83","447970","70","639957.14","0","100","0","4064309239","6233481889","760463090","70","1086375842.86","4824772329","7319857732"
"126","Shelton","2018","3037465719","64.61","4701035679.70","107096460","64.48","166092524.81","845909360","55.22","1532028180.75","13002930","59.88","21715287.70","445280","70","636114.29","0","100","0","4003919749","6421507787.25","732833355","70","1046904792.86","4736753104","7468412580.11"
"126","Shelton","2017","3005956290","63.23","4754003305.39","73176150","63.32","115565619.08","891912490","62.79","1420469007.80","10201170","76.14","13397911.74","1839750","70","2628214.29","0","100","0","3983085850","6306064058.30","690407665","70","986296664.29","4673493515","7292360722.59"
"126","Shelton","2016","2983337090","70","4261910128.57","72191300","70","103130428.57","889939980","70","1271342828.57","10554180","70","15077400","1766170","70","2523100","0","100","0","3957788720","5653983885.71","694142096","70","991631565.71","4651930816","6645615451.43"
"126","Shelton","2015","2985086290","66.38","4496966390.48","56485480","66.47","84978907.78","836394250","68.47","1221548488.39","9669900","66.47","14547765.91","1393060","70","1990085.71","0","100","0","3889028980","5820031638.27","691298895","70","987569850","4580327875","6807601488.27"
"126","Shelton","2014","2964475880","66.9","4431204604","56481600","66.93","84389063","835037790","71.04","1175447340","10565410","57.37","18416263","1283990","70","1834271","0","100","0","3867844670","5711291541","686068130","70","980097329","4553912800","6691388869"
"126","Shelton","2013","2951075220","66.67","4426391510","57926400","66.78","86742138","846181880","70.03","1208313409","10552950","69.3","15227922","1259840","70","1799771","0","100","0","3866996290","5738474751","649111730","70","927302471","4516108020","6665777222"
"126","Shelton","2012","2933774860","67","4360545273","61898170","67","92028204","842764610","79","1071674224","10218980","52","19591603","1259840","70","1799771","0","100","0","3849916460","5545639076","647306960","70","924724229","4497223420","6470363305"
"126","Shelton","2011","2914471030","70","4163530042.86","62109760","70","88728228.57","839146310","70","1198780442.86","10683190","70","15261700","1459170","70","2084528.57","0","100","0","3827869460","5468384942.86","647802681","70","925432401.43","4475672141","6393817344.29"
"125","Sharon","2024","956186680","60.34","1584664700.03","0","61.08","0.00","27427900","61.08","44904878.85","38688800","61.08","63341191.88","11229860","70.00","16042657.14","0","100.00","0.00","1033533240","1708953428.00","61922212.00","70.00","88460302.86","1095455452","1797413731.00"
"125","Sharon","2023","945732280","70","1351046114.29","0","70","0","26862900","70","38375571.43","40038700","70","57198142.86","11322660","70","16175228.57","0","100","0","1023956540","1462795057","60009522","70","85727888.57","1083966062","1548522946"
"125","Sharon","2022","639978030","46.63","1372459854.17","0","46.69","0","24517940","57.5","42639895.65","33476200","30.16","110995358.09","8899170","70","12713100","0","100","0","706871340","1538808208","62125096","70","88750137.14","768996436","1627558345"
"125","Sharon","2021","630509791","49.77","1266847078.56","0","50.11","0","36735600","46.35","79256957.93","30766600","73.43","41899223.75","8971510","70","12816442.86","0","100","0","706983501","1400819704","62164562","70","88806517.14","769148063","1489626221"
"125","Sharon","2020","622802111","55.15","1129287599.27","0","57.35","0","36513600","57.35","63668003.49","30067100","81.08","37083251.11","9163100","70","13090142.86","0","100","0","698545911","1243128996","48535867","70","69336952.86","747081778","1312465949"
"125","Sharon","2019","614188980","65.89","932142935.20","0","66.62","0","36624100","82","44663536.59","29251000","66.62","43907235.06","9307720","70","13296742.86","0","100","0","689371800","1034010450","45606007","70","65151438.57","734977807","1099161889"
"125","Sharon","2018","606360280","70","866228971.43","0","70","0","36593300","70","52276142.86","30418000","70","43454285.71","9068940","70","12955628.57","0","100","0","682440520","974915028.57","46875964","70","66965662.86","729316484","1041880691.43"
"125","Sharon","2017","615396070","69.88","880646923.30","0","71.52","0","42835400","71.52","59892897.09","36595200","86.94","42092477.57","8709420","70","12442028.57","0","100","0","703536090","995074326.53","46704761","70","66721087.14","750240851","1061795413.67"
"125","Sharon","2016","609708270","77.6","785706533.51","0","77.6","0","42702300","77.6","55028737.11","38088600","73.38","51905968.93","8664850","70","12378357.14","0","100","0","699164020","905019596.69","43922208","70","62746011.43","743086228","967765608.12"
"125","Sharon","2015","602426200","70.35","856327221.04","0","70.83","0","42295300","70.83","59713821.83","38015400","70.83","53671325.71","8648370","70","12354814.29","0","100","0","691385270","982067182.86","41799081","70","59712972.86","733184351","1041780155.72"
"125","Sharon","2014","594385700","78.85","753818263","0","79.64","0","42218900","79.64","53012180","39299500","79.64","49346434","8556950","70","12224214","0","100","0","684461050","868401091","40970434","70","58529191","725431484","926930282"
"125","Sharon","2013","588694000","70","840991429","0","70","0","42545300","70","60779000","39315500","70","56165000","8756770","70","12509671","0","100","0","679311570","970445100","41442986","70","59204266","720754556","1029649366"
"125","Sharon","2012","706089240","86","819889967","0","87","0","44131900","87","50790540","47701850","125","38192034","14036690","70","20052414","0","100","0","811959680","928924955","39883136","70","56975909","851842816","985900864"
"125","Sharon","2011","701463840","90.45","775526633.50","0","86.51","0","40579800","86.51","46907640.74","47832600","58.57","81667406.52","13712600","70","19589428.57","0","100","0","803588840","923691109.33","43959140","70","62798771.43","847547980","986489880.76"
"124","Seymour","2024","1415776970","70.00","2022538528.57","35059680","70.00","50085257.14","151065594","70.00","215807991.43","14198720","70.00","20283885.71","419670","70.00","599528.57","0","100.00","0.00","1616520634","2309315192.00","238447292.00","70.00","340638988.57","1854967926","2649954181.00"
"124","Seymour","2023","981445860","42.93","2286153878.41","25955850","43.15","60152607.18","115788670","39.59","292469487.24","14469710","56.2","25746814.95","435930","70","622757.14","0","100","0","1138096020","2665145544","238112852","70","340161217.14","1376208872","3005306761"
"124","Seymour","2022","978760780","46.77","2092710669.23","19194910","46.88","40944773.89","120939150","62.79","192608934.54","13592400","70.05","19403854.39","455530","70","650757.14","0","100","0","1132942770","2346318989","249625635","70","356608050","1382568405","2702927039"
"124","Seymour","2021","975016020","51.61","1889199806.24","19194910","51.51","37264434.09","122615230","58.77","208635749.53","14402930","47.07","30598959","427450","70","610642.86","0","100","0","1131656540","2166309592","230462753","70","329232504.29","1362119293","2495542096"
"124","Seymour","2020","972397460","70","1389139228.57","19194910","70","27421300","121873188","70","174104554.29","15071150","70","21530214.29","427550","70","610785.71","0","100","0","1128964258","1612806083","193270768","70","276101097.14","1322235026","1888907180"
"124","Seymour","2019","886984360","60.9","1456460361.25","18175920","61.57","29520740.62","118112508","60.76","194391882.82","16705480","81.93","20389942.63","338630","70","483757.14","0","100","0","1040316898","1701246685","181329376","70","259041965.71","1221646274","1960288651"
"124","Seymour","2018","884038870","63.92","1383039533.79","18838540","63.92","29472058.82","116552090","63.92","182340566.33","17908570","63.92","28017162.08","339010","70","484300","0","100","0","1037677080","1623353621.03","178398111","70","254854444.29","1216075191","1878208065.31"
"124","Seymour","2017","879865930","66.48","1323504708.18","18838540","66.7","28243688.16","116658480","66.7","174900269.87","19107530","72.48","26362486.20","339010","70","484300","0","100","0","1034809490","1553495452.41","172158845","70","245941207.14","1206968335","1799436659.55"
"124","Seymour","2016","878094030","68.79","1276484997.82","17323950","68.79","25183820.32","112810570","55.96","201591440.31","20934950","87.5","23925657.14","325570","70","465100","0","100","0","1029489070","1527651015.60","172283380","70","246119114.29","1201772450","1773770129.89"
"124","Seymour","2015","877326300","70","1253323285.71","16213960","70","23162800","112121180","70","160173114.29","21955550","70","31365071.43","318250","70","454642.86","0","100","0","1027935240","1468478914.29","167400420","70","239143457.14","1195335660","1707622371.43"
"124","Seymour","2014","917865050","72.9","1259074143","14117880","72.95","19352817","110346150","72.95","151262714","21122040","72.95","28954133","221510","70","316443","0","100","0","1063672630","1458960250","170534778","70","243621111","1234207408","1702581361"
"124","Seymour","2013","916444700","71.6","1279950698","14220780","71.52","19883641","110358110","71.52","154303845","21525980","83.03","25925545","251540","70","359343","0","100","0","1062801110","1480423072","159188270","70","227411814","1221989380","1707834886"
"124","Seymour","2012","909090830","73","1247038176","14220780","73","19448550","111744410","73","152823318","22496040","85","26559669","251540","70","359343","0","100","0","1057803600","1446229056","151749105","70","216784436","1209552705","1663013492"
"124","Seymour","2011","901523200","70","1287890285.71","14377230","70","20538900","108651160","70","155215942.86","25116600","70","35880857.14","243190","70","347414.29","0","100","0","1049911380","1499873400","147609285","70","210870407.14","1197520665","1710743807.14"
"123","Scotland","2024","129071420","53.40","241706779.03","0","53.19","0.00","2548700","53.19","4791690.17","2205970","53.19","4147339.73","2210330","70.00","3157614.29","1900","100.00","1900.00","136038320","253805323.00","18948230.00","70.00","27068900.00","154986550","280874223.00"
"123","Scotland","2023","128727840","70","183896914.29","0","70","0","2548700","70","3641000","2317950","70","3311357.14","2186070","70","3122957.14","1900","100","1900","135782460","193974128","19636680","70","28052400","155419140","222026528"
"123","Scotland","2022","90711180","43.22","209882415.55","0","43.22","0","2117760","43.22","4899953.73","1939810","43.22","4488223.04","1381440","70","1973485.71","1810","100","1810","96152000","221245889","20953380","70","29933400","117105380","251179289"
"123","Scotland","2021","90136080","48.79","184742939.13","0","49.05","0","2133260","49.05","4349153.92","1967410","49.05","4011029.56","1399600","70","1999428.57","1810","100","1810","95638160","195104362","20390351","70","29129072.86","116028511","224233435"
"123","Scotland","2020","89947930","50.91","176680278.92","0","51.03","0","1946860","51.03","3815128.36","2000470","68.14","2935823.30","1414260","70","2020371.43","1810","100","1810","95311330","185453411","17519232","70","25027474.29","112830562","210480885"
"123","Scotland","2019","91114323","65.26","139617411.89","0","65.48","0","2078100","65.48","3173640.81","376400","65.48","574832.01","1650800","70","2358285.71","7711","100","7711","95227334","145731882","16319157","70","23313081.43","111546491","169044963"
"123","Scotland","2018","90989473","70","129984961.43","0","70","0","2078100","70","2968714.29","380000","70","542857.14","1645300","70","2350428.57","7711","100","7711","95100584","135854672.43","16598335","70","23711907.14","111698919","159566579.57"
"123","Scotland","2017","93766467","63.53","147593998.11","0","63.53","0","1601610","63.53","2521029.43","2357370","63.53","3710640.64","1641210","70","2344585.71","7711","100","7711","99374368","156177964.90","14952933","70","21361332.86","114327301","177539297.76"
"123","Scotland","2016","93499084","71.24","131245204.94","0","71.19","0","1571530","71.19","2207515.10","2514980","71.19","3532771.46","1712530","70","2446471.43","7711","100","7711","99305835","139439673.93","15497880","70","22139828.57","114803715","161579502.50"
"123","Scotland","2015","93077390","75.03","124053565.24","0","75.52","0","1508350","75.52","1997285.49","2604210","75.52","3448371.29","1342260","70","1917514.29","1610","100","1610","98533820","131418346.31","15401090","70","22001557.14","113934910","153419903.45"
"123","Scotland","2014","92965880","75.34","123395115","0","77.22","0","1260200","77.22","1631961","2641650","77.22","3420940","1393350","70","1990500","1610","100","1610","98262690","130440126","14944425","70","21349179","113207115","151789305"
"123","Scotland","2013","92732640","70","132475200","0","70","0","1508350","70","2154786","2718830","70","3884043","1348560","70","1926514","1610","100","1610","98309990","140442153","14664960","70","20949943","112974950","161392096"
"123","Scotland","2012","109869040","85","128697482","0","85","0","1415910","85","1658557","2787250","85","3264906","1269820","70","1814029","1610","100","1610","115343630","135436583","12572740","70","17961057","127916370","153397640"
"123","Scotland","2011","109630300","88.28","124184753.06","0","88.28","0","1363680","88.28","1544721.34","2686640","88.28","3043316.72","1291850","70","1845500","1610","100","1610","114974080","130619901.12","14351670","70","20502385.71","129325750","151122286.83"
"122","Salisbury","2024","1315433140","48.84","2693352047.50","0","52.50","0.00","61924100","68.87","89914476.55","52301470","62.36","83870221.30","8264090","70.00","11805842.86","0","100.00","0.00","1437922800","2878942589.00","100382190.00","70.00","143403128.57","1538304990","3022345718.00"
"122","Salisbury","2023","1293235760","51.69","2501907061.33","0","53.94","0","61110200","65.81","92858532.14","51000900","66.08","77180538.74","8352620","70","11932314.29","0","100","0","1413699480","2683878446","99158171","70","141654530","1512857651","2825532976"
"122","Salisbury","2022","1269397260","53.03","2393734225.91","0","53.39","0","61766700","68.75","89842472.73","53120800","59.17","89776575.97","8343380","70","11919114.29","0","100","0","1392628140","2585272389","102669625","70","146670892.86","1495297765","2731943282"
"122","Salisbury","2021","1251665760","55.69","2247559274.56","0","55.84","0","61453400","70.14","87615340.75","52913600","62.34","84879050.37","8501060","70","12144371.43","0","100","0","1374533820","2432198037","98523149","70","140747355.71","1473056969","2572945393"
"122","Salisbury","2020","1237911750","70","1768445357.14","0","70","0","60743670","70","86776671.43","53591600","70","76559428.57","8560090","70","12228700","0","100","0","1360807110","1944010157","69010086","70","98585837.14","1429817196","2042595994"
"122","Salisbury","2019","1100969760","67.45","1632275404","0","67.45","0","58312400","67.45","86452779.84","48577100","68.6","70812099.13","8185070","70","11692957.14","0","100","0","1216044330","1801233240","64088650","70","91555214.29","1280132980","1892788454"
"122","Salisbury","2018","1092884860","69.15","1580455328.99","0","69.76","0","58389000","82.16","71067429.41","48905400","88.04","55549068.61","8386310","70","11980442.86","0","100","0","1208565570","1719052269.86","60456676","70","86366680","1269022246","1805418949.86"
"122","Salisbury","2017","1085940760","69.07","1572232170.26","0","69.8","0","58346100","69.8","83590401.15","50226700","84.44","59482117.48","8467840","70","12096914.29","0","100","0","1202981400","1727401603.17","60053679","70","85790970","1263035079","1813192573.17"
"122","Salisbury","2016","1077480680","71.12","1515017829.02","0","71.94","0","58160800","79.29","73351998.99","50314000","80.69","62354690.79","8744780","70","12492542.86","0","100","0","1194700260","1663217061.66","57753836","70","82505480","1252454096","1745722541.66"
"122","Salisbury","2015","1069827460","70","1528324942.86","0","70","0","57697600","70","82425142.86","50557200","70","72224571.43","8615410","70","12307728.57","0","100","0","1186697670","1695282385.71","57100631","70","81572330","1243798301","1776854715.71"
"122","Salisbury","2014","817345060","71.43","1144260199","0","72.11","0","52232600","72.11","72434614","39616200","97.33","40702969","214059250","70","305798929","0","100","0","1123253110","1563196710","56571260","70","80816086","1179824370","1644012796"
"122","Salisbury","2013","812501560","74.71","1087540570","0","73.58","0","51992400","71.33","72889948","39105600","56","69831429","211080440","70","301543486","0","100","0","1114680000","1531805433","53967540","70","77096486","1168647540","1608901918"
"122","Salisbury","2012","804343420","75","1071600613","0","75","0","51962100","75","69701006","40207200","70","57702641","206546690","70","295066700","0","100","0","1103059410","1494070960","53144690","70","75920986","1156204100","1569991945"
"122","Salisbury","2011","792633480","74.8","1059670427.81","0","73.32","0","53009000","73.32","72298145.12","44007200","73.32","60020731.04","205653020","70","293790028.57","0","100","0","1095302700","1485779332.54","53169753","70","75956790","1148472453","1561736122.54"
"121","Salem","2024","351640160","46.20","761125887.45","4642100","46.30","10026133.91","20312100","46.30","43870626.35","8856800","58.47","15147597.06","2683960","70.00","3834228.57","0","100.00","0.00","388135120","834004473.00","73882908.00","70.00","105547011.43","462018028","939551484.00"
"121","Salem","2023","351135460","50.67","692984922.04","4642100","50.94","9112877.90","19908400","68","29277058.82","9181300","58.47","15702582.52","2718750","70","3883928.57","0","100","0","387586010","750961371","78813475","70","112590678.57","466399485","863552050"
"121","Salem","2022","347292120","54.06","642419755.83","4400900","54.41","8088402.87","19331000","54.41","35528395.52","9536100","83.76","11385028.65","2550880","70","3644114.29","62500","100","62500","383173500","701128198","81966198","70","117094568.57","465139698","818222767"
"121","Salem","2021","346487200","70","494981714.29","2951900","70","4217000","19304800","70","27578285.71","9190900","70","13129857.14","2678680","70","3826685.71","2700","100","2700","380616180","543736243","79030909","70","112901298.57","459647089","656637542"
"121","Salem","2020","299955300","57.57","521027097.45","558500","59.5","938655.46","18381900","59.5","30893949.58","9308000","73.85","12603926.88","1651720","70","2359600","2700","100","2700","329858120","567825929","67293608","70","96133725.71","397151728","663959655"
"121","Salem","2019","296676910","62.95","471289769.66","558500","62.96","887071.16","18346900","58.7","31255366.27","9661700","77.53","12461885.72","1611030","70","2301471.43","2700","100","2700","326857740","518198264","55398177","70","79140252.86","382255917","597338517"
"121","Salem","2018","296281060","63.51","466504759.03","385700","63.63","606160.62","16524900","63.63","25970297.03","9218000","96.33","9569023.69","1959210","70","2798871.43","2700","100","2700","324371570","505451811.79","51211815","70","73159735.71","375583385","578611547.50"
"121","Salem","2017","292842860","67.87","431476145.57","0","68.09","0","16621700","68.09","24411367.31","9921000","68.09","14570421.50","1674940","70","2392771.43","6990","100","6990","321067490","472857695.81","51294141","70","73277344.29","372361631","546135040.10"
"121","Salem","2016","290601420","70","415144885.71","0","70","0","16719200","70","23884571.43","13097930","70","18711328.57","1519010","70","2170014.29","0","100","0","321937560","459910800","48140389","70","68771984.29","370077949","528682784.29"
"121","Salem","2015","293038226","69.79","419885694.23","0","72.31","0","18228460","72.31","25208767.81","11173831","82.71","13509649.38","973730","70","1391042.86","0","100","0","323414247","459995154.27","45987912","70","65697017.14","369402159","525692171.41"
"121","Salem","2014","289839800","74.14","390935797","0","74.14","0","18143900","74.14","24472484","11714800","86.48","13546253","984630","70","1406614","0","100","0","320683130","430361149","46055626","70","65793751","366738756","496154901"
"121","Salem","2013","286849570","72.12","397739282","0","71.68","0","18769100","71.68","26184570","12320300","64.63","19062819","1127480","70","1610686","0","100","0","319066450","444597357","43232875","70","61761250","362299325","506358607"
"121","Salem","2012","285699990","74","388232083","0","74","0","18827800","74","25556943","12321600","100","12359916","1147050","70","1638643","0","100","0","317996440","427787585","43083840","70","61548343","361080280","489335928"
"121","Salem","2011","284547980","70","406497114.29","0","70","0","18490600","70","26415142.86","12419730","70","17742471.43","1241410","70","1773442.86","0","100","0","316699720","452428171.43","42324405","70","60463435.71","359024125","512891607.14"
"120","Roxbury","2024","772653730","53.86","1434559468.99","0","53.86","0.00","3907670","53.86","7255235.80","30192460","56.72","53230712.27","3931810","70.00","5616871.43","0","100.00","0.00","810685670","1500662288.00","51702700.00","70.00","73861000.00","862388370","1574523288.00"
"120","Roxbury","2023","763794570","55.15","1384940290.12","0","56.1","0","3981800","56.1","7097682.71","31539000","56.1","56219251.34","3935010","70","5621442.86","0","100","0","803250380","1453878667","53468200","70","76383142.86","856718580","1530261810"
"120","Roxbury","2022","752371560","70","1074816514.29","0","70","0","3981800","70","5688285.71","31830830","70","45472614.29","3963700","70","5662428.57","0","100","0","792147890","1131639843","57372080","70","81960114.29","849519970","1213599957"
"120","Roxbury","2021","602079190","51.3","1173643645.22","0","52.23","0","3779830","52.23","7236894.51","32193930","62.42","51576305.67","3359610","70","4799442.86","0","100","0","641412560","1237256289","50771730","70","72531042.86","692184290","1309787332"
"120","Roxbury","2020","592875720","57.76","1026446883.66","0","57.76","0","3782470","57.76","6548597.65","33178780","56.93","58279957.84","3400290","70","4857557.14","0","100","0","633237260","1096132997","42168670","70","60240957.14","675405930","1156373954"
"120","Roxbury","2019","589483560","70.3","838525689.90","0","70.04","0","3748150","70.04","5351442.03","33790700","63.03","53610502.94","3498690","70","4998128.57","0","100","0","630521100","902485764","39195340","70","55993342.86","669716440","958479107"
"120","Roxbury","2018","585179340","77.11","758889041.63","0","77.11","0","3669850","77.11","4759240.05","35677070","77.11","46267760.34","3247840","70","4639771.43","0","100","0","627774100","814555813.45","38292090","70","54702985.71","666066190","869258799.16"
"120","Roxbury","2017","580268910","70","828955585.71","0","70","0","3700780","70","5286828.57","35701930","70","51002757.14","3394080","70","4848685.71","0","100","0","623065700","890093857.14","38402330","70","54860471.43","661468030","944954328.57"
"120","Roxbury","2016","618056970","74.18","833185454.30","0","74.21","0","3447600","74.21","4645735.08","45208590","74.21","60919808.65","3437120","70","4910171.43","0","100","0","670150280","903661169.46","36359510","70","51942157.14","706509790","955603326.60"
"120","Roxbury","2015","614777850","70.19","875876691.84","0","75.06","0","2609200","75.06","3476152.41","45026830","75.06","59987783.11","3398310","70","4854728.57","0","100","0","665812190","944195355.93","34424390","70","49177700","700236580","993373055.93"
"120","Roxbury","2014","610358290","75.57","807672741","0","70.46","0","2466400","70.46","3500426","47074300","59.92","78561916","3345510","70","4779300","0","100","0","663244500","894514382","35033290","70","50047557","698277790","944561939"
"120","Roxbury","2013","607201420","70.77","857992681","0","70.87","0","2466400","70.87","3480175","47550280","85.11","55869205","3379710","70","4828157","0","100","0","660597810","922170217","34001090","70","48572986","694598900","970743203"
"120","Roxbury","2012","606325520","70","866179314","0","70","0","2355770","70","3365386","49582120","70","70831600","3289140","70","4698771","0","100","0","661552550","945075071","32540440","70","46486343","694092990","991561414"
"120","Roxbury","2011","658369647","81.48","808013803.39","0","80.7","0","2796008","80.7","3464693.93","59634515","80.7","73896548.95","3322350","70","4746214.29","0","100","0","724122520","890121260.55","32295048","70","46135782.86","756417568","936257043.40"
"119","Rocky Hill","2024","1629942100","55.60","2931550539.57","215681750","55.79","386595716.08","653413965","70.00","933448521.43","5631300","55.79","10093744.40","1257660","70.00","1796657.14","0","100.00","0.00","2505926775","4263485178.00","407728310.00","70.00","582469014.29","2913655085","4845954192.00"
"119","Rocky Hill","2023","1626302110","70","2323288728.57","209857940","70","299797057.14","675250475","70","964643535.71","5359480","70","7656400","1278100","70","1825857.14","0","100","0","2518048105","3597211579","412867074","70","589810105.71","2930915179","4187021685"
"119","Rocky Hill","2022","1191610160","47.39","2514475965.39","149753240","47.83","313094794.06","533207980","65.93","808748642.50","2558960","47.83","5350114.99","848080","70","1211542.86","0","100","0","1877978420","3642881060","427167924","70","610239891.43","2305146344","4253120951"
"119","Rocky Hill","2021","1189537440","52.57","2262768575.23","151361770","52.47","288472975.03","542461090","49.71","1091251438.34","2592370","78.32","3309971.91","815210","70","1164585.71","0","100","0","1886767880","3646967546","400383130","70","571975900","2287151010","4218943446"
"119","Rocky Hill","2020","1186790140","57.89","2050077975.47","151361770","57.94","261238816.02","540537040","57.94","932925509.15","2642950","57.94","4561529.17","844120","70","1205885.71","0","100","0","1882176020","3250009715","361699909","70","516714155.71","2243875929","3766723871"
"119","Rocky Hill","2019","1182868740","64.4","1836752701.86","151481890","64.61","234455796.32","541985220","71.99","752861814.14","2746410","73.21","3751413.74","844120","70","1205885.71","0","100","0","1879926380","2829027612","356120708","70","508743868.57","2236047088","3337771481"
"119","Rocky Hill","2018","1179472524","70","1684960748.57","145811890","70","208302700","540738820","70","772484028.57","2655900","70","3794142.86","844120","70","1205885.71","0","100","0","1869523254","2670747505.71","339798506","70","485426437.14","2209321760","3156173942.86"
"119","Rocky Hill","2017","1173816976","66.79","1757474136.85","132810650","66.77","198907668.11","470250449","67.96","691951808.42","2911510","56.7","5134938.27","1151360","70","1644800","0","100","0","1780940945","2655113351.65","313451940","70","447788485.71","2094392885","3102901837.36"
"119","Rocky Hill","2016","1167941796","66.93","1745019865.53","130075120","66.97","194228938.33","461092104","69.85","660117543.31","2961210","57.56","5144562.20","1130330","70","1614757.14","0","100","0","1763200560","2606125666.51","298820380","70","426886257.14","2062020940","3033011923.65"
"119","Rocky Hill","2015","1162278206","67.29","1727267359.19","126250250","67.24","187760633.55","460271564","62.33","738443067.54","2942240","67.24","4375728.73","1099820","70","1571171.43","0","100","0","1752842080","2659417960.45","280241816","70","400345451.43","2033083896","3059763411.88"
"119","Rocky Hill","2014","1157837770","68.09","1700452005","121320710","67.62","179415424","465378070","50.49","921723252","2955680","70.72","4179412","1104140","70","1577343","0","100","0","1748596370","2807347436","270230490","70","386043557","2018826860","3193390993"
"119","Rocky Hill","2013","1151048950","70","1644355643","113682100","70","162403000","456758520","70","652512171","3026520","70","4323600","1103020","70","1575743","0","100","0","1725619110","2465170157","263301250","70","376144643","1988920360","2841314800"
"119","Rocky Hill","2012","1313111045","78","1674459379","82830640","78","105705258","499089970","80","623239223","5408080","74","7356931","869210","70","1241729","0","100","0","1901308945","2412002520","261064409","70","372949156","2162373354","2784951675"
"119","Rocky Hill","2011","1306680785","79.16","1650683154.37","82830640","79.16","104636988.38","498539430","82.73","602610213.95","6221060","73.96","8411384.53","868060","70","1240085.71","0","100","0","1895139975","2367581826.94","261650750","70","373786785.71","2156790725","2741368612.66"
"118","Ridgefield","2024","4739461750","50.20","9441158864.54","34249690","50.32","68063771.86","581233320","50.32","1155074165.34","33547590","62.47","53701920.92","1763640","70.00","2519485.71","0","100.00","0.00","5390255990","10720518209.00","469607166.00","70.00","670867380.00","5859863156","11391385589.00"
"118","Ridgefield","2023","4683470197","54.71","8560537738.99","34055930","54.77","62179897.75","585455732","54.77","1068935059.34","29975635","54.77","54730025.56","1786030","70","2551471.43","0","100","0","5334743524","9748934193","483716955","70","691024221.43","5818460479","10439958414"
"118","Ridgefield","2022","4647150760","70","6638786800","34096250","70","48708928.57","575367880","70","821954114.29","30531150","70","43615928.57","1808140","70","2583057.14","0","100","0","5288954180","7555648829","487500875","70","696429821.43","5776455055","8252078650"
"118","Ridgefield","2021","4033021746","57.15","7056905942.26","17719250","57.18","30988544.95","552429468","57.18","966123588.67","33552530","57.18","58678786.29","1769200","70","2527428.57","0","100","0","4638492194","8115224291","452039380","70","645770542.86","5090531574","8760994834"
"118","Ridgefield","2020","3988866134","62.85","6346644604.61","17719250","62.85","28192919.65","516991388","63.33","816345157.11","33417870","60.7","55054151.57","1829700","70","2613857.14","0","100","0","4558824342","7248850691","383359708","70","547656725.71","4942184050","7796507417"
"118","Ridgefield","2019","3953302621","69","5729424088.41","17719250","69","25680072.46","514200978","69","745218808.70","32954330","51.07","64527765.81","1821480","70","2602114.29","0","100","0","4519998659","6567452849","363792298","70","519703282.86","4883790957","7087156132"
"118","Ridgefield","2018","3930644996","67.19","5850044643.55","17719250","67.19","26371855.93","496142388","67.19","738417008.48","35350890","67.19","52613320.43","1960520","70","2800742.86","0","100","0","4481818044","6670247571.25","358336476","70","511909251.43","4840154520","7182156822.68"
"118","Ridgefield","2017","3910859323","70","5586941890","16321550","70","23316500","495086084","70","707265834.29","36930460","70","52757800","1884920","70","2692742.86","0","100","0","4461082337","6372974767.14","350537348","70","500767640","4811619685","6873742407.14"
"118","Ridgefield","2016","3906039174","66.04","5914656532.40","15363400","66.09","23246179.45","469718557","66.09","710725612.04","46061216","66.09","69694683.01","1846510","70","2637871.43","0","100","0","4439028857","6720960878.34","348269357","70","497527652.86","4787298214","7218488531.19"
"118","Ridgefield","2015","3872978474","65.66","5898535598.54","15694300","65.67","23898736.10","453259277","66.47","681900522.04","46774886","65.67","71227175.27","1742810","70","2489728.57","0","100","0","4390449747","6678051760.52","349996449","70","499994927.14","4740446196","7178046687.67"
"118","Ridgefield","2014","3844845708","64.94","5920612424","14038640","64.94","21617863","460144451","65.37","703907681","46831016","64.94","72114284","1771110","70","2530157","0","100","0","4367630925","6720782408","344306545","70","491866493","4711937470","7212648901"
"118","Ridgefield","2013","3813719807","66.12","5767876296","12690010","66.03","19218552","480347766","51.32","935985514","47739763","59.87","79739040","1775250","70","2536071","0","100","0","4356272596","6805355474","344445206","70","492064580","4700717802","7297420054"
"118","Ridgefield","2012","3773834343","70","5391191919","9701600","70","13859429","442332661","70","631903801","50496106","70","72137294","1867930","70","2668471","0","100","0","4278232640","6111760914","340860661","70","486943801","4619093301","6598704716"
"118","Ridgefield","2011","4669861255","82.48","5661810444.96","12369900","82.53","14988367.87","537569504","82.53","651362539.68","31422060","99.17","31685045.88","527330","70","753328.57","0","100","0","5251750049","6360599726.96","350752929","70","501075612.86","5602502978","6861675339.81"
"117","Redding","2024","1621850790","54.37","2982988394.34","332500","54.35","611775.53","105176400","54.35","193516835.33","21417000","39.69","53960695.39","1651880","70.00","2359828.57","0","100.00","0.00","1750428570","3233437529.00","189875946.00","70.00","271251351.43","1940304516","3504688880.00"
"117","Redding","2023","1618483880","55.61","2910418773.60","191100","56.33","339250.84","100924700","56.33","179166873.78","21965400","86.7","25334948.10","1654630","70","2363757.14","0","100","0","1743219710","3117623604","199822711","70","285461015.71","1943042421","3403084620"
"117","Redding","2022","1611319450","70","2301884928.57","0","70","0","114368000","70","163382857.14","22960600","70","32800857.14","1684610","70","2406585.71","0","100","0","1750332660","2500475229","204573735","70","292248192.86","1954906395","2792723422"
"117","Redding","2021","1265872606","51.43","2461350585.26","0","51.71","0","110808250","51.71","214287855.35","25144240","77.57","32414902.67","1331840","70","1902628.57","0","100","0","1403156936","2709955972","190197873","70","271711247.14","1593354809","2981667219"
"117","Redding","2020","1261535226","58.36","2161643636.05","0","58.58","0","110827350","58.58","189189740.53","26799540","85.6","31307873.83","1348850","70","1926928.57","0","100","0","1400510966","2384068180","167250401","70","238929144.29","1567761367","2622997324"
"117","Redding","2019","1261410606","68.82","1832912824.76","0","69.64","0","139902940","69.64","200894514.65","4125050","69.64","5923391.73","1346630","70","1923757.14","0","100","0","1406785226","2041654489","163851152","70","234073074.29","1570636378","2275727563"
"117","Redding","2018","1259034176","69.39","1814562478.92","0","69.44","0","111825150","69.44","161038522.47","31825640","69.44","45831854.84","1367080","70","1952971.43","0","100","0","1404052046","2023385827.65","162559491","70","232227844.29","1566611537","2255613671.94"
"117","Redding","2017","1257185616","70","1795979451.43","0","70","0","114187050","70","163124357.14","30073140","70","42961628.57","1370930","70","1958471.43","0","100","0","1402816736","2004023908.57","162748066","70","232497237.14","1565564802","2236521145.71"
"117","Redding","2016","1311964050","69.68","1882841633.18","0","69.69","0","126794250","69.69","181940378.82","33227668","69.69","47679248.10","1104580","70","1577971.43","0","100","0","1473090548","2114039231.53","160459224","70","229227462.86","1633549772","2343266694.39"
"117","Redding","2015","1308739596","67.47","1939735580.26","0","67.46","0","126744450","67.46","187880892.38","34529768","39.21","88063677.63","1178280","70","1683257.14","0","100","0","1471192094","2217363407.41","161841813","70","231202590","1633033907","2448565997.41"
"117","Redding","2014","1305805580","70.73","1846183486","0","70.93","0","126901950","70.93","178911532","35488468","79.2","44808672","1178200","70","1683143","0","100","0","1469374198","2071586834","161707920","70","231011314","1631082118","2302598148"
"117","Redding","2013","1302070150","68.25","1907795092","0","69.61","0","127021550","69.61","182476009","36059198","69.61","51801750","1140040","70","1628629","0","100","0","1466290938","2143701479","161860357","70","231229081","1628151295","2374930561"
"117","Redding","2012","1303203560","70","1861719371","0","70","0","125730550","70","179615071","36668098","70","52382997","1143630","70","1633757","0","100","0","1466745838","2095351197","160021601","70","228602287","1626767439","2323953484"
"117","Redding","2011","1637182410","88.02","1860011826.86","0","90","0","139434990","90","154927766.67","55373798","149.45","37051721.65","1236000","70","1765714.29","0","100","0","1833227198","2053757029.46","161719738","70","231028197.14","1994946936","2284785226.60"
"116","Putnam","2024","637359800","70.00","910514000.00","17782300","70.00","25403285.71","201817280","70.00","288310400.00","16304200","70.00","23291714.29","3233700","70.00","4619571.43","0","100.00","0.00","876497280","1252138971.00","187441979.00","70.00","267774255.71","1063939259","1519913227.00"
"116","Putnam","2023","403328173","40.27","1001559903.15","15211800","39.62","38394245.33","161395515","49.77","324282730.56","11208860","51.26","21866679.67","1265400","70","1807714.29","0","100","0","592409748","1387911273","184563880","70","263662685.71","776973628","1651573959"
"116","Putnam","2022","401528333","43.97","913187020.70","15064700","43.19","34880064.83","158739625","38.45","412846879.06","11003800","42.57","25848719.76","1278000","70","1825714.29","0","100","0","587614458","1388588399","183494171","70","262134530","771108629","1650722929"
"116","Putnam","2021","398926333","47.94","832136697.96","14827500","47.47","31235517.17","159006755","61.83","257167645.16","11106900","93.55","11872688.40","1289300","70","1841857.14","0","100","0","585156788","1134254405","170950379","70","244214827.14","756107167","1378469232"
"116","Putnam","2020","395985533","56.45","701480129.32","15486500","56.09","27610090.93","160476355","51.68","310519262.77","10910500","56","19483035.71","1318500","70","1883571.43","0","100","0","584177388","1060976090","157631844","70","225188348.57","741809232","1286164439"
"116","Putnam","2019","392047333","70","560067618.57","11376600","70","16252285.71","165546775","70","236495392.86","11166900","70","15952714.29","1323500","70","1890714.29","0","100","0","581461108","830658726","150866480","70","215523542.86","732327588","1046182269"
"116","Putnam","2018","329618830","57.01","578177214.52","12381600","57.48","21540709.81","153196272","57.48","266521002.09","12718400","80.07","15883380.07","1179100","70","1684428.57","0","100","0","509094202","883806735.07","144270369","70","206100527.14","653364571","1089907262.21"
"116","Putnam","2017","324486930","59.5","545356184.87","12409600","74.74","16603692.80","147166623","73.75","199547963.39","13015700","85.93","15146863.73","1168600","70","1669428.57","0","100","0","498247453","778324133.36","135125308","70","193036154.29","633372761","971360287.65"
"116","Putnam","2016","320533350","63.08","508137840.84","12313900","63.46","19404191.62","144269573","60.31","239213352.68","13827700","83.04","16651854.53","1171700","70","1673857.14","0","100","0","492116223","785081096.80","122477840","70","174968342.86","614594063","960049439.66"
"116","Putnam","2015","318798450","65.72","485085894.70","12321400","66.4","18556325.30","143104373","68.82","207940094.45","14249700","96.27","14801807.42","1158700","70","1655285.71","0","100","0","489632623","728039407.59","132357872","70","189082674.29","621990495","917122081.87"
"116","Putnam","2014","317720750","70","453886786","10145400","70","14493429","145287863","70","207554090","14055200","70","20078857","1148400","70","1640571","0","100","0","488357613","697653733","123306673","70","176152390","611664286","873806123"
"116","Putnam","2013","364365724","81.9","444890994","10035430","80.24","12506767","146424685","69.65","210229268","15431800","95.52","16155570","1224200","70","1748857","0","100","0","537481839","685531456","103564641","70","147949487","641046480","833480943"
"116","Putnam","2012","363087334","78","465496582","10163800","78","13030513","142875885","96","149093066","15382200","65","23592331","1237300","70","1767571","0","100","0","532746519","652980063","95684616","70","136692309","628431135","789672372"
"116","Putnam","2011","361957760","83","436093686.75","10162300","84.36","12046348.98","142439320","114.25","124673365.43","15842100","84.36","18779160.74","1221700","70","1745285.71","0","100","0","531623180","593337847.61","95670630","70","136672328.57","627293810","730010176.18"
"115","Prospect","2024","979951920","70.00","1399931314.29","1390050","70.00","1985785.71","89594310","70.00","127991871.43","50400","70.00","72000.00","512810","70.00","732585.71","0","100.00","0.00","1071499490","1530713557.00","158059037.00","70.00","225798624.29","1229558527","1756512181.00"
"115","Prospect","2023","699152770","44.18","1582509665.01","1467427","44.2","3319970.59","71056053","46.21","153767697.47","6839430","58.59","11673374.30","522000","70","745714.29","0","100","0","779037680","1752016421","159186800","70","227409714.29","938224480","1979426135"
"115","Prospect","2022","696967210","47.39","1470705233.17","1340277","47.63","2813934.50","71268193","47.63","149628790.68","6648570","79.43","8370351.25","512860","70","732657.14","0","100","0","776737110","1632250967","159839142","70","228341631.43","936576252","1860592598"
"115","Prospect","2021","693290180","52.16","1329160621.17","1340277","52.92","2532647.39","71675723","52.92","135441653.44","7033830","85.88","8190300.42","512860","70","732657.14","0","100","0","773852870","1476057878","153832993","70","219761418.57","927685863","1695819297"
"115","Prospect","2020","687079010","70","981541442.86","1340280","70","1914685.71","69928910","70","99898442.86","7506140","70","10723057.14","511990","70","731414.29","0","100","0","766366330","1094809043","130590137","70","186557338.57","896956467","1281366382"
"115","Prospect","2019","676240360","63.87","1058776201.66","1374370","64.06","2145441.77","62781090","64.06","98003574.77","7771860","64.06","12132157.35","314740","70","449628.57","0","100","0","748482420","1171507005","124274001","70","177534287.14","872756421","1349041292"
"115","Prospect","2018","670027180","65.68","1020138824.60","652350","65.97","988858.57","63239720","65.97","95861330.91","7805120","65.97","11831317.27","315370","70","450528.57","0","100","0","742039740","1129270859.92","122638736","70","175198194.29","864678476","1304469054.21"
"115","Prospect","2017","663554720","66.62","996029300.51","652350","66.91","974966.37","61585190","66.91","92041832.31","8379450","79.57","10530916.17","315340","70","450485.71","0","100","0","734487050","1100027501.08","119405483","70","170579261.43","853892533","1270606762.51"
"115","Prospect","2016","658304000","67.89","969662689.65","652350","67.93","960326.81","61476570","67.93","90499882.23","8287850","68.35","12125603.51","316040","70","451485.71","0","100","0","729036810","1073699987.91","117140515","70","167343592.86","846177325","1241043580.77"
"115","Prospect","2015","652782550","70","932546500","652350","70","931928.57","58472970","70","83532814.29","7999310","70","11427585.71","314970","70","449957.14","0","100","0","720222150","1028888785.71","116041102","70","165773002.86","836263252","1194661788.57"
"115","Prospect","2014","645056350","68.28","944722247","715000","68.47","1044253","57315800","61.48","93226740","8197350","68.47","11972178","174400","70","249143","0","100","0","711458900","1051214560","113191011","70","161701444","824649911","1212916005"
"115","Prospect","2013","638240720","69.06","924182913","715000","69.06","1035332","57903520","69.06","83845236","8259990","69.06","11960599","174400","70","249143","0","100","0","705293630","1021273223","108214088","70","154591554","813507718","1175864778"
"115","Prospect","2012","634585070","67","942779780","715000","68","1053174","60910570","68","89719502","6493640","68","9564943","173840","70","248343","0","100","0","702878120","1043365743","104637374","70","149481963","807515494","1192847706"
"115","Prospect","2011","628938770","70","898483957.14","715000","70","1021428.57","52882210","70","75546014.29","6691730","70","9559614.29","173930","70","248471.43","0","100","0","689401640","984859485.71","95354667","70","136220952.86","784756307","1121080438.57"
"114","Preston","2024","427929660","49.84","858606861.96","578550","50.40","1147916.67","64303900","50.40","127587103.17","12461750","77.15","16152624.76","4381040","70.00","6258628.57","0","100.00","0.00","509654900","1009753136.00","120250236.00","70.00","171786051.43","629905136","1181539187.00"
"114","Preston","2023","430255590","55.21","779307353.74","578550","55.51","1042244.64","64309500","55.51","115852098.72","12849760","68.84","18666124.35","4394740","70","6278200","0","100","0","512388140","921146022","127392413","70","181989161.43","639780553","1103135183"
"114","Preston","2022","429366820","70","613381171.43","578550","70","826500","64393400","70","91990571.43","12710000","70","18157142.86","4413140","70","6304485.71","0","100","0","511461910","730659871","100635275","70","143764678.57","612097185","874424550"
"114","Preston","2021","299291322","49.75","601590596.98","513900","49.74","1033172.50","62253250","49.74","125157318.05","14171810","54.33","26084686.18","5212517","70","7446452.86","0","100","0","381442799","761312227","93663727","70","133805324.29","475106526","895117551"
"114","Preston","2020","294873517","54.08","545254284.39","513900","57.73","890178.42","61884540","57.73","107196500.95","13836110","73.61","18796508.63","5336013","70","7622875.71","0","100","0","376444080","679760348","80047482","70","114353545.71","456491562","794113894"
"114","Preston","2019","289700293","57.84","500864960.24","513900","58.7","875468.48","61164940","58.7","104199216.35","14256180","88.61","16088680.74","3372033","70","4817190","0","100","0","369007346","626845515","75072664","70","107246662.86","444080010","734092178"
"114","Preston","2018","286090203","61.93","461957376.07","513900","65.43","785419.53","60982040","61.68","98868417.64","15656880","120.66","12976031.83","3262918","70","4661311.43","0","100","0","366505941","579248556.50","73755238","70","105364625.71","440261179","684613182.21"
"114","Preston","2017","283191713","70","404559590","513900","70","734142.86","61806730","70","88295328.57","14181910","70","20259871.43","3297230","70","4710328.57","0","100","0","362991483","518559261.43","70119452","70","100170645.71","433110935","618729907.14"
"114","Preston","2016","293679483","67.5","435080715.56","515800","70.49","731735","72480930","70.49","102824414.81","13751110","80.69","17041901.10","3327830","70","4754042.86","0","100","0","383755153","560432809.32","65418255","70","93454650","449173408","653887459.32"
"114","Preston","2015","291396453","69.87","417055178.19","515800","72.89","707641.65","26072410","72.89","35769529.43","13845010","83.52","16576879.79","2025860","70","2894085.71","0","100","0","333855533","473003314.77","61867983","70","88382832.86","395723516","561386147.63"
"114","Preston","2014","289848398","73.14","396292587","515800","74.48","692535","26327900","74.48","35348953","14817220","87.32","16968873","1932810","70","2761157","0","100","0","333442128","452064105","60719221","70","86741744","394161349","538805849"
"114","Preston","2013","288398670","70.96","406424281","515800","71.28","723625","26217280","71.28","36780696","15032279","85.82","17516056","2004280","70","2863257","0","100","0","332168309","464307915","60081676","70","85830966","392249985","550138881"
"114","Preston","2012","285457560","70","407796514","515800","70","736857","21311100","70","30444429","15758950","70","22512786","1950120","70","2785886","0","100","0","324993530","464276471","56898121","70","81283030","381891651","545559501"
"114","Preston","2011","353878800","84.25","420034183.98","619900","86.29","718391.47","22342400","86.29","25892223.90","20078120","105.66","19002574.29","1973760","70","2819657.14","0","100","0","398892980","468467030.78","57625832","70","82322617.14","456518812","550789647.92"
"113","Portland","2024","677629020","46.39","1460722181.50","2039450","46.63","4373686.47","111802880","46.63","239765987.56","13777380","67.29","20474632.19","12093750","70.00","17276785.71","0","100.00","0.00","817342480","1742613274.00","154487004.00","70.00","220695720.00","971829484","1963308994.00"
"113","Portland","2023","676327460","47.17","1433808479.97","1991612","47.77","4169168.93","94212808","50.43","186818972.83","14285140","70.15","20363706.34","10707070","70","15295814.29","0","100","0","797524090","1660456142","156593072","70","223704388.57","954117162","1884160531"
"113","Portland","2022","674794680","53.39","1263897134.29","2039450","53.87","3785873.40","89375560","53.87","165909708.56","13715760","67.14","20428596.96","10147380","70","14496257.14","0","100","0","790072830","1468517570","159611160","70","228015942.86","949683990","1696533513"
"113","Portland","2021","672532905","70","960761292.86","2039450","70","2913500","87942990","70","125632842.86","14076740","70","20109628.57","10700270","70","15286100","0","100","0","787292355","1124703365","156833525","70","224047892.86","944125880","1348751258"
"113","Portland","2020","606747620","58","1046116586.21","1101380","58.38","1886570.74","82645139","65.8","125600515.20","15130180","76.78","19705886.95","9326640","70","13323771.43","0","100","0","714950959","1206633330","132731426","70","189616322.86","847682385","1396249653"
"113","Portland","2019","604758839","63.05","959173416.34","1101380","62.68","1757147.42","83633053","57.22","146160526.04","16753280","58.03","28870032.74","9096050","70","12994357.14","0","100","0","715342602","1148955479","126146694","70","180209562.86","841489296","1329165042"
"113","Portland","2018","600883370","66.02","910153544.38","1101380","65.68","1676887.94","83979920","70.54","119052906.15","16581640","65.68","25246102.31","9379430","70","13399185.71","0","100","0","711925740","1069528626.50","117401347","70","167716210","829327087","1237244836.50"
"113","Portland","2017","597533770","65.69","909626685.95","1101380","65.69","1676632.67","81475770","62.09","131222048.64","17582360","65.86","26696568.48","9347060","70","13352942.86","0","100","0","707040340","1082574878.59","113848813","70","162641161.43","820889153","1245216040.02"
"113","Portland","2016","595850380","70","851214828.57","1101380","70","1573400","82172240","70","117388914.29","17261340","70","24659057.14","8677820","70","12396885.71","0","100","0","705063160","1007233085.71","109611790","70","156588271.43","814674950","1163821357.14"
"113","Portland","2015","596108960","67.33","885354166.05","1241170","66.99","1852769.07","76926584","54.68","140685047.55","20237330","71.92","28138667.96","8293870","70","11848385.71","0","100","0","702807914","1067879036.35","104382054","70","149117220","807189968","1216996256.35"
"113","Portland","2014","593676540","71.48","830549161","1241170","71.76","1729613","76905674","71.76","107170672","20988500","84.53","24829646","7471230","70","10673186","0","100","0","700283114","974952277","104494697","70","149278139","804777811","1124230415"
"113","Portland","2013","591642916","69.82","847383151","1241170","69.93","1774875","76031926","69.93","108725763","21144980","100.62","21014689","7372260","70","10531800","0","100","0","697433252","989430278","104895712","70","149851017","802328964","1139281295"
"113","Portland","2012","590399110","71","835431032","1091510","70","1554193","75001200","75","100228785","21415440","68","31539676","7320250","70","10457500","0","100","0","695227510","979211186","101100191","70","144428844","796327701","1123640030"
"113","Portland","2011","587075590","70","838679414.29","889420","70","1270600","77564386","70","110806265.71","21953470","70","31362100","7587990","70","10839985.71","0","100","0","695070856","992958365.71","102057849","70","145796927.14","797128705","1138755292.86"
"112","Pomfret","2024","438326605","70.00","626180864.29","3464100","70.00","4948714.29","32965200","70.00","47093142.86","5948400","70.00","8497714.29","7296190","70.00","10423128.57","0","100.00","0.00","488000495","697143564.00","75247095.00","70.00","107495850.00","563247590","804639414.00"
"112","Pomfret","2023","284664433","39.03","729347765.82","3132100","43.46","7206856.88","29362900","43.46","67563046.48","5499730","59.55","9235482.79","7511840","70","10731200","0","100","0","330171003","824084352","72900021","70","104142887.14","403071024","928227239"
"112","Pomfret","2022","283061933","43.11","656603880.77","3132100","45.92","6820775.26","30041900","45.92","65422256.10","5234130","49.92","10485036.06","7562270","70","10803242.86","0","100","0","329032333","750135191","73646320","70","105209028.57","402678653","855344220"
"112","Pomfret","2021","281823353","45.57","618440537.63","3132100","48.24","6492744.61","30072410","48.24","62339158.37","5513230","101.94","5408308.81","7732030","70","11045757.14","0","100","0","328273123","703726507","70382210","70","100546014.29","398655333","804272521"
"112","Pomfret","2020","279451083","70","399215832.86","3132100","70","4474428.57","30175685","70","43108121.43","5683850","70","8119785.71","7931330","70","11330471.43","0","100","0","326374048","466248640","59356565","70","84795092.86","385730613","551043733"
"112","Pomfret","2019","262642423","62.44","420631683.22","2625500","63.51","4133994.65","28083760","63.51","44219430.01","5718350","99.2","5764465.73","4723050","70","6747214.29","0","100","0","303793083","481496788","56254024","70","80362891.43","360047107","561859679"
"112","Pomfret","2018","261239253","59.66","437880075.43","2625500","61.51","4268758.64","27779360","61.51","45166019.02","5542230","89.18","6214655.75","4819000","70","6884285.71","0","100","0","302005343","500413794.55","55019245","70","78598921.43","357024588","579012715.98"
"112","Pomfret","2017","258891553","63.44","408088828.81","2625500","64.09","4096582.93","28130060","64.09","43891496.33","5757530","80.76","7129185.24","4822500","70","6889285.71","0","100","0","300227143","470095379.03","51640735","70","73772478.57","351867878","543867857.60"
"112","Pomfret","2016","257304143","64.14","401160185.53","2625500","64.69","4058587.11","28024360","64.69","43321007.88","6414630","64.94","9877779.49","4809430","70","6870614.29","0","100","0","299178063","465288174.30","50696080","70","72422971.43","349874143","537711145.73"
"112","Pomfret","2015","255572500","70","365103571.43","2625500","70","3750714.29","23264460","70","33234942.86","6516530","70","9309328.57","4836410","70","6909157.14","0","100","0","292815400","418307714.29","50584699","70","72263855.71","343400099","490571570"
"112","Pomfret","2014","279268300","78.81","354356427","1981700","78.81","2514529","24764000","78.81","31422408","8395830","78.81","10653255","3350850","70","4786929","0","100","0","317760680","403733547","46234041","70","66048630","363994721","469782177"
"112","Pomfret","2013","278275640","71.35","390014912","1981700","71.55","2769672","25496000","71.55","35633823","8721930","76.04","11470187","3265590","70","4665129","9370","100","9370","317750230","444563092","42797291","70","61138987","360547521","505702079"
"112","Pomfret","2012","277723700","87","319663559","1981700","87","2279913","25463700","87","29295559","9189560","89","10269960","3199820","70","4571171","24540","100","24540","317583020","366104702","40723778","70","58176826","358306798","424281528"
"112","Pomfret","2011","276180600","80.16","344536676.65","1981700","80.16","2472180.64","25344100","80.16","31616891.22","9745930","80.16","12158096.31","3206160","70","4580228.57","24860","100","24860","316483350","395388933.38","41053884","70","58648405.71","357537234","454037339.10"
"111","Plymouth","2024","645777020","45.64","1414936503.07","7792640","45.89","16981128.79","74952666","48.76","153717526.66","10881210","62.65","17368252.19","1009760","70.00","1442514.29","0","100.00","0.00","740413296","1604445925.00","169751357.00","70.00","242501938.57","910164653","1846947864.00"
"111","Plymouth","2023","645716660","46.58","1386253027.05","7682390","46.71","16446992.08","73205165","54.5","134321403.67","11459420","63.28","18109070.80","1008910","70","1441300","0","100","0","739072545","1556571794","173831139","70","248330198.57","912903684","1804901993"
"111","Plymouth","2022","642220330","51.32","1251403604.83","8108970","52.7","15387039.85","73692940","84.42","87293224.35","11981710","77.65","15430405.67","1001970","70","1431385.71","0","100","0","737005920","1370945661","183573389","70","262247698.57","920579309","1633193360"
"111","Plymouth","2021","640418550","70","914883642.86","7646430","70","10923471.43","71043520","70","101490742.86","12604940","70","18007057.14","983860","70","1405514.29","0","100","0","732697300","1046710428","171881877","70","245545538.57","904579177","1292255967"
"111","Plymouth","2020","533039670","55.6","958704442.45","1670280","56.27","2968331.26","56198310","78.22","71846471.49","30312720","145.37","20852115.29","6393200","70","9133142.86","0","100","0","627614180","1063504502","143094060","70","204420085.71","770708240","1267924588"
"111","Plymouth","2019","531915124","63.99","831247263.63","1670280","64.58","2586373.49","57252840","99.53","57523199.04","30576130","131.65","23225317.13","6456500","70","9223571.43","0","100","0","627870874","923805724","133669393","70","190956275.71","761540267","1114762000"
"111","Plymouth","2018","530023390","66.93","791966215.91","1670280","67.53","2473389.60","54447950","91.27","59659179.31","30982760","122.42","25308232.48","6452160","70","9217371.43","0","100","0","623576540","888624388.73","142256010","70","203222871.43","765832550","1091847260.16"
"111","Plymouth","2017","528495460","66.06","800023402.97","127830","66.42","192457.09","57249970","72.94","78489128.05","32696350","139.25","23480323.16","6501090","70","9287271.43","0","100","0","625070700","911472582.70","208001793","70","297145418.57","833072493","1208618001.27"
"111","Plymouth","2016","527903370","70","754147671.43","127830","70","182614.29","56706170","70","81008814.29","33438340","70","47769057.14","6497030","70","9281471.43","0","100","0","624672740","892389628.57","118666594","70","169523705.71","743339334","1061913334.29"
"111","Plymouth","2015","558174347","74.47","749529135.22","5067060","74.47","6804162.75","55305620","74.47","74265637.17","23196215","74.47","31148402.04","12858410","70","18369157.14","0","100","0","654601652","880116494.33","115114917","70","164449881.43","769716569","1044566375.75"
"111","Plymouth","2014","557282020","72.06","773358340","5067060","72.45","6993872","54476690","71.85","75820028","24480450","116.7","20977249","12552860","70","17932657","0","100","0","653859080","895082146","110421458","70","157744940","764280538","1052827086"
"111","Plymouth","2013","554934041","75.85","731620357","4667700","75.96","6144945","53931990","75.96","71000513","27075420","90.46","29930820","12055330","70","17221900","0","100","0","652664481","855918536","108638457","70","155197796","761302938","1011116331"
"111","Plymouth","2012","554298883","74","753942986","274150","74","370774","55918620","76","73432200","31624080","86","36819280","11545150","70","16493071","0","100","0","653660883","881058311","103851969","70","148359956","757512852","1029418266"
"111","Plymouth","2011","549707130","70","785295900","274150","70","391642.86","57127130","70","81610185.71","34948060","70","49925800","11952670","70","17075242.86","0","100","0","654009140","934298771.43","103175925","70","147394178.57","757185065","1081692950"
"110","Plainville","2024","975462020","43.86","2224035613.32","26643880","43.86","60747560.42","348351998","49.39","705308762.91","14107800","43.86","32165526.68","33430","70.00","47757.14","0","100.00","0.00","1364599128","3022305220.00","374725160.00","70.00","535321657.14","1739324288","3557626877.00"
"110","Plainville","2023","967153030","46.77","2067891875.13","39130380","46.93","83380311.10","343908871","54.91","626313733.38","15824480","49.27","32117881.06","81880","70","116971.43","0","100","0","1366098641","2809820771","345856930","70","494081328.57","1711955571","3303902100"
"110","Plainville","2022","956251760","54.4","1757815735.29","39386760","54.74","71952429.67","340948716","69.5","490573692.09","16908640","54.74","30889002.56","456050","70","651500","0","100","0","1353951926","2351882360","329066540","70","470095057.14","1683018466","2821977417"
"110","Plainville","2021","949409720","70","1356299600","39386760","70","56266800","332434243","70","474906061.43","16234540","70","23192200","513170","70","733100","0","100","0","1337978433","1911397761","304752210","70","435360300","1642730643","2346758061"
"110","Plainville","2020","811842150","56.43","1438671185.54","28400750","52.59","54004088.23","309653333","59.53","520163502.44","16481450","72.07","22868669.35","881580","70","1259400","0","100","0","1167259263","2036966845","265100730","70","378715328.57","1432359993","2415682174"
"110","Plainville","2019","809306660","63.89","1266718829.24","28370980","43.97","64523493.29","306029620","60.3","507511807.63","15791090","41.36","38179617.99","881580","70","1259400","0","100","0","1160379930","1878193148","254497770","70","363568242.86","1414877700","2241761391"
"110","Plainville","2018","804231520","65.95","1219456436.69","27776680","65.94","42124173.49","307230930","63.93","480611544.78","16175990","65.94","24531377.01","1622600","70","2318000","0","100","0","1157037720","1769041531.97","243725430","70","348179185.71","1400763150","2117220717.69"
"110","Plainville","2017","800536101","66.41","1205445115.19","28130580","66.62","42225427.80","303679180","69.08","439605066.59","16455820","101.87","16153744.97","1737820","70","2482600","0","100","0","1150539501","1705911954.55","241275148","70","344678782.86","1391814649","2050590737.41"
"110","Plainville","2016","797635670","70","1139479528.57","28250460","70","40357800","301308980","70","430441400","16362430","70","23374900","1272110","70","1817300","0","100","0","1144829650","1635470928.57","234650531","70","335215044.29","1379480181","1970685972.86"
"110","Plainville","2015","815713288","72.36","1127298629.08","26725890","72.41","36909114.76","289222937","74.9","386145443.26","21530810","72.41","29734580.86","1453970","70","2077100","0","100","0","1154646895","1582164867.96","224686332","70","320980474.29","1379333227","1903145342.24"
"110","Plainville","2014","811154130","71.79","1129898496","26411000","71.34","37021306","284351700","68.08","417672885","19782610","58.6","33758720","1750350","70","2500500","0","100","0","1143449790","1620851907","221013366","70","315733380","1364463156","1936585287"
"110","Plainville","2013","808954054","70.86","1141622995","26411000","70.4","37515625","280458460","60.5","463567702","21486810","51.06","42081492","1413860","70","2019800","0","100","0","1138724184","1686807614","216620846","70","309458351","1355345030","1996265966"
"110","Plainville","2012","804903350","71","1132390757","21408320","71","30110155","282934620","72","391767682","25659550","71","36089381","1558270","70","2226100","0","100","0","1136464110","1592584075","204618408","70","292312011","1341082518","1884896086"
"110","Plainville","2011","800172570","70","1143103671.43","2549680","70","3642400","283873150","70","405533071.43","47714240","70","68163200","1261890","70","1802700","0","100","0","1135571530","1622245042.86","202717982","70","289597117.14","1338289512","1911842160"
"109","Plainfield","2024","902831128","53.90","1675011369.20","18505008","54.24","34116902.65","258834604","61.37","421760801.69","24382620","67.51","36117049.33","4174650","70.00","5963785.71","0","100.00","0.00","1208728010","2172969909.00","279318202.00","70.00","399026002.86","1488046212","2571995912.00"
"109","Plainfield","2023","907590948","55.49","1635593706.97","18429480","39.83","46270348.98","253160115","69.52","364154365.65","24075460","61.11","39396923.58","4221070","70","6030100","0","100","0","1207477073","2091445446","282929717","70","404185310","1490406790","2495630756"
"109","Plainfield","2022","902618740","70","1289455342.86","17987160","70","25695942.86","250376454","70","357680648.57","24423470","70","34890671.43","4263720","70","6091028.57","0","100","0","1199669544","1713813635","280655026","70","400935751.43","1480324570","2114749386"
"109","Plainfield","2021","582015361","43.28","1344767469.96","15428200","55.97","27565124.17","192251485","49.1","391550885.95","21085430","66.79","31569740.98","3116040","70","4451485.71","0","100","0","813896516","1799904707","265979015","70","379970021.43","1079875531","2179874728"
"109","Plainfield","2020","575620578","48.46","1187826203.05","15318470","49.29","31078251.17","191959425","75.07","255707239.91","20497932","73.07","28052459.29","3180480","70","4543542.86","0","100","0","806576885","1507207696","236219691","70","337456701.43","1042796576","1844664397"
"109","Plainfield","2019","571955938","57.14","1000972940.15","15223380","57.9","26292538.86","191693905","65.12","294370247.24","20227520","79.09","25575319.26","3210710","70","4586728.57","0","100","0","802311453","1351797774","214356376","70","306223394.29","1016667829","1658021168"
"109","Plainfield","2018","568796550","60.59","938804889.97","15394800","69.03","22301608","192401930","60.52","317938315.43","20117590","72.28","27832858.33","3250100","70","4643000","0","100","0","799960970","1311520671.72","200240970","70","286058528.57","1000201940","1597579200.29"
"109","Plainfield","2017","566084670","70","808692385.71","15329220","70","21898885.71","186879360","70","266970514.29","20202160","70","28860228.57","3317100","70","4738714.29","0","100","0","791812510","1131160728.57","195415765","70","279165378.57","987228275","1410326107.14"
"109","Plainfield","2016","520998570","61.67","844816880.17","15607270","61.89","25217757.31","181378810","65.04","278872709.10","21864410","71.13","30738661.61","2383320","70","3404742.86","0","100","0","742232380","1183050751.04","193637270","70","276624671.43","935869650","1459675422.47"
"109","Plainfield","2015","518739320","65.27","794759184.92","15632030","65.35","23920474.37","177255570","84.92","208732418.75","22439470","104.49","21475232.08","2347970","70","3354242.86","0","100","0","736414360","1052241552.98","201498560","70","287855085.71","937912920","1340096638.69"
"109","Plainfield","2014","516322120","66.27","779118938","16102280","90.06","17879503","155887510","76.48","203827811","22936820","80.53","28482330","2354070","70","3362957","0","100","0","713602800","1032671538","197633450","70","282333500","911236250","1315005038"
"109","Plainfield","2013","514074670","66.94","767963355","16420960","67.12","24465077","155007630","74.71","207479092","23856920","53.88","44277877","2354800","70","3364000","0","100","0","711714980","1047549402","195757680","70","279653829","907472660","1327203231"
"109","Plainfield","2012","512077220","70","731538886","15552780","70","22218257","154743850","70","221062643","22771690","70","32530986","2372030","70","3388614","0","100","0","707517570","1010739386","128732060","70","183902943","836249630","1194642329"
"109","Plainfield","2011","650962970","89.21","729697309.72","27330310","90.85","30082894.88","150049800","136.06","110282081.43","37626110","143.82","26161945.49","39320000","70","56171428.57","0","100","0","905289190","952395660.09","131313660","70","187590942.86","1036602850","1139986602.95"
"108","Oxford","2024","1717562330","70.00","2453660471.43","34969080","70.00","49955828.57","202769140","70.00","289670200.00","37665330","70.00","53807614.29","1002050","70.00","1431500.00","0","100.00","0.00","1993967930","2848525614.00","309974676.00","70.00","442820965.71","2303942606","3291346580.00"
"108","Oxford","2023","1216694828","45.18","2692994307.22","624700","45.59","1370256.64","179094100","57.4","312010627.18","35195500","57.86","60828724.51","1069700","70","1528142.86","0","100","0","1432678828","3068732059","357915036","70","511307194.29","1790593864","3580039253"
"108","Oxford","2022","1202186128","46.76","2570971189.05","624700","47.13","1325482.71","170808956","61.75","276613693.93","35761800","61","58625901.64","1184800","70","1692571.43","0","100","0","1410566384","2909228839","336080544","70","480115062.86","1746646928","3389343902"
"108","Oxford","2021","1183150728","50.85","2326746761.06","624700","51.88","1204124.90","168850200","58.24","289921359.89","34283100","63.8","53735266.46","1242600","70","1775142.86","0","100","0","1388151328","2673382655","311345997","70","444779995.71","1699497325","3118162651"
"108","Oxford","2020","1171298928","70","1673284182.86","566000","70","808571.43","149738500","70","213912142.86","34572200","70","49388857.14","1252750","70","1789642.86","0","100","0","1357428378","1939183397","327386581","70","467695115.71","1684814959","2406878513"
"108","Oxford","2019","1138204165","64.09","1775946582.93","611700","63.81","958627.17","124039310","57.23","216738266.64","38362980","66.16","57985157.19","762400","70","1089142.86","0","100","0","1301980555","2052717777","261617252","70","373738931.43","1563597807","2426456708"
"108","Oxford","2018","1123852305","66.28","1695740935.50","611700","66.35","921929.16","110864395","51.7","214458642.04","40049080","79.53","50357198.54","791600","70","1130857.14","0","100","0","1276169080","1962609562.38","269788925","70","385412750","1545958005","2348022312.38"
"108","Oxford","2017","1110450085","67.27","1650735967","603500","66.95","901418.97","111024508","53.48","207600052.36","41633980","68.08","61154494.71","792300","70","1131857.14","0","100","0","1264504373","1921523790.18","236257000","70","337510000","1500761373","2259033790.18"
"108","Oxford","2016","1102444340","66.27","1663564720.08","601500","66.21","908473.04","109733598","66.21","165735686.45","40615780","60.09","67591579.30","799600","70","1142285.71","0","100","0","1254194818","1898942744.59","224862480","70","321232114.29","1479057298","2220174858.87"
"108","Oxford","2015","1090032790","70","1557189700","601500","70","859285.71","99233970","70","141762814.29","42442680","70","60632400","848800","70","1212571.43","0","100","0","1233159740","1761656771.43","213256990","70","304652842.86","1446416730","2066309614.29"
"108","Oxford","2014","1101596755","69.52","1584575309","555400","68.48","811040","93132640","58.11","160269558","41706900","51.69","80686593","1607100","70","2295857","0","100","0","1238598795","1828638357","204938692","70","292769560","1443537487","2121407917"
"108","Oxford","2013","1090922055","68.19","1599827035","555400","68.19","814489","92595000","68.19","135789705","41554100","76.88","54050598","1613600","70","2305143","0","100","0","1227240155","1792786970","199938230","70","285626043","1427178385","2078413013"
"108","Oxford","2012","1080909405","70","1553253923","493500","69","711403","90904300","54","167195696","43176400","69","62240738","1628100","70","2325857","0","100","0","1217111705","1785727617","192022390","70","274317700","1409134095","2060045317"
"108","Oxford","2011","1075281299","71.95","1494484084.78","402600","70.81","568563.76","87601700","70.81","123713741","44383300","61.28","72427056.14","1655600","70","2365142.86","0","100","0","1209324499","1693558588.53","194358005","70","277654292.86","1403682504","1971212881.39"
"107","Orange","2024","1639832587","57.77","2838553898.22","36353400","58.11","62559628.29","539628094","62.23","867151042.91","23289610","58.11","40078489.07","733350","70.00","1047642.86","0","100.00","0.00","2239837041","3809390701.00","475525784.00","70.00","679322548.57","2715362825","4488713250.00"
"107","Orange","2023","1453572514","70","2076532162.86","31775200","70","45393142.86","506515169","70","723593098.57","24008710","70","34298157.14","733350","70","1047642.86","0","100","0","2016604943","2880864205","455610204","70","650871720","2472215147","3531735925"
"107","Orange","2022","1335226720","46.86","2849395475.89","24504800","47.19","51927950.84","484710970","54.54","888725650.90","20072810","47.19","42536151.73","748310","70","1069014.29","0","100","0","1865263610","3833654244","449213835","70","641734050","2314477445","4475388294"
"107","Orange","2021","1324792880","51.69","2562957786.81","24504800","51.69","47407235.44","478820170","51.69","926330373.38","19726300","51.69","38162700.72","766700","70","1095285.71","0","100","0","1848610850","3575953382","401939100","70","574198714.29","2250549950","4150152096"
"107","Orange","2020","1315641980","59.39","2215258427.34","24504800","59.38","41267766.92","475237470","59.38","800332553.05","20742300","59.38","34931458.40","1056380","70","1509114.29","0","100","0","1837182930","3093299319","297213430","70","424590614.29","2134396360","3517889933"
"107","Orange","2019","1307295400","64.57","2024617314.54","24504800","64.64","37909653.47","464827200","64.64","719101485.15","27677000","64.64","42817141.09","1059820","70","1514028.57","0","100","0","1825364220","2825959623","294750600","70","421072285.71","2120114820","3247031909"
"107","Orange","2018","1300169990","64.52","2015142575.95","24504800","64.76","37839407.04","439576190","64.75","678934574.10","34740300","64.76","53644688.08","1061120","70","1515885.71","0","100","0","1800052400","2787077130.88","281037435","70","401482050","2081089835","3188559180.88"
"107","Orange","2017","1293510900","70","1847872714.29","24504800","70","35006857.14","437513790","70","625019700","35386300","70","50551857.14","1061130","70","1515900","0","100","0","1791976920","2559967028.57","282494102","70","403563002.86","2074471022","2963530031.43"
"107","Orange","2016","1242645950","64.99","1912057162.64","14458620","64.99","22247453.45","393425540","64.54","609584040.90","38976450","64.99","59972995.85","1030760","70","1472514.29","0","100","0","1690537320","2605334167.13","275892930","70","394132757.14","1966430250","2999466924.27"
"107","Orange","2015","1231213350","67.13","1834073216.15","14458620","67.15","21531824.27","389548810","73.31","531371995.64","37501350","73.27","51182407.53","1031860","70","1474085.71","0","100","0","1673753990","2439633529.30","267601440","70","382287771.43","1941355430","2821921300.73"
"107","Orange","2014","1222286330","66.93","1826215942","14458620","66.93","21602600","390656360","62.86","621470506","37351750","66.93","55807187","1032750","70","1475357","0","100","0","1665785810","2526571591","255664310","70","365234729","1921450120","2891806320"
"107","Orange","2013","1214938310","66.45","1828349601","14458620","66.24","21827627","395395600","65.87","600266586","37217150","66.24","56185311","956300","70","1366143","0","100","0","1662965980","2507995268","249194348","70","355991926","1912160328","2863987193"
"107","Orange","2012","1208060960","70","1725801371","14458620","70","20655171","399051000","70","570072857","37462750","70","53518214","954860","70","1364086","0","100","0","1659988190","2371411700","233119798","70","333028283","1893107988","2704439983"
"107","Orange","2011","1129290958","86.23","1309626531.37","14523300","86.17","16854241.62","399179144","86.17","463246076.36","25093800","86.17","29121271.90","902200","70","1288857.14","0","100","0","1568989402","1820136978.39","212708015","70","303868592.86","1781697417","2124005571.25"
"106","Old Saybrook","2024","2627999158","55.15","4765184330.01","37118500","55.15","67304623.75","362869312","60.57","599090823.84","29983098","55.15","54366451.50","120100","70.00","171571.43","0","100.00","0.00","3058090168","5486117801.00","244496986.00","70.00","349281408.57","3302587154","5835399210.00"
"106","Old Saybrook","2023","2626719440","70","3752456342.86","33823500","70","48319285.71","362547690","70","517925271.43","30627700","70","43753857.14","120800","70","172571.43","0","100","0","3053839130","4362627328","257621729","70","368031041.43","3311460859","4730658369"
"106","Old Saybrook","2022","1754297103","45.16","3884626003.10","25809100","45.5","56723296.70","339495920","67.65","501841714.71","24772300","77.8","31841002.57","119810","70","171157.14","0","100","0","2144494233","4475203175","258707520","70","369582171.43","2403201753","4844785346"
"106","Old Saybrook","2021","1747737934","49.71","3515867901.83","25618000","49.8","51441767.07","324758810","53.18","610678469.35","25277000","43.35","58309111.88","118210","70","168871.43","0","100","0","2123509954","4236466121","249951980","70","357074257.14","2373461934","4593540378"
"106","Old Saybrook","2020","1728715431","55.25","3128896707.69","24980200","55.14","45303228.15","319709280","55.82","572750412.04","26414400","51.76","51032457.50","117000","70","167142.86","0","100","0","2099936311","3798149949","201091994","70","287274277.14","2301028305","4085424226"
"106","Old Saybrook","2019","1714303228","66.47","2579063078.08","24980200","66.85","37367539.27","320501070","72.07","444708019.98","27680500","74.07","37370730.39","116200","70","166000","0","100","0","2087581198","3098675367","212836915","70","304052735.71","2300418113","3402728103"
"106","Old Saybrook","2018","1711504230","70","2445006042.86","25375000","70","36250000","318836370","70","455480528.57","28576300","70","40823285.71","121800","70","174000","0","100","0","2084413700","2977733857.14","188820340","70","269743342.86","2273234040","3247477200"
"106","Old Saybrook","2017","1727850105","68.18","2534247733.94","2345800","68.36","3431538.91","315866600","78.5","402377834.39","29885700","58.77","50851965.29","118700","70","169571.43","0","100","0","2076066905","2991078643.96","180467824","70","257811177.14","2256534729","3248889821.11"
"106","Old Saybrook","2016","1723224155","68.34","2521545441.91","2554000","68.39","3734464.10","312616950","76.92","406418291.73","31589400","56.37","56039382.65","124800","70","178285.71","0","100","0","2070109305","2987915866.11","176598765","70","252283950","2246708070","3240199816.11"
"106","Old Saybrook","2015","1704359342","67.05","2541922956","2554000","66.66","3831383.14","297120650","68.32","434895564.99","33867000","59.64","56785714.29","114000","70","162857.14","0","100","0","2038014992","3037598475.56","172482240","70","246403200","2210497232","3284001675.56"
"106","Old Saybrook","2014","1701394040","69.24","2457241537","2707500","69.49","3896244","298678900","71.73","416393280","37298400","78.75","47363048","116100","70","165857","0","100","0","2040194940","2925059966","179513964","70","256448520","2219708904","3181508486"
"106","Old Saybrook","2013","1694486150","70","2420694500","2554000","70","3648571","289543050","70","413632929","41607700","70","59439571","113900","70","162714","0","100","0","2028304800","2897578286","152057168","70","217224526","2180361968","3114802811"
"106","Old Saybrook","2012","2021519200","85","2390915671","1689200","84","2012869","272233750","84","324396747","46808500","70","66869286","93200","70","133143","0","100","0","2342343850","2784327716","147369974","70","210528534","2489713824","2994856250"
"106","Old Saybrook","2011","2009805348","90.44","2222252706.77","1689200","90.55","1865488.68","269405400","82.69","325801668.88","52244500","117.5","44463404.26","93200","70","133142.86","0","100","0","2333237648","2594516411.44","148703160","70","212433085.71","2481940808","2806949497.16"
"105","Old Lyme","2024","2248216135","70.00","3211737335.71","7767685","70.00","11096692.86","95845329","70.00","136921898.57","23084170","70.00","32977385.71","6096670","70.00","8709528.57","0","100.00","0.00","2381009989","3401442843.00","140773832.00","70.00","201105474.29","2521783821","3602548317.00"
"105","Old Lyme","2023","1343506544","39.68","3385853185.48","5617085","39.98","14049737.37","81647047","39.98","204219727.36","17281540","61.76","27981768.13","5486044","70","7837205.71","0","100","0","1453538260","3639941623","149023380","70","212890542.86","1602561640","3852832166"
"105","Old Lyme","2022","1331180433","43.9","3032301669.70","5617085","43.95","12780625.71","81765967","43.95","186043155.86","18076740","43.95","41130238.91","5580654","70","7972362.86","0","100","0","1442220879","3280228054","154467246","70","220667494.29","1596688125","3500895548"
"105","Old Lyme","2021","1324825043","48.12","2753169249.79","5617085","48.29","11631983.85","82421708","63.46","129879779.39","19561840","59.23","33026912.04","5510124","70","7871605.71","0","100","0","1437935800","2935579531","147923408","70","211319154.29","1585859208","3146898685"
"105","Old Lyme","2020","1320882093","53.28","2479133057.43","5340585","53.43","9995480.07","84695138","53.43","158516073.37","18861040","66.06","28551377.54","5571234","70","7958905.71","0","100","0","1435350090","2684154894","119285145","70","170407350","1554635235","2854562244"
"105","Old Lyme","2019","1320061738","70","1885802482.86","5340585","70","7629407.14","83787752","70","119696788.57","20365740","70","29093914.29","5583064","70","7975805.71","0","100","0","1435138879","2050198399","111480624","70","159258034.29","1546619503","2209456433"
"105","Old Lyme","2018","1369744186","67.64","2025083806.82","4808060","67.9","7081089.84","74692874","67.9","110004232.70","20429700","159.51","12807504.24","5800210","70","8286014.29","0","100","0","1475475030","2163262647.87","111412708","70","159161011.43","1586887738","2322423659.30"
"105","Old Lyme","2017","1367625386","68.48","1997116509.93","4808060","68.06","7064443.14","74790144","68.06","109888545.40","21866310","60.51","36136688.15","5591240","70","7987485.71","0","100","0","1474681140","2158193672.33","107622534","70","153746477.14","1582303674","2311940149.48"
"105","Old Lyme","2016","1364681806","68.86","1981820804.53","4808060","68.86","6982370.03","74105744","68.86","107617984.32","21452800","72.23","29700678.39","5636520","70","8052171.43","0","100","0","1470684930","2134174008.69","103827275","70","148324678.57","1574512205","2282498687.26"
"105","Old Lyme","2015","1360582186","70.26","1936496137.20","4718060","69.69","6770067.44","75285874","69.69","108029665.66","21373200","49.73","42978483.81","5348180","70","7640257.14","0","100","0","1467307500","2101914611.26","108592405","70","155132007.14","1575899905","2257046618.41"
"105","Old Lyme","2014","1353820786","70","1934029694","4732960","70","6761371","74998524","70","107140749","23067700","70","32953857","5287130","70","7553043","0","100","0","1461907100","2088438714","102987885","70","147125550","1564894985","2235564264"
"105","Old Lyme","2013","1411638981","71.74","1967715335","3878655","71.64","5414091","67721169","71.64","94529828","24195520","66.52","36373301","5705960","70","8151371","0","100","0","1513140285","2112183927","101449086","70","144927266","1614589371","2257111193"
"105","Old Lyme","2012","1408223461","72","1947211644","3139855","72","4351240","67046479","53","127126430","24012220","110","21867061","5732580","70","8189400","0","100","0","1508154595","2108745775","99913900","70","142734143","1608068495","2251479918"
"105","Old Lyme","2011","1405978751","75.54","1861237425.21","3089755","75.65","4084276.27","66300719","75.65","87641399.87","24195520","73.2","33053989.07","5752120","70","8217314.29","0","100","0","1505316865","1994234404.70","96855405","70","138364864.29","1602172270","2132599268.99"
"104","Norwich","2024","1751266742","55.36","3163415357.66","163519975","41.53","393739405.25","481206394","74.55","645481413.82","44082025","75.21","58611919.96","1469294","70.00","2098991.43","0","100.00","0.00","2441544430","4263347088.00","434645270.00","70.00","620921814.29","2876189700","4884268902.00"
"104","Norwich","2023","1753455622","70","2504936602.86","165573975","70","236534250","473426315","70","676323307.14","45184145","70","64548778.57","1521694","70","2173848.57","0","100","0","2439161751","3484516788","423913500","70","605590714.29","2863075251","4090107502"
"104","Norwich","2022","1081466063","41.92","2579833165.55","123383825","38.29","322235113.61","442533343","62.73","705457266.06","38780496","103.39","37508942.84","1409621","70","2013744.29","0","100","0","1687573348","3647048233","453171684","70","647388120","2140745032","4294436353"
"104","Norwich","2021","1076411662","45.95","2342571625.68","127340435","49.85","255447211.63","431971689","73.81","585248189.95","38110096","77.14","49403806.07","1450022","70","2071460","0","100","0","1675283904","3234742294","420396334","70","600566191.43","2095680238","3835308485"
"104","Norwich","2020","1071221612","55.06","1945553236.47","122405725","61.01","200632232.42","428480179","85.55","500853511.40","38476596","134.33","28643338.05","1461022","70","2087174.29","0","100","0","1662045134","2677769491","383832110","70","548331585.71","2045877244","3226101077"
"104","Norwich","2019","1068356873","61.39","1740278340.12","119516525","60.38","197940584.63","429248098","70","613211568.57","38083996","136.57","27886062.82","1434421","70","2049172.86","0","100","0","1656639913","2581365730","363775900","70","519679857.14","2020415813","3101045587"
"104","Norwich","2018","1065938090","70","1522768700","112364625","70","160520892.86","432265850","70","617522642.86","39396700","70","56281000","1438900","70","2055571.43","0","100","0","1651404165","2359148807.14","336563951","70","480805644.29","1987968116","2839954451.43"
"104","Norwich","2017","1032663350","64.39","1603763550.24","90688948","62.52","145055898.91","366144530","73.48","498291412.63","39996800","65.02","61514610.89","1395400","70","1993428.57","0","100","0","1530889028","2310618901.24","343863200","70","491233142.86","1874752228","2801852044.10"
"104","Norwich","2016","1025661670","67.8","1512775324.48","85530720","60.02","142503698.77","346418950","64.87","534020271.31","40094100","92.53","43330919.70","1389400","70","1984857.14","0","100","0","1499094840","2234615071.41","333833342","70","476904774.29","1832928182","2711519845.69"
"104","Norwich","2015","1021481850","70.08","1457593964.04","85173970","55.68","152970492.10","344673180","57.89","595393297.63","41140400","102","40333725.49","1491000","70","2130000","0","100","0","1493960400","2248421479.26","321005332","70","458579045.71","1814965732","2707000524.98"
"104","Norwich","2014","1018096300","67.35","1511650037","85275600","67.4","126521662","343048700","65.33","525101332","41543300","71.14","58396542","1348400","70","1926286","0","100","0","1489312300","2223595858","312593640","70","446562343","1801905940","2670158201"
"104","Norwich","2013","1018239500","70","1454627857","85275600","70","121822286","343048700","70","490069571","41576900","70","59395571","1348400","70","1926286","0","100","0","1489489100","2127841571","312795150","70","446850214","1802284250","2574691786"
"104","Norwich","2012","1521294200","88","1736438991","82769400","87","94669335","449140510","76","590120234","53393000","87","61069427","1157800","70","1654000","0","100","0","2107754910","2483951987","316943090","70","452775843","2424698000","2936727830"
"104","Norwich","2011","1519984219","87.15","1744101226.62","98244500","87.1","112795063.15","442379243","82.39","536933175.14","55291000","87.1","63479908.15","1213200","70","1733142.86","0","100","0","2117112162","2459042515.92","322486238","70","460694625.71","2439598400","2919737141.63"
"103","Norwalk","2024","10141970728","49.80","20365403068.27","1121928880","49.81","2252416944.39","3058149893","49.43","6186829643.94","177699790","49.92","355969130.61","691920","70.00","988457.14","0","100.00","0.00","14500441211","29161607244.00","1788635441.00","70.00","2555193487.14","16289076652","31716800731.00"
"103","Norwalk","2023","9367704667","49.01","19113863837.99","1027759230","46.7","2200769229.12","2976555984","56.14","5302023484.15","181982560","42.15","431749845.79","691920","70","988457.14","0","100","0","13554694361","27049394854","1828330905","70","2611901292.86","15383025266","29661296147"
"103","Norwalk","2022","8619289700","50.9","16933771512.77","776586911","50.49","1538100437.71","3507126704","56.17","6243771949.44","165230658","71.67","230543683.55","613240","70","876057.14","0","100","0","13068847213","24947063641","1797734030","70","2568191471.43","14866581243","27515255112"
"103","Norwalk","2021","8528430953","54.97","15514700660.36","922917927","50.96","1811063436.03","3343589369","60.06","5567081866.47","200328928","75.53","265230938.70","329020","70","470028.57","0","100","0","12995596197","23158546930","1813073231","70","2590104615.71","14808669428","25748651546"
"103","Norwalk","2020","8502764253","59.46","14299973516.65","934816567","60.58","1543110873.23","3474605281","68.49","5073157075.49","194831684","67.44","288896328.59","329020","70","470028.57","0","100","0","13107346805","21205607823","1669726451","70","2385323501.43","14777073256","23590931324"
"103","Norwalk","2019","8493605806","65.85","12898414283.98","878314344","67.3","1305073319.47","3613958821","77.91","4638632808.37","201475585","90.38","222920541.05","329020","70","470028.57","0","100","0","13187683576","19065510981","1514255870","70","2163222671.43","14701939446","21228733652"
"103","Norwalk","2018","8470991551","70","12101416501.43","856946096","70","1224208708.57","3282071489","70","4688673555.71","200549869","70","286499812.86","289150","70","413071.43","0","100","0","12810848155","18301211650","1469590552","70","2099415074.29","14280438707","20400626724.29"
"103","Norwalk","2017","7704474246","62.73","12281961176.47","480210212","42.95","1118068013.97","2479170556","69.46","3569206098.47","155443762","86.5","179703771.10","25760","70","36800","0","100","0","10819324536","17148975860.01","1447336760","70","2067623942.86","12266661296","19216599802.87"
"103","Norwalk","2016","7674924100","64.67","11867827586.21","442730986","46.42","953750508.40","2488153780","59.89","4154539622.64","155265627","77.32","200809139.94","25760","70","36800","0","100","0","10761100253","17176963657.19","1450294504","70","2071849291.43","12211394757","19248812948.62"
"103","Norwalk","2015","7624584131","65.72","11601619188.98","423479180","55.6","761653201.44","2499285640","52.92","4722761980.35","149723574","79.22","188997190.10","25760","70","36800","0","100","0","10697098285","17275068360.87","1402259407","70","2003227724.29","12099357692","19278296085.16"
"103","Norwalk","2014","7594230824","66.6","11402748985","372966335","60.93","612122657","2459827390","64.53","3811912893","142923211","66.58","214663880","25760","70","36800","0","100","0","10569973520","16041485215","1340380023","70","1914828604","11910353543","17956313819"
"103","Norwalk","2013","7576796537","70","10823995053","369691920","70","528131314","2468561212","70","3526516017","148107205","70","211581721","25760","70","36800","0","100","0","10563182634","15090260906","1306174055","70","1865962936","11869356689","16956223841"
"103","Norwalk","2012","8703967980","81","10794949746","361689580","80","450478989","2356818697","70","3386233760","117904634","95","123680514","458220","70","654600","0","100","0","11540839111","14755997608","1271466560","70","1816380800","12812305671","16572378408"
"103","Norwalk","2011","8659049553","82.37","10512382606.53","350900347","62.81","558669554.21","2416895029","68.24","3541757076.49","111347110","84.73","131414032.81","398510","70","569300","0","100","0","11538590549","14744792570.05","1271214001","70","1816020001.43","12809804550","16560812571.48"
"102","North Stonington","2024","416897150","35.37","1178674441.62","516550","36.18","1427722.50","61014555","58.78","103801556.65","12806560","41.93","30542714.05","4995610","70.00","7136585.71","13130","100.00","13130.00","496243555","1321596152.00","149012933.00","70.00","212875618.57","645256488","1534471771.00"
"102","North Stonington","2023","414253400","39.78","1041360985.42","516550","41.12","1256201.36","60606795","41.12","147390065.66","12584680","51.53","24422045.41","5044950","70","7207071.43","14170","100","14170","493020545","1221650538","130201003","70","186001432.86","623221548","1407651971"
"102","North Stonington","2022","410525130","46.92","874946994.88","516550","46.94","1100447.38","57841870","46.94","123225117.17","13292420","49.75","26718432.16","5087880","70","7268400","14170","100","14170","487278020","1033273561","119329206","70","170470294.29","606607226","1203743855"
"102","North Stonington","2021","406926280","47.38","858856648.37","516550","47.7","1082914.05","56441145","35.95","156999012.52","13137280","52.45","25047245","5158320","70","7369028.57","14170","100","14170","482193745","1049369019","115638297","70","165197567.14","597832042","1214566586"
"102","North Stonington","2020","404794260","70","578277514.29","377310","70","539014.29","56614330","70","80877614.29","13423110","70","19175871.43","5366620","70","7666600","14170","100","14170","480589800","686550783","90203064","70","128861520","570792864","815412303"
"102","North Stonington","2019","368629173","58.96","625219085.82","132160","60.27","219279.91","51033542","60.27","84674866.43","22017140","83.16","26475637.33","4106770","70","5866814.29","15235","100","15235","445934020","742470918","82470522","70","117815031.43","528404542","860285949"
"102","North Stonington","2018","366720693","61.8","593399179.61","132160","63.94","206693.78","52079132","76.05","68480120.97","25811700","84.28","30626127.20","3912195","70","5588850","15235","100","15235","448671115","698316206.56","80734123","70","115334461.43","529405238","813650667.98"
"102","North Stonington","2017","365433826","62.07","588744685.03","132160","62.07","212920.90","50837054","62.07","81902777.51","25279100","68.02","37164216.41","3982560","70","5689371.43","15235","100","15235","445679935","713729206.27","81868160","70","116954514.29","527548095","830683720.56"
"102","North Stonington","2016","363663906","61.56","590747085.77","132160","62.12","212749.52","50249854","46.39","108320444.06","26665500","94.63","28178695.97","3980290","70","5686128.57","15235","100","15235","444706945","733160338.89","77633169","70","110904527.14","522340114","844064866.04"
"102","North Stonington","2015","361254206","70","516077437.14","132160","70","188800","49822984","70","71175691.43","26343310","70","37633300","3994325","70","5706178.57","15235","100","15235","441562220","630796642.14","71531185","70","102187407.14","513093405","732984049.29"
"102","North Stonington","2014","372074230","72.55","512852143","0","72.78","0","52791123","94.89","55634021","28710640","72.78","39448530","2948545","70","4212207","15235","100","15235","456539773","612162137","74258002","70","106082860","530797775","718244997"
"102","North Stonington","2013","370842960","70.21","528191084","0","70.21","0","52792083","70.21","75191686","29285760","70.21","41711665","3885820","70","5551171","15235","100","15235","456821858","650660842","71289161","70","101841659","528111019","752502500"
"102","North Stonington","2012","369441430","68","540593254","0","68","0","53497053","68","78280733","28380030","68","41527700","3903845","70","5576921","21120","100","21120","455243478","665999729","69727368","70","99610526","524970846","765610254"
"102","North Stonington","2011","369572830","70","527961185.71","0","70","0","53640693","70","76629561.43","28190480","70","40272114.29","4432015","70","6331450","24410","100","24410","455860428","651218721.43","69690162","70","99557374.29","525550590","750776095.71"
"101","North Haven","2024","2504140440","70.00","3577343485.71","135132680","70.00","193046685.71","912847369","70.00","1304067670.00","15145900","70.00","21637000.00","391360","70.00","559085.71","0","100.00","0.00","3567657749","5096653928.00","628448142.00","70.00","897783060.00","4196105891","5994436988.00"
"101","North Haven","2023","1824049860","44.72","4078823479.43","85859600","44.71","192036680.83","687240135","43.29","1587526299.38","13173680","44.71","29464728.25","411270","70","587528.57","0","100","0","2610734545","5888438716","661190548","70","944557925.71","3271925093","6832996642"
"101","North Haven","2022","1807993000","48.93","3695060290.21","69014010","49.1","140558065.17","678345311","52.88","1282801268.91","13173680","59.76","22044310.58","412070","70","588671.43","0","100","0","2568938071","5141052606","684669617","70","978099452.86","3253607688","6119152059"
"101","North Haven","2021","1795753840","51.8","3466706254.83","66281300","51.88","127758866.62","675329440","55.29","1221431434.26","12625580","54.08","23346116.86","412070","70","588671.43","0","100","0","2550402230","4839831344","665907654","70","951296648.57","3216309884","5791127993"
"101","North Haven","2020","1782726790","58.74","3034945165.13","66281300","58.74","112838440.59","675464908","68.79","981923110.92","12601850","44.7","28192058.17","416400","70","594857.14","0","100","0","2537491248","4158493632","586280539","70","837543627.14","3123771787","4996037259"
"101","North Haven","2019","1777823960","70","2539748514.29","66317610","70","94739442.86","675754710","70","965363871.43","12496680","70","17852400","427100","70","610142.86","0","100","0","2532820060","3618314371","580788524","70","829697891.43","3113608584","4448012262"
"101","North Haven","2018","1791341148","68.97","2597275841.67","49533400","68.85","71943936.09","617369231","55.81","1106198227.92","6563346","61.36","10696456.98","613320","70","876171.43","0","100","0","2465420445","3786990634.08","422180707","70","603115295.71","2887601152","4390105929.80"
"101","North Haven","2017","1779944189","67.83","2624125297.07","48638240","67.46","72099377.41","564414182","64.97","868730463.29","8325456","67.46","12341322.27","531340","70","759057.14","0","100","0","2401853407","3578055517.17","408961603","70","584230861.43","2810815010","4162286378.60"
"101","North Haven","2016","1763078471","68.79","2562986583.81","48638240","68.3","71212650.07","579381413","57.29","1011313340.90","7787926","64.36","12100568.68","566860","70","809800","0","100","0","2399452910","3658422943.45","401076799","70","572966855.71","2800529709","4231389799.17"
"101","North Haven","2015","1750450328","72.29","2421428037.07","49141400","72.25","68015778.55","582581577","57.72","1009323591.48","6441190","79.04","8149278.85","566860","70","809800","0","100","0","2389181355","3507726485.94","385639380","70","550913400","2774820735","4058639885.94"
"101","North Haven","2014","1745356075","70","2493365821","40736150","70","58194500","580300870","70","829001243","7484890","70","10692700","575270","70","821814","0","100","0","2374453255","3392076079","377509214","70","539298877","2751962469","3931374956"
"101","North Haven","2013","1813531494","73.16","2478856607","35609430","72.26","49279588","594724709","64.19","926506791","8504020","63.47","13398487","544010","70","777157","0","100","0","2452913663","3468818630","361813423","70","516876319","2814727086","3985694949"
"101","North Haven","2012","1806621620","77","2347481315","35609430","77","46384564","596697435","67","884651497","6548850","77","8505000","558470","70","797814","0","100","0","2446035805","3287820191","368623537","70","526605053","2814659342","3814425244"
"101","North Haven","2011","1802330340","78.08","2308312423.16","35609430","78.17","45553831.39","621350875","78.66","789919749.56","7065660","77.09","9165468.93","558410","70","797728.57","0","100","0","2466914715","3153749201.61","361265580","70","516093685.71","2828180295","3669842887.32"
"100","North Canaan","2024","231013690","57.18","404011350.12","6882450","57.18","12036463.80","95453885","56.21","169816553.99","7071950","63.12","11203976.55","2133590","70.00","3047985.71","0","100.00","0.00","342555565","600116331.00","70559640.00","70.00","100799485.71","413115205","700915817.00"
"100","North Canaan","2023","229079720","67.38","339981775.01","6840030","60.36","11332057.65","95761620","55.53","172450243.11","7340520","60.36","12161232.60","2153670","70","3076671.43","0","100","0","341175560","539001980","76265929","70","108951327.14","417441489","647953307"
"100","North Canaan","2022","228172870","70","325961242.86","6825900","70","9751285.71","95048655","70","135783792.86","7318820","70","10455457.14","2154340","70","3077628.57","0","100","0","339520585","485029408","74782757","70","106832510","414303342","591861918"
"100","North Canaan","2021","165567940","46.86","353324669.23","6307230","46.24","13640203.29","79790140","95.94","83166708.36","10779590","34.43","31308713.33","1252920","70","1789885.71","0","100","0","263697820","483230179","66825404","70","95464862.86","330523224","578695042"
"100","North Canaan","2020","165222870","55.42","298128599.78","6307230","57.31","11005461.53","81133360","65.4","124057125.38","10245180","52.4","19551870.23","1257770","70","1796814.29","0","100","0","264166410","454539871","56177080","70","80252971.43","320343490","534792842"
"100","North Canaan","2019","164897570","60.34","273280692.74","6307230","63.77","9890591.19","80489990","99.14","81188208.59","10054750","75.2","13370678.19","1230770","70","1758242.86","0","100","0","262980310","379488414","51782882","70","73975545.71","314763192","453463960"
"100","North Canaan","2018","164270880","79.27","207242641.77","5976830","80.06","7465438.42","86041760","89.72","95900312.08","5689270","100","5689270","1213890","70","1734128.57","0","100","0","263192630","318031790.85","57329920","70","81899885.71","320522550","399931676.56"
"100","North Canaan","2017","164169260","70","234527514.29","5976830","70","8538328.57","88804310","70","126863300","5764290","70","8234700","1202830","70","1718328.57","0","100","0","265917520","379882171.43","61432170","70","87760242.86","327349690","467642414.29"
"100","North Canaan","2016","174134350","77.39","225008851.27","3821060","77.39","4937407.93","86630300","77.39","111939914.72","3926880","75.66","5190166.53","901380","70","1287685.71","0","100","0","269413970","348364026.17","58480990","70","83544271.43","327894960","431908297.60"
"100","North Canaan","2015","174053405","81.51","213536259.35","3821060","79.47","4808179.19","87757840","62.77","139808570.97","4017570","79.47","5055454.89","898470","70","1283528.57","0","100","0","270548345","364491992.98","48865570","70","69807957.14","319413915","434299950.12"
"100","North Canaan","2014","177515710","76.46","232168075","5734390","75.62","7583166","79878920","75.62","105632002","3253340","75.62","4302222","867330","70","1239043","0","100","0","267249690","350924507","50882160","70","72688800","318131850","423613307"
"100","North Canaan","2013","154662690","79.37","194862908","5956270","80.17","7429550","74285050","80.17","92659411","6580930","80.17","8208719","20318060","70","29025800","0","100","0","261803000","332186388","49483200","70","70690286","311286200","402876674"
"100","North Canaan","2012","154573110","70","220818729","5956270","70","8508957","72051130","70","102930186","6605010","70","9435729","20483070","70","29261529","0","100","0","259668590","370955129","48841350","70","69773357","308509940","440728486"
"100","North Canaan","2011","179611920","85.58","209876045.81","6623560","85.33","7762287.59","77680110","85.33","91034934.96","8463230","83.91","10086080.32","23395760","70","33422514.29","0","100","0","295774580","352181862.96","48710720","70","69586742.86","344485300","421768605.82"
"99","North Branford","2024","1456826944","70.00","2081181348.57","18829888","70.00","26899840.00","183163916","70.00","261662737.14","12190310","70.00","17414728.57","2851557","70.00","4073652.86","0","100.00","0.00","1673862615","2391232308.00","201536654.00","70.00","287909505.71","1875399269","2679141814.00"
"99","North Branford","2023","973516681","45.16","2155705670.95","14194944","45.38","31280176.29","168930376","49.49","341342444.94","10977210","45.38","24189532.83","2464890","70","3521271.43","0","100","0","1170084101","2556039096","229332435","70","327617764.29","1399416536","2883656860"
"99","North Branford","2022","967694431","52.12","1856666214.50","13773044","52.16","26405375.77","167118948","55.08","303411307.19","11106910","77.59","14314873.05","2438670","70","3483814.29","0","100","0","1162132003","2204281585","234651597","70","335216567.14","1396783600","2539498152"
"99","North Branford","2021","962419942","53.78","1789549910.75","13773044","53.79","25605212.86","166620430","56.41","295373923.06","12118110","53.79","22528555.49","2537020","70","3624314.29","0","100","0","1157468546","2136681916","215682746","70","308118208.57","1373151292","2444800125"
"99","North Branford","2020","960329747","70","1371899638.57","13773044","70","19675777.14","166542792","70","237918274.29","11447910","70","16354157.14","2216260","70","3166085.71","0","100","0","1154309753","1649013933","176843589","70","252633698.57","1331153342","1901647632"
"99","North Branford","2019","920710654","62.27","1478578214.23","11390220","62.27","18291665.33","160198764","62.27","257264756.70","11394630","57.06","19969558.36","1704140","70","2434485.71","0","100","0","1105398408","1776538680","172833803","70","246905432.86","1278232211","2023444113"
"99","North Branford","2018","916521758","66.23","1383846833.76","11390220","66.23","17197976.75","158734424","66.23","239671484.22","12361530","66.23","18664547.79","1648100","70","2354428.57","0","100","0","1100656032","1661735271.09","163320140","70","233314485.71","1263976172","1895049756.80"
"99","North Branford","2017","913328776","67.25","1358109704.09","11390220","67.25","16937130.11","154375054","67.25","229553983.64","12599930","67.25","18735955.39","1671790","70","2388271.43","0","100","0","1093365770","1625725044.66","155309529","70","221870755.71","1248675299","1847595800.38"
"99","North Branford","2016","909881456","67.72","1343593408.15","11390220","67.72","16819580.63","146554194","67.72","216411981.69","13153920","67.72","19423981.10","1655700","70","2365285.71","0","100","0","1082635490","1598614237.28","155288460","70","221840657.14","1237923950","1820454894.42"
"99","North Branford","2015","907996286","70","1297137551.43","11390220","70","16271742.86","144413044","70","206304348.57","14038720","70","20055314.29","1616880","70","2309828.57","0","100","0","1079455150","1542078785.71","152172377","70","217389110","1231627527","1759467895.71"
"99","North Branford","2014","943194868","69.03","1366355017","11074640","69.03","16043228","142487252","58.31","244361605","14506490","69.03","21014762","1232460","70","1760657","0","100","0","1112495710","1649535268","153170124","70","218814463","1265665834","1868349731"
"99","North Branford","2013","941204970","68.77","1368627265","11070140","68.81","16087981","142138452","82.27","172770696","12369290","68.81","17976006","1147150","70","1638786","0","100","0","1107930002","1577100735","149888135","70","214125907","1257818137","1791226642"
"99","North Branford","2012","939127568","70","1341036082","11250040","70","16023415","150531332","76","198590148","12137290","70","17287124","1143790","70","1633986","0","100","0","1114190020","1574570755","147500708","70","210715297","1261690728","1785286052"
"99","North Branford","2011","936603688","71.49","1310118461.32","11250040","71.62","15707958.67","149782872","84.78","176672413.31","13036890","78.3","16649923.37","1057640","70","1510914.29","0","100","0","1111731130","1520659670.96","147695271","70","210993244.29","1259426401","1731652915.24"
"98","Norfolk","2024","305930280","70.00","437043257.14","669900","70.00","957000.00","12666090","70.00","18094414.29","7764110","70.00","11091585.71","3717960","70.00","5311371.43","0","100.00","0.00","330748340","472497628.00","34874545.00","70.00","49820778.57","365622885","522318407.00"
"98","Norfolk","2023","225810280","43.01","525018088.82","0","43.01","0","10402200","43.01","24185538.25","7589300","43.01","17645431.30","2502630","70","3575185.71","0","100","0","246304410","570424244","36002888","70","51432697.14","282307298","621856941"
"98","Norfolk","2022","223623680","47.86","467245465.94","0","47.33","0","10234090","47.33","21622839.64","6971320","40.11","17380503.62","2545650","70","3636642.86","0","100","0","243374740","509885453","35216425","70","50309178.57","278591165","560194632"
"98","Norfolk","2021","221091550","47.91","461472657.07","0","49.59","0","10254210","49.59","20677979.43","7157790","49.59","14433938.29","2586420","70","3694885.71","0","100","0","241089970","500279460","31398840","70","44855485.71","272488810","545134946"
"98","Norfolk","2020","218875250","55.82","392109011.11","0","55.87","0","10899470","55.87","19508627.17","8232720","64.36","12791671.85","2551420","70","3644885.71","0","100","0","240558860","428054196","27887495","70","39839278.57","268446355","467893475"
"98","Norfolk","2019","218240640","57.93","376731641.64","0","57.93","0","10481980","57.93","18094217.16","8131410","57.93","14036613.15","2577150","70","3681642.86","0","100","0","239431180","412544115","24491074","70","34987248.57","263922254","447531364"
"98","Norfolk","2018","217861880","70","311231257.14","0","70","0","10477780","70","14968257.14","7900510","70","11286442.86","2607600","70","3725142.86","0","100","0","238847770","341211100","21737005","70","31052864.29","260584775","372263964.29"
"98","Norfolk","2017","248792430","73.17","340019721.20","0","74.72","0","12666420","74.72","16951846.90","11117560","74.72","14878961.46","1624110","70","2320157.14","0","100","0","274200520","374170686.69","21809849","70","31156927.14","296010369","405327613.83"
"98","Norfolk","2016","249932200","81.85","305353940.13","0","82.07","0","17585320","82.07","21427220.67","10972400","82.07","13369562.57","1630250","70","2328928.57","0","100","0","280120170","342479651.94","20890275","70","29843250","301010445","372322901.94"
"98","Norfolk","2015","248726218","81.47","305297923.16","0","81.27","0","14958855","81.27","18406367.66","12109530","81.27","14900369.14","1621120","70","2315885.71","0","100","0","277415723","340920545.68","20330195","70","29043135.71","297745918","369963681.39"
"98","Norfolk","2014","204440120","76.28","268012743","0","77.26","0","10599730","77.26","13719557","9243010","77.26","11963513","47192030","70","67417186","0","100","0","271474890","361112998","20483410","70","29262014","291958300","390375013"
"98","Norfolk","2013","205455440","70","293507771","0","70","0","10553490","70","15076414","10568200","70","15097429","46649880","70","66642686","0","100","0","273227010","390324300","20822060","70","29745800","294049070","420070100"
"98","Norfolk","2012","217257600","86","252919208","0","86","0","10150800","86","11816997","11213030","86","13053586","50849350","70","72641929","0","100","0","289470780","350431719","20026650","70","28609500","309497430","379041219"
"98","Norfolk","2011","218870100","88.77","246558634.67","0","88.13","0","9938200","88.13","11276750.26","11022190","88.13","12506740.04","49404150","70","70577357.14","0","100","0","289234640","340919482.12","20613420","70","29447742.86","309848060","370367224.97"
"97","Newtown","2024","3645777650","54.91","6639551356.77","16743810","54.82","30543250.64","321127443","53.48","600462683.25","49931790","53.32","93645517.63","1959120","70.00","2798742.86","0","100.00","0.00","4035539813","7367001552.00","484295346.00","70.00","691850494.29","4519835159","8058852046.00"
"97","Newtown","2023","3639332947","56.99","6385914979.82","18576730","56.99","32596473.07","322373627","49.07","656966837.17","52235790","71.65","72904103.28","2001390","70","2859128.57","0","100","0","4034520484","7151241522","503084378","70","718691968.57","4537604862","7869933491"
"97","Newtown","2022","3622070618","70","5174386597.14","13327650","70","19039500","320936388","70","458480554.29","55888720","70","79841028.57","1999280","70","2856114.29","0","100","0","4014222656","5734603794","510664431","70","729520615.71","4524887087","6464124410"
"97","Newtown","2021","2538598160","48.26","5260253128.89","6321810","48.4","13061590.91","295594197","59.57","496213189.52","53911010","50.27","107242908.30","1284230","70","1834614.29","0","100","0","2895709407","5878605432","488771896","70","698245565.71","3384481303","6576850998"
"97","Newtown","2020","2509907363","53.27","4711671415.43","5656450","53.51","10570827.88","281703864","66.81","421649250.11","56093850","73.17","76662361.62","1327940","70","1897057.14","0","100","0","2854689467","5222450912","417825660","70","596893800","3272515127","5819344712"
"97","Newtown","2019","2491156745","63.18","3942951479.90","1870830","63.43","2949440.33","280792798","54.34","516733157.89","57506200","91.94","62547531","1244180","70","1777400","0","100","0","2832570753","4526959009","404951705","70","578502435.71","3237522458","5105461445"
"97","Newtown","2018","2472706185","63.82","3874500446.57","1037970","64.23","1616020.55","277055697","84.78","326793697.81","60100020","85.28","70473757.04","1274350","70","1820500","0","100","0","2812174222","4275204421.96","376891166","70","538415951.43","3189065388","4813620373.39"
"97","Newtown","2017","2466779698","70","3523970997.14","1037970","70","1482814.29","266072877","70","380104110","60297160","70","86138800","1236630","70","1766614.29","0","100","0","2795424335","3993463335.71","357659235","70","510941764.29","3153083570","4504405100"
"97","Newtown","2016","2444771596","65.67","3722813455.15","1532180","65.84","2327126.37","255328980","88.27","289259068.77","65484800","75.84","86345991.56","1087220","70","1553171.43","0","100","0","2768204776","4102298813.28","345291142","70","493273060","3113495918","4595571873.28"
"97","Newtown","2015","2428911767","66.54","3650303226.63","1532180","66.63","2299534.74","251035606","84.53","296978121.38","68251055","89.21","76506058.74","1066980","70","1524257.14","0","100","0","2750797588","4027611198.63","335812830","70","479732614.29","3086610418","4507343812.92"
"97","Newtown","2014","2416105235","64.58","3741259268","1532180","65.29","2346730","244577331","104.2","234719128","68386300","78.96","86608789","641650","70","916643","0","100","0","2731242696","4065850557","344809318","70","492584740","3076052014","4558435297"
"97","Newtown","2013","2402385451","64.77","3709102132","3045180","65.34","4660514","241446932","73.15","330070994","70906200","75.39","94052527","738190","70","1054557","0","100","0","2718521953","4138940724","335117853","70","478739790","3053639806","4617680514"
"97","Newtown","2012","2387906592","70","3411295131","3045180","70","4350257","243657349","70","348081927","72402844","70","103432634","632130","70","903043","0","100","0","2707644095","3868062993","330188453","70","471697790","3037832548","4339760783"
"97","Newtown","2011","3224075839","92.12","3499865218.19","10289993","92.01","11183559.40","279432545","104.78","266685001.91","118287443","92.01","128559333.77","1206672","70","1723817.14","0","100","0","3633292492","3908016930.41","317884012","70","454120017.14","3951176504","4362136947.55"
"96","New Milford","2024","2193806035","40.74","5384894538.54","24994760","40.90","61111882.64","381309158","43.79","870767659.28","102293298","49.40","207071453.44","4699274","70.00","6713248.57","0","100.00","0.00","2707102525","6530558783.00","510236624.00","70.00","728909462.86","3217339149","7259468246.00"
"96","New Milford","2023","2184300535","43.14","5063283576.73","22190000","43.47","51046698.87","380059778","67.5","563051522.96","104283508","44.93","232102176.72","4705544","70","6722205.71","0","100","0","2695539365","5916206182","518236385","70","740337692.86","3213775750","6656543875"
"96","New Milford","2022","2172562045","47.3","4593154429.18","19853750","47.87","41474305.41","380188213","58.79","646688574.59","107113533","63.87","167705547.21","4679344","70","6684777.14","0","100","0","2684396885","5455707633","522062433","70","745803475.71","3206459318","6201511109"
"96","New Milford","2021","2162256171","50.44","4286788602.30","18046420","51.05","35350479.92","379754743","58.05","654185603.79","109206876","61.44","177745566.41","4672727","70","6675324.29","0","100","0","2673936937","5160745576","496543695","70","709348135.71","3170480632","5870093712"
"96","New Milford","2020","2147612391","70","3068017701.43","16523290","70","23604700","378923493","70","541319275.71","110534569","70","157906527.14","4664837","70","6664052.86","0","100","0","2658258580","3797512257","426965414","70","609950591.43","3085223994","4407462848"
"96","New Milford","2019","2024736971","62.73","3227701213.14","15477000","62.89","24609635.87","371518275","64.3","577788919.13","125932294","75.56","166665291.16","2427336","70","3467622.86","0","100","0","2540091876","4000232682","406336747","70","580481067.14","2946428623","4580713749"
"96","New Milford","2018","2016429200","64.78","3112734177.22","15138270","64.84","23347115.98","371596633","51.37","723383682.09","127824065","109.99","116209263.63","3937450","70","5624928.57","0","100","0","2534925618","3981299167.48","378088920","70","540127028.57","2913014538","4521426196.05"
"96","New Milford","2017","2008332920","66.27","3030531039.69","14312900","66.57","21500525.76","376910425","61.5","612862479.67","129434405","84.53","153122447.65","4252270","70","6074671.43","0","100","0","2533242920","3824091164.20","363776030","70","519680042.86","2897018950","4343771207.06"
"96","New Milford","2016","2002027030","68.55","2920535419.40","14857980","68.58","21665179.35","378371395","66.68","567443603.78","130884530","79.96","163687506.25","3952650","70","5646642.86","0","100","0","2530093585","3678978351.64","352283913","70","503262732.86","2882377498","4182241084.50"
"96","New Milford","2015","1995789080","70","2851127257.14","16695700","70","23851000","374947350","70","535639071.43","132738840","70","189626914.29","3950460","70","5643514.29","0","100","0","2524121430","3605887757.14","347920930","70","497029900","2872042360","4102917657.14"
"96","New Milford","2014","2037463440","69.95","2912742588","16732030","69.94","23923406","380959525","69.88","545162457","133762625","69.94","191253396","2990370","70","4271957","0","100","0","2571907990","3677353803","331541070","70","473630100","2903449060","4150983903"
"96","New Milford","2013","2032541725","70.39","2887543295","17176250","70.39","24401549","377885235","74.96","504115842","139092835","67.86","204970284","3047400","70","4353429","0","100","0","2569743445","3625384398","326568760","70","466526800","2896312205","4091911198"
"96","New Milford","2012","2025238645","73","2774299514","16856350","73","23100384","380190395","73","519527733","140098665","61","229707600","3056420","70","4366314","0","100","0","2565440475","3551001544","319803740","70","456862486","2885244215","4007864030"
"96","New Milford","2011","2022285860","70.84","2854723122.53","16755970","70.7","23700099.01","372849075","66.3","562366628.96","139964095","70.7","197969016.97","2934750","70","4192500","0","100","0","2554789750","3642951367.47","312895815","70","446994021.43","2867685565","4089945388.90"
"95","New London","2024","1077432550","53.72","2005645104.24","212690600","52.65","403970750.24","523262920","51.01","1025804587.34","12715900","53.75","23657488.37","12770","70.00","18242.86","0","100.00","0.00","1826114740","3459096172.00","367847140.00","70.00","525495914.29","2193961880","3984592086.00"
"95","New London","2023","1077167680","70","1538810971.43","207404400","70","296292000","518119703","70","740171004.29","17562500","70","25089285.71","12770","70","18242.86","0","100","0","1820267053","2600381504","372141209","70","531630298.57","2192408262","3132011803"
"95","New London","2022","674966800","42.13","1602104913.36","132915743","40","332289357.50","450931143","42.87","1051857109.87","11075790","42.07","26327050.15","5110","70","7300","0","100","0","1269894586","3012585731","368372367","70","526246238.57","1638266953","3538831970"
"95","New London","2021","669908659","45.34","1477522406.26","127548460","47.2","270229788.14","470876556","45.19","1041992821.42","11401570","48.7","23411848.05","5110","70","7300","0","100","0","1279740355","2813164163","311846287","70","445494695.71","1591586642","3258658859"
"95","New London","2020","666599459","51.97","1282662033.87","122463080","52.02","235415378.70","439551764","55.48","792270663.30","11107090","50.5","21994237.62","5110","70","7300","0","100","0","1239726503","2332349614","275470620","70","393529457.14","1515197123","2725879071"
"95","New London","2019","663959409","60.81","1091858919.59","116186740","70.68","164384182.23","439448491","69.06","636328541.85","11034576","98.97","11149414.97","5110","70","7300","0","100","0","1230634326","1903728359","264999045","70","378570064.29","1495633371","2282298423"
"95","New London","2018","660876055","70","944108650","117451171","70","167787387.14","426241935","70","608917050","13555080","70","19364400","5110","70","7300","0","100","0","1218129351","1740184787.14","233461295","70","333516135.71","1451590646","2073700922.86"
"95","New London","2017","623216694","62.15","1002762178.60","96048605","57.61","166722105.54","373738034","69.09","540943745.84","10647560","78.11","13631494.05","810","70","1157.14","0","100","0","1103651703","1724060681.17","224795430","70","321136328.57","1328447133","2045197009.74"
"95","New London","2016","616821844","66.56","926715510.82","91680390","103.98","88171177.15","369956645","78.12","473574814.39","10813810","96.25","11235127.27","810","70","1157.14","0","100","0","1089273499","1499697786.77","221456803","70","316366861.43","1310730302","1816064648.20"
"95","New London","2015","614680922","68.7","894732055.31","118751430","68.71","172829908.31","342613869","73.67","465065656.31","11668802","68.71","16982683.74","810","70","1157.14","0","100","0","1087715833","1549611460.81","210548611","70","300783730","1298264444","1850395190.81"
"95","New London","2014","618677100","70.1","882563623","120992760","70.18","172403477","319105767","64.68","493360802","12479770","70.18","17782516","810","70","1157","0","100","0","1071256207","1566111576","204995732","70","292851046","1276251939","1858962622"
"95","New London","2013","615160943","70","878801347","120084370","70","171549100","328990717","70","469986739","12386950","70","17695643","810","70","1157","0","100","0","1076623790","1538033986","201991226","70","288558894","1278615016","1826592880"
"95","New London","2012","845354713","92","919163546","133931820","92","145498990","469570092","98","477982586","12238260","92","13295231","810","70","1157","0","100","0","1461095695","1555941509","197352766","70","281932523","1658448461","1837874032"
"95","New London","2011","844946253","90.6","932611758.28","144093720","90.6","159043841.06","463701276","92.95","498871733.19","12087760","90.6","13341898.45","810","70","1157.14","0","100","0","1464829819","1603870388.13","189262182","70","270374545.71","1654092001","1874244933.84"
"94","Newington","2024","1702264300","39.22","4340296532.38","114017950","39.20","290862117.35","534610776","36.70","1456705111.72","17048520","39.20","43491122.45","34430","70.00","49185.71","0","100.00","0.00","2367975976","6131404069.00","549525431.00","70.00","785036330.00","2917501407","6916440399.00"
"94","Newington","2023","1697517580","42.13","4029237075.72","97231190","41.97","231668310.70","540465540","41.02","1317565919.06","16938570","41.97","40358756.25","34430","70","49185.71","0","100","0","2352187310","5618879248","545762653","70","779660932.86","2897949963","6398540181"
"94","Newington","2022","1689974930","46.67","3621116198.84","79059720","46.68","169365295.63","546597997","50.42","1084089641.02","18981580","46.68","40663196.23","34430","70","49185.71","0","100","0","2334648657","4915283518","533258606","70","761798008.57","2867907263","5677081527"
"94","Newington","2021","1685179740","52","3240730269.23","78485270","51.94","151107566.42","569230200","49.87","1141428113.09","17140790","56.9","30124411.25","46360","70","66228.57","0","100","0","2350082360","4563456588","494736374","70","706766248.57","2844818734","5270222837"
"94","Newington","2020","1683441510","70","2404916442.86","80722940","70","115318485.71","568770270","70","812528957.14","17608790","70","25155414.29","46360","70","66228.57","0","100","0","2350589870","3357985529","415427446","70","593467780","2766017316","3951453309"
"94","Newington","2019","1655738010","63.35","2613635374.90","69465190","63.35","109653022.89","517366190","57.9","893551278.07","14185690","67.08","21147420.99","33250","70","47500","0","100","0","2256788330","3638034597","400799877","70","572571252.86","2657588207","4210605850"
"94","Newington","2018","1653396840","67.99","2431823562.29","47638070","67.91","70148829.33","538675910","59.03","912546010.50","14191310","58.56","24232462.61","33250","70","47500","0","100","0","2253935380","3438798364.74","387243253","70","553204647.14","2641178633","3992003011.88"
"94","Newington","2017","1649658250","66.62","2476220729.51","47638070","66.41","71733278.12","542205960","48.05","1128420312.17","14371750","66.41","21640942.63","33250","70","47500","0","100","0","2253907280","3698062762.44","370710827","70","529586895.71","2624618107","4227649658.15"
"94","Newington","2016","1644694790","66.88","2459172831.94","47638070","66.75","71367895.13","542681840","64.28","844246795.27","14491710","66.75","21710426.97","67870","70","96957.14","0","100","0","2249574280","3396594906.45","361418639","70","516312341.43","2610992919","3912907247.88"
"94","Newington","2015","1637688098","70","2339554425.71","48665990","70","69522842.86","554065605","70","791522292.86","15806040","70","22580057.14","86760","70","123942.86","0","100","0","2256312493","3223303561.43","356267621","70","508953744.29","2612580114","3732257305.71"
"94","Newington","2014","1626463288","67.98","2392561471","65081660","67.86","95905777","485589987","58.28","833201762","21574640","59.77","36096102","158235","70","226050","0","100","0","2198867810","3357991162","353700114","70","505285877","2552567924","3863277039"
"94","Newington","2013","1620834471","67.61","2397329494","64381957","66.98","96121166","489115594","61.98","789150684","22548430","45.95","49071665","75805","70","108293","0","100","0","2196956257","3331781302","352132480","70","503046400","2549088737","3834827702"
"94","Newington","2012","1617163957","69","2346095977","62071957","69","90050714","485981341","71","683037725","23638100","69","34292906","75805","70","108293","0","100","0","2188931160","3153585614","348772866","70","498246951","2537704026","3651832566"
"94","Newington","2011","1618383135","70","2311975907.14","63666928","70","90952754.29","497569998","70","710814282.86","23879900","70","34114142.86","75805","70","108292.86","0","100","0","2203575766","3147965380","350657723","70","500939604.29","2554233489","3648904984.29"
"93","New Haven","2024","4085058596","45.52","8974206054.48","1256265746","49.07","2560150287.34","2280458385","53.03","4300317527.81","54348696","52.36","103798120.70","8050","70.00","11500.00","0","100.00","0.00","7676139473","15938483490.00","1325392033.00","70.00","1893417190.00","9001531506","17831900680.00"
"93","New Haven","2023","4063755027","50.32","8075824775.44","1163147026","51.45","2260732800.78","2461759237","53.1","4636081425.61","64425028","51.27","125658334.31","8050","70","11500","0","100","0","7753094368","15098308836","1305954687","70","1865649552.86","9059049055","16963958389"
"93","New Haven","2022","4051748126","56.19","7210799298.81","1088943170","45.8","2377605174.67","2504262949","61.2","4091932923.20","62162048","67.64","91901312.83","1310","70","1871.43","0","100","0","7707117603","13772240581","1360346070","70","1943351528.57","9067463673","15715592110"
"93","New Haven","2021","3466241751","52.69","6578557128.49","1017681686","47.5","2142487760","2062427875","57.53","3584960672.69","64478908","68.25","94474590.48","960","70","1371.43","0","100","0","6610831180","12400481522","1264458142","70","1806368774.29","7875289322","14206850296"
"93","New Haven","2020","2933801403","49.51","5925674415.27","666011915","41.06","1622045579.64","1955238850","51.47","3798793180.49","43272315","54.6","79253324.18","4320","70","6171.43","0","100","0","5598328803","11425772670","1117549167","70","1596498810","6715877970","13022271480"
"93","New Haven","2019","2929366344","56.52","5182884543.52","624164515","45.21","1380589504.53","1952184619","54.05","3611812431.08","41522837","55.82","74387024.36","4320","70","6171.43","0","100","0","5547242635","10249679675","1078177811","70","1540254015.71","6625420446","11789933691"
"93","New Haven","2018","2927297788","60.18","4864236935.86","600881679","47.41","1267515736.85","1952069023","58.15","3356954467.76","43597077","59.91","72770951.43","4320","70","6171.43","0","100","0","5523849887","9561484263.32","1066034951","70","1522907072.86","6589884838","11084391336.18"
"93","New Haven","2017","2922647581","63.37","4612036580.40","593787622","45.48","1305601631.49","1984528541","63.6","3120327894.65","43422890","70","62032700","4320","70","6171.43","0","100","0","5544390954","9100004977.97","1055851522","70","1508359317.14","6600242476","10608364295.11"
"93","New Haven","2016","2923383153","70","4176261647.14","595047957","70","850068510","1967020073","70","2810028675.71","42934150","70","61334500","4320","70","6171.43","0","100","0","5528389653","7897699504.29","1057603680","70","1510862400","6585993333","9408561904.29"
"93","New Haven","2015","2744018726","63.26","4337683727.47","655877255","58.26","1125776270.17","1639145063","50.71","3232390185.37","38754544","42.05","92163005.95","4260","70","6085.71","0","100","0","5077799848","8788019274.67","1022358763","70","1460512518.57","6100158611","10248531793.24"
"93","New Haven","2014","2725532938","62.46","4363645434","0","60.5","0","2305707329","60.12","3835175198","41935745","62.42","67183186","10280","70","14686","0","100","0","5073186292","8266018504","1020164258","70","1457377511","6093350550","9723396015"
"93","New Haven","2013","2703534065","65.52","4126272993","0","64.33","0","2372518027","58.09","4084210754","44971990","65.17","69007197","4260","70","6086","0","100","0","5121028342","8279497029","1003674678","70","1433820969","6124703020","9713317998"
"93","New Haven","2012","2769958367","66","4226363087","0","68","0","2346839918","63","3697557772","40436410","64","63449568","3280","70","4686","0","100","0","5157237975","7987375113","939922799","70","1342746856","6097160774","9330121969"
"93","New Haven","2011","2765298711","70","3950426730","0","70","0","2295730026","70","3279614322.86","40010950","70","57158500","3280","70","4685.71","0","100","0","5101042967","7287204238.57","896117192","70","1280167417.14","5997160159","8567371655.71"
"92","New Hartford","2024","720845500","52.19","1381194673.31","69090","52.37","131926.68","46996920","52.37","89740156.58","9874340","59.82","16506753.59","17791240","70.00","25416057.14","0","100.00","0.00","795577090","1512989568.00","105753835.00","70.00","151076907.14","901330925","1664066475.00"
"92","New Hartford","2023","720484050","70","1029262928.57","69090","70","98700","46891880","70","66988400","10158260","70","14511800","17780085","70","25400121.43","0","100","0","795383365","1136261950","111147240","70","158781771.43","906530605","1295043721"
"92","New Hartford","2022","543843605","51.53","1055392208.42","69090","51.8","133378.38","38223780","51.28","74539352.57","10223501","79.38","12879189.97","17007700","70","24296714.29","0","100","0","609367676","1167240843","113687240","70","162410342.86","723054916","1329651186"
"92","New Hartford","2021","539469317","54.26","994230219.31","69090","54.58","126584.83","36845130","64.7","56947650.70","10209083","106.4","9595002.82","17189253","70","24556075.71","0","100","0","603781873","1085455534","109027721","70","155753887.14","712809594","1241209421"
"92","New Hartford","2020","535401657","57.96","923743369.57","69090","59.29","116528.93","37372720","61.73","60542232.30","10771390","111.07","9697839.20","17539605","70","25056578.57","0","100","0","601154462","1019156549","88529115","70","126470164.29","689683577","1145626713"
"92","New Hartford","2019","531426877","67.09","792110414.37","69090","67.02","103088.63","37086910","67.02","55337078.48","11178090","64.66","17287488.40","17581950","70","25117071.43","0","100","0","597342917","889955140","84675946","70","120965637.14","682018863","1010920777"
"92","New Hartford","2018","527723887","70","753891267.14","69090","70","98700","36367170","70","51953100","12130720","70","17329600","17708915","70","25298450","0","100","0","593999782","848571117.14","83763546","70","119662208.57","677763328","968233325.71"
"92","New Hartford","2017","518775262","66.99","774407018.96","69090","67.29","102674.99","34669600","67.29","51522663.10","12848100","144.91","8866261.82","17190225","70","24557464.29","0","100","0","583552277","859456083.15","81209220","70","116013171.43","664761497","975469254.58"
"92","New Hartford","2016","515296882","68.47","752587822.40","69090","66.71","103567.68","33770520","66.71","50622875.13","13862965","66.71","20780939.89","17019720","70","24313885.71","0","100","0","580019177","848409090.82","78449192","70","112070274.29","658468369","960479365.11"
"92","New Hartford","2015","513499380","70.57","727645430.07","69090","70.57","97902.79","32909730","70.57","46634164.66","14469350","70.57","20503542.58","17245505","70","24636435.71","0","100","0","578193055","819517475.82","77297277","70","110424681.43","655490332","929942157.24"
"92","New Hartford","2014","511509410","70.81","722368889","69090","70.81","97571","32677750","70.81","46148496","15202725","71.29","21325186","17211795","70","24588279","0","100","0","576670770","814528420","76119903","70","108742719","652790673","923271139"
"92","New Hartford","2013","509045220","70","727207457","69090","70","98700","32963280","70","47090400","15619170","70","22313100","17327155","70","24753079","0","100","0","575023915","821462736","76402685","70","109146693","651426600","930609429"
"92","New Hartford","2012","568442599","77","741414633","69090","77","89821","36456980","77","47395970","17324790","101","17107524","17203775","70","24576821","0","100","0","639497234","830584769","75912077","70","108445824","715409311","939030593"
"92","New Hartford","2011","566606310","76.85","737288627.20","69090","76.85","89902.41","37318540","76.85","48560234.22","18838400","76.85","24513207.55","17231035","70","24615764.29","0","100","0","640063375","835067735.66","76938158","70","109911654.29","717001533","944979389.94"
"91","New Fairfield","2024","2267719274","70.00","3239598962.86","0","70.00","0.00","63803200","70.00","91147428.57","22265000","70.00","31807142.86","601900","70.00","859857.14","0","100.00","0.00","2354389374","3363413392.00","170925009.00","70.00","244178584.29","2525314383","3607591976.00"
"91","New Fairfield","2023","1453044769","40.85","3557025138.31","0","41.53","0","51055800","41.53","122937153.86","18722100","62.85","29788544.15","531699","70","759570","19700","100","19700","1523374068","3710530106","187814472","70","268306388.57","1711188540","3978836495"
"91","New Fairfield","2022","1444290182","44.58","3239771606.10","0","44.55","0","52019500","44.55","116766554.43","19795900","25.4","77936614.17","535000","70","764285.71","0","100","0","1516640582","3435239060","196970526","70","281386465.71","1713611108","3716625526"
"91","New Fairfield","2021","1460077482","47.37","3082283052.56","0","47.6","0","49950200","74.86","66724819.66","0","76.11","0","1599000","70","2284285.71","0","100","0","1511626682","3151292159","190009442","70","271442060","1701636124","3422734219"
"91","New Fairfield","2020","1450973283","52.3","2774327500.96","0","52.65","0","50227700","52.65","95399240.27","0","69.09","0","66400","70","94857.14","452400","100","452400","1501719783","2870273998","154830897","70","221186995.71","1656550680","3091460994"
"91","New Fairfield","2019","1443826951","70","2062609930","0","70","0","49181200","70","70258857.14","0","70","0","66400","70","94857.14","452400","100","452400","1493526951","2133416044","145276160","70","207537371.43","1638803111","2340953415"
"91","New Fairfield","2018","1420088912","62.15","2284937911.50","0","62.24","0","45204788","62.24","72629800.77","0","70","0","48900","70","69857.14","254200","100","254200","1465596800","2357891769.42","139548404","70","199354862.86","1605145204","2557246632.28"
"91","New Fairfield","2017","1419672282","62.42","2274386866.39","0","62.43","0","45204788","62.43","72408758.61","0","74.44","0","48900","70","69857.14","253900","100","253900","1465179870","2347119382.14","136505981","70","195008544.29","1601685851","2542127926.43"
"91","New Fairfield","2016","1414286492","65.95","2144482929.49","0","66.01","0","44928788","67.22","66838423.09","0","68.35","0","48900","70","69857.14","254200","100","254200","1459518380","2211645409.72","134299633","70","191856618.57","1593818013","2403502028.29"
"91","New Fairfield","2015","1409310652","65.99","2135642751.93","0","66.17","0","44749688","91.67","48816066.32","0","69.78","0","48900","70","69857.14","254200","100","254200","1454363440","2184782875.40","133465851","70","190665501.43","1587829291","2375448376.83"
"91","New Fairfield","2014","1400980300","70","2001400429","0","70","0","45704710","70","65292443","0","70","0","48900","70","69857","257100","100","257100","1446991010","2067019829","132122623","70","188746604","1579113633","2255766433"
"91","New Fairfield","2013","1515515972","72.36","2094411238","0","72.36","0","38177020","72.36","52759840","0","72.33","0","66700","70","95286","287600","100","287600","1554047292","2147553964","132099328","70","188713326","1686146620","2336267289"
"91","New Fairfield","2012","1512496143","76","1990388397","0","76","0","45528600","72","63146463","0","82","0","66700","70","95286","285000","100","285000","1558376443","2053915146","129457543","70","184939347","1687833986","2238854493"
"91","New Fairfield","2011","1507355843","76.21","1977897707.65","0","76.21","0","57588700","76.21","75565805.01","0","76.21","0","76800","70","109714.29","285000","100","285000","1565306343","2053858226.95","131204302","70","187434717.14","1696510645","2241292944.09"
"90","New Canaan","2024","8895530160","55.61","15996277935.62","52975870","55.66","95177632.05","454273340","64.03","709469529.91","85178940","39.72","214448489.43","801010","70.00","1144300.00","0","100.00","0.00","9488759320","17016517887.00","450991820.00","70.00","644274028.57","9939751140","17660791916.00"
"90","New Canaan","2023","8813448645","70","12590640921.43","84685990","70","120979985.71","454273340","70","648961914.29","85178940","70","121684200","813820","70","1162600","0","100","0","9438400735","13483429621","464839401","70","664056287.14","9903240136","14147485908"
"90","New Canaan","2022","6966987530","53.19","13098303308.89","72964550","53.35","136765791.94","410833010","58.75","699290229.79","85670620","62.58","136897762.86","974460","70","1392085.71","0","100","0","7537430170","14072649180","479403480","70","684862114.29","8016833650","14757511294"
"90","New Canaan","2021","6926686530","55.38","12507559642.47","64179690","55.42","115806008.66","413520660","60.72","681028754.94","85670620","73.55","116479428.96","954860","70","1364085.71","0","100","0","7491012360","13422237921","445189160","70","635984514.29","7936201520","14058222435"
"90","New Canaan","2020","6836074770","62.87","10873349403.53","102905240","62.8","163861847.13","404064590","60.43","668648998.84","86063250","52.56","163742865.30","954860","70","1364085.71","0","100","0","7430062710","11870967201","369984095","70","528548707.14","7800046805","12399515908"
"90","New Canaan","2019","6811242060","73.8","9229325284.55","53816000","73.8","72921409.21","432539450","85.71","504654591.06","78322300","70.02","111857040.85","1779827","70","2542610","0","100","0","7377699637","9921300936","356287006","70","508981437.14","7733986643","10430282373"
"90","New Canaan","2018","6807039940","70","9724342771.43","53816000","70","76880000","420179970","70","600257100","79355080","70","113364400","1575497","70","2250710","0","100","0","7361966487","10517094981.43","344456594","70","492080848.57","7706423081","11009175830"
"90","New Canaan","2017","7462014924","72.84","10244391713.34","55352283","72.9","75929057.61","398177955","74.31","535833609.20","81569600","72.9","111892455.42","1029694","70","1470991.43","0","100","0","7998144456","10969517827.01","346255990","70","494651414.29","8344400446","11464169241.29"
"90","New Canaan","2016","7410624394","70.99","10438969423.86","64127994","70.95","90384769.56","390156830","49.83","782975777.64","85638630","70.18","122027115.99","1317674","70","1882391.43","0","100","0","7951865522","11436239478.48","343766540","70","491095057.14","8295632062","11927334535.62"
"90","New Canaan","2015","7331243334","67.79","10814638344.89","63440937","67.9","93432896.91","389016649","67.9","572925845.36","95198530","69.04","137888948.44","1718430","70","2454900","0","100","0","7880617880","11621340935.59","336985660","70","481408085.71","8217603540","12102749021.31"
"90","New Canaan","2014","7253881933","66.39","10926166490","58988510","66.38","88864884","385074340","51.9","741954412","95174500","66.38","143378277","1718430","70","2454900","0","100","0","7794837713","11902818963","332244988","70","474635697","8127082701","12377454660"
"90","New Canaan","2013","7162241443","70","10231773490","58988510","70","84269300","385642250","70","550917500","105365100","70","150521571","1718430","70","2454900","0","100","0","7713955733","11019936761","324493013","70","463561447","8038448746","11483498209"
"90","New Canaan","2012","7443401044","73","10186671745","44704321","73","61305981","370098121","73","507539936","125925100","69","181815045","1796750","70","2566786","0","100","0","7985925336","10939899491","313529702","70","447899574","8299455038","11387799066"
"90","New Canaan","2011","7386916481","73.89","9997180242.25","43724160","74.08","59022894.17","373706255","53.14","703248503.95","127676210","86.95","146838654.40","1796750","70","2566785.71","0","100","0","7933819856","10908857080.49","314922435","70","449889192.86","8248742291","11358746273.34"
"89","New Britain","2024","2368612088","51.33","4614479033.70","322792365","45.38","711309750.99","608137665","55.75","1090829892.38","20097570","55.98","35901339.76","0","70.00","0.00","0","100.00","0.00","3319639688","6452520017.00","650067094.00","70.00","928667277.14","3969706782","7381187294.00"
"89","New Britain","2023","2364599368","55.83","4235356202.76","323582910","51.18","632244841.74","595466679","59.6","999105166.11","20204630","87.08","23202377.12","0","70","0","0","100","0","3303853587","5889908588","635524069","70","907891527.14","3939377656","6797800115"
"89","New Britain","2022","2363068915","70","3375812735.71","323855770","70","462651100","593787417","70","848267738.57","20624600","70","29463714.29","0","70","0","0","100","0","3301336702","4716195289","655206665","70","936009521.43","3956543367","5652204810"
"89","New Britain","2021","1536532711","43.73","3513681022.18","217333753","36.02","603369664.08","438976735","48.08","913013175.96","11578280","66.96","17291338.11","0","70","0","0","100","0","2204421479","5047355200","617637070","70","882338671.43","2822058549","5929693871"
"89","New Britain","2020","1533966989","50.12","3060588565.44","256290013","45.87","558731225.20","395289836","56.16","703863668.09","11602780","68.83","16857155.31","0","70","0","0","100","0","2197149618","4340040613","521402091","70","744860130","2718551709","5084900743"
"89","New Britain","2019","1529084181","58.38","2619191813.98","255392892","51.77","493322178.87","387976741","64.27","603666937.92","13149290","75.44","17430129.90","0","70","0","0","100","0","2185603104","3733611061","501800081","70","716857258.57","2687403185","4450468320"
"89","New Britain","2018","1522297740","61","2495570065.57","256064641","57.06","448803156.60","395499693","64.05","617485859.48","12098310","63.13","19165639.60","0","70","0","0","100","0","2185960384","3581024721.27","504074783","70","720106832.86","2690035167","4301131554.12"
"89","New Britain","2017","1518373180","70","2169104542.86","257356071","70","367651530","398520650","70","569315214.29","12360880","70","17658400","0","70","0","0","100","0","2186610781","3123729687.14","471672474","70","673817820","2658283255","3797547507.14"
"89","New Britain","2016","1445190145","63.55","2274099362.71","223441600","62.61","356878453.92","369709848","72.6","509242214.88","11969650","95.59","12521864.21","0","70","0","0","100","0","2050311243","3152741895.72","459420404","70","656314862.86","2509731647","3809056758.57"
"89","New Britain","2015","1441777925","65.9","2187826896.81","222274560","66.02","336677612.84","369856272","75.33","490981377.94","12026700","85.71","14031851.59","0","70","0","0","100","0","2045935457","3029517739.19","440955666","70","629936665.71","2486891123","3659454404.90"
"89","New Britain","2014","1438775596","66.55","2161946801","224203480","71.89","311870191","364017109","66.26","549376862","12966730","66.98","19359107","980490","70","1400700","0","100","0","2040943405","3043953661","423229185","70","604613121","2464172590","3648566782"
"89","New Britain","2013","1438214000","68.08","2112535253","228905310","71.2","321496222","359966438","63.8","564210718","10149230","62.48","16243966","615670","70","879529","0","100","0","2037850648","3015365687","408463594","70","583519420","2446314242","3598885107"
"89","New Britain","2012","1436965707","70","2052808153","225303250","70","321861786","364170241","70","520243201","11097240","70","15853200","615670","70","879529","0","100","0","2038152108","2911645869","410793633","70","586848047","2448945741","3498493916"
"89","New Britain","2011","1865827880","86.8","2149571290.32","250218540","90.91","275237641.62","421583108","79.97","527176576.22","13604220","71.12","19128543.31","617550","70","882214.29","0","100","0","2551851298","2971996265.76","404318930","70","577598471.43","2956170228","3549594737.18"
"88","Naugatuck","2024","1654641970","48.85","3387189293.76","77994420","48.92","159432583.81","295963068","57.00","519233452.63","18869530","52.24","36120846.09","399600","70.00","570857.14","0","100.00","0.00","2047868588","4102547034.00","412221759.00","70.00","588888227.14","2460090347","4691435261.00"
"88","Naugatuck","2023","1526708806","52.34","2916906392.82","79331110","52.43","151308621.02","263819339","60.28","437656501.33","19719690","46.77","42163117.38","408090","70","582985.71","0","100","0","1889987035","3548617618","410936356","70","587051937.14","2300923391","4135669555"
"88","Naugatuck","2022","1350010677","60.16","2244033705.12","79242660","60.78","130376209.28","225266020","66.57","338389695.06","19970050","54.6","36575183.15","399270","70","570385.71","0","100","0","1674888677","2749945178","415901506","70","594145008.57","2090790183","3344090187"
"88","Naugatuck","2021","1156285998","45.17","2559853880.89","36938850","45.25","81632817.68","227600169","52.2","436015649.43","19432940","69.2","28082283.24","510983","70","729975.71","0","100","0","1440768940","3106314607","391616009","70","559451441.43","1832384949","3665766048"
"88","Naugatuck","2020","1149133248","51.99","2210296687.82","36938850","57.2","64578409.09","230842184","61.98","372446247.18","20208770","47.31","42715641.51","510983","70","729975.71","0","100","0","1437634035","2690766962","333601084","70","476572977.14","1771235119","3167339939"
"88","Naugatuck","2019","1144591312","63.12","1813357591.89","36938850","59.38","62207561.47","229181634","62.37","367454920.63","18694380","89.51","20885241.87","672830","70","961185.71","0","100","0","1430079006","2264866502","303855166","70","434078808.57","1733934172","2698945311"
"88","Naugatuck","2018","1139161020","70","1627372885.71","36938850","70","52769785.71","233460470","70","333514957.14","19840790","70","28343985.71","536090","70","765842.86","0","100","0","1429937220","2042767457.14","291192560","70","415989371.43","1721129780","2458756828.57"
"88","Naugatuck","2017","1079175371","66.67","1618682122.39","32224630","66.97","48118008.06","210976186","67.01","314842838.38","25459850","93.7","27171664.89","432590","70","617985.71","0","100","0","1348268627","2009432619.44","283613730","70","405162471.43","1631882357","2414595090.87"
"88","Naugatuck","2016","1074033270","69.05","1555442824.04","32308410","69.09","46762787.67","205685662","69.09","297706849.04","26104400","114.64","22770760.64","434340","70","620485.71","0","100","0","1338566082","1923303707.10","273177620","70","390253742.86","1611743702","2313557449.96"
"88","Naugatuck","2015","1067589463","69.38","1538756793.02","32228870","69.22","46560054.90","200002162","69.22","288936957.53","26846690","69.22","38784585.38","479340","70","684771.43","0","100","0","1327146525","1913723162.26","277131596","70","395902280","1604278121","2309625442.26"
"88","Naugatuck","2014","1071713830","69.58","1540261325","42623230","69.61","61231475","191174720","81.81","233681359","19217130","69.61","27606852","1842120","70","2631600","0","100","0","1326571030","1865412612","268192546","70","383132209","1594763576","2248544821"
"88","Naugatuck","2013","1069328020","69.57","1537053356","42623140","69.49","61337084","192354820","72.51","265280403","18617330","65.7","28336880","1842120","70","2631600","0","100","0","1324765430","1894639323","261315810","70","373308300","1586081240","2267947623"
"88","Naugatuck","2012","1067881930","70","1525545614","42623140","70","60890200","196101060","70","280144371","18003430","70","25719186","1883930","70","2691329","0","100","0","1326493490","1894990700","251404489","70","359149270","1577897979","2254139970"
"88","Naugatuck","2011","1506948460","92.86","1622817639.46","51075340","92.26","55360221.11","213803010","72.61","294453945.74","24151870","103.18","23407511.15","2156700","70","3081000","0","100","0","1798135380","1999120317.45","248394756","70","354849651.43","2046530136","2353969968.88"
"87","Morris","2024","383455683","50.04","766298327.34","0","50.00","0.00","19844790","50.00","39689580.00","22339960","49.38","45240907.25","1755790","70.00","2508271.43","0","100.00","0.00","427396223","853737085.00","41415107.00","70.00","59164438.57","468811330","912901524.00"
"87","Morris","2023","379717333","55.1","689142165.15","0","54.29","0","19374920","54.29","35687824.65","22377480","54.29","41218419.60","1767900","70","2525571.43","0","100","0","423237633","768573981","39101408","70","55859154.29","462339041","824433135"
"87","Morris","2022","377124033","70","538748618.57","0","70","0","19174780","70","27392542.86","22632500","70","32332142.86","1761970","70","2517100","0","100","0","420693283","600990405","40101876","70","57288394.29","460795159","658278799"
"87","Morris","2021","279914370","44.92","623139737.31","0","45.41","0","15684890","45.41","34540607.80","18352230","84.72","21662216.71","1099680","70","1570971.43","0","100","0","315051170","680913533","37308190","70","53297414.29","352359360","734210947"
"87","Morris","2020","277357430","52.71","526195086.32","0","52.89","0","15718280","52.89","29718812.63","18721650","52.83","35437535.49","1108630","70","1583757.14","0","100","0","312905990","592935191","31979317","70","45684738.57","344885307","638619930"
"87","Morris","2019","275436140","61.33","449105070.93","0","61.33","0","15628890","61.33","25483270.83","18815690","61.33","30679422.79","1126400","70","1609142.86","0","100","0","311007120","506876908","28980684","70","41400977.14","339987804","548277885"
"87","Morris","2018","274241230","68.36","401172074.31","0","66.96","0","15593600","66.96","23287933.09","18785370","66.96","28054614.70","1152230","70","1646042.86","0","100","0","309772430","454160664.96","27544791","70","39349701.43","337317221","493510366.39"
"87","Morris","2017","273535920","70","390765600","0","70","0","15235230","70","21764614.29","19504920","70","27864171.43","1153080","70","1647257.14","0","100","0","309429150","442041642.86","26848411","70","38354872.86","336277561","480396515.71"
"87","Morris","2016","254555437","67.13","379197731.27","0","69.78","0","6984840","69.78","10009802.24","19394010","69.78","27793078.25","1269890","70","1814128.57","0","100","0","282204177","418814740.32","25569148","70","36527354.29","307773325","455342094.61"
"87","Morris","2015","250881727","69.95","358658651.89","0","69.7","0","6849640","69.7","9827317.07","15512110","69.7","22255538.02","1296020","70","1851457.14","0","100","0","274539497","392592964.13","25116458","70","35880654.29","299655955","428473618.42"
"87","Morris","2014","249048127","70","355783039","0","70","0","6811520","70","9730743","15673750","70","22391071","1303930","70","1862757","0","100","0","272837327","389767610","23903882","70","34148403","296741209","423916013"
"87","Morris","2013","293654900","76.49","383912799","0","75.26","0","12200060","75.26","16210550","18929740","75.26","25152458","1378460","70","1969229","0","100","0","326163160","427245036","24241657","70","34630939","350404817","461875974"
"87","Morris","2012","294330870","77","384294125","0","77","0","13284030","77","17344340","19869000","77","25942029","1390920","70","1987029","0","100","0","328874820","429567522","24776988","70","35395697","353651808","464963219"
"87","Morris","2011","294219370","70.13","419534250.68","0","70.12","0","9875940","70.12","14084341.13","18340180","70.12","26155419.28","1317410","70","1882014.29","0","100","0","323752900","461656025.37","25726198","70","36751711.43","349479098","498407736.80"
"86","Montville","2024","1025005208","44.22","2317967453.64","20109680","44.30","45394311.51","182631835","44.30","412261478.56","26349440","49.01","53763395.23","3298610","70.00","4712300.00","0","100.00","0.00","1257394773","2834098940.00","409063428.00","70.00","584376325.71","1666458201","3418475266.00"
"86","Montville","2023","1029976420","47.7","2159279706.50","19075850","47.63","40050073.48","185041986","32.25","573773600","26672210","49.67","53698832.29","3328020","70","4754314.29","0","100","0","1264094486","2831556526","392304970","70","560435671.43","1656399456","3391992197"
"86","Montville","2022","1022788065","54.18","1887759440.75","18152130","54.28","33441654.38","166814463","53.03","314566213.46","27125370","61.87","43842524.65","3335810","70","4765442.86","0","100","0","1238215838","2284375276","388307478","70","554724968.57","1626523316","2839100245"
"86","Montville","2021","1018731830","70","1455331185.71","18163470","70","25947814.29","160048635","70","228640907.14","26379810","70","37685442.86","3467210","70","4953157.14","0","100","0","1226790955","1752558507","386087661","70","551553801.43","1612878616","2304112308"
"86","Montville","2020","823178490","52.57","1565871200.30","14302010","53.19","26888531.68","145703495","67.73","215124014.47","27343210","80.18","34102282.36","2182030","70","3117185.71","0","100","0","1012709235","1845103214","343346345","70","490494778.57","1356055580","2335597993"
"86","Montville","2019","817398410","59.78","1367344279.02","14302010","60.43","23667069.34","148465250","68.77","215886651.16","27048220","125.36","21576435.86","2169560","70","3099371.43","0","100","0","1009383450","1631573806","318757626","70","455368037.14","1328141076","2086941843"
"86","Montville","2018","814296655","64.46","1263258850.45","10966053","64.62","16970060.35","151384165","61.59","245813371.76","27549340","72.59","37951218.49","2174400","70","3106285.71","0","100","0","1006370613","1567099786.77","276684548","70","395263640","1283055161","1962363426.77"
"86","Montville","2017","830634372","65.19","1274174523.70","10382400","65.35","15887375.67","156966891","61.53","255106274.99","786470","75.18","1046115.99","2158440","70","3083485.71","0","100","0","1000928573","1549297776.06","271626594","70","388037991.43","1272555167","1937335767.49"
"86","Montville","2016","828387140","70","1183410200","10382400","70","14832000","152698647","70","218140924.29","629170","70","898814.29","2751580","70","3930828.57","0","100","0","994848937","1421212767.14","259250340","70","370357628.57","1254099277","1791570395.71"
"86","Montville","2015","860710050","70.16","1226781713.23","14041515","70.71","19857891.39","160944720","78.71","204478109.52","938070","88.05","1065383.30","1330570","70","1900814.29","0","100","0","1037964925","1454083911.72","227669993","70","325242847.14","1265634918","1779326758.86"
"86","Montville","2014","857874630","70.69","1213572825","14216521","70.27","20231281","161378460","46.16","349606716","946050","76.6","1235052","1339130","70","1913043","0","100","0","1035754791","1586558917","220293502","70","314705003","1256048293","1901263919"
"86","Montville","2013","854964190","69.47","1230695538","13892388","70.35","19747531","162993450","60.74","268346148","945870","105.08","900143","1374010","70","1962871","0","100","0","1034169908","1521652230","211831750","70","302616786","1246001658","1824269016"
"86","Montville","2012","854643890","70","1221617910","12549980","70","18047138","166997580","70","240146074","1290410","81","1601402","1346890","70","1924129","0","100","0","1036828750","1483336654","205526571","70","293609387","1242355321","1776946041"
"86","Montville","2011","855821180","70","1222601685.71","12548480","70","17926400","171379310","70","244827585.71","1286280","70","1837542.86","1344770","70","1921100","0","100","0","1042380020","1489114314.29","252779292","70","361113274.29","1295159312","1850227588.57"
"85","Monroe","2024","2551982968","70.00","3645689954.29","797500","70.00","1139285.71","309913428","70.00","442733468.57","24354430","70.00","34792042.86","813290","70.00","1161842.86","0","100.00","0.00","2887861616","4125516595.00","378323498.00","70.00","540462140.00","3266185114","4665978735.00"
"85","Monroe","2023","1708668130","43.73","3907313354.68","668300","44.03","1517828.75","267228519","51.58","518085535.09","20944410","59.18","35391027.37","505910","70","722728.57","0","100","0","1998015269","4463030475","390951741","70","558502487.14","2388967010","5021532962"
"85","Monroe","2022","1697916360","47.52","3573056313.13","668300","47.93","1394325.06","262956099","64","410868904.69","22034810","57.4","38388170.73","499610","70","713728.57","0","100","0","1984075179","4024421443","369308912","70","527584160","2353384091","4552005603"
"85","Monroe","2021","1691478405","50.09","3376878428.83","668100","50.19","1331141.66","255262919","61.21","417028131.02","23119710","82.04","28181021.45","516855","70","738364.29","0","100","0","1971045989","3824157087","341180533","70","487400761.43","2312226522","4311557848"
"85","Monroe","2020","1682949940","58.38","2882750839.33","668100","58.95","1133333.33","255191300","67.47","378229287.09","24374810","95.28","25582294.29","516410","70","737728.57","0","100","0","1963700560","3288433482","277357029","70","396224327.14","2241057589","3684657809"
"85","Monroe","2019","1678004870","70","2397149814.29","668100","70","954428.57","254367540","70","363382200","24687610","70","35268014.29","508710","70","726728.57","0","100","0","1958236830","2797481186","265187967","70","378839952.86","2223424797","3176321139"
"85","Monroe","2018","1652095821","67.71","2440138573.22","661200","67.58","978395.98","251431605","48.19","521712371.08","25506730","58.62","43511992.49","396610","70","566585.71","0","100","0","1930091966","3006907918.48","256346510","70","366209300","2186438476","3373117218.48"
"85","Monroe","2017","1644637736","67.25","2445557971.75","754580","67.27","1121718.45","250125500","78.95","316815072.83","27015830","48.18","56072706.52","398410","70","569157.14","0","100","0","1922932056","2820136626.69","249039818","70","355771168.57","2171971874","3175907795.26"
"85","Monroe","2016","1638816840","67.93","2412508229.06","661200","67.79","975365.10","244969150","66.8","366720284.43","30336893","65.34","46429282.22","408910","70","584157.14","0","100","0","1915192993","2827217317.95","243959564","70","348513662.86","2159152557","3175730980.80"
"85","Monroe","2015","1636006440","69.25","2362464173.29","661200","69.12","956597.22","242067096","67.72","357452888.36","31762663","69.12","45952926.79","399410","70","570585.71","0","100","0","1910896809","2767397171.38","242838083","70","346911547.14","2153734892","3114308718.52"
"85","Monroe","2014","1634424650","70","2334892357","661200","70","944571","242981376","70","347116251","32405630","70","46293757","419790","70","599700","0","100","0","1910892646","2729846637","235675562","70","336679374","2146568208","3066526011"
"85","Monroe","2013","1786605260","74.24","2406526482","861210","74.24","1160035","235964979","74.24","317840758","48348044","97.41","49633553","8744394","70","12491991","0","100","0","2080523887","2787652819","231358653","70","330512361","2311882540","3118165181"
"85","Monroe","2012","1783526162","75","2374552206","861210","75","1147668","235887700","56","424258453","49696734","75","66226991","8407104","70","12010149","0","100","0","2078378910","2878195467","230197412","70","328853446","2308576322","3207048912"
"85","Monroe","2011","1782065041","74.63","2387866864.53","861210","74.63","1153972.93","232496203","74.63","311531827.68","49285244","74.63","66039453.30","8757384","70","12510548.57","0","100","0","2073465082","2779102667.02","223871841","70","319816915.71","2297336923","3098919582.74"
"84","Milford","2024","5346180637","46.29","11549320883.56","280451680","46.32","605465630.40","1299927850","51.24","2536939597.97","69379201","44.91","154484972.17","152780","70.00","218257.14","0","100.00","0.00","6996092148","14846429341.00","936547026.00","70.00","1337924322.86","7932639174","16184353664.00"
"84","Milford","2023","5337180086","49.9","10695751675.35","258109250","49.91","517149368.86","1366791119","56.47","2420384485.57","68599161","48.28","142086083.26","151160","70","215942.86","0","100","0","7030830776","13775587556","956751731","70","1366788187.14","7987582507","15142375743"
"84","Milford","2022","5299563688","54.13","9790437258.45","252198450","54.19","465396659.90","1372634455","59.59","2303464431.95","72620751","49.34","147184335.22","197800","70","282571.43","0","100","0","6997215144","12706765256","973316566","70","1390452237.14","7970531710","14097217493"
"84","Milford","2021","5263172270","70","7518817528.57","246854090","70","352648700","1379241860","70","1970345514.29","74539101","70","106484430","199670","70","285242.86","0","100","0","6964006991","9948581416","933510497","70","1333586424.29","7897517488","11282167840"
"84","Milford","2020","4383429863","56.03","7823362239.87","194080793","56.03","346387280.03","1317384560","63.84","2063572305.76","62994780","50.14","125637774.23","205960","70","294228.57","0","100","0","5958095956","10359253829","803527634","70","1147896620","6761623590","11507150449"
"84","Milford","2019","4356314261","63.38","6873326382.14","165475938","56.89","290869991.21","1310280130","65.77","1992215493.39","68332410","55.68","122723437.50","207860","70","296942.86","0","100","0","5900610599","9279432247","769449739","70","1099213912.86","6670060338","10378646160"
"84","Milford","2018","4329112343","65.92","6567221394.11","155364900","65.92","235687044.90","1301673287","65.79","1978527568.02","73687270","66.12","111444751.97","207750","70","296785.71","0","100","0","5860045550","8893177544.72","735384086","70","1050548694.29","6595429636","9943726239"
"84","Milford","2017","4304338676","67.03","6421510780.25","153110780","67.03","228421274.06","1329179020","69.99","1899098471.21","71020100","65.57","108311880.43","207880","70","296971.43","0","100","0","5857856456","8657639377.38","729566477","70","1042237824.29","6587422933","9699877201.66"
"84","Milford","2016","4282079211","70","6117256015.71","150619170","70","215170242.86","1331857880","70","1902654114.29","68695840","70","98136914.29","215540","70","307914.29","0","100","0","5833467641","8333525201.43","727941417","70","1039916310","6561409058","9373441511.43"
"84","Milford","2015","4289260801","69.81","6144192523.99","131664620","69.68","188956113.66","1241663840","58.17","2134543304.11","70941851","65.58","108176046.05","235230","70","336042.86","0","100","0","5733766342","8576204030.67","713692721","70","1019561030","6447459063","9595765060.67"
"84","Milford","2014","4269840973","70.33","6071151675","124980450","70.33","177705744","1241547720","71.33","1740568793","72264086","72.63","99496194","230170","70","328814","0","100","0","5708863399","8089251221","704856024","70","1006937177","6413719423","9096188398"
"84","Milford","2013","4249767891","70.06","6065897646","121948860","70.02","174162896","1253405250","66.06","1897373978","70333750","63.74","110344760","251750","70","359643","0","100","0","5695707501","8248138924","715959796","70","1022799709","6411667297","9270938632"
"84","Milford","2012","4272209213","70","6101412758","119089180","70","170273349","1288448680","62","2092996556","68597510","84","81324849","255110","70","364443","0","100","0","5748599693","8446371954","698063853","70","997234076","6446663546","9443606030"
"84","Milford","2011","4236848389","70","6052640555.71","120428970","70","172041385.71","1286914750","70","1838449642.86","68075330","70","97250471.43","277280","70","396114.29","0","100","0","5712544719","8160778170","695256179","70","993223112.86","6407800898","9154001282.86"
"83","Middletown","2024","2477119463","51.57","4803411795.62","364726889","36.83","990298368.18","942510274","64.04","1471752457.84","45875456","56.61","81037724.78","2537410","70.00","3624871.43","69340","100.00","69340.00","3832838832","7350194558.00","920332036.00","70.00","1314760051.43","4753170868","8664954609.00"
"83","Middletown","2023","2470073356","55.65","4438586443.85","351790888","41.7","843623232.61","973435496","64.46","1510138839.59","47096256","75.34","62511621.98","2637920","70","3768457.14","69340","100","69340","3845103256","6858697936","920306907","70","1314724152.86","4765410163","8173422089"
"83","Middletown","2022","2458129622","70","3511613745.71","349577408","70","499396297.14","910686391","70","1300980558.57","46871696","70","66959565.71","2671370","70","3816242.86","69340","100","69340","3768005827","5382835751","911826464","70","1302609234.29","4679832291","6685444985"
"83","Middletown","2021","1778759845","48.87","3639778688.36","261893738","37.73","694125995.23","800708982","55.25","1449247026.24","31006569","56.89","54502670.07","2067560","70","2953657.14","42670","100","42670","2874479364","5840650706","892349786","70","1274785408.57","3766829150","7115436115"
"83","Middletown","2020","1767308989","54.74","3228551313.48","254848608","54.84","464712997.81","774209383","59.63","1298355497.23","31409190","58.99","53244939.82","2108110","70","3011585.71","960120","100","960120","2830844400","5048836454","803707690","70","1148153842.86","3634552090","6196990297"
"83","Middletown","2019","1758417355","61.83","2843954965.23","266643488","63.98","416760687.71","768977957","68.26","1126542568.12","31554290","64.85","48657347.73","2136570","70","3052242.86","960120","100","960120","2828689780","4439927932","757895734","70","1082708191.43","3586585514","5522636123"
"83","Middletown","2018","1749782703","63.4","2759909626.18","265474978","58.37","454814079.15","762511051","70.14","1087104859.39","32364870","69.62","46487891.41","2193800","70","3134000","960120","100","960120","2813287522","4352410576.13","684665948","70","978094211.43","3497953470","5330504787.56"
"83","Middletown","2017","1746484290","70","2494977557.14","277271930","70","396102757.14","739888236","70","1056983194.29","32602730","70","46575328.57","2224680","70","3178114.29","960120","100","960120","2799431986","3998777071.43","659387654","70","941982362.86","3458819640","4940759434.29"
"83","Middletown","2016","1762181641","66.49","2650295745.22","211887936","66.33","319445101.76","656089353","60.45","1085342188.59","34025590","57.2","59485297.20","1750340","70","2500485.71","960120","100","960120","2666894980","4118028938.49","668882922","70","955547031.43","3335777902","5073575969.92"
"83","Middletown","2015","1755495616","68.45","2564639322.13","208131733","68.35","304508753.47","645350520","64.18","1005532128.39","34865597","67.92","51333328.92","1806760","70","2581085.71","0","100","0","2645650226","3928594618.63","683463633","70","976376618.57","3329113859","4904971237.20"
"83","Middletown","2014","1746198694","68.86","2535867984","211130626","68.88","306519492","644189185","71.63","899328752","34985485","68.88","50791935","1856420","70","2652029","0","100","0","2638360410","3795160192","654338290","70","934768986","3292698700","4729929178"
"83","Middletown","2013","1738241821","70","2483202601","211376515","70","301966450","646028722","70","922898174","35188079","70","50268684","1825510","70","2607871","6700","100","6700","2632667347","3760950481","672639021","70","960912887","3305306368","4721863369"
"83","Middletown","2012","2062942550","81","2539318747","242014110","67","363003015","515156178","77","666178945","98526055","97","101416423","3284240","70","4691771","6700","100","6700","2921929833","3674615601","653489296","70","933556137","3575419129","4608171738"
"83","Middletown","2011","2057380570","80.26","2563394679.79","242014110","64.3","376382752.72","513237347","59.91","856680599.23","98410210","88.21","111563552.89","3131970","70","4474242.86","6700","100","6700","2914180907","3912502527.49","670476034","70","957822905.71","3584656941","4870325433.20"
"82","Middlefield","2024","390053700","48.21","809072184.19","1526300","48.70","3134086.24","40566400","48.70","83298562.63","96600","48.70","198357.29","1930300","70.00","2757571.43","0","100.00","0.00","434173300","898460761.00","87923670.00","70.00","125605242.86","522096970","1024066004.00"
"82","Middlefield","2023","389045300","49.69","782944858.12","1526300","50.61","3015807.15","40504800","50.61","80033195.02","93600","50.61","184943.69","1932200","70","2760285.71","0","100","0","433102200","868939090","95551338","70","136501911.43","528653538","1005441001"
"82","Middlefield","2022","387182400","57.45","673946736.29","1510100","55.51","2720410.74","40340600","41.68","96786468.33","93600","55.51","168618.27","2066900","70","2952714.29","0","100","0","431193600","776574947","98213492","70","140304988.57","529407092","916879936"
"82","Middlefield","2021","386442600","70","552060857.14","1526300","70","2180428.57","40456700","70","57795285.71","66300","70","94714.29","1673400","70","2390571.43","0","100","0","430165300","614521857","92714210","70","132448871.43","522879510","746970728"
"82","Middlefield","2020","314570880","54.46","577618215.20","1124700","54.56","2061400.29","36482000","54.56","66865835.78","413600","54.56","758064.52","1677200","70","2396000","0","100","0","354268380","649699516","78322480","70","111889257.14","432590860","761588773"
"82","Middlefield","2019","313533280","65.16","481174462.86","1111100","65.33","1700750.04","36469100","65.33","55822899.13","369900","65.33","566202.36","1687100","70","2410142.86","0","100","0","353170480","541674457","80458314","70","114940448.57","433628794","656614906"
"82","Middlefield","2018","312909330","64.86","482438066.61","1111100","64.86","1713074.31","36383500","64.86","56095436.32","369900","64.86","570305.27","1690800","70","2415428.57","0","100","0","352464630","543232311.09","68818210","70","98311728.57","421282840","641544039.66"
"82","Middlefield","2017","310502520","63.73","487215628.43","1111100","63.73","1743448.93","36449900","63.73","57194257.02","214900","63.73","337203.83","1691300","70","2416142.86","0","100","0","349969720","548906681.07","61750994","70","88215705.71","411720714","637122386.78"
"82","Middlefield","2016","306206820","70","437438314.29","1116200","70","1594571.43","35888100","70","51268714.29","214900","70","307000","1691300","70","2416142.86","0","100","0","345117320","493024742.86","55784120","70","79691600","400901440","572716342.86"
"82","Middlefield","2015","323472815","69.12","467987290.22","925300","69.05","1340043.45","35333300","69.05","51170601.01","175800","69.05","254598.12","1300100","70","1857285.71","0","100","0","361207315","522609818.51","52425875","70","74894107.14","413633190","597503925.66"
"82","Middlefield","2014","318874085","70.32","453461441","925300","70","1321857","34658800","70","49512571","268200","69.37","386622","1399200","70","1998857","0","100","0","356125585","506681349","52858342","70","75511917","408983927","582193266"
"82","Middlefield","2013","317130000","69.5","456302158","925300","69.66","1328309","34481230","69.66","49499325","259700","69.66","372811","1317900","70","1882714","0","100","0","354114130","509385318","51576450","70","73680643","405690580","583065960"
"82","Middlefield","2012","315178900","75","419455550","925300","74","1252097","34275700","74","46381191","259700","63","410074","1323600","70","1890857","0","100","0","351963200","469389769","51848580","70","74069400","403811780","543459169"
"82","Middlefield","2011","314107400","70","448724857.14","925300","70","1321857.14","33265900","70","47522714.29","259700","70","371000","1309500","70","1870714.29","0","100","0","349867800","499811142.86","51644400","70","73777714.29","401512200","573588857.14"
"81","Middlebury","2024","894106882","49.38","1810666022.68","0","49.33","0.00","115314450","53.72","214658320.92","22541700","34.42","65490122.02","828170","70.00","1183100.00","0","100.00","0.00","1032791202","2091997566.00","166388758.00","70.00","237698225.71","1199179960","2329695792.00"
"81","Middlebury","2023","888052482","51.94","1709766041.59","0","51.48","0","115486650","107.79","107140411.91","21573200","30.45","70847947.45","842800","70","1204000","0","100","0","1025955132","1888958401","169439635","70","242056621.43","1195394767","2131015022"
"81","Middlebury","2022","881310472","58.69","1501636517.29","0","58.85","0","114930950","62.51","183860102.38","21609050","45.59","47398661.99","854520","70","1220742.86","0","100","0","1018704992","1734116024","175900516","70","251286451.43","1194605508","1985402475"
"81","Middlebury","2021","868874475","70","1241249250","0","70","0","115401424","70","164859177.14","23380700","70","33401000","838070","70","1197242.86","0","100","0","1008494669","1440706670","161142780","70","230203971.43","1169637449","1670910641"
"81","Middlebury","2020","721066010","56.71","1271497108.09","0","57.59","0","104025261","57.59","180630770.97","25696600","72.92","35239440.48","581290","70","830414.29","0","100","0","851369161","1488197733","136476770","70","194966814.29","987845931","1683164547"
"81","Middlebury","2019","710957851","65.52","1085100505.19","0","65.95","0","104336264","65.95","158205100.83","26426600","85.43","30933629.87","578440","70","826342.86","0","100","0","842299155","1275065579","130192721","70","185989601.43","972491876","1461055180"
"81","Middlebury","2018","703666600","66.47","1058622837.37","0","67.04","0","102045636","57.24","178290635.97","27109100","98.23","27597577.11","565330","70","807614.29","0","100","0","833386666","1265318664.74","128164840","70","183092628.57","961551506","1448411293.31"
"81","Middlebury","2017","692630880","68.41","1012470223.65","0","68.62","0","110087316","68.62","160430364.33","27844520","68.62","40577849.02","575240","70","821771.43","0","100","0","831137956","1214300208.43","127369266","70","181956094.29","958507222","1396256302.71"
"81","Middlebury","2016","688738900","70","983912714.29","430030","70","614328.57","108711795","70","155302564.29","27800400","70","39714857.14","574630","70","820900","0","100","0","826255755","1180365364.29","115640392","70","165200560","941896147","1345565924.29"
"81","Middlebury","2015","687060445","68.72","999796922.29","0","69.18","0","110382514","69.18","159558418.62","33048200","105.22","31408667.55","571380","70","816257.14","0","100","0","831062539","1191580265.61","114338563","70","163340804.29","945401102","1354921069.89"
"81","Middlebury","2014","679363265","68.43","992785715","570706","68.74","830239","109066312","68.74","158664987","34130100","68.74","49651004","389560","70","556514","0","100","0","823519943","1202488459","114041491","70","162916416","937561434","1365404875"
"81","Middlebury","2013","673606400","65.85","1022940623","56833","67.94","83652","108876634","67.94","160254098","36342590","108.71","33430770","384880","70","549829","0","100","0","819267337","1217258971","109244307","70","156063296","928511644","1373322266"
"81","Middlebury","2012","673655500","68","984588571","0","69","0","107930140","69","157470295","37183390","91","40646469","372550","70","532214","0","100","0","819141580","1183237549","108535434","70","155050620","927677014","1338288169"
"81","Middlebury","2011","669286600","70","956123714.29","0","70","0","106568560","70","152240800","38316800","70","54738285.71","373380","70","533400","0","100","0","814545340","1163636200","105930581","70","151329401.43","920475921","1314965601.43"
"80","Meriden","2024","2478814447","44.36","5587949610.01","244040370","43.76","557679090.49","584636064","60.24","970511394.42","36026355","71.50","50386510.49","194314","70.00","277591.43","0","100.00","0.00","3343711550","7166804195.00","743440519.00","70.00","1062057884.29","4087152069","8228862079.00"
"80","Meriden","2023","2484173766","46.46","5346908665.52","219293760","48.34","453648655.36","590384299","60.12","982009812.04","37661625","74.83","50329580.38","194314","70","277591.43","0","100","0","3331707764","6833174304","736520450","70","1052172071.43","4068228214","7885346375"
"80","Meriden","2022","2478140664","53.25","4653785284.51","216027910","49.86","433268973.12","606236574","70","866052248.57","38790620","96.36","40255936.07","189574","70","270820","0","100","0","3339385342","5993633263","746325635","70","1066179478.57","4085710977","7059812742"
"80","Meriden","2021","2468161009","70","3525944298.57","213377780","70","304825400","616014154","70","880020220","40249462","70","57499231.43","187103","70","267290","0","100","0","3337989508","4768556440","683686957","70","976695652.86","4021676465","5745252093"
"80","Meriden","2020","1850559017","50.94","3632820999.21","142654960","51.67","276088562.03","618186005","67.64","913935548.49","9610132","115.11","8348650.86","241518","70","345025.71","0","100","0","2621251632","4831538786","590559866","70","843656951.43","3211811498","5675195737"
"80","Meriden","2019","1843937454","58.92","3129561191.45","149586010","61.51","243189741.51","634715270","76.28","832086090.72","9856532","153.49","6421611.83","235418","70","336311.43","0","100","0","2638330684","4211594947","564373740","70","806248200","3202704424","5017843147"
"80","Meriden","2018","1833522054","62.57","2930587475.43","135483904","75.6","179223366.62","613671072","70.61","869099379.69","9533762","94.5","10088637.04","236314","70","337591.43","0","100","0","2592447106","3989336450.21","542175740","70","774536771.43","3134622846","4763873221.64"
"80","Meriden","2017","1828739429","62.4","2930672161.86","104181560","62.4","166957628.21","648565747","63.91","1014811057.74","9473702","63.44","14933325.98","352114","70","503020","0","100","0","2591312552","4127877193.78","486219295","70","694598992.86","3077531847","4822476186.64"
"80","Meriden","2016","1825096191","70","2607280272.86","135728145","70","193897350","639102583","70","913003690","9530962","70","13615660","353235","70","504621.43","0","100","0","2609811116","3728301594.29","496563198","70","709375997.14","3106374314","4437677591.43"
"80","Meriden","2015","1995918487","72.45","2754890941.34","101186624","72.44","139683357.26","600906673","73.11","821921314.46","10494876","45.5","23065661.54","345725","70","493892.86","0","100","0","2708852385","3740055167.45","520017825","70","742882607.14","3228870210","4482937774.60"
"80","Meriden","2014","2052935064","73.15","2806473088","63457240","72.88","87070856","585915830","62.15","942744698","10437406","72.88","14321358","345763","70","493947","0","100","0","2713091303","3851103948","505789740","70","722556771","3218881043","4573660720"
"80","Meriden","2013","2050759694","71.84","2854620955","63457240","71.77","88417500","601426520","63.71","944006467","10256456","71.77","14290729","335501","70","479287","0","100","0","2726235411","3901814938","501548966","70","716498523","3227784377","4618313461"
"80","Meriden","2012","1992543244","71","2810753624","104531560","71","147289784","620481087","106","584697594","10345216","74","13951741","335501","70","479287","0","100","0","2728236608","3557172031","494730338","70","706757626","3222966946","4263929657"
"80","Meriden","2011","2001266469","70","2858952098.57","117595100","70","167993000","621972528","70","888532182.86","10197586","70","14567980","364917","70","521310","0","100","0","2751396600","3930566571.43","499560320","70","713657600","3250956920","4644224171.43"
"79","Marlborough","2024","504117620","44.67","1128537318.11","545580","44.67","1221356.62","35450160","44.67","79360107.45","0","54.63","0.00","1236210","70.00","1766014.29","0","100.00","0.00","541349570","1210884796.00","87688758.00","70.00","125269654.29","629038328","1336154450.00"
"79","Marlborough","2023","501842350","46.27","1084595526.26","545580","47.25","1154666.67","36019610","47.25","76231978.84","0","68.84","0","1250680","70","1786685.71","0","100","0","539658220","1163768858","90359232","70","129084617.14","630017452","1292853475"
"79","Marlborough","2022","500145580","50.43","991762006.74","545580","50.68","1076519.34","37745710","50.68","74478512.23","0","59.19","0","1243317","70","1776167.14","0","100","0","539680187","1069093205","92176055","70","131680078.57","631856242","1200773284"
"79","Marlborough","2021","498450480","54.11","921179966.73","545580","55.18","988727.80","37738050","55.18","68390811.89","0","73.25","0","1263240","70","1804628.57","0","100","0","537997350","992364136","87399747","70","124856781.43","625397097","1117220917"
"79","Marlborough","2020","496268330","70","708954757.14","545580","70","779400","37086820","70","52981171.43","0","70","0","1261840","70","1802628.57","0","100","0","535162570","764517957","75546440","70","107923485.71","610709010","872441443"
"79","Marlborough","2019","497526050","68.7","724200946.14","181510","68.78","263899.39","29736665","68.78","43234464.96","0","68.78","0","813760","70","1162514.29","49800","100","49800","528307785","768911624","71311680","70","101873828.57","599619465","870785453"
"79","Marlborough","2018","488370058","68.51","712896953.51","60970","68.67","88786.95","33845735","68.67","49287512.74","0","69.97","0","807120","70","1153028.57","57930","100","57930","523141813","763484211.77","66535900","70","95051285.71","589677713","858535497.49"
"79","Marlborough","2017","486216940","66.13","735244125.21","0","66.04","0","29879280","63.05","47389817.61","0","66.04","0","813570","70","1162242.86","49800","100","49800","516959590","783845985.67","64537720","70","92196742.86","581497310","876042728.53"
"79","Marlborough","2016","484255850","67.48","717628704.80","0","67.77","0","30503750","67.77","45010697.95","6650","67.77","9812.60","822990","70","1175700","49800","100","49800","515639040","763874715.35","65404170","70","93434528.57","581043210","857309243.92"
"79","Marlborough","2015","481816946","70","688309922.86","0","70","0","30341540","70","43345057.14","173250","70","247500","772570","70","1103671.43","49800","100","49800","513154106","733055951.43","63225710","70","90322442.86","576379816","823378394.29"
"79","Marlborough","2014","482357500","68.54","703760578","0","68.37","0","29476530","68.37","43113251","18060","64.18","28140","699870","70","999814","49800","100","49800","512601760","747951583","62701345","70","89573350","575303105","837524933"
"79","Marlborough","2013","479978200","66.79","718637820","0","66.89","0","29387840","66.89","43934579","18060","74.82","24138","659170","70","941671","49800","100","49800","510093070","763588009","62188005","70","88840007","572281075","852428016"
"79","Marlborough","2012","478049930","69","689329387","0","68","0","29360890","68","43491172","0","64","0","712310","70","1017586","58060","100","58060","508181190","733896205","59687815","70","85268307","567869005","819164512"
"79","Marlborough","2011","475445170","70","679207385.71","0","70","0","28847140","70","41210200","0","70","0","989320","70","1413314.29","35560","100","35560","505317190","721866460","59880380","70","85543400","565197570","807409860"
"78","Mansfield","2024","1115827160","70.00","1594038800.00","99607300","70.00","142296142.86","320752690","70.00","458218128.57","2599600","70.00","3713714.29","2416900","70.00","3452714.29","0","100.00","0.00","1541203650","2201719500.00","234504880.00","70.00","335006971.43","1775708530","2536726471.00"
"78","Mansfield","2023","719993379","42.33","1700905691","43121410","42.53","101390571.36","219336365","60.64","361702448.88","2141000","83.81","2554587.76","1480600","70","2115142.86","0","100","0","986072754","2168668442","218513517","70","312162167.14","1204586271","2480830609"
"78","Mansfield","2022","716472679","47.26","1516023442.66","41391400","47.26","87582310.62","215995565","42.56","507508376.41","2136700","47.26","4521159.54","1460900","70","2087000","0","100","0","977457244","2117722290","212018349","70","302883355.71","1189475593","2420605646"
"78","Mansfield","2021","715684379","51.72","1383767167.44","40713400","52","78295000","219416565","45.57","481493449.64","2091900","74.87","2794043.01","1478900","70","2112714.29","0","100","0","979385144","1948462374","209299570","70","298999385.71","1188684714","2247461760"
"78","Mansfield","2020","711048135","58.29","1219845831.19","40713400","42","96936666.67","227058080","58.44","388531964.41","2152700","74.28","2898088.31","1537500","70","2196428.57","0","100","0","982509815","1710408979","178392539","70","254846484.29","1160902354","1965255463"
"78","Mansfield","2019","710389725","70","1014842464.29","37547700","70","53639571.43","213750550","70","305357928.57","2191900","70","3131285.71","1529100","70","2184428.57","4200","100","4200","965413175","1379159879","168067931","70","240097044.29","1133481106","1619256923"
"78","Mansfield","2018","707874310","66.1","1070914236.01","33529900","66.32","50557750.30","206616325","83.26","248157969.01","2197200","66.32","3313027.74","889700","70","1271000","2300","100","2300","951109735","1374216283.06","156845874","70","224065534.29","1107955609","1598281817.35"
"78","Mansfield","2017","705716810","67.47","1045971261.30","33498900","67.4","49701632.05","205970336","67.4","305593970.33","2099000","66","3180303.03","906200","70","1294571.43","2300","100","2300","948193546","1405744038.13","156826977","70","224038538.57","1105020523","1629782576.71"
"78","Mansfield","2016","701745143","69.69","1006952422.16","31548000","69.69","45269048.64","208767840","66.53","313795039.83","2108000","74.88","2815170.94","900500","70","1286428.57","2300","100","2300","945071783","1370120410.14","155604143","70","222291632.86","1100675926","1592412043"
"78","Mansfield","2015","689637360","69.75","988727397.85","27399680","69.75","39282695.34","204652360","69.75","293408401.43","2101200","71.97","2919549.81","902500","70","1289285.71","2300","100","2300","924695400","1325629630.15","147788779","70","211126827.14","1072484179","1536756457.29"
"78","Mansfield","2014","682315120","70","974735886","26886500","70","38409286","183909750","70","262728214","2006500","70","2866429","975800","70","1394000","2300","100","2300","896095970","1280136114","131059907","70","187228439","1027155877","1467364553"
"78","Mansfield","2013","743209620","72.11","1030660962","36413870","73.42","49596663","133036890","47.27","281440427","5716690","100.33","5697887","1516060","70","2165800","1750","100","1750","919894880","1369563490","116664759","70","166663941","1036559639","1536227431"
"78","Mansfield","2012","740446160","75","993354119","37197790","74","50301271","115645390","74","156383218","5790120","71","8126484","1288910","70","1841300","1750","100","1750","900370120","1210008142","111682593","70","159546561","1012052713","1369554704"
"78","Mansfield","2011","735995950","73.44","1002173134.53","35269640","73.85","47758483.41","94960160","73.85","128585186.19","5845350","104.05","5617827.97","1278270","70","1826100","1750","100","1750","873351120","1185962482.10","107369615","70","153385164.29","980720735","1339347646.39"
"77","Manchester","2024","2653013042","46.45","5711545838.54","330815851","46.48","711738061.53","1007954143","52.14","1933168667.05","38425919","49.04","78356278.55","1063450","70.00","1519214.29","0","100.00","0.00","4031272405","8436328061.00","894598427.00","70.00","1277997752.86","4925870832","9714325814.00"
"77","Manchester","2023","2650461542","49.27","5379463247.41","329883651","35.58","927160345.70","1031317229","51.64","1997128638.65","38868383","51.02","76182640.14","1211980","70","1731400","0","100","0","4051742785","8381666272","939027344","70","1341467634.29","4990770129","9723133906"
"77","Manchester","2022","2643600232","55.56","4758099769.62","328481341","55.6","590793778.78","1006619393","55.53","1812748771.84","39392379","72.31","54477083.39","1222240","70","1746057.14","0","100","0","4019315585","7217865461","902413544","70","1289162205.71","4921729129","8507027667"
"77","Manchester","2021","2631229290","70","3758898985.71","328208890","70","468869842.86","1013177610","70","1447396585.71","41579500","70","59399285.71","1013270","70","1447528.57","0","100","0","4015208560","5736012230","866773500","70","1238247857.14","4881982060","6974260087"
"77","Manchester","2020","2065755200","52.76","3915381349.51","295708400","50.09","590354162.51","990579650","68.47","1446735285.53","38510060","93.24","41302080.65","1065520","70","1522171.43","0","100","0","3391618830","5995295051","751356000","70","1073365714.29","4142974830","7068660765"
"77","Manchester","2019","2058373800","61.09","3369412015.06","290722100","61.29","474338554.41","979211590","64.5","1518157503.88","39333160","83.82","46925745.65","922270","70","1317528.57","0","100","0","3368562920","5410151348","717336923","70","1024767032.86","4085899843","6434918381"
"77","Manchester","2018","2057656000","63.5","3240403149.61","289293300","63.72","454007062.15","954148341","71.8","1328897410.86","40090560","73.81","54319571.84","943460","70","1347800","0","100","0","3342131661","5078974994.46","699820141","70","999743058.57","4041951802","6078718053.03"
"77","Manchester","2017","2051161500","65.22","3144988500.46","288931800","40.13","719989534.01","953688271","73.5","1297535062.59","41727460","71.27","58548421.50","952780","70","1361114.29","0","100","0","3336461811","5222422632.84","674676861","70","963824087.14","4011138672","6186246719.98"
"77","Manchester","2016","2046005917","70","2922865595.71","289482400","70","413546285.71","945533907","70","1350762724.29","45354100","70","64791571.43","792470","70","1132100","0","100","0","3327168794","4753098277.14","667113190","70","953018842.86","3994281984","5706117120"
"77","Manchester","2015","2134350500","71.18","2998525568.98","316523700","71.26","444181448.22","853309950","72.41","1178442135.06","0","134.7","0","781380","70","1116257.14","0","100","0","3304965530","4622265409.41","649142809","70","927346870","3954108339","5549612279.41"
"77","Manchester","2014","2130251000","72.41","2941929292","308213800","59.56","517484553","856417070","68.21","1255559405","0","86.96","0","643100","70","918714","0","100","0","3295524970","4715891964","635321950","70","907602786","3930846920","5623494750"
"77","Manchester","2013","2125973850","71.93","2955614973","248642800","71.99","345385192","905032862","76.29","1186306019","0","69","0","645000","70","921429","0","100","0","3280294512","4488227613","615214260","70","878877514","3895508772","5367105127"
"77","Manchester","2012","2121796910","72","2953503494","301566400","72","418842222","877376274","71","1232097000","0","122","0","666360","70","951943","0","100","0","3301405944","4605394659","609904200","70","871291714","3911310144","5476686374"
"77","Manchester","2011","2118982600","70","3027118000","248128100","70","354468714.29","947316524","70","1353309320","0","70","0","640610","70","915157.14","0","100","0","3315067834","4735811191.43","575846430","70","822637757.14","3890914264","5558448948.57"
"76","Madison","2024","3640343800","56.39","6455654903.35","13128900","56.29","23323680.94","253307900","54.82","462072053.99","33123700","55.76","59404053.08","1330900","70.00","1901285.71","0","100.00","0.00","3941235200","7002355977.00","310691844.00","70.00","443845491.43","4251927044","7446201468.00"
"76","Madison","2023","3630580900","70","5186544142.86","11898500","70","16997857.14","252901200","70","361287428.57","32129700","70","45899571.43","1363500","70","1947857.14","0","100","0","3928873800","5612676857","323432437","70","462046338.57","4252306237","6074723196"
"76","Madison","2022","2515410317","46.22","5442255121.16","4934900","46.67","10574030.43","195461480","62.24","314044794.34","27424700","54.75","50090776.26","1123700","70","1605285.71","0","100","0","2744355097","5818570007","331426385","70","473466264.29","3075781482","6292036271"
"76","Madison","2021","2496133217","49.23","5070349821.25","4934900","50.2","9830478.09","194006290","59.44","326390124.50","29087200","50.57","57518686.97","1201100","70","1715857.14","0","100","0","2725362707","5465804968","314665480","70","449522114.29","3040028187","5915327082"
"76","Madison","2020","2483430887","55.94","4439454570.97","4934900","56.07","8801319.78","191727890","76.25","251446413.11","29578800","62.09","47638589.14","1228600","70","1755142.86","0","100","0","2710901077","4749096036","263310889","70","376158412.86","2974211966","5125254449"
"76","Madison","2019","2474451440","66.58","3716508621.21","4174100","66.62","6265535.88","191624160","73.27","261531540.88","31691100","68.88","46009146.34","1199600","70","1713714.29","0","100","0","2703140400","4032028558","249712958","70","356732797.14","2952853358","4388761355"
"76","Madison","2018","2466788200","70","3523983142.86","4174100","70","5963000","185946800","70","265638285.71","30541500","70","43630714.29","1271800","70","1816857.14","0","100","0","2688722400","3841032000","244817818","70","349739740","2933540218","4190771740"
"76","Madison","2017","2466414000","68.34","3609034240.56","9828900","68.49","14350854.14","169660700","61.08","277768009.17","29240900","73.03","40039572.78","1121700","70","1602428.57","0","100","0","2676266200","3942795105.22","228917725","70","327025321.43","2905183925","4269820426.65"
"76","Madison","2016","2455699300","68.84","3567256391.63","9542000","68.59","13911648.93","168924900","66.08","255636955.21","30219700","68.59","44058463.33","1128200","70","1611714.29","0","100","0","2665514100","3882475173.39","224251212","70","320358874.29","2889765312","4202834047.67"
"76","Madison","2015","2443351400","68.17","3584203315.24","10036200","68.27","14700747.03","169287400","71.67","236203990.51","29545800","51.32","57571706.94","1131300","70","1616142.86","0","100","0","2653352100","3894295902.58","220493421","70","314990601.43","2873845521","4209286504.01"
"76","Madison","2014","2445045700","68.24","3583009525","3711000","68.02","5455748","168036100","64.48","260601892","28176400","54.62","51586232","1155500","70","1650714","0","100","0","2646124700","3902304112","216204504","70","308863577","2862329204","4211167689"
"76","Madison","2013","2442660700","70","3489515286","3711000","70","5301429","167494300","70","239277571","31887400","70","45553429","1155400","70","1650571","0","100","0","2646908800","3781298286","213126917","70","304467024","2860035717","4085765310"
"76","Madison","2012","3037364968","81","3758184816","4044400","81","5020358","172327080","70","247560810","38935200","85","46060807","1810430","70","2586329","0","100","0","3254482078","4059413119","204539846","70","292199780","3459021924","4351612899"
"76","Madison","2011","3032312268","84.11","3605174495.30","4044400","83.85","4823375.07","170884160","83.85","203797447.82","39540700","67.87","58259466.63","1810310","70","2586157.14","0","100","0","3248591838","3874640941.97","206087072","70","294410102.86","3454678910","4169051044.83"
"75","Lyme","2024","636602073","60.88","1045667005.58","0","61.14","0.00","7912180","61.14","12941086.03","16399070","61.14","26822162.25","2738222","70.00","3911745.71","3667","100.00","3667.00","663655212","1089345667.00","46741459.00","70.00","66773512.86","710396671","1156119180.00"
"75","Lyme","2023","633970540","70","905672200","0","70","0","8342500","70","11917857.14","16446570","70","23495100","2776241","70","3966058.57","3667","100","3667","661539518","945054883","50026486","70","71466408.57","711566004","1016521292"
"75","Lyme","2022","446058286","46.11","967378629.36","0","46.11","0","6250700","46.11","13556061.59","13160200","46.11","28540880.50","1864365","70","2663378.57","3667","100","3667","467337218","1012142618","52182728","70","74546754.29","519519946","1086689372"
"75","Lyme","2021","441810552","47.35","933074027.46","0","48.23","0","6120100","48.23","12689404.93","14940200","48.23","30976985.28","1919437","70","2742052.86","0","100","0","464790289","979482470","50938600","70","72769428.57","515728889","1052251899"
"75","Lyme","2020","440264893","50.53","871294068.87","0","51.67","0","5973100","51.67","11560092.90","13997000","50.76","27574862.10","1926964","70","2752805.71","0","100","0","462161957","913181830","42461710","70","60659585.71","504623667","973841416"
"75","Lyme","2019","438157617","66.14","662469938.01","0","65.07","0","6012400","65.07","9239895.50","14361100","53.57","26808101.55","1971472","70","2816388.57","0","100","0","460502589","701334325","40379902","70","57685574.29","500882491","759019899"
"75","Lyme","2018","436869917","70","624099881.43","0","70","0","6194800","70","8849714.29","14554300","70","20791857.14","2006405","70","2866292.86","0","100","0","459625422","656607745.71","34157492","70","48796417.14","493782914","705404162.86"
"75","Lyme","2017","471815907","69.49","678969502.09","0","69.88","0","6450700","69.88","9231110.48","17232600","104.93","16422948.63","1395668","70","1993811.43","0","100","0","496894875","706617372.62","33204997","70","47435710","530099872","754053082.62"
"75","Lyme","2016","470181407","73.53","639441597.99","0","74.22","0","4895000","74.22","6595257.34","17580000","74.22","23686337.91","1298371","70","1854815.71","3667","100","3667","493958445","671581675.96","28607864","70","40868377.14","522566309","712450053.10"
"75","Lyme","2015","468562007","75.2","623087775.27","0","72.94","0","4888900","72.94","6702632.30","17656800","72.94","24207293.67","1273290","70","1818985.71","0","100","0","492380997","655816686.95","27500453","70","39286361.43","519881450","695103048.38"
"75","Lyme","2014","464100607","73.4","632289655","0","71.69","0","4827100","71.69","6733296","17649500","71.69","24619194","1337630","70","1910900","0","100","0","487914837","665553045","29349926","70","41928466","517264763","707481511"
"75","Lyme","2013","462105907","70","660151296","0","70","0","4759000","70","6798571","17258700","70","24655286","1336683","70","1909547","0","100","0","485460290","693514700","28239994","70","40342849","513700284","733857549"
"75","Lyme","2012","550396391","87","632784998","0","86","0","5301800","86","6189353","23654000","72","33004046","1863380","70","2661971","0","100","0","581215571","674640369","27351813","70","39074019","608567384","713714387"
"75","Lyme","2011","549243000","90.48","607032493.37","0","90.48","0","5301800","90.48","5859637.49","23977300","90.48","26500110.52","1732835","70","2475478.57","0","100","0","580254935","641867719.95","28057703","70","40082432.86","608312638","681950152.81"
"74","Litchfield","2024","1199066817","60.30","1988502184.08","7937250","60.24","13176045.82","144170340","60.04","240123817.46","31100390","51.71","60143859.99","6344928","70.00","9064182.86","43630","100.00","43630.00","1388663355","2311053720.00","169759200.00","70.00","242513142.86","1558422555","2553566863.00"
"74","Litchfield","2023","1196047849","70","1708639784.29","7937250","70","11338928.57","142093730","70","202991042.86","28658700","70","40941000","6839390","70","9770557.14","43630","100","43630","1381620549","1973724943","168491454","70","240702077.14","1550112003","2214427020"
"74","Litchfield","2022","805438595","44.25","1820200214.69","5916970","44.62","13260802.33","114766030","45.77","250745095.04","20547000","69.22","29683617.45","4970303","70","7100432.86","43630","100","43630","951682528","2121033792","168691416","70","240987737.14","1120373944","2362021529"
"74","Litchfield","2021","793800338","48.29","1643819295.92","5916970","49.39","11980097.19","114271380","63.14","180980962.94","22914770","64.4","35581940.99","4822110","70","6888728.57","43630","100","43630","941769198","1879294656","162957050","70","232795785.71","1104726248","2112090442"
"74","Litchfield","2020","785384678","53.91","1456844143.94","5916970","54.43","10870788.17","112285170","65.03","172666723.05","22464130","69.72","32220496.27","4892550","70","6989357.14","43630","100","43630","930987128","1679635138","133744879","70","191064112.86","1064732007","1870699251"
"74","Litchfield","2019","780728280","65.39","1193956690.63","5916970","65.39","9048738.34","112508550","91.02","123608602.50","23837190","60.28","39544110.82","5424250","70","7748928.57","43630","100","43630","928458870","1373950702","132142795","70","188775421.43","1060601665","1562726123"
"74","Litchfield","2018","780267160","70","1114667371.43","5916970","70","8452814.29","113609790","70","162299700","24320630","70","34743757.14","4898620","70","6998028.57","43560","100","43560","929056730","1327205231.43","121503746","70","173576780","1050560476","1500782011.43"
"74","Litchfield","2017","790940300","72.01","1098375642.27","5453740","72.26","7547384.45","104538080","77.07","135640430.78","29863320","96.09","31078488.92","3746940","70","5352771.43","43560","100","43560","934585940","1278038277.84","113834474","70","162620677.14","1048420414","1440658954.98"
"74","Litchfield","2016","789649800","72.03","1096279050.40","5453740","72.77","7494489.49","101523200","46.58","217954486.90","30698680","79.16","38780545.73","3733460","70","5333514.29","43560","100","43560","931102440","1365885646.80","112912582","70","161303688.57","1044015022","1527189335.37"
"74","Litchfield","2015","783636740","75.11","1043318785.78","5453740","75.41","7232117.76","102807910","57.36","179232758.02","32836090","85.83","38257124.55","3713450","70","5304928.57","43560","100","43560","928491490","1273389274.68","104135398","70","148764854.29","1032626888","1422154128.96"
"74","Litchfield","2014","781280260","69.48","1124467847","5453740","69.85","7807788","102069150","69.85","146126199","32889610","87.71","37498130","3703920","70","5291314","43560","100","43560","925440240","1321234838","102051173","70","145787390","1027491413","1467022228"
"74","Litchfield","2013","780233100","70","1114618714","5453740","70","7791057","94915390","70","135593414","39873590","70","56962271","3664200","70","5234571","43560","100","43560","924183580","1320243589","104104359","70","148720513","1028287939","1468964101"
"74","Litchfield","2012","864145790","79","1094409562","5804450","79","7386676","105617860","87","121079743","26755570","60","44378122","5962220","70","8517457","60380","100","60380","1008346270","1275831941","101988250","70","145697500","1110334520","1421529441"
"74","Litchfield","2011","862176330","80.58","1069963179.45","5804450","80.04","7251936.53","105849530","68.41","154728153.78","28380080","69.04","41106720.74","5908890","70","8441271.43","60380","100","60380","1008179660","1281551641.93","101039979","70","144342827.14","1109219639","1425894469.07"
"73","Lisbon","2024","297986330","47.20","631326970.34","585450","47.49","1232785.85","76292570","47.49","160649757.84","9261170","62.16","14898922.14","1330750","70.00","1901071.43","0","100.00","0.00","385456270","810009507.00","85905770.00","70.00","122722528.57","471362040","932732036.00"
"73","Lisbon","2023","297497690","50.55","588521641.94","585450","51","1147941.18","75517777","51","148074072.55","9803180","56.05","17490062.44","1342090","70","1917271.43","0","100","0","384746187","757150989","86755439","70","123936341.43","471501626","881087330"
"73","Lisbon","2022","295775060","53.25","555446122.07","585450","53.6","1092257.46","75398926","53.6","140669638.06","10085560","62.91","16031727.87","1307180","70","1867400","0","100","0","383152176","715107145","87842942","70","125489917.14","470995118","840597062"
"73","Lisbon","2021","293103857","70","418719795.71","585450","70","836357.14","74859245","70","106941778.57","10401730","70","14859614.29","1311820","70","1874028.57","0","100","0","380262102","543231575","86172691","70","123103844.29","466434793","666335419"
"73","Lisbon","2020","240149800","51.74","464147274.84","426030","53.7","793351.96","75464400","53.7","140529608.94","11076090","86","12879174.42","894120","70","1277314.29","0","100","0","328010440","619626724","92071903","70","131531290","420082343","751158014"
"73","Lisbon","2019","237778980","60.97","389993406.59","420950","61.38","685809.71","77953700","61.38","127001792.11","11317010","76.63","14768380.53","912560","70","1303657.14","0","100","0","328383200","533753047","79481082","70","113544402.86","407864282","647297450"
"73","Lisbon","2018","233664860","66.42","351822691","420950","65.59","641784.85","78489390","65.59","119665758.56","11939770","62.63","19063978.92","956030","70","1365757.14","0","100","0","325471000","492559970.47","70824385","70","101177692.86","396295385","593737663.33"
"73","Lisbon","2017","238850720","65.1","366898187.40","420950","65.1","646620.58","81304580","65.1","124891827.96","0","98.12","0","1007990","70","1439985.71","0","100","0","321584240","493876621.66","70231617","70","100330881.43","391815857","594207503.09"
"73","Lisbon","2016","237125530","70","338750757.14","420950","70","601357.14","81456900","70","116367000","0","70","0","1058240","70","1511771.43","0","100","0","320061620","457230885.71","66083487","70","94404981.43","386145107","551635867.14"
"73","Lisbon","2015","223037415","71.4","312377331.93","799830","71.77","1114435","82500060","71.77","114950620.04","13595420","70.02","19416481.01","616730","70","881042.86","0","100","0","320549455","448739910.83","64719429","70","92456327.14","385268884","541196237.98"
"73","Lisbon","2014","222908585","69.64","320086997","799830","69.88","1144576","82268890","69.88","117728807","13611340","69.88","19478163","607260","70","867514","0","100","0","320195905","459306057","67541435","70","96487764","387737340","555793822"
"73","Lisbon","2013","221895270","70.31","315595605","799830","73.93","1081875","82268890","95.98","85714618","13845840","98.26","14091024","616980","70","881400","0","100","0","319426810","417364521","65202182","70","93145974","384628992","510510496"
"73","Lisbon","2012","220635275","67","331582920","799830","69","1160351","83405840","69","121000783","14398710","76","18898425","619850","70","885500","0","100","0","319859505","473527980","64210126","70","91728751","384069631","565256731"
"73","Lisbon","2011","218987400","70","312839142.86","799830","70","1142614.29","84363330","70","120519042.86","14857690","70","21225271.43","628350","70","897642.86","0","100","0","319636600","456623714.29","64381281","70","91973258.57","384017881","548596972.86"
"72","Ledyard","2024","942399185","41.20","2287376662.62","12123650","41.61","29136385.48","58682638","44.14","132946619.85","20543546","51.54","39859421.81","1877805","70.00","2682578.57","52430","100.00","52430.00","1035679254","2492054099.00","275082342.00","70.00","392974774.29","1310761596","2885028873.00"
"72","Ledyard","2023","947105205","43.26","2189332420.25","12123650","43.76","27704867.46","58795498","43.76","134358999.09","21837776","50.1","43588375.25","1878095","70","2682992.86","52430","100","52430","1041792654","2397720084","276143302","70","394490431.43","1317935956","2792210515"
"72","Ledyard","2022","940925021","47.44","1983400128.58","12123650","48.02","25247084.55","57392054","48.02","119516980.42","21674861","65.8","32940518.24","1891945","70","2702778.57","52430","100","52430","1034059961","2163859921","229689185","70","328127407.14","1263749146","2491987328"
"72","Ledyard","2021","932224777","51.47","1811200266.17","12123650","52.22","23216487.94","57418024","75.18","76374067.57","22875235","66.78","34254619.65","1858725","70","2655321.43","52430","100","52430","1026552841","1947753193","220887324","70","315553320","1247440165","2263306513"
"72","Ledyard","2020","924606159","70","1320865941.43","12123650","70","17319500","58004204","70","82863148.57","24673535","70","35247907.14","1807375","70","2581964.29","68610","100","68610","1021283533","1458947071","186969168","70","267098811.43","1208252701","1726045882"
"72","Ledyard","2019","841616866","63.94","1316260347.20","10631880","63.94","16627901.16","58326812","63.94","91221163.59","24700400","93.75","26347093.33","1875410","70","2679157.14","68610","100","68610","937219978","1453204272","179292199","70","256131712.86","1116512177","1709335985"
"72","Ledyard","2018","840400626","64.28","1307406076.54","10526670","64.28","16376275.67","57396932","61.3","93628213.35","29111870","77.4","37612235.14","1379090","70","1970128.57","68610","100","68610","938883798","1457061539.27","172349050","70","246212928.57","1111232848","1703274467.84"
"72","Ledyard","2017","837182346","65.76","1273087509.12","8392860","65.76","12762864.96","58236407","65.76","88559013.08","27881430","70.66","39458576.28","1423840","70","2034057.14","68610","100","68610","933185493","1415970630.59","171126013","70","244465732.86","1104311506","1660436363.45"
"72","Ledyard","2016","835135056","66.47","1256408990.52","8392860","66.47","12626538.29","60918807","66.47","91648573.79","28185927","70","40265610","1519730","70","2171042.86","0","100","0","934152380","1403120755.46","165694837","70","236706910","1099847217","1639827665.46"
"72","Ledyard","2015","831197706","70","1187425294.29","8392860","70","11989800","60894377","70","86991967.14","30283890","70","43262700","1541590","70","2202271.43","16120","100","16120","932326543","1331888152.86","157634589","70","225192270","1089961132","1557080422.86"
"72","Ledyard","2014","887399623","72.27","1227894871","8447950","72.37","11673276","58032868","72.37","80189123","31490553","88.31","35659102","988210","70","1411729","16120","100","16120","986375324","1356844220","140820227","70","201171753","1127195551","1558015973"
"72","Ledyard","2013","879512929","73.04","1204152422","8445500","72.92","11581871","58039859","72.92","79593882","29931232","46.53","64326740","1003270","70","1433243","17500","100","17500","976950290","1361105657","140766143","70","201094490","1117716433","1562200147"
"72","Ledyard","2012","872801194","76","1141364187","8445500","76","11049980","58223339","68","85635151","31417750","69","45751784","983870","70","1405529","17500","100","17500","971889153","1285224131","136907821","70","195582601","1108796974","1480806732"
"72","Ledyard","2011","869430384","74.79","1162495499.40","8445500","74.79","11292285.06","56847314","74.79","76009244.55","30222570","55.85","54113822.74","914670","70","1306671.43","26790","100","26790","965887228","1305244313.18","133436047","70","190622924.29","1099323275","1495867237.47"
"71","Lebanon","2024","769538414","59.38","1295955564.16","2092430","59.36","3524983.15","25607840","59.36","43139892.18","14227210","50.06","28420315.62","8499640","70.00","12142342.86","10670","100.00","10670.00","819976204","1383193768.00","221286609.00","70.00","316123727.14","1041262813","1699317495.00"
"71","Lebanon","2023","768265594","70","1097522277.14","2092430","70","2989185.71","25240870","70","36058385.71","14406240","70","20580342.86","8462890","70","12089842.86","10670","100","10670","818478694","1169250705","219246121","70","313208744.29","1037724815","1482459449"
"71","Lebanon","2022","489362164","43.44","1126524318.60","1551070","43.75","3545302.86","23017622","43.75","52611707.43","11765160","43.75","26891794.29","5627020","70","8038600","0","100","0","531323036","1217611723","201900310","70","288429014.29","733223346","1506040737"
"71","Lebanon","2021","487484411","48.33","1008657999.17","1551070","49.01","3164803.10","21113572","49.01","43080130.59","12034410","69.86","17226467.22","5683670","70","8119528.57","1300","100","1300","527868433","1080250229","187534866","70","267906951.43","715403299","1348157180"
"71","Lebanon","2020","486049871","52.21","930951677.84","1551070","52.63","2947121.41","21099932","52.63","40091073.53","12189340","105.24","11582421.13","5694200","70","8134571.43","1300","100","1300","526585713","993708165","158307282","70","226153260","684892995","1219861425"
"71","Lebanon","2019","484468621","62.64","773417338.76","1551070","63.22","2453448.28","21099932","63.22","33375406.52","12218910","114.3","10690209.97","5710190","70","8157414.29","1300","100","1300","525050023","828095118","145838330","70","208340471.43","670888353","1036435589"
"71","Lebanon","2018","483702071","70","691002958.57","1551070","70","2215814.29","20337222","70","29053174.29","12365790","70","17665414.29","5658110","70","8083014.29","1300","100","1300","523615563","748021675.71","143111360","70","204444800","666726923","952466475.71"
"71","Lebanon","2017","462493151","62","745956695.16","1602320","62.14","2578564.53","20813412","62.14","33494386.87","12832500","68.97","18605915.62","4127790","70","5896842.86","1300","100","1300","501870473","806533705.03","141400730","70","202001042.86","643271203","1008534747.89"
"71","Lebanon","2016","459848371","67.79","678342485.62","1111020","68.75","1616029.09","20837012","68.75","30308381.09","13415130","112.58","11916086.34","4117210","70","5881728.57","1300","100","1300","499330043","728066010.71","124402768","70","177718240","623732811","905784250.71"
"71","Lebanon","2015","458640241","69.28","662009585.74","1111020","69.47","1599280.26","21142782","69.47","30434406.22","13371670","79.33","16855754.44","4129450","70","5899214.29","1300","100","1300","498396463","716799540.95","127292050","70","181845785.71","625688513","898645326.67"
"71","Lebanon","2014","457849070","68.86","664898446","1111020","69.86","1590352","20195560","69.86","28908617","13902110","94.54","14705003","4132980","70","5904257","1300","100","1300","497192040","716007976","110728710","70","158183871","607920750","874191847"
"71","Lebanon","2013","456702010","70","652431443","1111020","70","1587171","20144120","70","28777314","14397420","70","20567743","4037780","70","5768257","1300","100","1300","496393650","709133229","94712726","70","135303894","591106376","844437123"
"71","Lebanon","2012","546167690","82","668013319","1225250","83","1485152","19803480","83","24004218","14873750","95","15666474","4672040","70","6674343","1300","100","1300","586743510","715844806","89199749","70","127428213","675943259","843273018"
"71","Lebanon","2011","544902670","80.87","673800754.30","1225250","80.78","1516773.95","17656155","80.78","21857087.15","15077990","80.78","18665498.89","4657900","70","6654142.86","1300","100","1300","583521265","722495557.14","82152520","70","117360742.86","665673785","839856300"
"70","Killingworth","2024","706806960","45.73","1545608921.93","67270","46.10","145921.91","25398720","46.10","55094837.31","3480830","48.07","7241169.13","2179910","70.00","3114157.14","0","100.00","0.00","737933690","1611205007.00","96969004.00","70.00","138527148.57","834902694","1749732156.00"
"70","Killingworth","2023","704977590","49.94","1411649158.99","67270","50.68","132734.81","25626040","50.68","50564404.10","3471090","58.56","5927407.79","2184210","70","3120300","0","100","0","736326200","1471394006","104083888","70","148691268.57","840410088","1620085275"
"70","Killingworth","2022","699701620","53.67","1303710862.68","67270","54.37","123726.32","25874970","54.37","47590527.86","3471090","63.64","5454258.33","2193950","70","3134214.29","0","100","0","731308900","1360013589","105217150","70","150310214.29","836526050","1510323803"
"70","Killingworth","2021","695508380","70","993583400","67270","70","96100","25764080","70","36805828.57","3471090","70","4958700","2235560","70","3193657.14","0","100","0","727046380","1038637686","100687400","70","143839142.86","827733780","1182476829"
"70","Killingworth","2020","602241840","54.66","1101796267.84","169270","54.89","308380.40","21542700","54.89","39247039.53","6113500","84.49","7235767.55","1589580","70","2270828.57","0","100","0","631656890","1150858285","84485440","70","120693485.71","716142330","1271551771"
"70","Killingworth","2019","600902950","62.57","960369106.60","169270","62.81","269495.30","21517390","62.81","34257904.79","6508320","62.81","10361916.89","1570970","70","2244242.86","0","100","0","630668900","1007502667","78461210","70","112087442.86","709130110","1119590110"
"70","Killingworth","2018","597167560","67.28","887585552.91","63240","66.91","94522.08","20712160","66.91","30957566.70","6502980","63.81","10191161.26","1577980","70","2254257.14","0","100","0","626023920","931083060.10","75499050","70","107855785.71","701522970","1038938845.81"
"70","Killingworth","2017","594488240","67.45","881376189.77","63240","67.45","93758.34","20734950","67.45","30741215.72","6304540","67.45","9346982.95","1592190","70","2274557.14","0","100","0","623183160","923832703.92","72298355","70","103283364.29","695481515","1027116068.20"
"70","Killingworth","2016","592846920","70","846924171.43","63240","70","90342.86","20551620","70","29359457.14","6427870","70","9182671.43","1599690","70","2285271.43","0","100","0","621489340","887841914.29","69754262","70","99648945.71","691243602","987490860"
"70","Killingworth","2015","626773580","71.25","879682217.54","62480","71.25","87691.23","20857480","71.25","29273656.14","7219180","71.25","10132182.46","1126250","70","1608928.57","0","100","0","656038970","920784675.94","68543679","70","97919541.43","724582649","1018704217.37"
"70","Killingworth","2014","624443000","70.06","891297459","62480","70.08","89155","21709340","70.08","30977939","7169700","70.08","10230736","1126230","70","1608900","0","100","0","654510750","934204190","68419930","70","97742757","722930680","1031946948"
"70","Killingworth","2013","624178300","68.08","916830640","62480","68.08","91774","21081710","68.08","30966084","7321120","68.08","10753702","1083370","70","1547671","0","100","0","653726980","960189872","65252012","70","93217160","718978992","1053407032"
"70","Killingworth","2012","620196585","74","840147094","62480","74","84455","21533890","74","29107718","7297900","88","8261150","1082120","70","1545886","0","100","0","650172975","879146304","63921870","70","91316957","714094845","970463261"
"70","Killingworth","2011","619854648","70","885506640","169250","70","241785.71","21244120","70","30348742.86","7754940","70","11078485.71","1063090","70","1518700","0","100","0","650086048","928694354.29","64775520","70","92536457.14","714861568","1021230811.43"
"69","Killingly","2024","1208605745","54.94","2199864843.47","32769990","57.63","56862727.75","275277669","55.26","498149962.00","19518136","70.91","27525223.52","2829290","70.00","4041842.86","0","100.00","0.00","1539000830","2786444600.00","339278748.00","70.00","484683925.71","1878279578","3271128526.00"
"69","Killingly","2023","1206891801","70","1724131144.29","33131588","70","47330840","517736267","70","739623238.57","20124256","70","28748937.14","2832060","70","4045800","0","100","0","1780715972","2543879960","384504264","70","549291805.71","2165220236","3093171766"
"69","Killingly","2022","822587506","44.41","1852257387.98","24408580","44.9","54362093.54","566271346","35.59","1591096785.61","15268610","59.93","25477406.97","1799300","70","2570428.57","0","100","0","1430335342","3525764104","412074150","70","588677357.14","1842409492","4114441461"
"69","Killingly","2021","807773390","46.62","1732675654.23","33599600","59.18","56775261.91","225028571","55.81","403204750.04","16094750","64.58","24922189.53","1825980","70","2608542.86","0","100","0","1084322291","2220186399","342504542","70","489292202.86","1426826833","2709478602"
"69","Killingly","2020","751176680","52.02","1444015148.02","32794300","65.45","50105882.35","224216700","71.6","313151815.64","43195890","71.58","60346311.82","24646030","70","35208614.29","0","100","0","1076029600","1902827772","297515784","70","425022548.57","1373545384","2327850321"
"69","Killingly","2019","750749974","61.53","1220136476.52","32751880","62.05","52783045.93","218688880","96.6","226386004.14","47297050","86.02","54983782.84","23494470","70","33563528.57","0","100","0","1072982254","1587852839","295291630","70","421845185.71","1368273884","2009698025"
"69","Killingly","2018","750990896","70","1072844137.14","34541850","70","49345500","231936794","70","331338277.14","52873079","70","75532970","22705720","70","32436742.86","0","100","0","1093048339","1561497627.14","262030772","70","374329674.29","1355079111","1935827301.43"
"69","Killingly","2017","599917500","54.51","1100564116.68","30522680","54.87","55627264.44","213156974","61.68","345585236.71","25551660","69.78","36617454.86","19346500","70","27637857.14","0","100","0","888495314","1566031929.83","281543778","70","402205397.14","1170039092","1968237326.97"
"69","Killingly","2016","594986310","58.75","1012742655.32","30522680","59","51733355.93","309447794","71.34","433764779.93","32869170","56.62","58052225.36","18874720","70","26963885.71","0","100","0","986700674","1583256902.25","308689061","70","440984372.86","1295389735","2024241275.11"
"69","Killingly","2015","592798530","61.98","956435188.77","30522680","62.24","49040295.63","215999751","68.96","313224696.93","21593460","65.53","32952021.97","17711801","70","25302572.86","0","100","0","878626222","1376954776.16","276708220","70","395297457.14","1155334442","1772252233.30"
"69","Killingly","2014","591584028","64.88","911812620","30612070","65.06","47052060","215335286","70.96","303460099","19046770","70","27209671","17766920","70","25381314","0","100","0","874345074","1314915764","240155699","70","343079570","1114500773","1657995334"
"69","Killingly","2013","587498481","70","839283544","30887590","70","44125129","206162810","70","294518300","29695500","70","42422143","17450700","70","24929571","0","100","0","871695081","1245278687","219329448","70","313327783","1091024529","1558606470"
"69","Killingly","2012","800123897","87","918732228","35044800","88","39909805","227191150","88","258730384","40008680","119","33728444","20759580","70","29656543","0","100","0","1123128107","1280757403","221750018","70","316785740","1344878125","1597543143"
"69","Killingly","2011","797195324","90.24","883416804.08","35610330","90.77","39231387.02","225685243","104.68","215595379.25","42309255","123.03","34389380.64","18090560","70","25843657.14","0","100","0","1118890712","1198476608.13","205336337","70","293337624.29","1324227049","1491814232.42"
"68","Kent","2024","691616400","57.44","1204067548.75","886300","57.44","1543001.39","46717980","51.58","90573827.06","31706600","68.04","46599941.21","5981600","70.00","8545142.86","151600","100.00","151600.00","777060480","1351481061.00","59882998.00","70.00","85547140.00","836943478","1437028201.00"
"68","Kent","2023","682043800","70","974348285.71","886300","70","1266142.86","46157080","70","65938685.71","31830800","70","45472571.43","5998700","70","8569571.43","151600","100","151600","767068280","1095746857","60625700","70","86608142.86","827693980","1182355000"
"68","Kent","2022","490762200","47.81","1026484417.49","873200","49.05","1780224.26","38653280","49.05","78803832.82","34210300","81.26","42099803.10","4798000","70","6854285.71","0","100","0","569296980","1156022563","61040034","70","87200048.57","630337014","1243222612"
"68","Kent","2021","481003100","49.28","976061485.39","873200","52.25","1671196.17","38463080","52.25","73613550.24","34536600","85.54","40374795.42","4733300","70","6761857.14","0","100","0","559609280","1098482883","57601288","70","82287554.29","617210568","1180770437"
"68","Kent","2020","475042500","52.8","899701704.55","873200","53.8","1623048.33","37668365","82.83","45476717.37","35463200","106.53","33289402.05","4890900","70","6987000","0","100","0","553938165","987077872","48773149","70","69675927.14","602711314","1056753799"
"68","Kent","2019","472289355","64","737952117.19","576600","65.42","881381.84","37518530","65.42","57350244.57","35380300","110.68","31966299.24","4757300","70","6796142.86","0","100","0","550522085","834946186","45142709","70","64489584.29","595664794","899435770"
"68","Kent","2018","469662500","70","670946428.57","576600","70","823714.29","38064710","70","54378157.14","36227500","70","51753571.43","4769700","70","6813857.14","0","100","0","549301010","784715728.57","43494139","70","62134484.29","592795149","846850212.86"
"68","Kent","2017","477358000","66.1","722175491.68","226800","67.27","337148.80","37979735","67.27","56458651.70","41823200","67.27","62172142.11","4588300","70","6554714.29","0","100","0","561976035","847698148.58","43239821","70","61771172.86","605215856","909469321.44"
"68","Kent","2016","473533100","69.78","678608627.11","226800","70.17","323215.05","38280395","70.6","54221522.66","41978100","70.17","59823428.82","4534500","70","6477857.14","0","100","0","558552895","799454650.78","43166472","70","61666388.57","601719367","861121039.36"
"68","Kent","2015","470279800","72.07","652531982.79","226800","72.47","312957.09","38414455","60.07","63949483.94","42079900","96.29","43701215.08","4607700","70","6582428.57","0","100","0","555608655","767078067.47","40688714","70","58126734.29","596297369","825204801.75"
"68","Kent","2014","468326600","72.25","648202907","226800","69.36","326990","38220710","59.6","64128708","43323200","69.36","62461361","4491000","70","6415714","0","100","0","554588310","781535680","39932441","70","57046344","594520751","838582024"
"68","Kent","2013","464625900","70","663751286","226800","70","324000","38216325","70","54594750","45819200","70","65456000","5006300","70","7151857","0","100","0","553894525","791277893","38745024","70","55350034","592639549","846627927"
"68","Kent","2012","535195800","99","540765687","218600","99","220875","44975860","99","45443933","48494900","90","53817445","4754600","70","6792286","0","100","0","633639760","647040225","38380615","70","54829450","672020375","701869675"
"68","Kent","2011","527552300","100.82","523261555.25","0","95.43","0","44804200","95.43","46949806.14","49620700","93.02","53344119.54","4595500","70","6565000","0","100","0","626572700","630120480.93","39259509","70","56085012.86","665832209","686205493.79"
"67","Hebron","2024","754176560","44.79","1683805670.91","4790800","45.22","10594427.24","37799241","45.22","83589652.81","5032170","49.60","10145504.03","2433840","70.00","3476914.29","20020","100.00","20020.00","804252631","1791632189.00","128038164.00","70.00","182911662.86","932290795","1974543852.00"
"67","Hebron","2023","753105930","48.5","1552795731.96","4790800","48.67","9843435.38","37938971","48.67","77951450.59","5238540","52.32","10012500","2449990","70","3499985.71","26320","100","26320","803550551","1654129424","132393590","70","189133700","935944141","1843263124"
"67","Hebron","2022","749587690","52.57","1425884896.33","4237170","52.83","8020386.14","38267591","52.83","72435341.66","4876920","52.83","9231345.83","2472020","70","3531457.14","26320","100","26320","799467711","1519129747","137178338","70","195969054.29","936646049","1715098801"
"67","Hebron","2021","744991220","70","1064273171.43","4790800","70","6844000","35116660","70","50166657.14","5126710","70","7323871.43","2538480","70","3626400","26320","100","26320","792590190","1132260419","128753630","70","183933757.14","921343820","1316194176"
"67","Hebron","2020","643097790","54.88","1171825419.10","4313680","54.88","7860204.08","36940530","54.88","67311461.37","4739860","70.82","6692826.89","1532170","70","2188814.29","26330","100","26330","690650360","1255905055","107697160","70","153853085.71","798347520","1409758141"
"67","Hebron","2019","639069310","63.39","1008154772.05","4313680","63.52","6791057.93","36673080","63.52","57734697.73","4515780","88.84","5083048.18","1607540","70","2296485.71","26330","100","26330","686205720","1080086392","100995510","70","144279300","787201230","1224365692"
"67","Hebron","2018","635541220","65.51","970143825.37","3198070","65.51","4881804.30","37200910","65.51","56786612.73","4398080","62.99","6982187.65","1680600","70","2400857.14","26330","100","26330","682045210","1041221617.20","96622870","70","138032671.43","778668080","1179254288.63"
"67","Hebron","2017","631898690","64.83","974701048.90","3198070","64.83","4933009.41","28255630","64.83","43584189.42","4344700","61.76","7034812.18","1687120","70","2410171.43","26330","100","26330","669410540","1032689561.33","91482660","70","130689514.29","760893200","1163379075.62"
"67","Hebron","2016","628873050","70","898390071.43","3198070","70","4568671.43","25928130","70","37040185.71","4974550","70","7106500","1687990","70","2411414.29","26330","100","26330","664688120","949543172.86","90499070","70","129284385.71","755187190","1078827558.57"
"67","Hebron","2015","657398930","73.17","898454188.88","2996770","73.66","4068381.75","22809710","73.66","30966209.61","12831410","141.79","9049587.42","943570","70","1347957.14","14280","100","14280","696994670","943900604.80","89233250","70","127476071.43","786227920","1071376676.23"
"67","Hebron","2014","654226630","71.51","914874325","2996770","71.45","4194220","22669010","59.4","38163316","13211790","71.45","18490959","949660","70","1356657","14280","100","14280","694068140","977093757","88070310","70","125814729","782138450","1102908486"
"67","Hebron","2013","651594380","69.62","935929876","3016650","69.75","4324946","22181180","69.75","31800975","13854530","96.83","14308097","946880","70","1352686","7650","100","7650","691601270","987724230","87435500","70","124907857","779036770","1112632087"
"67","Hebron","2012","648481490","71","908491860","3016650","72","4219091","21595630","72","30203678","14657360","91","16135359","949310","70","1356157","7650","100","7650","688708090","960413796","84352065","70","120502950","773060155","1080916746"
"67","Hebron","2011","642437620","70","917768028.57","3016650","70","4309500","21500920","70","30715600","15869760","70","22671085.71","979670","70","1399528.57","7650","100","7650","683812270","976871392.86","84744090","70","121062985.71","768556360","1097934378.57"
"66","Harwinton","2024","625843829","56.48","1108080433.78","0","57.58","0.00","21404635","57.58","37173732.20","33749530","65.45","51565362.87","1651720","70.00","2359600.00","0","100.00","0.00","682649714","1199179129.00","129500085.00","70.00","185000121.43","812149799","1384179250.00"
"66","Harwinton","2023","623290120","70","890414457.14","0","70","0","19843715","70","28348164.29","34254500","70","48935000","1645660","70","2350942.86","0","100","0","679033995","970048564","135225989","70","193179984.29","814259984","1163228548"
"66","Harwinton","2022","445482262","47.44","939043553.96","0","48.45","0","16904310","48.45","34890216.72","27110080","55.98","48428152.91","998580","70","1426542.86","0","100","0","490495232","1023788467","133957952","70","191368502.86","624453184","1215156970"
"66","Harwinton","2021","440428664","50.34","874907953.91","0","50.67","0","16029240","50.67","31634576.67","27381120","51.66","53002555.17","1011560","70","1445085.71","0","100","0","484850584","960990172","128090630","70","182986614.29","612941214","1143976786"
"66","Harwinton","2020","431665294","56.39","765499723.36","0","56.41","0","15477750","56.41","27437954.26","28032500","56.92","49248945.89","1048390","70","1497700","0","100","0","476223934","843684323","110306255","70","157580364.29","586530189","1001264687"
"66","Harwinton","2019","430252864","65.57","656173347.57","0","66.29","0","15477620","66.29","23348348.17","28072770","95.69","29337203.47","1048080","70","1497257.14","0","100","0","474851334","710356156","104783177","70","149690252.86","579634511","860046409"
"66","Harwinton","2018","428194334","70","611706191.43","0","70","0","15749290","70","22498985.71","28594580","70","40849400","1039890","70","1485557.14","0","100","0","473578094","676540134.29","101170888","70","144529840","574748982","821069974.29"
"66","Harwinton","2017","434167694","66.01","657730183.31","0","66.64","0","13145920","66.64","19726770.71","26612730","66.64","39935069.03","969590","70","1385128.57","0","100","0","474895934","718777151.61","90470145","70","129243064.29","565366079","848020215.90"
"66","Harwinton","2016","432591374","68.18","634484268.11","0","68.46","0","13145920","68.46","19202337.13","27271230","85.89","31751344.74","912040","70","1302914.29","0","100","0","473920564","686740864.27","82648127","70","118068752.86","556568691","804809617.13"
"66","Harwinton","2015","426123114","71.49","596059748.22","0","71.56","0","12701790","71.56","17749846.28","27946260","119.3","23425196.98","886090","70","1265842.86","0","100","0","467657254","638500634.34","75531175","70","107901678.57","543188429","746402312.91"
"66","Harwinton","2014","425842473","68.85","618507586","0","69.08","0","12797010","69.08","18524913","27678280","80.92","34204498","891870","70","1274100","0","100","0","467209633","672511097","70340369","70","100486241","537550002","772997339"
"66","Harwinton","2013","424826356","70","606894794","0","70","0","15025470","70","21464957","28811940","70","41159914","880510","70","1257871","0","100","0","469544276","670777537","71633039","70","102332913","541177315","773110450"
"66","Harwinton","2012","448402353","75","598029278","0","75","0","13118690","75","17583018","36465940","75","48875405","888220","70","1268886","0","100","0","498875203","665756588","65988028","70","94268611","564863231","760025199"
"66","Harwinton","2011","448559023","74.53","601850292.50","0","73.08","0","13124660","73.08","17959304.87","36877560","49.62","74319951.63","899940","70","1285628.57","0","100","0","499461183","695415177.57","66332311","70","94760444.29","565793494","790175621.86"
"65","Hartland","2024","160682073","44.44","361570821.33","0","47.36","0.00","22624090","47.36","47770460.30","5015210","76.12","6588557.54","593207","70.00","847438.57","0","100.00","0.00","188914580","416777278.00","29410567.00","70.00","42015095.71","218325147","458792374.00"
"65","Hartland","2023","161142520","47.32","340537869.82","0","46.95","0","24638990","46.95","52479211.93","3046030","46.95","6487816.83","592880","70","846971.43","0","100","0","189420420","400351870","31023915","70","44319878.57","220444335","444671749"
"65","Hartland","2022","160802220","48.35","332579565.67","0","50.8","0","24666160","50.8","48555433.07","3006970","50.8","5919232.28","633520","70","905028.57","0","100","0","189108870","387959260","32068852","70","45812645.71","221177722","433771906"
"65","Hartland","2021","160258170","53.67","298599161.54","0","53.67","0","24613800","53.67","45861375.07","3047390","58.63","5197663.31","577830","70","825471.43","0","100","0","188497190","350483671","31135220","70","44478885.71","219632410","394962557"
"65","Hartland","2020","160461080","70","229230114.29","0","70","0","24770270","70","35386100","3155750","70","4508214.29","589000","70","841428.57","0","100","0","188976100","269965857","25917888","70","37025554.29","214893988","306991411"
"65","Hartland","2019","148543550","68.93","215499129.55","0","70.15","0","24944470","70.15","35558759.80","3189530","95.73","3331797.76","453120","70","647314.29","0","100","0","177130670","255037002","25003986","70","35719980","202134656","290756982"
"65","Hartland","2018","148324720","67.82","218703509.29","0","68.23","0","24728060","68.23","36244866.25","3069810","68.23","4499538.29","446740","70","638200","0","100","0","176569330","260086113.83","24489990","70","34985700","201059320","295071813.83"
"65","Hartland","2017","146523110","65.75","222848836.50","0","65.75","0","24635510","65.75","37468456.27","3149530","65.75","4790159.70","518410","70","740585.71","0","100","0","174826560","265848038.19","25950564","70","37072234.29","200777124","302920272.47"
"65","Hartland","2016","145401770","67.46","215537755.71","60000","67.73","88587.04","24575510","67.73","36284526.80","3670220","67.73","5418898.57","965290","70","1378985.71","0","100","0","174672790","258708753.82","25849207","70","36927438.57","200521997","295636192.40"
"65","Hartland","2015","145651550","70","208073642.86","60000","70","85714.29","24676580","70","35252257.14","3673280","70","5247542.86","431180","70","615971.43","0","100","0","174492590","249275128.57","23786289","70","33980412.86","198278879","283255541.43"
"65","Hartland","2014","150967080","70.21","215022191","0","70.21","0","17266060","70.21","24592024","4595900","70.21","6545934","209440","70","299200","0","100","0","173038480","246459348","23660190","70","33800271","196698670","280259620"
"65","Hartland","2013","150382120","69.29","217032934","0","69.29","0","17398350","69.29","25109467","4899130","69.29","7070472","254510","70","363586","0","100","0","172934110","249576459","24283495","70","34690707","197217605","284267166"
"65","Hartland","2012","150181240","67","222886969","0","67","0","17414100","67","25859964","4721200","67","7010989","250110","70","357300","0","100","0","172566650","256115223","22589895","70","32271279","195156545","288386501"
"65","Hartland","2011","149632060","70","213760085.71","0","70","0","17414100","70","24877285.71","4889190","70","6984557.14","252850","70","361214.29","0","100","0","172188200","245983142.86","22212360","70","31731942.86","194400560","277715085.71"
"64","Hartford","2024","1318123281","36.75","3586730016.33","743002977","37.40","1986638975.94","1217665394","41.34","2945489583.94","75345305","28.72","262344376.74","5110","70.00","7300.00","0","100.00","0.00","3354142067","8781210253.00","1429973338.00","70.00","2042819054.29","4784115405","10824029307.00"
"64","Hartford","2023","1309032202","36.75","3561992386.39","741304444","43.96","1686315841.67","1252602282","43.59","2873600096.35","72455145","42.57","170202360.82","5110","70","7300","0","100","0","3375399183","8292117985","1429769525","70","2042527892.86","4805168708","10334645878"
"64","Hartford","2022","1311021971","36.75","3567406723.81","746778191","53.07","1407156945.54","1318981963","49.78","2649622263.96","75599063","29.77","253943778.97","5110","70","7300","0","100","0","3452386298","7878137013","1444907912","70","2064154160","4897294210","9942291173"
"64","Hartford","2021","1297872049","70","1854102927.14","756952773","70","1081361104.29","1324571384","70","1892244834.29","74742255","70","106774650","5110","70","7300","0","100","0","3454143571","4934490815","1332384310","70","1903406157.14","4786527881","6837896972"
"64","Hartford","2020","921307467","36.75","2506959093.88","534967232","44.8","1194123285.71","1394152569","55.16","2527470212.11","84471778","86.26","97926939.49","13440","70","19200","0","100","0","2934912486","6326498731","1215126515","70","1735895021.43","4150039001","8062393752"
"64","Hartford","2019","917754007","35","2622154305.71","520460564","54.31","958314424.60","1368178346","65.1","2101656445.47","87216321","62.19","140241712.49","13440","70","19200","0","100","0","2893622678","5822386088","1162365107","70","1660521581.43","4055987785","7482907669"
"64","Hartford","2018","912079524","35","2605941497.14","554386925","52.09","1064224900.67","1370630144","60.5","2265581468.30","89640424","81.37","110163971.98","13440","70","19200","0","100","0","2926750457","6045931038.10","1100232145","70","1571760207.14","4026982602","7617691245.24"
"64","Hartford","2017","857450137","33.82","2535334527","614451420","56.62","1085219745.67","1425166342","66.6","2139889402.40","91637241","67.66","135437837.72","13440","70","19200","0","100","0","2988718580","6122080314.62","1074473841","70","1534962630","4063192421","7430863343"
"64","Hartford","2016","794297842","70","1134711202.86","634986070","70","907122957.14","1534662457","70","2192374938.57","33797015","70","48281450","13440","70","19200","0","100","0","2997756824","4282509748.57","1071748270","70","1531068957.14","4069505094","5813578705.71"
"64","Hartford","2015","816555540","32.21","2535099472.21","543853689","70","776933841.43","1268580892","59.07","2147589118","29231433","32.36","90331993.20","15540","70","22200","0","100","0","2658237094","5549976624.84","1050365676","70","1500522394.29","3708602770","7050499019.13"
"64","Hartford","2014","765332202","30.68","2494563892","531138290","65","817135831","1277034196","76.25","1674798946","25305238","70","36150340","15540","70","22200","0","100","0","2598825466","5022671208","1031381410","70","1473402014","3630206876","6496073222"
"64","Hartford","2013","742028731","29.93","2479213936","513994136","60","856656893","1208441805","63.99","1888485396","77910700","32.55","239356989","15540","70","22200","0","100","0","2542390912","5463735415","989950898","70","1414215569","3532341810","6877950983"
"64","Hartford","2012","718351331","29","2460107298","461453223","55","839005860","1276431523","65","1967676157","79994750","30","265058814","15540","70","22200","0","100","0","2536246367","5531870329","949496435","70","1356423479","3485742802","6888293807"
"64","Hartford","2011","716221167","29.2","2452812215.75","419429434","50","838858868","1281689522","70","1830985031.43","79646630","70","113780900","15540","70","22200","0","100","0","2497002293","5236459215.18","902922825","70","1289889750","3399925118","6526348965.18"
"63","Hampton","2024","159193250","56.48","281857737.25","0","56.82","0.00","7789760","56.82","13709538.89","0","58.51","0.00","2967858","70.00","4239797.14","17560","100.00","17560.00","169968428","299824633.00","46300632.00","70.00","66143760.00","216269060","365968393.00"
"63","Hampton","2023","157778620","70","225398028.57","0","70","0","3396550","70","4852214.29","3967490","70","5667842.86","3005820","70","4294028.57","28540","100","28540","168177020","240240655","51106890","70","73009842.86","219283910","313250498"
"63","Hampton","2022","108230930","55.07","196533375.70","0","50.95","0","2551270","50.95","5007399.41","3237200","50.95","6353680.08","2441180","70","3487400","17560","100","17560","116478140","211399415","60967330","70","87096185.71","177445470","298495601"
"63","Hampton","2021","108171680","45.71","236647735.73","0","46.6","0","2923160","46.6","6272875.54","3112750","68.13","4568838.98","2471950","70","3531357.14","17560","100","17560","116697100","251038368","54954140","70","78505914.29","171651240","329544282"
"63","Hampton","2020","107387500","48.93","219471694.26","0","49.3","0","3014560","49.3","6114726.17","3241120","49.3","6574279.92","2443200","70","3490285.71","17560","100","17560","116103940","235668546","48748160","70","69640228.57","164852100","305308775"
"63","Hampton","2019","106907230","58.47","182841166.41","0","60.86","0","3002890","60.86","4934094.64","2955290","108.83","2715510.43","2480980","70","3544257.14","17560","100","17560","115363950","194052588","34857460","70","49796371.43","150221410","243848959"
"63","Hampton","2018","106455310","70","152079014.29","0","70","0","2851850","70","4074071.43","3095220","70","4421742.86","2458070","70","3511528.57","17560","100","17560","114878010","164103917.14","32755490","70","46793557.14","147633500","210897474.29"
"63","Hampton","2017","102731445","59.89","171533553.18","0","58.48","0","1480550","58.48","2531720.25","3047070","58.48","5210448.02","2031265","70","2901807.14","31170","100","31170","109321500","182208698.59","30909435","70","44156335.71","140230935","226365034.30"
"63","Hampton","2016","101849245","63.95","159263870.21","0","59.04","0","1508630","59.04","2555267.62","3014080","59.04","5105149.05","2067295","70","2953278.57","17560","100","17560","108456810","169895125.45","31656956","70","45224222.86","140113766","215119348.31"
"63","Hampton","2015","101341500","63.37","159920309.29","0","64.37","0","1507880","64.37","2342519.81","2491690","64.37","3870887.06","2134670","70","3049528.57","17560","100","17560","107493300","169200804.73","30313071","70","43304387.14","137806371","212505191.88"
"63","Hampton","2014","101308760","70.09","144540962","0","70.09","0","1530310","70.09","2183350","2570360","70.09","3667228","2145350","70","3064786","2890","100","2890","107557670","153459215","18251981","70","26074259","125809651","179533474"
"63","Hampton","2013","100695835","70","143851193","0","70","0","1457050","70","2081500","2785810","70","3979729","2122545","70","3032207","1620","100","1620","107062860","152946249","18058710","70","25798157","125121570","178744406"
"63","Hampton","2012","128990870","85","152058081","0","85","0","2048460","85","2411371","5091000","85","5992937","2345420","70","3350600","2890","100","2890","138478640","163815879","17256502","70","24652146","155735142","188468025"
"63","Hampton","2011","127984230","76.51","167277780.68","0","83.97","0","1985240","83.97","2364225.32","5135820","83.97","6116255.81","2401090","70","3430128.57","1620","100","1620","137508000","179190010.38","16871547","70","24102210","154379547","203292220.38"
"62","Hamden","2024","3019348899","44.07","6851256861.81","520860060","44.15","1179750985.28","562442713","62.97","893191540.42","8700860","44.94","19361059.19","646560","70.00","923657.14","0","100.00","0.00","4111999092","8944484103.00","596064409.00","70.00","851520584.29","4708063501","9796004687.00"
"62","Hamden","2023","2668885804","41.26","6468458080.47","280756688","41.44","677501660.23","735289982","50.48","1456596636.29","6678490","57.77","11560481.22","502682","70","718117.14","0","100","0","3692113646","8614834974","637939038","70","911341482.86","4330052684","9526176457"
"62","Hamden","2022","2660091644","47.22","5633400347.31","279429921","54.68","511027653.62","733779988","50.59","1450444728.21","7107270","70.09","10140205.45","500312","70","714731.43","0","100","0","3680909135","7605727665","650193378","70","928847682.86","4331102513","8534575348"
"62","Hamden","2021","2654597106","49.64","5347697634.97","276601241","40.75","678776051.53","725104694","65.36","1109401306.61","7257630","70.84","10245101.64","580410","70","829157.14","0","100","0","3664141081","7146949253","626435493","70","894907847.14","4290576574","8041857100"
"62","Hamden","2020","2655927586","70","3794182265.71","272894440","70","389849200","736699075","70","1052427250","7176150","70","10251642.86","587910","70","839871.43","0","100","0","3673285161","5247550230","517613618","70","739448025.71","4190898779","5986998256"
"62","Hamden","2019","2554484119","63.23","4039987535.98","214947110","63.36","339247332.70","622708941","74.03","841157559.10","7712490","84.26","9153204.37","497360","70","710514.29","0","100","0","3400350020","5230256146","501039680","70","715770971.43","3901389700","5946027117"
"62","Hamden","2018","2551221826","63.78","4000034220.76","203394730","63.93","318152244.64","625199015","67.87","921171379.11","8882540","58.26","15246378.30","416600","70","595142.86","0","100","0","3389114711","5255199365.67","484237087","70","691767267.14","3873351798","5946966632.81"
"62","Hamden","2017","2552959030","66.16","3858765160.22","193394250","66.25","291915849.06","644093569","72.28","891108977.59","9718130","58.8","16527431.97","415500","70","593571.43","0","100","0","3400580479","5058910990.26","477642108","70","682345868.57","3878222587","5741256858.83"
"62","Hamden","2016","2555830936","68.58","3726787599.88","186588360","68.75","271401250.91","641382049","70.1","914952994.29","12789590","89.17","14342929.24","417870","70","596957.14","0","100","0","3397008805","4928081731.47","469534519","70","670763598.57","3866543324","5598845330.04"
"62","Hamden","2015","2555819816","70","3651171165.71","186401530","70","266287900","645952089","70","922788698.57","8938720","70","12769600","425640","70","608057.14","0","100","0","3397537795","4853625421.43","467778248","70","668254640","3865316043","5521880061.43"
"62","Hamden","2014","2826519906","77.16","3663193243","186062741","76.76","242395442","601077380","59.67","1007335981","8686510","76.76","11316454","336940","70","481343","0","100","0","3622683477","4924722462","457297373","70","653281961","4079980850","5578004424"
"62","Hamden","2013","2825490736","75.57","3738905301","258296160","75.49","342159438","528893185","72.82","726302094","8825844","79.19","11145150","293710","70","419586","0","100","0","3621799635","4818931569","455302670","70","650432386","4077102305","5469363955"
"62","Hamden","2012","2823059276","75","3781727094","259638890","75","347808292","524851050","72","728150735","8321880","75","11147863","614560","70","877943","0","100","0","3616485656","4869711928","450396565","70","643423664","4066882221","5513135592"
"62","Hamden","2011","2821461880","74.89","3767474803.04","253516060","74.78","339015859.86","524339803","68.83","761789630.97","8246490","74.78","11027667.83","483560","70","690800","0","100","0","3608047793","4879998761.70","446237953","70","637482790","4054285746","5517481551.70"
"61","Haddam","2024","682654000","41.52","1644157032.76","12216580","42.45","28778751.47","66844010","56.13","119087849.63","19674130","72.97","26961943.26","3272240","70.00","4674628.57","17070","100.00","17070.00","784678030","1823677276.00","224085457.00","70.00","320122081.43","1008763487","2143799357.00"
"61","Haddam","2023","680935690","44.66","1524710456.78","6894940","46.36","14872605.69","66765878","53.61","124539970.15","19732500","63.54","31055240.79","3338540","70","4769342.86","17070","100","17070","777684618","1699964687","224744391","70","321063415.71","1002429009","2021028103"
"61","Haddam","2022","676978100","48.55","1394393614.83","6189880","50","12379760","68167604","55.05","123828526.79","20124580","81.56","24674570.87","3365110","70","4807300","17070","100","17070","774842344","1560100843","227476545","70","324966492.86","1002318889","1885067336"
"61","Haddam","2021","674448330","50.21","1343254989.05","788540","50.5","1561465.35","65039922","72.91","89205763.27","19971600","78.75","25360761.90","3401530","70","4859328.57","17070","100","17070","763666992","1464259378","219956120","70","314223028.57","983623112","1778482407"
"61","Haddam","2020","671148970","70","958784242.86","788540","70","1126485.71","64505440","70","92150628.57","20307230","70","29010328.57","3489140","70","4984485.71","17070","100","17070","760256390","1086073243","200781074","70","286830105.71","961037464","1372903349"
"61","Haddam","2019","684874246","67.25","1018400365.80","647690","67.95","953186.17","58498020","67.95","86089801.32","23400890","113.91","20543314.90","2954510","70","4220728.57","18880","100","18880","770394236","1130226277","189234135","70","270334478.57","959628371","1400560756"
"61","Haddam","2018","681268096","69.65","978177605.05","647690","69.71","929165.07","58417450","69.71","83804681.52","24306670","69.71","34869935.92","2975340","70","4250485.71","18880","100","18880","767634126","1102050753.29","183414898","70","262021282.86","951049024","1364072036.14"
"61","Haddam","2017","678913372","70.74","959730523.04","683557","71.78","952294.51","57988176","71.78","80785979.38","27898230","85.1","32782878.97","2880380","70","4114828.57","18880","100","18880","768382595","1078385384.47","181525102","70","259321574.29","949907697","1337706958.76"
"61","Haddam","2016","677694150","70.95","955171458.77","534490","71.69","745557.26","57096320","71.69","79643353.33","27113120","98.83","27434098.96","2961900","70","4231285.71","18880","100","18880","765418860","1067244634.03","144400920","70","206287028.57","909819780","1273531662.60"
"61","Haddam","2015","671799700","70","959713857.14","388400","70","554857.14","57418300","70","82026142.86","29565340","70","42236200","3047400","70","4353428.57","18880","100","18880","762238020","1088903365.71","144432735","70","206332478.57","906670755","1295235844.29"
"61","Haddam","2014","699124598","72.2","968316618","519820","72.2","719972","54317280","72.2","75231690","30403500","72.2","42110111","3025270","70","4321814","6770","100","6770","787397238","1090706975","125886810","70","179838300","913284048","1270545275"
"61","Haddam","2013","694557418","74.88","927560654","515640","75.19","685783","52589230","75.19","69941787","31008020","99.08","31295943","3170460","70","4529229","6770","100","6770","781847538","1034020166","123700765","70","176715379","905548303","1210735544"
"61","Haddam","2012","690564332","75","916962332","682810","76","904025","52523430","76","69539825","30154700","103","29307707","3250510","70","4643586","6770","100","6770","777182552","1021364245","122986905","70","175695579","900169457","1197059823"
"61","Haddam","2011","685925138","73.21","936928203.80","682810","73.21","932673.13","52263970","73.21","71389113.51","33150800","70.8","46823163.84","3268140","70","4668771.43","6770","100","6770","775297628","1060748695.71","122318342","70","174740488.57","897615970","1235489184.28"
"60","Guilford","2024","3464524640","52.87","6552912124.08","12462450","53.12","23460937.50","281345140","68.98","407864801.39","30314310","75.13","40349141.49","2471770","70.00","3531100.00","0","100.00","0.00","3791118310","7028118104.00","391323429.00","70.00","559033470.00","4182441739","7587151574.00"
"60","Guilford","2023","3451419080","56.99","6056183681.35","12462450","57.43","21700243.78","290480883","60.55","479737213.87","31954500","65.39","48867563.85","2436220","70","3480314.29","0","100","0","3788753133","6609969017","382929714","70","547042448.57","4171682847","7157011466"
"60","Guilford","2022","3434740845","70","4906772635.71","9355010","70","13364300","288542250","70","412203214.29","35254985","70","50364264.29","2516310","70","3594728.57","0","100","0","3770409400","5386299143","395146130","70","564494471.43","4165555530","5950793614"
"60","Guilford","2021","2490922530","48.92","5091828556.83","4665300","49.13","9495827.40","251921293","57.09","441270437.91","15428430","60.63","25446857.99","1483250","70","2118928.57","0","100","0","2764420803","5570160609","372703338","70","532433340","3137124141","6102593949"
"60","Guilford","2020","2478288690","53.75","4610769655.81","4512200","54.13","8335858.12","249333621","57.47","433850045.24","15571070","74.35","20942932.08","1479380","70","2113400","0","100","0","2749184961","5076011891","319319889","70","456171270","3068504850","5532183161"
"60","Guilford","2019","2463266600","61.7","3992328363.05","4512200","62.02","7275395.03","246289055","58.18","423322542.11","15617680","78.94","19784241.20","1534160","70","2191657.14","0","100","0","2731219695","4444902198","297827747","70","425468210","3029047442","4870370408"
"60","Guilford","2018","2447064680","63.31","3865210361.71","4051180","63.31","6398957.51","246570501","55.68","442874721.15","19526320","79.36","24603319.72","1545590","70","2207985.71","0","100","0","2718758271","4341295345.81","269479110","70","384970157.14","2988237381","4726265502.95"
"60","Guilford","2017","2438003150","70","3482861642.86","3897790","70","5568271.43","240653604","70","343790862.86","17493850","70","24991214.29","1315000","70","1878571.43","0","100","0","2701363394","3859090562.86","271207925","70","387439892.86","2972571319","4246530455.71"
"60","Guilford","2016","2577111870","67.57","3813988264.02","3941030","67.45","5842891.03","226336060","61.49","368085965.20","16680300","87.84","18989412.57","1118560","70","1597942.86","0","100","0","2825187820","4208504475.68","263817530","70","376882185.71","3089005350","4585386661.39"
"60","Guilford","2015","2568842810","70.62","3637557080.15","3337040","70.51","4732718.76","232619700","51.48","451864219.11","16505710","78.46","21037101.71","1100680","70","1572400","0","100","0","2822405940","4116763519.73","253228135","70","361754478.57","3075634075","4478517998.30"
"60","Guilford","2014","2571970610","68.52","3753605677","3195950","68.59","4659498","211675240","70.14","301789621","18636380","88.17","21136872","1113880","70","1591257","0","100","0","2806592060","4082782925","245905495","70","351293564","3052497555","4434076490"
"60","Guilford","2013","2564342720","70","3663346743","3032020","70","4331457","210952660","70","301360943","18985810","70","27122586","1151500","70","1645000","0","100","0","2798464710","3997806729","244995925","70","349994179","3043460635","4347800907"
"60","Guilford","2012","2984081829","80","3734303378","5133250","81","6376708","237565040","84","284440900","24184140","86","28265708","1468940","70","2098486","0","100","0","3252433199","4055485180","242180595","70","345972279","3494613794","4401457459"
"60","Guilford","2011","2979006369","84.68","3517957450.40","4925680","84.79","5809269.96","238599620","84.79","281400660.46","24993680","97.23","25705728.68","1468670","70","2098100","0","100","0","3248994019","3832971209.50","241434558","70","344906511.43","3490428577","4177877720.93"
"59","Groton","2024","2768676210","45.02","6149880519.77","341398750","44.92","760015026.71","1313250200","53.74","2443710829.92","42357630","35.89","118020702.15","14098930","70.00","20141328.57","22460","100.00","22460.00","4479804180","9491790868.00","597525512.00","70.00","853607874.29","5077329692","10345398742.00"
"59","Groton","2023","2744665790","48.07","5709727043.89","304577140","43.23","704550404.81","1311351230","45.65","2872620438.12","44787820","58.69","76312523.43","14359930","70","20514185.71","22460","100","22460","4419764370","9383747056","627493947","70","896419924.29","5047258317","10280166980"
"59","Groton","2022","2729445110","54.01","5053592131.09","304730900","54.04","563898778.68","1032911812","59.9","1724393676.13","45407320","60.92","74535981.62","14043540","70","20062200","0","100","0","4126538682","7436482768","597261131","70","853230187.14","4723799813","8289712955"
"59","Groton","2021","2714990380","70","3878557685.71","236038650","70","337198071.43","1084869237","70","1549813195.71","47689257","70","68127510","13028550","70","18612214.29","0","100","0","4096616074","5852308677","582397273","70","831996104.29","4679013347","6684304781"
"59","Groton","2020","2102808900","49.82","4220812725.81","188848490","35.84","526921010.04","917711370","67.88","1351961358.28","42827470","61.74","69367460.32","11194690","70","15992414.29","0","100","0","3263390920","6185054968","522013647","70","745733781.43","3785404567","6930788749"
"59","Groton","2019","2094739470","59.69","3509364164.85","186226120","60.04","310170086.61","917582482","69.98","1311206747.64","43608320","67.81","64309570.86","10718860","70","15312657.14","0","100","0","3252875252","5210363228","488290333","70","697557618.57","3741165585","5907920847"
"59","Groton","2018","2091880660","62.1","3368567890.50","190229822","61.96","307020371.21","916715533","48.06","1907498127.67","45132730","66.11","68274306.03","9504750","70","13578214.29","0","100","0","3253463495","5664938909.69","501102594","70","715860848.57","3754566089","6380799758.26"
"59","Groton","2017","2086253690","63.05","3308887692.31","179861700","63.09","285087494.06","921351479","66.7","1381336550.22","47921440","75.41","63547858.37","9286640","70","13266628.57","13820","100","13820","3244688769","5052140043.53","491714918","70","702449882.86","3736403687","5754589926.39"
"59","Groton","2016","2080094390","70","2971563414.29","179619930","70","256599900","923191860","70","1318845514.29","50339870","70","71914100","9550130","70","13643042.86","13820","100","13820","3242810000","4632579791.43","474874780","70","678392542.86","3717684780","5310972334.29"
"59","Groton","2015","2230294550","71.98","3098492011.67","157630340","72.27","218113103.64","891324526","101.72","876252974.83","62173020","100","62173020","9698840","70","13855485.71","15830","100","15830","3351137106","4268902425.86","452083552","70","645833645.71","3803220658","4914736071.57"
"59","Groton","2014","2221093840","72.52","3062732819","158231150","72.64","217829226","899502680","73.6","1222150380","64444940","82.06","78533926","9487210","70","13553157","15860","100","15860","3352775680","4594815369","469210996","70","670301423","3821986676","5265116792"
"59","Groton","2013","2211244950","71.04","3112675887","158251940","71","222890056","977916755","76.02","1286394048","67211340","68.06","98753071","8982210","70","12831729","12170","100","12170","3423619365","4733556960","491328311","70","701897587","3914947676","5435454547"
"59","Groton","2012","2205866200","72","3076951039","158376120","72","220918008","967452895","71","1360884646","70094580","73","95548773","8710550","70","12443643","12170","100","12170","3410512515","4766758280","480793049","70","686847213","3891305564","5453605492"
"59","Groton","2011","2203773090","70","3148247271.43","158079600","70","225828000","968027254","70","1382896077.14","71321390","70","101887700","8605510","70","12293585.71","12170","100","12170","3409819014","4871164804.29","562669751","70","803813930","3972488765","5674978734.29"
"58","Griswold","2024","680563689","44.33","1535221495.60","23226146","44.65","52018244.12","51391341","40.70","126268651.11","14499800","54.60","26556410.26","2712744","70.00","3875348.57","0","100.00","0.00","772393720","1743940150.00","157690180.00","70.00","225271685.71","930083900","1969211836.00"
"58","Griswold","2023","681653266","49.6","1374300939.52","23895285","49.66","48117770.84","54312182","49.66","109368066.85","14707910","53.24","27625676.18","2719350","70","3884785.71","0","100","0","777287993","1563297240","157935120","70","225621600","935223113","1788918840"
"58","Griswold","2022","673804474","52.65","1279780577.40","25345486","53.11","47722624.74","53713037","50.98","105360998.43","15582140","64.24","24256133.25","2731211","70","3901730","0","100","0","771176348","1461022063","163928350","70","234183357.14","935104698","1695205420"
"58","Griswold","2021","669617384","70","956596262.86","15695985","70","22422835.71","53886461","70","76980658.57","15974000","70","22820000","2763711","70","3948158.57","0","100","0","757937541","1082767917","149797203","70","213996004.29","907734744","1296763921"
"58","Griswold","2020","558444256","53.61","1041679268.79","12539766","54.77","22895318.61","46325456","40.09","115553644.30","16197310","76.61","21142553.19","1812022","70","2588602.86","0","100","0","635318810","1203859388","127251566","70","181787951.43","762570376","1385647339"
"58","Griswold","2019","550089711","63.37","868060140.45","9967437","63.85","15610707.91","45660502","74.18","61553655.97","17188740","73.69","23325742.98","1800120","70","2571600","0","100","0","624706510","971121847","112144559","70","160206512.86","736851069","1131328360"
"58","Griswold","2018","547048849","63.99","854964208.80","9918281","64.57","15361699.06","44852899","75.9","59094728.59","17386350","84","20698035.71","1832432","70","2617760","0","100","0","621038811","952736432.17","104828070","70","149754385.71","725866881","1102490817.88"
"58","Griswold","2017","544788429","66.17","823316350.31","9893682","66.64","14846461.58","44752161","74.28","60247928.11","17505840","84.09","20817980.73","1865472","70","2664960","0","100","0","618805584","921893680.74","105966892","70","151381274.29","724772476","1073274955.02"
"58","Griswold","2016","541804219","70","774006027.14","9929366","70","14184808.57","44641017","70","63772881.43","17947950","70","25639928.57","1883672","70","2690960","0","100","0","616206224","880294605.71","104029920","70","148614171.43","720236144","1028908777.14"
"58","Griswold","2015","541181335","74.34","727981349.21","8974578","85.18","10536015.50","43698030","57.47","76036245","18849550","78.05","24150608.58","1382689","70","1975270","0","100","0","614086182","840679488.28","96029695","70","137185278.57","710115877","977864766.86"
"58","Griswold","2014","540340065","73.95","730682982","8955535","73.42","12197678","43307552","73.42","58986042","18968540","70.54","26890473","1353720","70","1933886","0","100","0","612925412","830691061","93259693","70","133228133","706185105","963919193"
"58","Griswold","2013","535847385","73.39","730136783","8955535","72.5","12352462","42855262","58.2","73634471","19537440","79.61","24541440","1237430","70","1767757","0","100","0","608433052","842432912","91010009","70","130014299","699443061","972447211"
"58","Griswold","2012","534308478","73","733335819","8956533","74","12167549","42933294","74","58325355","19406470","77","25278716","1452380","70","2074829","0","100","0","607057155","831182268","89044021","70","127205744","696101176","958388012"
"58","Griswold","2011","532553898","70","760791282.86","8956533","70","12795047.14","43485624","70","62122320","20663250","70","29518928.57","1179890","70","1685557.14","0","100","0","606839195","866913135.71","91349736","70","130499622.86","698188931","997412758.57"
"57","Greenwich","2024","29745420970","47.46","62674717593.76","324166460","47.60","681021974.79","4849455630","63.49","7638140856.83","144456060","40.25","358897043.48","13775720","70.00","19679600.00","0","100.00","0.00","35077274840","71372457069.00","1800777509.00","70.00","2572539298.57","36878052349","73944996368.00"
"57","Greenwich","2023","29318125950","51.02","57463986573.89","322981800","51.02","633049392.40","4830956220","52.47","9207082561.46","144865910","51.02","283939455.12","13316730","70","19023900","0","100","0","34630246610","67607081882","1826533250","70","2609333214.29","36456779860","70216415096"
"57","Greenwich","2022","28858836040","56.07","51469299161.76","314918920","56.17","560653231.26","4875705561","63.53","7674650654.81","144786880","57.78","250583039.11","13518400","70","19312000","0","100","0","34207765801","59974498087","1860848570","70","2658355100","36068614371","62632853187"
"57","Greenwich","2021","28663071630","70","40947245185.71","300738690","70","429626700","4793246283","70","6847494690","106742370","70","152489100","14295470","70","20422100","0","100","0","33878094443","48397277776","1753324203","70","2504748861.43","35631418646","50902026637"
"57","Greenwich","2020","27181709330","61.15","44450873802.13","284462500","61.19","464883967.97","4627828282","72.77","6359527665.25","95979170","60.51","158617038.51","13576150","70","19394500","0","100","0","32203555432","51453296974","1518419460","70","2169170657.14","33721974892","53622467631"
"57","Greenwich","2019","26946543520","67.86","39709023754.79","283314080","67.29","421034447.91","4601280869","71.28","6455220074.35","95580030","58.86","162385372.07","13518400","70","19312000","0","100","0","31940236899","46766975649","1499514590","70","2142163700","33439751489","48909139349"
"57","Greenwich","2018","26682058150","67.17","39723177236.86","282296140","67.06","420960542.80","4581235236","66.32","6907773275.03","66916990","54.37","123088365.68","45115980","70","64451400","0","100","0","31657622496","47239450820.37","1446172929","70","2065961327.14","33103795425","49305412147.51"
"57","Greenwich","2017","26450582770","64.82","40806206062.94","282052470","64.83","435064738.55","4601405189","66.43","6926697559.84","67788700","64.83","104563782.20","45034920","70","64335600","0","100","0","31446864049","48336867743.53","1455892495","70","2079846421.43","32902756544","50416714164.96"
"57","Greenwich","2016","26238404960","66.53","39438456275.36","291934412","66.66","437945412.54","4564353416","70.05","6515850700.93","68327280","71.42","95669672.36","45036880","70","64338400","0","100","0","31208056948","46552260461.19","1431172406","70","2044532008.57","32639229354","48596792469.77"
"57","Greenwich","2015","24943948570","70","35634212242.86","312272387","70","446103410","5546381462","70","7923402088.57","79226980","70","113181400","25252430","70","36074900","0","100","0","30907081829","44152974041.43","1417188397","70","2024554852.86","32324270226","46177528894.29"
"57","Greenwich","2014","24548703050","61.68","39800102221","261440739","61.7","423728912","4386338470","61.68","7111443693","463468460","70.87","653969889","23565500","70","33665000","0","100","0","29683516219","48022909715","1406001681","70","2008573830","31089517900","50031483545"
"57","Greenwich","2013","24419334310","62.52","39058436196","266614320","62.6","425901470","4362714496","66.35","6575304440","487277000","76.26","638968004","23245950","70","33208500","0","100","0","29559186076","46731818610","1399521820","70","1999316886","30958707896","48731135496"
"57","Greenwich","2012","24254109260","67","36113920876","335906620","67","499861042","4267223450","69","6162945479","583022860","67","876462508","6967100","70","9953000","0","100","0","29447229290","43663142904","1380656320","70","1972366171","30827885610","45635509076"
"57","Greenwich","2011","24100295660","70.54","34165431896.80","348937960","70.73","493337989.54","4252440360","85.88","4951607312.53","616771470","92.44","667212754.22","6967100","70","9953000","0","100","0","29325412550","40287542953.08","1387269514","70","1981813591.43","30712682064","42269356544.51"
"56","Granby","2024","1112011580","52.68","2110879992.41","58592100","52.56","111476598.17","62002290","52.56","117964783.11","9181190","47.86","19183430.84","3302730","70.00","4718185.71","0","100.00","0.00","1245089890","2364222990.00","164588026.00","70.00","235125751.43","1409677916","2599348741.00"
"56","Granby","2023","1108597970","57.26","1936077488.65","41553120","57.1","72772539.40","62105400","57.1","108766024.52","9909890","57.1","17355323.99","3354370","70","4791957.14","0","100","0","1225520750","2139763334","168219866","70","240314094.29","1393740616","2380077428"
"56","Granby","2022","1100306760","70","1571866800","31014130","70","44305900","61598950","70","87998500","10607800","70","15154000","3356560","70","4795085.71","0","100","0","1206884200","1724120286","168816000","70","241165714.29","1375700200","1965286000"
"56","Granby","2021","830692280","51.33","1618336801.09","16030910","51.48","31140073.82","50271830","46.13","108978603.95","10766100","69.45","15501943.84","2494490","70","3563557.14","0","100","0","910255610","1777520980","162080672","70","231543817.14","1072336282","2009064797"
"56","Granby","2020","825031580","56.81","1452264706.92","16030910","57.71","27778391.96","49652330","62.63","79278828.04","10131900","79.8","12696616.54","2464090","70","3520128.57","0","100","0","903310810","1575538673","132506693","70","189295275.71","1035817503","1764833949"
"56","Granby","2019","819024329","64.89","1262173415.01","13331080","65.1","20477849.46","49190050","65.1","75560752.69","10759590","78.52","13702992.87","2468670","70","3526671.43","0","100","0","894773719","1375441681","126375904","70","180537005.71","1021149623","1555978687"
"56","Granby","2018","813720346","63.91","1273228518.23","8801310","63.88","13777880.40","48443640","63.88","75835378.84","11101680","63.88","17378960.55","2472960","70","3532800","0","100","0","884539936","1383753538.02","119233698","70","170333854.29","1003773634","1554087392.30"
"56","Granby","2017","808866120","70","1155523028.57","5876220","70","8394600","47119310","70","67313300","10258250","70","14654642.86","2490530","70","3557900","0","100","0","874610430","1249443471.43","115755590","70","165365128.57","990366020","1414808600"
"56","Granby","2016","802444400","65.14","1231876573.53","3479560","65.55","5308253.24","45932390","96.8","47450816.12","10525030","65.55","16056491.23","1996070","70","2851528.57","0","100","0","864377450","1303543662.69","113060090","70","161514414.29","977437540","1465058076.98"
"56","Granby","2015","799650850","66.62","1200316496.55","2991870","66.76","4481530.86","44736370","66.76","67010739.96","10934390","72.76","15028023.64","2028990","70","2898557.14","0","100","0","860342470","1289735348.15","111175000","70","158821428.57","971517470","1448556776.72"
"56","Granby","2014","729384760","68.99","1057232584","4279310","69.06","6196510","41378330","69.06","59916493","10588790","60.75","17430107","70906120","70","101294457","0","100","0","856537310","1242070152","109098580","70","155855114","965635890","1397925266"
"56","Granby","2013","725703030","67.97","1067681374","4279310","67.59","6331277","41367130","67.59","61203033","10631210","60.14","17677436","70396890","70","100566986","0","100","0","852377570","1253460106","107808420","70","154012029","960185990","1407472134"
"56","Granby","2012","721498680","70","1030712400","4279310","70","6113300","41258770","70","58941100","10515680","70","15022400","71321210","70","101887443","0","100","0","848873650","1212676643","105291630","70","150416614","954165280","1363093257"
"56","Granby","2011","820207000","76.74","1068812874.64","4426730","76.82","5762470.71","45432520","76.82","59141525.64","14085680","106.54","13221024.97","78307380","70","111867685.71","0","100","0","962459310","1258805581.68","104525580","70","149322257.14","1066984890","1408127838.82"
"55","Goshen","2024","628901500","47.65","1319835257.08","133560","49.47","269981.81","20114710","49.47","40660420.46","24326873","55.48","43848004.69","6952470","70.00","9932100.00","0","100.00","0.00","680429113","1414545764.00","59470202.00","70.00","84957431.43","739899315","1499503195.00"
"55","Goshen","2023","620002370","56.67","1094057473.09","133560","58.46","228463.91","20104560","58.46","34390283.95","26012323","64.58","40279224.22","6858100","70","9797285.71","0","100","0","673110913","1178752731","65535238","70","93621768.57","738646151","1272374500"
"55","Goshen","2022","610997540","70","872853628.57","133560","70","190800","20008870","70","28584100","27222013","70","38888590","6929820","70","9899742.86","0","100","0","665291803","950416862","66082234","70","94403191.43","731374037","1044820053"
"55","Goshen","2021","466823750","49.75","938339195.98","108080","52.19","207089.48","20283270","52.19","38864284.35","30927170","74.3","41624724.09","5059880","70","7228400","0","100","0","523202150","1026263693","62656510","70","89509300","585858660","1115772993"
"55","Goshen","2020","464063280","55.73","832699228.42","108080","59.79","180766.01","20319840","59.79","33985348.72","30739520","83.31","36897755.37","5214460","70","7449228.57","0","100","0","520445180","911212327","52571410","70","75102014.29","573016590","986314341"
"55","Goshen","2019","459899610","68.85","667973289.76","108080","69.9","154620.89","20294360","69.9","29033419.17","31164230","94.44","32998972.89","5196230","70","7423185.71","0","100","0","516662510","737583489","48715005","70","69592864.29","565377515","807176353"
"55","Goshen","2018","457468560","70.57","648293856.73","155190","71.29","217688.32","20292820","71.29","28465170.43","31169660","82.84","37628611.09","5171720","70","7388171.43","0","100","0","514257950","721993498","45338845","70","64769778.57","559596795","786763276.57"
"55","Goshen","2017","453961210","70","648516014.29","155190","70","221700","20298980","70","28998542.86","32189650","70","45985214.29","5329660","70","7613800","0","100","0","511934690","731335271.43","42338430","70","60483471.43","554273120","791818742.86"
"55","Goshen","2016","432637330","66.68","648826229.75","176400","66.44","265502.71","20093590","66.44","30243211.92","31017600","59.88","51799599.20","3562650","70","5089500","0","100","0","487487570","736224043.58","41263560","70","58947942.86","528751130","795171986.44"
"55","Goshen","2015","430048600","71.08","605020540.24","176400","70.48","250283.77","19564220","70.48","27758541.43","31778790","59.91","53044216.32","3418090","70","4882985.71","0","100","0","484986100","690956567.47","39866310","70","56951871.43","524852410","747908438.90"
"55","Goshen","2014","427950510","68.93","620847976","176400","68.92","255949","19651050","68.92","28512841","33057580","90","36730644","3276700","70","4681000","0","100","0","484112240","691028411","39400080","70","56285829","523512320","747314239"
"55","Goshen","2013","424614390","70.8","599737839","176400","70","252000","19801710","70","28288157","33637780","65.96","50997241","3230630","70","4615186","0","100","0","481460910","683890423","39230220","70","56043171","520691130","739933594"
"55","Goshen","2012","422469720","70","603528171","176400","70","252000","19902600","70","28432286","33634630","70","48049471","3319640","70","4742343","0","100","0","479502990","685004271","38648180","70","55211686","518151170","740215957"
"55","Goshen","2011","506268020","85.12","594769760.34","197470","86.23","229003.83","22544400","86.23","26144497.27","42690390","89.7","47592408.03","3719510","70","5313585.71","0","100","0","575419790","674049255.18","38666215","70","55237450","614086005","729286705.18"
"54","Glastonbury","2024","3934275870","51.87","7584877327.94","111761600","51.92","215257318.95","688673000","65.95","1044235026.54","33954711","54.70","62074425.96","2335969","70.00","3337098.57","0","100.00","0.00","4771001150","8909781199.00","647112995.00","70.00","924447135.71","5418114145","9834228335.00"
"54","Glastonbury","2023","3923534670","54.55","7192547516.04","111528600","54.66","204040614.71","691444320","54.59","1266613518.96","37030600","65.48","56552535.13","2424700","70","3463857.14","0","100","0","4765962890","8723218042","652856148","70","932651640","5418819038","9655869682"
"54","Glastonbury","2022","3886978380","70","5552826257.14","111528600","70","159326571.43","689454720","70","984935314.29","39287400","70","56124857.14","2458900","70","3512714.29","0","100","0","4729708000","6756725713","658041957","70","940059938.57","5387749957","7696785652"
"54","Glastonbury","2021","3068707870","52.09","5891165041.27","79213500","52.38","151228522.34","645497250","56.73","1137841089.37","31155800","72.51","42967590.68","2856570","70","4080814.29","0","100","0","3827430990","7227283057","626931254","70","895616077.14","4454362244","8122899134"
"54","Glastonbury","2020","3036835500","59.12","5136731224.63","79164100","59.44","133183209.96","638208850","69.86","913554036.64","33229100","81.82","40612441.95","2955570","70","4222242.86","0","100","0","3790393120","6228303157","522814401","70","746877715.71","4313207521","6975180873"
"54","Glastonbury","2019","3010636600","65.7","4582399695.59","79188100","65.74","120456495.28","633547750","61.93","1023006216.70","36487900","84.94","42957263.95","2903200","70","4147428.57","0","100","0","3762763550","5772967101","513365765","70","733379664.29","4276129315","6506346765"
"54","Glastonbury","2018","2983781132","67.22","4438829413.86","79180000","67.34","117582417.58","627105800","74.6","840624396.78","40903200","66.5","61513196.48","2928600","70","4183714.29","0","100","0","3733898732","5462733139","491509745","70","702156778.57","4225408477","6164889917.57"
"54","Glastonbury","2017","2957052830","70","4224361185.71","69223400","70","98890571.43","629089600","70","898699428.57","42653700","70","60933857.14","2949800","70","4214000","0","100","0","3700969330","5287099042.86","478470057","70","683528652.86","4179439387","5970627695.71"
"54","Glastonbury","2016","2850377770","65.84","4329249346.90","36186640","65.66","55112153.52","569270640","54.81","1038625506.29","42754100","58.16","73511176.07","2030100","70","2900142.86","0","100","0","3500619250","5499398325.64","469403608","70","670576582.86","3970022858","6169974908.49"
"54","Glastonbury","2015","2828868620","67.2","4209625922.62","26943540","67.18","40106490.03","571929050","55.9","1023128890.88","43790700","95.42","45892580.17","2023600","70","2890857.14","0","100","0","3473555510","5321644740.84","442046169","70","631494527.14","3915601679","5953139267.98"
"54","Glastonbury","2014","2806790150","65.71","4271480977","26994810","65.58","41163175","563705310","62.86","896763140","45062900","61.82","72893724","2005100","70","2864429","0","100","0","3444558270","5285165444","427373826","70","610534037","3871932096","5895699482"
"54","Glastonbury","2013","2790405820","65.02","4291611535","26967110","65.11","41417770","552583050","73.79","748858992","39516800","63.33","62398231","2051200","70","2930286","0","100","0","3411523980","5147216814","421618332","70","602311903","3833142312","5749528717"
"54","Glastonbury","2012","2775267720","70","3964668171","26720170","70","38171671","553015820","70","790022600","40504000","70","57862857","2108960","70","3012800","0","100","0","3397616670","4853738100","411439938","70","587771340","3809056608","5441509440"
"54","Glastonbury","2011","3217883980","75.91","4239077829.01","20670800","75.98","27205580.42","554087100","62.73","883288857.01","0","79.9","0","2014500","70","2877857.14","0","100","0","3794656380","5152450123.57","413379125","70","590541607.14","4208035505","5742991730.72"
"53","Franklin","2024","181594140","59.56","304892780.39","1761060","60.11","2929728.83","56624160","60.11","94200898.35","13629070","60.11","22673548.49","2281720","70.00","3259600.00","0","100.00","0.00","255890150","427956555.00","66658577.00","70.00","95226538.57","322548727","523183094.00"
"53","Franklin","2023","180089680","70","257270971.43","1761060","70","2515800","53651960","70","76645657.14","13299610","70","18999442.86","2287940","70","3268485.71","0","100","0","251090250","358700357","69312629","70","99018041.43","320402879","457718398"
"53","Franklin","2022","127917870","48.66","262880949.45","940860","48","1960125","43271205","48","90148343.75","9897120","48","20619000","1626580","70","2323685.71","0","100","0","183653635","377932104","66281672","70","94688102.86","249935307","472620207"
"53","Franklin","2021","126034240","48.62","259223035.79","940340","49.81","1887853.84","43088265","49.81","86505249.95","9896050","71.63","13815510.26","1638860","70","2341228.57","0","100","0","181597755","363772879","60942730","70","87061042.86","242540485","450833922"
"53","Franklin","2020","124172610","59.47","208798738.86","940340","61.18","1537005.56","42456777","61.18","69396497.22","9460610","61.61","15355640.32","1700240","70","2428914.29","0","100","0","178730577","297516796","55321920","70","79031314.29","234052497","376548110"
"53","Franklin","2019","123398750","64.67","190812973.56","940340","65.76","1429957.42","42386470","65.76","64456310.83","9609190","80.55","11929472.38","1720320","70","2457600","0","100","0","178055070","271086314","56363020","70","80518600","234418090","351604914"
"53","Franklin","2018","122071420","70","174387742.86","697660","70","996657.14","42552450","70","60789214.29","9575970","70","13679957.14","1730910","70","2472728.57","0","100","0","176628410","252326300","55527940","70","79325628.57","232156350","331651928.57"
"53","Franklin","2017","109788720","59.42","184767283.74","832140","59.42","1400437.56","37820892","59.42","63650104.34","9330600","59.43","15700151.44","2015080","70","2878685.71","0","100","0","159787432","268396662.80","54470310","70","77814728.57","214257742","346211391.37"
"53","Franklin","2016","109408120","60.6","180541452.15","989051","60.95","1622725.18","37766250","60.95","61962674.32","9330470","60.95","15308400.33","1996290","70","2851842.86","0","100","0","159490181","262287094.84","43029680","70","61470971.43","202519861","323758066.27"
"53","Franklin","2015","109194890","63.74","171312974.58","1088000","63.18","1722063.94","36869200","63.18","58355808.80","9416070","63.18","14903561.25","1990070","70","2842957.14","0","100","0","158558230","249137365.73","44741870","70","63916957.14","203300100","313054322.87"
"53","Franklin","2014","108121080","60.08","179961851","812830","66.42","1223773","35995130","66.42","54193210","10190770","66.42","15342924","1574750","70","2249643","0","100","0","156694560","252971400","34742380","70","49631971","191436940","302603372"
"53","Franklin","2013","107547190","70","153638843","610940","70","872771","35216760","70","50309657","10569960","70","15099943","1353460","70","1933514","0","100","0","155298310","221854729","33877690","70","48396700","189176000","270251429"
"53","Franklin","2012","129145980","78","165699230","1170970","78","1502399","38083356","78","48862402","12349330","91","13532029","1922810","70","2746871","0","100","0","182672446","232342932","32432889","70","46332699","215105335","278675631"
"53","Franklin","2011","128833280","75.32","171047902.28","1344210","75.33","1784428.51","37900086","84.96","44609329.10","12416360","75.33","16482623.12","1864170","70","2663100","0","100","0","182358106","236587383.02","30057990","70","42939985.71","212416096","279527368.73"
"52","Farmington","2024","2925926612","50.39","5806562040.09","143708180","50.41","285078714.54","863929513","50.41","1713805818.29","19700785","58.25","33821090.13","154190","70.00","220271.43","0","100.00","0.00","3953419280","7839487934.00","585598962.00","70.00","836569945.71","4539018242","8676057880.00"
"52","Farmington","2023","2919811560","53.89","5418095305.25","122200540","54.07","226004327.72","871666403","56.52","1542226473.81","20201005","55.14","36635845.12","177200","70","253142.86","0","100","0","3934056708","7223215095","574695610","70","820993728.57","4508752318","8044208824"
"52","Farmington","2022","2898912070","70","4141302957.14","119280840","70","170401200","874210279","70","1248871827.14","20365380","70","29093400","181830","70","259757.14","0","100","0","3912950399","5589929141","581524089","70","830748698.57","4494474488","6420677840"
"52","Farmington","2021","2254897160","51.89","4345533166.31","76252360","51.92","146865100.15","894116764","59.48","1503222535.31","22775842","46.5","48980305.38","194470","70","277814.29","0","100","0","3248236596","6044878920","549005137","70","784293052.86","3797241733","6829171973"
"52","Farmington","2020","2244784010","58.94","3808591805.23","74446800","59.06","126052827.63","899483408","50.9","1767157972.50","22743760","75.4","30164137.93","200250","70","286071.43","0","100","0","3241658228","5732252815","491699192","70","702427417.14","3733357420","6434680232"
"52","Farmington","2019","2232750090","66.36","3364602305.61","71688440","66.21","108274339.22","894973870","64.6","1385408467.49","22822960","62.53","36499216.38","197320","70","281885.71","0","100","0","3222432680","4895066214","477763017","70","682518595.71","3700195697","5577584810"
"52","Farmington","2018","2227900360","67.17","3316808634.81","50882610","67.15","75774549.52","896972330","69.12","1297796903.71","23757490","56.88","41767739.10","184130","70","263042.86","0","100","0","3199696920","4732410869.99","467772395","70","668246278.57","3667469315","5400657148.56"
"52","Farmington","2017","2221727190","70","3173895985.71","51803940","70","74005628.57","896466930","70","1280667042.86","22500380","70","32143400","186690","70","266700","0","100","0","3192685130","4560978757.14","462892894","70","661275562.86","3655578024","5222254320"
"52","Farmington","2016","2271751210","67.12","3384611457.09","66762314","67.09","99511572.51","771593286","58.65","1315589575.45","30397870","75.16","40444212.35","207890","70","296985.71","0","100","0","3140712570","4840453803.12","456878344","70","652683348.57","3597590914","5493137151.69"
"52","Farmington","2015","2263150980","67.91","3332573965.54","66632594","67.91","98118972.17","774948911","63.06","1228907248.65","27210510","73.5","37021102.04","258890","70","369842.86","0","100","0","3132201885","4696991131.26","442776338","70","632537625.71","3574978223","5329528756.98"
"52","Farmington","2014","2248445530","67.37","3337458112","31802820","67.37","47206205","813948770","73.8","1102911612","9075150","67.37","13470610","358040","70","511486","0","100","0","3103630310","4501558025","429416095","70","613451564","3533046405","5115009589"
"52","Farmington","2013","2235453350","67.34","3319651544","0","67.31","0","835870475","65.18","1282403306","9075150","72.31","12550339","447990","70","639986","0","100","0","3080846965","4615245175","419477773","70","599253961","3500324738","5214499137"
"52","Farmington","2012","2220649300","70","3172356143","0","70","0","845688230","70","1208126043","8706600","70","12438000","320170","70","457386","0","100","0","3075364300","4393377571","400070840","70","571529771","3475435140","4964907343"
"52","Farmington","2011","2476205832","76.31","3244929671.08","76466340","76.07","100521020.11","782958486","56.86","1376993468.17","9122750","70","13032500","214620","70","306600","0","100","0","3344968028","4735783259.36","404714690","70","578163842.86","3749682718","5313947102.22"
"51","Fairfield","2024","9399576173","42.77","21977031033.43","78329790","42.86","182757326.18","1395701164","46.60","2995066875.54","60127320","40.35","149014423.79","1330061","70.00","1900087.14","0","100.00","0.00","10935064508","25305769746.00","1153501925.00","70.00","1647859892.86","12088566433","26953629639.00"
"51","Fairfield","2023","9345880253","46.2","20229178036.80","64172850","46.33","138512518.89","1398654242","62.24","2247195118.89","62900650","49.71","126535204.18","1331791","70","1902558.57","0","100","0","10872939786","22743323438","1104832577","70","1578332252.86","11977772363","24321655691"
"51","Fairfield","2022","9277824064","51.42","18043220661.22","50936200","51.53","98847661.56","1389592224","58.15","2389668484.95","77524410","60.88","127339701.05","1342000","70","1917142.86","0","100","0","10797218898","20660993652","1129992908","70","1614275582.86","11927211806","22275269235"
"51","Fairfield","2021","9211769994","54.54","16889933982.40","41924750","54.58","76813393.18","1398133080","59.43","2352571226.65","79989280","57.34","139499965.12","1329230","70","1898900","0","100","0","10733146334","19460717467","1064256450","70","1520366357.14","11797402784","20981083824"
"51","Fairfield","2020","9168867482","70","13098382117.14","26956510","70","38509300","1377839965","70","1968342807.14","81708090","70","116725842.86","1067730","70","1525328.57","0","100","0","10656439777","15223485396","895302630","70","1279003757.14","11551742407","16502489153"
"51","Fairfield","2019","8995706375","66.76","13474694989.51","14982240","66.86","22408375.71","1127454580","68.14","1654614881.13","74274760","80.25","92554218.07","1095280","70","1564685.71","0","100","0","10213513235","15245837151","869881450","70","1242687785.71","11083394685","16488524937"
"51","Fairfield","2018","8942293645","66.48","13451103557.46","13835640","66.32","20861942.10","1100895180","56.76","1939561627.91","80852030","64.82","124733153.35","1681730","70","2402471.43","0","100","0","10139558225","15538662752.24","831908282","70","1188440402.86","10971466507","16727103155.10"
"51","Fairfield","2017","8889123345","66.45","13377160790.07","10723650","66.4","16150075.30","1071812490","60.06","1784569580.42","82566540","67.19","122885161.48","1687590","70","2410842.86","0","100","0","10055913615","15303176450.13","815716702","70","1165309574.29","10871630317","16468486024.41"
"51","Fairfield","2016","8811021985","66.57","13235724778.43","10533180","66.66","15801350.14","1122295041","76.36","1469742065.22","87787420","75.4","116428938.99","1783400","70","2547714.29","0","100","0","10033421026","14840244847.06","817472301","70","1167817572.86","10850893327","16008062419.92"
"51","Fairfield","2015","8754097410","70","12505853442.86","8884190","70","12691700","1102264170","70","1574663100","96076050","70","137251500","1755730","70","2508185.71","0","100","0","9963077550","14232967928.57","813500924","70","1162144177.14","10776578474","15395112105.71"
"51","Fairfield","2014","8988485003","67.15","13385681315","8315720","67.24","12367222","1121432060","74.14","1512587079","86007100","57.82","148749741","1972960","70","2818514","0","100","0","10206212843","15062203870","775749072","70","1108212960","10981961915","16170416830"
"51","Fairfield","2013","8938708811","67.3","13281885306","6511610","67.24","9684131","1123599890","64.53","1741205470","91187260","45.88","198751657","1962750","70","2803929","0","100","0","10161970321","15234330493","759383242","70","1084833203","10921353563","16319163696"
"51","Fairfield","2012","8925311995","69","12974723063","6511610","69","9467302","1127713893","58","1957496777","96618490","66","145400286","1973380","70","2819114","0","100","0","10158129368","15089906541","739029893","70","1055756990","10897159261","16145663531"
"51","Fairfield","2011","8908527455","70.98","12550757192.17","6511610","70.91","9182922.01","1126799533","62.75","1795696466.93","98507710","69.62","141493407.07","2163150","70","3090214.29","0","100","0","10142509458","14500220202.47","723670392","70","1033814845.71","10866179850","15534035048.18"
"50","Essex","2024","1132886230","54.57","2076023877.59","7771600","54.39","14288656.00","162702400","55.02","295715012.72","16602500","54.39","30524912.67","599100","70.00","855857.14","0","100.00","0.00","1320561830","2417408317.00","136420350.00","70.00","194886214.29","1456982180","2612294531.00"
"50","Essex","2023","1133861462","70","1619802088.57","7771600","70","11102285.71","162494800","70","232135428.57","18149000","70","25927142.86","599100","70","855857.14","0","100","0","1322875962","1889822804","135276450","70","193252071.43","1458152412","2083074875"
"50","Essex","2022","816082330","44.88","1818365262.92","6523700","45.46","14350417.95","142842300","53.96","264718865.83","14502200","39.71","36520271.97","600400","70","857714.29","0","100","0","980550930","2134812533","138229176","70","197470251.43","1118780106","2332282784"
"50","Essex","2021","810025080","45.16","1793678210.81","6353600","46.38","13699008.19","142194200","48.53","293002678.76","14207600","62.08","22885953.61","615800","70","879714.29","0","100","0","973396280","2124145566","131469659","70","187813798.57","1104865939","2311959365"
"50","Essex","2020","816914580","56.44","1447403579.02","0","56.79","0","151316400","76.58","197592582.92","0","68.47","0","621100","70","887285.71","0","100","0","968852080","1645883448","114262718","70","163232454.29","1083114798","1809115902"
"50","Essex","2019","813786290","63.78","1275927077.45","0","63.7","0","150388000","63.27","237692429.27","0","63.7","0","561000","70","801428.57","0","100","0","964735290","1514420935","107798049","70","153997212.86","1072533339","1668418148"
"50","Essex","2018","808265690","70","1154665271.43","0","70","0","149687900","70","213839857.14","0","70","0","566600","70","809428.57","0","100","0","958520190","1369314557.14","104376510","70","149109300","1062896700","1518423857.14"
"50","Essex","2017","801226100","67.41","1188586411.51","33600","67.41","49844.24","144970020","63","230111142.86","0","68.8","0","541500","70","773571.43","0","100","0","946771220","1419520970.03","103666810","70","148095442.86","1050438030","1567616412.89"
"50","Essex","2016","799705140","66.73","1198419211.75","0","66.73","0","144541520","66.73","216606503.82","0","58.63","0","560300","70","800428.57","33600","100","33600","944840560","1415859744.14","100003868","70","142862668.57","1044844428","1558722412.71"
"50","Essex","2015","797765190","68.32","1167689095.43","0","68.6","0","144141620","82.15","175461497.26","0","54.02","0","556000","70","794285.71","34500","100","34500","942497310","1343979378.41","98153391","70","140219130","1040650701","1484198508.41"
"50","Essex","2014","798463730","67.11","1189783534","0","66.96","0","143646820","60.85","236067083","0","62.15","0","559600","70","799429","37100","100","37100","942707250","1426687146","94299920","70","134714171","1037007170","1561401317"
"50","Essex","2013","795008320","70","1135726171","0","70","0","145463800","70","207805429","0","70","0","537000","70","767143","36000","100","36000","941045120","1344334743","90682191","70","129545987","1031727311","1473880730"
"50","Essex","2012","875267470","76","1150003245","0","76","0","156415770","72","218001073","0","77","0","529700","70","756714","54500","100","54500","1032267440","1368815533","87533856","70","125048366","1119801296","1493863898"
"50","Essex","2011","874856700","76.53","1143155233.24","0","76.98","0","156452770","76.98","203238204.73","0","76.98","0","607100","70","867285.71","49900","100","49900","1031966470","1347310623.68","88400566","70","126286522.86","1120367036","1473597146.54"
"49","Enfield","2024","2284884711","48.64","4697542580.18","108833100","48.65","223706269.27","601854390","42.71","1409165043.32","33642865","65.52","51347474.05","5547638","70.00","7925197.14","0","100.00","0.00","3034762704","6389686563.00","655092393.00","70.00","935846275.71","3689855097","7325532839.00"
"49","Enfield","2023","2287113426","51.31","4457441874.88","108205700","51.3","210927290.45","605539622","46","1316390482.61","32928465","78.74","41819234.19","5807633","70","8296618.57","0","100","0","3039594846","6034875501","678929904","70","969899862.86","3718524750","7004775364"
"49","Enfield","2022","2277469695","56.28","4046676785.71","107240700","56.37","190244278.87","606842726","61","994824140.98","31188664","56.37","55328479.69","4825416","70","6893451.43","0","100","0","3027567201","5293967137","692136858","70","988766940","3719704059","6282734077"
"49","Enfield","2021","2271027291","70","3244324701.43","107217400","70","153167714.29","570134175","70","814477392.86","36963853","70","52805504.29","5420291","70","7743272.86","0","100","0","2990763010","4272518585","686693076","70","980990108.57","3677456086","5253508694"
"49","Enfield","2020","1794870490","52.93","3391026808.99","88840450","53.12","167244823.04","540904570","74.07","730261333.87","27103080","96.13","28194195.36","5155930","70","7365614.29","0","100","0","2456874520","4324092775","554582690","70","792260985.71","3011457210","5116353761"
"49","Enfield","2019","1789009990","61.07","2929441607.99","88309200","61.14","144437684","519740780","63.22","822114489.09","22740350","82.01","27728752.59","5696510","70","8137871.43","0","100","0","2425496830","3931860405","517206917","70","738867024.29","2942703747","4670727429"
"49","Enfield","2018","1786644360","63.8","2800383009.40","81482380","63.9","127515461.66","534243950","72.83","733549292.87","24207260","63.9","37883035.99","5705610","70","8150871.43","0","100","0","2432283560","3707481671.36","500221660","70","714602371.43","2932505220","4422084042.79"
"49","Enfield","2017","1769980080","64.21","2756548948.76","76085370","64.3","118328724.73","543461855","68.32","795465244.44","22335620","64.3","34736578.54","5683210","70","8118871.43","0","100","0","2417546135","3713198367.89","485650175","70","693785964.29","2903196310","4406984332.18"
"49","Enfield","2016","1782076270","70","2545823242.86","71714090","70","102448700","525504100","70","750720142.86","22905290","70","32721842.86","5765730","70","8236757.14","0","100","0","2407965480","3439950685.71","485988969","70","694269955.71","2893954449","4134220641.43"
"49","Enfield","2015","1792984417","70.09","2558117302.04","59899810","70.32","85181754.84","539630790","78.1","690948514.72","22854730","70.32","32501038.11","5989960","70","8557085.71","0","100","0","2421359707","3375305695.43","480792046","70","686845780","2902151753","4062151475.43"
"49","Enfield","2014","1790467940","71.42","2506955951","53480990","71.28","75029447","543240851","61.72","880169882","26683760","71.28","37435129","5838260","70","8340371","0","100","0","2419711801","3507930780","458973772","70","655676817","2878685573","4163607597"
"49","Enfield","2013","1788952960","72.23","2476745064","53501380","72.22","74081113","535356391","62.27","859734047","27328650","72.22","37840834","5984310","70","8549014","0","100","0","2411123691","3456950072","441620461","70","630886373","2852744152","4087836445"
"49","Enfield","2012","1787129850","70","2546131714","53506370","70","76252487","545805291","68","799480432","27467390","67","40752804","6005920","70","8579886","0","100","0","2419914821","3471197323","427130096","70","610185851","2847044917","4081383174"
"49","Enfield","2011","1786149240","70","2551641771.43","53675050","70","76678642.86","543680090","70","776685842.86","28184240","70","40263200","6090500","70","8700714.29","0","100","0","2417779120","3453970171.43","425749047","70","608212924.29","2843528167","4062183095.71"
"48","Ellington","2024","1028827140","41.61","2472547801.01","115682850","41.89","276158629.74","135884960","41.89","324385199.33","3552570","51.47","6902214.88","7248010","70.00","10354300.00","0","100.00","0.00","1291195530","3090348145.00","264763940.00","70.00","378234200.00","1555959470","3468582345.00"
"48","Ellington","2023","1030617950","45.99","2240960969.78","115682850","46.6","248246459.23","130793570","46.6","280672897","3918330","60.26","6502373.05","7300720","70","10429600","0","100","0","1288313420","2786812299","273105120","70","390150171.43","1561418540","3176962470"
"48","Ellington","2022","1026272240","48.85","2100864360.29","118086950","49.46","238752426.20","129001210","58.36","221043882.80","3190660","68.25","4674959.71","7386420","70","10552028.57","0","100","0","1283937480","2575887658","284023980","70","405748542.86","1567961460","2981636201"
"48","Ellington","2021","1020328740","53.97","1890547971.10","123075740","54.22","226993249.72","128636050","54.22","237248340.10","4027810","66.71","6037790.44","7385350","70","10550500","0","100","0","1283453690","2371377851","274791840","70","392559771.43","1558245530","2763937622"
"48","Ellington","2020","1014001510","70","1448573585.71","123156730","70","175938185.71","127868560","70","182669371.43","3617640","70","5168057.14","7452679","70","10646684.29","0","100","0","1276097119","1822995884","227151509","70","324502155.71","1503248628","2147498040"
"48","Ellington","2019","1004899893","66.69","1506822451.64","96043030","66.73","143927813.58","107795315","66.73","161539509.97","2985900","62.84","4751591.34","7274410","70","10392014.29","0","100","0","1218998548","1827433381","212331143","70","303330204.29","1431329691","2130763585"
"48","Ellington","2018","995789783","67.92","1466121588.63","98706740","67.93","145306550.86","96999230","67.93","142792919.18","2978150","67.93","4384145.44","20151540","70","28787914.29","0","100","0","1214625443","1787393118.41","199827792","70","285468274.29","1414453235","2072861392.69"
"48","Ellington","2017","987073541","68.87","1433241674.17","94203260","68.78","136963157.89","89401390","68.78","129981666.18","2983670","68.78","4337990.70","20111740","70","28731057.14","0","100","0","1193773601","1733255546.08","191740080","70","273914400","1385513681","2007169946.08"
"48","Ellington","2016","976403082","68.14","1432936721.46","88183920","68.14","129415791.02","94055760","68.14","138033108.31","2942120","73.67","3993647.35","7371840","70","10531200","0","100","0","1168956722","1714910468.13","185614684","70","265163834.29","1354571406","1980074302.41"
"48","Ellington","2015","963344185","70","1376205978.57","83314960","70","119021371.43","94638810","70","135198300","2913140","70","4161628.57","7474730","70","10678185.71","0","100","0","1151685825","1645265464.29","176561997","70","252231424.29","1328247822","1897496888.57"
"48","Ellington","2014","974809323","69.7","1398578656","64030610","69.7","91866011","94173780","69.7","135113027","3102570","69.7","4451320","5602260","70","8003229","0","100","0","1141718543","1638012243","170377126","70","243395894","1312095669","1881408137"
"48","Ellington","2013","964349956","68.49","1408015704","60052720","68.42","87770710","93759130","68.42","137034683","2918260","68.42","4265215","5800870","70","8286957","0","100","0","1126880936","1645373270","165840253","70","236914647","1292721189","1882287917"
"48","Ellington","2012","953510216","71","1337884406","59866795","71","84023572","91946330","71","129047481","3247630","62","5226312","5903520","70","8433600","0","100","0","1114474491","1564615370","157534446","70","225049209","1272008937","1789664579"
"48","Ellington","2011","944935292","70.95","1331832687.81","55990443","70.64","79261669.03","90765850","70.64","128490727.63","3153280","64.31","4903249.88","5972090","70","8531557.14","0","100","0","1100816955","1553019891.49","155953049","70","222790070","1256770004","1775809961.49"
"47","East Windsor","2024","772032395","56.24","1372746079.30","70509632","56.29","125261382.13","325377831","58.63","554968157.94","11156090","74.62","14950536.05","6739330","70.00","9627614.29","0","100.00","0.00","1185815278","2077553769.00","325083193.00","70.00","464404561.43","1510898471","2541958330.00"
"47","East Windsor","2023","778616649","70","1112309498.57","71267960","70","101811371.43","325811855","70","465445507.14","6727520","70","9610742.86","6246060","70","8922942.86","0","100","0","1188670044","1698100063","277683426","70","396690608.57","1466353470","2094790672"
"47","East Windsor","2022","501415830","44.96","1115248732.21","48847490","45.37","107664734.41","249666974","53.87","463461989.98","11531750","68.18","16913684.36","3687130","70","5267328.57","0","100","0","815149174","1708556469","230532196","70","329331708.57","1045681370","2037888178"
"47","East Windsor","2021","498270920","47.25","1054541629.63","46915310","47.45","98873150.68","245588135","49.63","494838071.73","11913170","87.39","13632189.04","3649100","70","5213000","0","100","0","806336635","1667098042","212753643","70","303933775.71","1019090278","1971031818"
"47","East Windsor","2020","493698070","55.27","893247819.79","46425610","56.28","82490422.89","236369562","63.59","371708699.48","12357510","75.15","16443792.42","3832340","70","5474771.43","0","100","0","792683092","1369365505","200777420","70","286824885.71","993460512","1656190391"
"47","East Windsor","2019","489046590","64.03","763777276.28","42465710","63.49","66885667.03","236895440","57.59","411348220.18","12739780","50.44","25257295.80","3618700","70","5169571.43","0","100","0","784766220","1272438030","185424101","70","264891572.86","970190321","1537329603"
"47","East Windsor","2018","480776210","64.46","745852016.75","40961440","64.46","63545516.60","240974070","58.84","409541247.45","13082027","71.29","18350437.65","3649080","70","5212971.43","0","100","0","779442827","1242502189.88","175909201","70","251298858.57","955352028","1493801048.45"
"47","East Windsor","2017","475897754","70","679853934.29","40961440","70","58516342.86","255989474","70","365699248.57","13503811","70","19291158.57","3717860","70","5311228.57","0","100","0","790070339","1128671912.86","169375232","70","241964617.14","959445571","1370636530"
"47","East Windsor","2016","502638670","66.54","755393252.18","38286830","67.32","56872890.67","250767310","83.67","299709943.83","6732440","67.32","10000653.59","3653000","70","5218571.43","0","100","0","802078250","1127195311.70","168062095","70","240088707.14","970140345","1367284018.84"
"47","East Windsor","2015","500823690","68.86","727307130.41","38444230","69.33","55451074.57","252336070","77.33","326310707.36","6834130","84.09","8127161.37","3519440","70","5027771.43","0","100","0","801957560","1122223845.14","161210630","70","230300900","963168190","1352524745.14"
"47","East Windsor","2014","498503110","67.35","740167944","38444230","67.53","56929113","252211587","69.88","360920989","6386180","84.87","7524661","3526590","70","5037986","0","100","0","799071697","1170580692","153766934","70","219667049","952838631","1390247741"
"47","East Windsor","2013","496764420","67.59","734967332","38513760","67.6","56973018","253650850","71.62","354162036","6370270","65.12","9782356","3258580","70","4655114","0","100","0","798557880","1160539856","155124550","70","221606500","953682430","1382146356"
"47","East Windsor","2012","494781398","70","706830569","38580960","70","55115657","241397550","70","344853643","5652042","70","8074346","3304820","70","4721171","0","100","0","783716770","1119595386","147912492","70","211303560","931629262","1330898946"
"47","East Windsor","2011","616143175","82.12","750296121.53","30528720","82.12","37175742.82","274206351","98.34","278835012.20","18697455","67.4","27741031.16","2227010","70","3181442.86","0","100","0","941802711","1097229350.56","151272757","70","216103938.57","1093075468","1313333289.13"
"46","Easton","2024","1329034390","47.90","2774602066.81","0","48.02","0.00","41428820","48.02","86274094.13","2334640","61.72","3782631.24","1821440","70.00","2602057.14","0","100.00","0.00","1374619290","2867260849.00","123560263.00","70.00","176514661.43","1498179553","3043775510.00"
"46","Easton","2023","1323239700","52.01","2544202461.07","0","52.23","0","41467880","52.23","79394753.97","4288130","57.75","7425333.33","1848710","70","2641014.29","0","100","0","1370844420","2633663562","134284314","70","191834734.29","1505128734","2825498296"
"46","Easton","2022","1316928240","55.76","2361779483.50","0","55.76","0","41212350","55.76","73910240.32","4288130","59.62","7192435.42","1851020","70","2644314.29","0","100","0","1364279740","2445526473","134523280","70","192176114.29","1498803020","2637702587"
"46","Easton","2021","1310072570","70","1871532242.86","0","70","0","41266260","70","58951800","4288130","70","6125900","1880280","70","2686114.29","0","100","0","1357507240","1939296057","125354800","70","179078285.71","1482862040","2118374343"
"46","Easton","2020","1155481850","59.08","1955791892.35","0","59.4","0","34639300","59.4","58315319.87","6161820","89.99","6847227.47","1244800","70","1778285.71","0","100","0","1197527770","2022732725","101519997","70","145028567.14","1299047767","2167761292"
"46","Easton","2019","1153118840","70.71","1630771941.73","0","70.89","0","34403340","70.89","48530596.70","6189580","90.18","6863583.94","1251060","70","1787228.57","0","100","0","1194962820","1687953352","98889705","70","141271007.14","1293852525","1829224359"
"46","Easton","2018","1149528360","74.05","1552367805.54","0","74.07","0","34471050","74.07","46538477.12","6238980","74.1","8419872.13","1286640","70","1838057.14","0","100","0","1191525030","1609164211.92","93382338","70","133403340","1284907368","1742567551.92"
"46","Easton","2017","1147017680","72.42","1583841038.39","0","72.19","0","35152900","72.19","48694971.60","6313970","55.09","11461190.78","1037190","70","1481700","0","100","0","1189521740","1645478900.77","93935469","70","134193527.14","1283457209","1779672427.91"
"46","Easton","2016","1143135730","70","1633051042.86","0","70","0","35220350","70","50314785.71","6408610","70","9155157.14","1042310","70","1489014.29","0","100","0","1185807000","1694010000","94429358","70","134899082.86","1280236358","1828909082.86"
"46","Easton","2015","1199357520","70.12","1710435710.21","0","71.37","0","34700850","71.37","48621059.27","8491400","115.21","7370367.16","942590","70","1346557.14","0","100","0","1243492360","1767773693.78","93227209","70","133181727.14","1336719569","1900955420.92"
"46","Easton","2014","1196327350","67.79","1764754905","0","68.33","0","34586820","68.33","50617328","8431690","118.11","7138845","936170","70","1337386","0","100","0","1240282030","1823848463","90443305","70","129204721","1330725335","1953053185"
"46","Easton","2013","1191936250","69.29","1720213956","0","69.68","0","34669100","69.68","49754736","8417340","84.92","9912082","916890","70","1309843","0","100","0","1235939580","1781190617","90701985","70","129574264","1326641565","1910764881"
"46","Easton","2012","1189806990","71","1665230217","0","72","0","34391920","72","48026700","8520260","89","9576554","933100","70","1333000","0","100","0","1233652270","1724166471","90285483","70","128979261","1323937753","1853145732"
"46","Easton","2011","1185569453","70","1693670647.14","0","70","0","33781600","70","48259428.57","8778890","70","12541271.43","937170","70","1338814.29","0","100","0","1229067113","1755810161.43","89126447","70","127323495.71","1318193560","1883133657.14"
"45","East Lyme","2024","2225511672","45.30","4912829298.01","82794960","45.44","182207218.31","204020706","44.15","462108054.36","33909520","52.40","64712824.43","1498450","70.00","2140642.86","42040","100.00","42040.00","2547777348","5624040077.00","287483096.00","70.00","410690137.14","2835260444","6034730214.00"
"45","East Lyme","2023","2208631769","49.45","4466393870.58","80338240","50","160676480","203584960","59.8","340443076.92","36260100","95.43","37996541.97","1519670","70","2170957.14","42040","100","42040","2530376779","5007722967","285305216","70","407578880","2815681995","5415301847"
"45","East Lyme","2022","2188524115","54.18","4039357908.82","76806460","54.18","141761646.36","202866648","44.94","451416662.22","34614750","65.96","52478396","1519670","70","2170957.14","42040","100","42040","2504373683","4687227610","293140183","70","418771690","2797513866","5105999300"
"45","East Lyme","2021","2164872649","70","3092675212.86","72333704","70","103333862.86","201976640","70","288538057.14","41562040","70","59374342.86","1512510","70","2160728.57","42040","100","42040","2482299583","3546124245","280246097","70","400351567.14","2762545680","3946475812"
"45","East Lyme","2020","1756290364","53.68","3271777876.30","59999448","53.83","111460984.58","178604207","56","318936083.93","36579920","77.57","47157303.08","1134410","70","1620585.71","25870","100","25870","2032634219","3750978704","226435352","70","323479074.29","2259069571","4074457778"
"45","East Lyme","2019","1741403840","62.33","2793845403.50","49685438","62.84","79066578.61","173537820","64.52","268967482.95","39613240","104.54","37892902.24","1162130","70","1660185.71","25870","100","25870","2005428338","3181458424","206706836","70","295295480","2212135174","3476753904"
"45","East Lyme","2018","1729273751","63.92","2705371950.88","49681658","64.49","77037770.20","162849729","71.33","228304681.06","41757550","127.65","32712534.27","1160510","70","1657871.43","25870","100","25870","1984749068","3045110677.83","199792951","70","285418501.43","2184542019","3330529179.26"
"45","East Lyme","2017","1718733591","64.5","2664703241.86","49681658","64.8","76669225.31","163311029","66.51","245543570.89","41591560","106.52","39045775.44","1164200","70","1663142.86","25870","100","25870","1974507908","3027650826.36","192559352","70","275084788.57","2167067260","3302735614.93"
"45","East Lyme","2016","1706727191","70","2438181701.43","49992388","70","71417697.14","161617008","70","230881440","42676420","70","60966314.29","1196640","70","1709485.71","25870","100","25870","1962235517","2803182508.57","188470598","70","269243711.43","2150706115","3072426220"
"45","East Lyme","2015","1706807870","67.05","2545574750.19","52778311","67.05","78714856.08","137840828","67.68","203665526","43496890","67.05","64872319.16","869250","70","1241785.71","2100","100","2100","1941795249","2894071337.15","184415514","70","263450734.29","2126210763","3157522071.43"
"45","East Lyme","2014","1689873579","67.69","2496489258","36388644","67.89","53599417","136692246","64.83","210847210","42050340","92.25","45583024","793330","70","1133329","2100","100","2100","1905800239","2807654338","181863799","70","259805427","2087664038","3067459765"
"45","East Lyme","2013","1678892623","69.83","2404256943","29721438","70.1","42398628","137194256","65.78","208565303","44182652","94.64","46684966","791970","70","1131386","2100","100","2100","1890785039","2703039325","172164225","70","245948893","2062949264","2948988218"
"45","East Lyme","2012","1665549261","70","2386857640","29720262","70","42548693","137223216","66","206786040","49402170","91","54353801","798460","70","1140657","2170","100","2170","1882695539","2691689001","168561669","70","240802384","2051257208","2932491385"
"45","East Lyme","2011","1656603643","70","2366576632.86","29771104","70","42530148.57","137130601","70","195900858.57","54927830","70","78468328.57","818830","70","1169757.14","2170","100","2170","1879254178","2684647895.71","168338980","70","240484257.14","2047593158","2925132152.86"
"44","East Haven","2024","1661448950","45.04","3688829817.94","26514540","45.09","58803592.81","364557950","47.88","761399227.23","15170370","57.76","26264491.00","242740","70.00","346771.43","0","100.00","0.00","2067934550","4535643900.00","320743085.00","70.00","458204407.14","2388677635","4993848307.00"
"44","East Haven","2023","1663075040","47.98","3466183909.96","26587690","48.13","55241408.68","351861410","63.38","555161580.94","15321500","48.13","31833575.73","237490","70","339271.43","0","100","0","2057083130","4108759747","330827792","70","472611131.43","2387910922","4581370878"
"44","East Haven","2022","1660247150","52.56","3158765506.09","26510200","52.71","50294441.28","355533500","59.27","599854057.70","15603040","56.3","27714103.02","237490","70","339271.43","0","100","0","2058131380","3836967379","357570310","70","510814728.57","2415701690","4347782108"
"44","East Haven","2021","1658825390","70","2369750557.14","26537500","70","37910714.29","353610950","70","505158500","15648960","70","22355657.14","237490","70","339271.43","0","100","0","2054860290","2935514699","346354270","70","494791814.29","2401214560","3430306513"
"44","East Haven","2020","1400935130","55.12","2541609452.10","24483130","50.11","48858770.70","325900000","75.92","429267650.16","14964490","86.08","17384398.23","182330","70","260471.43","0","100","0","1766465080","3037380742","262145230","70","374493185.71","2028610310","3411873928"
"44","East Haven","2019","1390416170","63.52","2188942333.12","24493570","63.69","38457481.55","323667930","79.04","409498899.29","15413480","85.45","18038010.53","182330","70","260471.43","0","100","0","1754173480","2655197196","246166587","70","351666552.86","2000340067","3006863749"
"44","East Haven","2018","1381229220","65.47","2109874314.52","8438760","65.53","12877704.87","335161790","71.91","466085092.48","15885680","64.13","24771058.79","182740","70","261057.14","0","100","0","1740898190","2613869227.79","233913017","70","334161452.86","1974811207","2948030680.65"
"44","East Haven","2017","1372532920","66.63","2059932342.79","8301260","66.51","12481220.87","345493270","65.96","523792101.27","15880180","41.61","38164335.50","183620","70","262314.29","0","100","0","1742391250","2634632314.71","233926457","70","334180652.86","1976317707","2968812967.57"
"44","East Haven","2016","1364799590","70","1949713700","8214960","70","11735657.14","341522110","70","487888728.57","18205880","70","26008400","185450","70","264928.57","0","100","0","1732927990","2475611414.29","231750473","70","331072104.29","1964678463","2806683518.57"
"44","East Haven","2015","1437272490","75.74","1897639939.27","7521350","75.74","9930485.87","318281930","48.79","652350748.10","25742910","75.74","33988526.54","154790","70","221128.57","0","100","0","1788973470","2594130828.35","223492340","70","319274771.43","2012465810","2913405599.78"
"44","East Haven","2014","1430368350","76.09","1879837495","7407360","76.05","9740118","313903010","73.03","429827482","26209080","76.05","34462959","154790","70","221129","0","100","0","1778042590","2354089182","220310610","70","314729443","1998353200","2668818625"
"44","East Haven","2013","1420675770","77.35","1836684900","6986450","77.17","9053324","305887530","100.73","303670734","29895340","75.82","39429359","173420","70","247743","0","100","0","1763618510","2189086059","214607262","70","306581803","1978225772","2495667862"
"44","East Haven","2012","1416635960","76","1854478283","7100830","76","9291848","313067210","83","378832539","29597980","84","35106132","168550","70","240786","0","100","0","1766570530","2277949587","210440541","70","300629344","1977011071","2578578931"
"44","East Haven","2011","1410066930","70","2014381328.57","7227040","70","10324342.86","311562090","70","445088700","29640130","70","42343042.86","218530","70","312185.71","0","100","0","1758714720","2512449600","214576317","70","306537595.71","1973291037","2818987195.71"
"43","East Hartford","2024","1938331773","47.02","4122355961.29","163263010","47.10","346630594.48","744409077","58.16","1279933076.00","33629010","47.10","71399171.97","402980","70.00","575685.71","0","100.00","0.00","2880035850","5820894489.00","708624610.00","70.00","1012320871.43","3588660460","6833215360.00"
"43","East Hartford","2023","1937947250","50.09","3868930425.23","160853360","50.11","321000518.86","801055398","51.83","1545543889.64","33952630","51.42","66030007.78","415310","70","593300","0","100","0","2934223948","5802098142","709901464","70","1014144948.57","3644125412","6816243091"
"43","East Hartford","2022","1935092030","55.12","3510689459.36","163680670","55.15","296791786.04","655640966","86.19","760692616.31","49435420","59.21","83491673.70","415300","70","593285.71","0","100","0","2804264386","4652258821","714794167","70","1021134524.29","3519058553","5673393345"
"43","East Hartford","2021","1935488220","70","2764983171.43","163808350","70","234011928.57","669114791","70","955878272.86","26943410","70","38490585.71","302090","70","431557.14","0","100","0","2795656861","3993795516","698444857","70","997778367.14","3494101718","4991573883"
"43","East Hartford","2020","1453867373","51.32","2832944998.05","110535420","37.08","298099838.19","610726995","49.04","1245364997.96","22856791","128.36","17806786.38","305380","70","436257.14","0","100","0","2198291959","4394652877","612646756","70","875209651.43","2810938715","5269862528"
"43","East Hartford","2019","1449930833","61.17","2370329954.23","108323470","64.32","168413355.10","619840927","71.43","867759942.60","22926516","61.61","37212329.17","332690","70","475271.43","0","100","0","2201354436","3444190852","599079295","70","855827564.29","2800433731","4300018416"
"43","East Hartford","2018","1447412873","62.03","2333407823.63","108533058","54.79","198106888.09","630260282","65.44","963111677.87","24590066","62.03","39642215.06","337070","70","481528.57","0","100","0","2211133349","3534750133.22","573744813","70","819635447.14","2784878162","4354385580.36"
"43","East Hartford","2017","1445053647","64.07","2255429447.48","108986296","53.12","205169984.94","671473845","76.7","875454817.47","24428316","63.67","38367073.98","337070","70","481528.57","0","100","0","2250279174","3374902852.44","562716740","70","803881057.14","2812995914","4178783909.58"
"43","East Hartford","2016","1444993661","70","2064276658.57","109060051","70","155800072.86","640883067","70","915547238.57","25214526","70","36020751.43","349470","70","499242.86","0","100","0","2220500775","3172143964.29","538177239","70","768824627.14","2758678014","3940968591.43"
"43","East Hartford","2015","1463180530","68.66","2131052330.32","104576371","68.67","152288293.29","619249761","73.91","837842999.59","24113485","68.67","35115021.12","347304","70","496148.57","0","100","0","2211467451","3156794792.89","523027210","70","747181728.57","2734494661","3903976521.46"
"43","East Hartford","2014","1463480005","69.66","2100890045","104785098","69.71","150315734","597484111","74.95","797176933","24170575","69.71","34673038","345974","70","494249","0","100","0","2190265763","3083549998","500397178","70","714853111","2690662941","3798403109"
"43","East Hartford","2013","1457537056","70.28","2073900194","106645674","70.28","151743987","608146356","70.22","866058610","24987975","70.22","35585268","344350","70","491929","0","100","0","2197661411","3127779987","491469680","70","702099543","2689131091","3829879530"
"43","East Hartford","2012","1456995626","70","2090681053","107505660","69","154728929","615117804","64","961422013","25407735","69","36568415","344350","70","491929","0","100","0","2205371175","3243892340","485109953","70","693014219","2690481128","3936906558"
"43","East Hartford","2011","1455132430","70","2078760614.29","106658889","70","152369841.43","612149569","70","874499384.29","25269845","70","36099778.57","361180","70","515971.43","0","100","0","2199571913","3142245590","494870427","70","706957752.86","2694442340","3849203342.86"
"42","East Hampton","2024","962680396","41.78","2304165619.91","7632640","41.82","18251171.69","72378304","41.82","173071028.22","26616490","48.40","54992747.93","1973536","70.00","2819337.14","0","100.00","0.00","1071281366","2553299905.00","179301630.00","70.00","256145185.71","1250582996","2809445091.00"
"42","East Hampton","2023","957295444","45.06","2124490554.82","6484360","45.15","14361816.17","72396479","45.15","160346575.86","27174540","48.93","55537584.30","2004446","70","2863494.29","0","100","0","1065355269","2357600025","199129283","70","284470404.29","1264484552","2642070429"
"42","East Hampton","2022","951049065","48.33","1967823432.65","4974540","49.63","10023252.07","72439029","64.71","111944102.92","27704080","83.17","33310183.96","1981926","70","2831322.86","0","100","0","1058148640","2125932295","206453148","70","294933068.57","1264601788","2420865364"
"42","East Hampton","2021","938683766","51.84","1810732573.30","4974542","52.6","9457304.18","72404724","59.79","121098384.35","30501170","62.92","48476112.52","1993871","70","2848387.14","0","100","0","1048558073","1992612761","194550111","70","277928730","1243108184","2270541491"
"42","East Hampton","2020","930025948","70","1328608497.14","5108510","70","7297871.43","69165760","70","98808228.57","31599158","70","45141654.29","2070951","70","2958501.43","0","100","0","1037970327","1482814752","155772570","70","222532242.86","1193742897","1705346995"
"42","East Hampton","2019","916760923","64.61","1418914909.46","2562503","65.01","3941705.89","63780671","109.99","57987699.79","28267926","67.89","41637834.73","1302631","70","1860901.43","0","100","0","1012674654","1524343051","144644929","70","206635612.86","1157319583","1730978664"
"42","East Hampton","2018","913842699","67.9","1345865536.08","2562503","67.9","3773936.67","61045512","67.9","89905025.04","28470856","67.99","41876090.51","1319891","70","1885558.57","0","100","0","1007241461","1483306146.87","140870727","70","201243895.71","1148112188","1684550042.58"
"42","East Hampton","2017","910551181","68.13","1336490798.47","2562503","67.99","3768941.02","58530902","60.99","95968030.82","28035792","57.66","48622601.46","1357401","70","1939144.29","0","100","0","1001037779","1486789516.06","137285978","70","196122825.71","1138323757","1682912341.78"
"42","East Hampton","2016","899924551","68.78","1308410222.45","2562503","68.94","3717004.64","61434762","68.94","89113376.85","30136850","98.81","30499797.59","1358181","70","1940258.57","0","100","0","995416847","1433680660.10","133626103","70","190894432.86","1129042950","1624575092.96"
"42","East Hampton","2015","897657051","70","1282367215.71","2620703","70","3743861.43","62415926","70","89165608.57","31774906","70","45392722.86","1454741","70","2078201.43","0","100","0","995923327","1422747610","127971201","70","182816001.43","1123894528","1605563611.43"
"42","East Hampton","2014","916206871","69.96","1309615310","2237969","69.49","3220563","61403585","69.49","88363196","34617821","51.47","67258249","805811","70","1151159","0","100","0","1015272057","1469608477","126178156","70","180254509","1141450213","1649862986"
"42","East Hampton","2013","912276110","71.37","1278234706","2123006","71.14","2984265","61731971","71.14","86775332","34204585","71.14","48080665","835021","70","1192887","0","100","0","1011170693","1417267855","125313916","70","179019880","1136484609","1596287735"
"42","East Hampton","2012","907683920","73","1245279078","2123006","73","2919827","60877124","73","83725930","34081404","72","47493595","841461","70","1202087","0","100","0","1005606915","1380620518","122428258","70","174897511","1128035173","1555518029"
"42","East Hampton","2011","932279140","73.78","1263593304.42","1963286","74.23","2644868.65","59585707","74.23","80271732.45","7361316","79.8","9224706.77","847501","70","1210715.71","0","100","0","1002036950","1356945328","123894133","70","176991618.57","1125931083","1533936946.58"
"41","East Haddam","2024","988109405","51.36","1923889028.43","5786410","51.31","11277353.34","36900890","56.59","65207439.48","19321620","47.29","40857728.91","3091550","70.00","4416500.00","0","100.00","0.00","1053209875","2045648049.00","137557700.00","70.00","196511000.00","1190767575","2242159049.00"
"41","East Haddam","2023","982877160","56.4","1742690000","5786410","57.08","10137368.61","36538935","66.89","54625407.39","19383530","63.47","30539672.29","3195940","70","4565628.57","0","100","0","1047781975","1842558077","151498915","70","216427021.43","1199280890","2058985098"
"41","East Haddam","2022","975730953","70","1393901361.43","5939920","70","8485600","36551325","70","52216178.57","19817800","70","28311142.86","3217640","70","4596628.57","0","100","0","1041257638","1487510912","155943653","70","222776647.14","1197201291","1710287559"
"41","East Haddam","2021","722365870","50.09","1442135895.39","6271440","50.33","12460639.78","35755300","59.68","59911695.71","16802590","71.5","23500125.87","3117840","70","4454057.14","0","100","0","784313040","1542462414","148238170","70","211768814.29","932551210","1754231228"
"41","East Haddam","2020","719367010","55.7","1291502710.95","6056190","55.87","10839788.80","35488570","81.02","43802234.02","16785830","68.16","24627098","3186060","70","4551514.29","0","100","0","780883660","1375323346","122975144","70","175678777.14","903858804","1551002123"
"41","East Haddam","2019","716686240","64.42","1112521328.78","5946010","64.72","9187283.68","35373640","64.72","54656427.69","16866980","83.62","20170987.80","3207300","70","4581857.14","0","100","0","778080170","1201117886","116884415","70","166977735.71","894964585","1368095622"
"41","East Haddam","2018","712970143","64.93","1098059668.87","4804590","65.62","7321837.85","36238640","65.62","55224992.38","17068930","95.8","17817254.70","3290780","70","4701114.29","0","100","0","774373083","1183124868.09","104504117","70","149291595.71","878877200","1332416463.81"
"41","East Haddam","2017","710554164","70","1015077377.14","4275670","70","6108100","35372598","70","50532282.86","18288600","70","26126571.43","3323100","70","4747285.71","0","100","0","771814132","1102591617.14","100811013","70","144015732.86","872625145","1246607350"
"41","East Haddam","2016","697610666","68.35","1020644719.82","3643430","68.78","5297223.03","37506378","82.27","45589374.01","20483050","79.18","25868969.44","3281170","70","4687385.71","0","100","0","762524694","1102087672.02","95977738","70","137111054.29","858502432","1239198726.30"
"41","East Haddam","2015","700005424","69.51","1007057148.61","3157070","69.53","4540586.80","38152775","69.53","54872393.21","20705190","80.89","25596723.95","3275620","70","4679457.14","0","100","0","765296079","1096746309.71","92141700","70","131631000","857437779","1228377309.71"
"41","East Haddam","2014","696116269","69.86","996444702","3157070","70.37","4486386","38387160","70.37","54550462","21340290","139.53","15294410","3356000","70","4794286","0","100","0","762356789","1075570246","90928035","70","129897193","853284824","1205467439"
"41","East Haddam","2013","694117476","69.21","1002915007","3169110","69.9","4533777","38784130","75.48","51383320","21266470","64.21","33120184","3397660","70","4853800","0","100","0","760734846","1096806087","88352964","70","126218520","849087810","1223024607"
"41","East Haddam","2012","690844588","70","986920840","3240440","70","4629200","38688060","70","55268657","22103960","70","31577086","3474910","70","4964157","0","100","0","758351958","1083359940","86134237","70","123048910","844486195","1206408850"
"41","East Haddam","2011","824756098","80.7","1022002599.75","3493340","80.84","4321301.34","44873360","80.84","55508857","27061380","97.74","27687108.66","3754440","70","5363485.71","0","100","0","903938618","1114883352.46","84829053","70","121184361.43","988767671","1236067713.89"
"40","East Granby","2024","509764540","56.10","908671194.30","0","56.37","0.00","113635800","66.09","171940989.56","0","55.69","0.00","2717800","70.00","3882571.43","0","100.00","0.00","626118140","1084494755.00","165884413.00","70.00","236977732.86","792002553","1321472488.00"
"40","East Granby","2023","508182150","70","725974500","0","70","0","112188300","70","160269000","0","70","0","2761500","70","3945000","0","100","0","623131950","890188500","152494552","70","217849360","775626502","1108037860"
"40","East Granby","2022","373259950","48.16","775041424.42","0","48.27","0","105941360","53.94","196405932.52","0","61.17","0","2225300","70","3179000","0","100","0","481426610","974626357","158525577","70","226465110","639952187","1201091467"
"40","East Granby","2021","370591750","53.05","698570688.03","0","53.6","0","105273230","66.95","157241568.33","0","67.57","0","2111900","70","3017000","0","100","0","477976880","858829256","158807196","70","226867422.86","636784076","1085696679"
"40","East Granby","2020","368896550","58.61","629408889.27","0","60.5","0","102928830","60.5","170130297.52","0","75.53","0","2014800","70","2878285.71","0","100","0","473840180","802417473","146977189","70","209967412.86","620817369","1012384886"
"40","East Granby","2019","367991050","64.46","570882795.53","0","64.63","0","102716700","60.19","170654095.36","0","83.68","0","1979400","70","2827714.29","0","100","0","472687150","744364605","134298372","70","191854817.14","606985522","936219422"
"40","East Granby","2018","367169650","70","524528071.43","0","70","0","102742700","70","146775285.71","0","70","0","1978300","70","2826142.86","0","100","0","471890650","674129500","135731288","70","193901840","607621938","868031340"
"40","East Granby","2017","358837250","66.8","537181511.98","0","66.7","0","95033442","66.7","142478923.54","0","66.7","0","2066200","70","2951714.29","0","100","0","455936892","682612149.80","126337655","70","180482364.29","582274547","863094514.09"
"40","East Granby","2016","357269000","67.81","526867718.63","0","67.1","0","94032842","67.1","140138363.64","0","66","0","2098600","70","2998000","0","100","0","453400442","670004082.26","129633950","70","185191357.14","583034392","855195439.40"
"40","East Granby","2015","357046350","68.03","524836616.20","0","68.08","0","93622542","68.08","137518422.44","0","68.08","0","2101800","70","3002571.43","0","100","0","452770692","665357610.07","135611188","70","193730268.57","588381880","859087878.64"
"40","East Granby","2014","356032600","66.08","538790254","0","65.95","0","93361443","56.26","165946397","0","65.95","0","2089500","70","2985000","0","100","0","451483543","707721651","131243194","70","187490277","582726737","895211928"
"40","East Granby","2013","355215900","70","507451286","0","70","0","93735080","70","133907257","0","70","0","2095400","70","2993429","0","100","0","451046380","644351971","122441407","70","174916296","573487787","819268267"
"40","East Granby","2012","371217730","75","497944641","0","75","0","95504310","75","128107726","0","75","0","20944800","70","29921143","0","100","0","487666840","655973510","103689866","70","148128380","591356706","804101890"
"40","East Granby","2011","370098350","76.31","484993251.21","0","76.31","0","94432000","76.31","123747870.53","0","76.31","0","20715300","70","29593285.71","0","100","0","485245650","638334407.45","88645221","70","126636030","573890871","764970437.45"
"39","Eastford","2024","181023960","57.18","316586149.00","0","59.27","0.00","13252170","59.27","22358984.31","4210920","60.20","6994883.72","3563070","70.00","5090100.00","0","100.00","0.00","202050120","351030117.00","28357148.00","70.00","40510211.43","230407268","391540328.00"
"39","Eastford","2023","181359680","70","259085257.14","0","70","0","13318970","70","19027100","4256360","70","6080514.29","3301130","70","4715900","0","100","0","202236140","288908771","32064911","70","45807015.71","234301051","334715787"
"39","Eastford","2022","122744180","49.3","248973995.94","257280","48.89","526242.59","9283605","48.89","18988760.48","3821370","48.89","7816260.99","1395450","70","1993500","0","100","0","137501885","278298760","30672643","70","43818061.43","168174528","322116821"
"39","Eastford","2021","121480400","46.51","261192001.72","257280","46.51","553171.36","9265495","46.51","19921511.50","3782920","37.13","10188311.34","1406180","70","2008828.57","0","100","0","136192275","293863825","29069504","70","41527862.86","165261779","335391688"
"39","Eastford","2020","120259350","58.43","205817816.19","257280","57.12","450420.17","9219235","50.01","18434783.04","3661030","54.56","6710098.97","1451060","70","2072942.86","0","100","0","134847955","233486061","25017842","70","35739774.29","159865797","269225835"
"39","Eastford","2019","117109270","57.96","202051880.61","0","59.64","0","10041715","59.64","16837214.96","3613550","72.49","4984894.47","1556160","70","2223085.71","0","100","0","132320695","226097076","24493941","70","34991344.29","156814636","261088420"
"39","Eastford","2018","115080090","70","164400128.57","0","70","0","10877315","70","15539021.43","3709870","70","5299814.29","1992280","70","2846114.29","0","100","0","131659555","188085078.57","23299096","70","33284422.86","154958651","221369501.43"
"39","Eastford","2017","111383640","61.08","182356974.46","0","61.08","0","8583575","61.08","14053004.26","3419550","61.08","5598477.41","1329970","70","1899957.14","0","100","0","124716735","203908413.27","21880071","70","31257244.29","146596806","235165657.55"
"39","Eastford","2016","109665980","63.22","173467225.56","0","63.25","0","8561845","63.25","13536513.83","3473570","67","5184432.84","1326450","70","1894928.57","0","100","0","123027845","194083100.80","21381829","70","30545470","144409674","224628570.80"
"39","Eastford","2015","108774680","64.04","169854278.58","0","64.46","0","8677475","64.46","13461798.01","3619170","70.56","5129209.18","1329380","70","1899114.29","0","100","0","122400705","190344400.06","21696107","70","30994438.57","144096812","221338838.63"
"39","Eastford","2014","107474000","73.11","147003146","0","74.86","0","8298765","74.86","11085713","3708470","74.86","4953874","1333490","70","1904986","0","100","0","120814725","164947719","21024685","70","30035264","141839410","194982983"
"39","Eastford","2013","107520785","70","153601121","0","70","0","8408445","70","12012064","3925300","70","5607571","1328690","70","1898129","0","100","0","121183220","173118886","20123392","70","28747703","141306612","201866589"
"39","Eastford","2012","127885520","77","167170614","0","77","0","10271665","77","13427013","4540470","77","5935255","1537510","70","2196443","0","100","0","144235165","188729325","20277383","70","28967690","164512548","217697015"
"39","Eastford","2011","127258990","90.5","140617668.51","0","94.67","0","10076235","94.67","10643535.44","4493120","94.67","4746086.41","1543130","70","2204471.43","0","100","0","143371475","158211761.78","19426615","70","27752307.14","162798090","185964068.92"
"38","Durham","2024","506266236","42.57","1189255898.52","1930600","42.79","4511801.82","40014591","42.79","93513884.09","9990030","42.79","23346646.41","73006640","70.00","104295200.00","0","100.00","0.00","631208097","1414923431.00","138158226.00","70.00","197368894.29","769366323","1612292325.00"
"38","Durham","2023","505970398","45.13","1121139813.87","1930600","45.28","4263692.58","40412773","45.28","89250823.76","10167420","45.28","22454549.47","71570500","70","102243571.43","0","100","0","630051691","1339352451","147437241","70","210624630","777488932","1549977081"
"38","Durham","2022","502359144","47.8","1050960552.30","1930600","47.99","4022921.44","40230143","47.99","83830262.55","9771350","59.11","16530790.05","74062540","70","105803628.57","0","100","0","628353777","1261148155","149703058","70","213861511.43","778056835","1475009666"
"38","Durham","2021","497806454","52.82","942458262.02","1930600","52.78","3657824.93","40635240","52.78","76989844.64","10211880","52.78","19348010.61","74992930","70","107132757.14","0","100","0","625577104","1149586700","147267244","70","210381777.14","772844348","1359968477"
"38","Durham","2020","500203586","70","714576551.43","1930600","70","2758000","39182290","70","55974700","10676540","70","15252200","72677901","70","103825572.86","0","100","0","624670917","892387024","118990508","70","169986440","743661425","1062373464"
"38","Durham","2019","473419515","65.9","718390766.31","565950","66.89","846090.60","38068502","66.89","56912097.47","10936800","74.23","14733665.63","78959128","70","112798754.29","0","100","0","601949895","903681374","110421243","70","157744632.86","712371138","1061426007"
"38","Durham","2018","471566753","67.77","695834075.55","565950","67.77","835104.03","37348350","67.77","55110447.10","11535650","75.46","15287105.75","79813008","70","114018582.86","0","100","0","600829711","881085315.29","100529958","70","143614225.71","701359669","1024699541"
"38","Durham","2017","470949320","65.77","716054918.66","1524180","65.84","2314975.70","35464323","65.84","53864403.10","11214560","71.93","15590935.63","80774990","70","115392842.86","0","100","0","599927373","903218075.94","107781233","70","153973190","707708606","1057191265.94"
"38","Durham","2016","466862195","67.39","692776665.68","1524180","67.32","2264082","36603690","67.32","54372682.71","10823610","67.32","16077852.05","82738350","70","118197642.86","0","100","0","598552025","883688925.29","101758010","70","145368585.71","700310035","1029057511"
"38","Durham","2015","458809625","70","655442321.43","230650","70","329500","37757841","70","53939772.86","11920790","70","17029700","86653700","70","123791000","0","100","0","595372606","850532294.29","99439333","70","142056190","694811939","992588484.29"
"38","Durham","2014","503965416","72.07","699272119","1617280","72.04","2244975","35299310","72.04","48999597","13304004","72.04","18467524","97418230","70","139168900","0","100","0","651604240","908153115","96772267","70","138246096","748376507","1046399211"
"38","Durham","2013","501775365","75.01","668944627","1617280","75.09","2153789","38009580","75.09","50618698","12599264","75.09","16778884","96078920","70","137255600","0","100","0","650080409","875751598","94897111","70","135567301","744977520","1011318899"
"38","Durham","2012","497699384","74","669310629","1617280","75","2168808","37097340","75","49748344","13016884","75","17455926","97229230","70","138898900","0","100","0","646660118","877582607","91873842","70","131248346","738533960","1008830953"
"38","Durham","2011","502015979","71.28","704287288.16","1617280","71.87","2250285.24","36328280","71.87","50547210.24","13694534","93.31","14676384.10","90189246","70","128841780","0","100","0","643845319","900602947.73","89352639","70","127646627.14","733197958","1028249574.88"
"37","Derby","2024","562135350","39.02","1440633905.69","15337270","38.83","39498506.31","102650533","33.97","302179961.73","12114020","27.27","44422515.58","522130","70.00","745900.00","0","100.00","0.00","692759303","1827480790.00","193318640.00","70.00","276169485.71","886077943","2103650276.00"
"37","Derby","2023","561233600","40.47","1386789226.59","15300870","40.64","37649778.54","102228013","54.28","188334585.48","10585710","40.64","26047514.76","522130","70","745900","0","100","0","689870323","1639567006","176917653","70","252739504.29","866787976","1892306510"
"37","Derby","2022","560202280","46.29","1210201512.21","15509440","46.11","33635740.62","102172020","46.45","219961291.71","10669780","46.45","22970462.86","520990","70","744271.43","0","100","0","689074510","1487513279","175945243","70","251350347.14","865019753","1738863626"
"37","Derby","2021","559283260","50.44","1108809000.79","15381510","50.67","30356246.30","100352260","55.89","179553157.99","11680230","50.67","23051568.98","442260","70","631800","0","100","0","687139520","1342401774","157039202","70","224341717.14","844178722","1566743491"
"37","Derby","2020","557913980","70","797019971.43","15590640","70","22272342.86","102668659","70","146669512.86","12254370","70","17506242.86","442260","70","631800","0","100","0","688869909","984099870","129969724","70","185671034.29","818839633","1169770904"
"37","Derby","2019","470459800","58.41","805443930.83","18753450","58.41","32106574.22","110626079","55.7","198610554.76","11732830","58.41","20087022.77","638540","70","912200","0","100","0","612210699","1057160283","126279044","70","180398634.29","738489743","1237558917"
"37","Derby","2018","468213430","63.16","741313220.39","18687860","63.1","29616259.90","107681070","63.1","170651458","11840480","63.1","18764627.58","638050","70","911500","0","100","0","607060890","961257065.88","116813270","70","166876100","723874160","1128133165.88"
"37","Derby","2017","465990090","63.38","735232076.36","18606030","63.42","29337795.65","109448680","63.42","172577546.52","11870260","63.42","18716903.19","638050","70","911500","0","100","0","606553110","956775821.71","113019050","70","161455785.71","719572160","1118231607.43"
"37","Derby","2016","465329320","67.25","691939509.29","18488360","66.82","27668901.53","109397871","91.94","118988330.43","12069050","39.62","30462014.13","638050","70","911500","0","100","0","605922651","869970255.39","110671800","70","158102571.43","716594451","1028072826.82"
"37","Derby","2015","465407460","70","664867800","18705890","70","26722700","110330250","70","157614642.86","12310770","70","17586814.29","638050","70","911500","0","100","0","607392420","867703457.14","111510923","70","159301318.57","718903343","1027004775.71"
"37","Derby","2014","500992740","78.11","641393855","17718890","78.18","22664224","113713355","78.18","145450697","11622490","78.18","14866321","442680","70","632400","0","100","0","644490155","825007497","105284204","70","150406006","749774359","975413503"
"37","Derby","2013","499562290","77.53","644347079","17661560","77.46","22800878","111694315","77.46","144196121","12658630","72.29","17510901","442680","70","632400","0","100","0","642019475","829487378","107390526","70","153415037","749410001","982902415"
"37","Derby","2012","498659350","81","617381887","17679550","81","21888758","114177320","81","141361050","11363490","81","14068949","442680","70","632400","0","100","0","642322390","795333044","103695602","70","148136574","746017992","943469618"
"37","Derby","2011","498263600","70","711805142.86","17758370","70","25369100","115121800","70","164459714.29","10577350","70","15110500","442680","70","632400","0","100","0","642163800","917376857.14","104401064","70","149144377.14","746564864","1066521234.29"
"36","Deep River","2024","405181950","41.51","976106841.72","3242470","42.19","7685399.38","60235710","40.75","147817693.25","6334720","60.96","10391601.05","357470","70.00","510671.43","0","100.00","0.00","475352320","1142512206.00","85899650.00","70.00","122713785.71","561251970","1265225992.00"
"36","Deep River","2023","401818090","44.15","910120249.15","3242470","44.31","7317693.52","67763450","55.45","122206402.16","6517630","44.31","14709162.72","366890","70","524128.57","0","100","0","479708530","1054877637","89804530","70","128292185.71","569513060","1183169823"
"36","Deep River","2022","396103480","49.69","797149285.57","3242470","50.26","6451392.76","76279000","129.43","58934559.22","6925030","54.15","12788605.72","426780","70","609685.71","0","100","0","482976760","875933530","90329603","70","129042290","573306363","1004975820"
"36","Deep River","2021","392820230","55.22","711373107.57","3242470","56.85","5703553.21","76429990","65.8","116155000","7206080","73.17","9848407.82","417790","70","596842.86","0","100","0","480116560","843676912","90721130","70","129601614.29","570837690","973278526"
"36","Deep River","2020","389616670","70","556595242.86","3242470","70","4632100","76693750","70","109562500","7544110","70","10777300","456640","70","652342.86","0","100","0","477553640","682219486","76803507","70","109719295.71","554357147","791938782"
"36","Deep River","2019","376077315","66.58","564850277.86","3143700","67.34","4668399.17","52493560","80.61","65120406.90","7943560","83.55","9507552.36","319030","70","455757.14","0","100","0","439977165","644602393","71249040","70","101784342.86","511226205","746386736"
"36","Deep River","2018","375326905","65.87","569799461.06","3143700","66.84","4703321.36","53109840","86.89","61123075.15","8228460","117.92","6978002.04","309740","70","442485.71","0","100","0","440118645","643046345.33","69396465","70","99137807.14","509515110","742184152.47"
"36","Deep River","2017","373023205","69.64","535645038.77","3139500","69.44","4521169.35","52653930","69.44","75826512.10","8308190","69.44","11964559.33","309250","70","441785.71","0","100","0","437434075","628399065.27","65967070","70","94238671.43","503401145","722637736.70"
"36","Deep River","2016","372556880","70.46","528749474.88","3139500","70.46","4455719.56","50228500","70.46","71286545.56","8024480","70.46","11388702.81","297010","70","424300","0","100","0","434246370","616304742.80","64859235","70","92656050","499105605","708960792.80"
"36","Deep River","2015","369347720","70","527639600","3131030","70","4472900","49264390","70","70377700","8895350","70","12707642.86","297850","70","425500","0","100","0","430936340","615623342.86","59606064","70","85151520","490542404","700774862.86"
"36","Deep River","2014","385717670","70.91","543953843","3136140","70.91","4422705","44719700","70.91","63065435","9518700","70.91","13423636","231280","70","330400","0","100","0","443323490","625196018","56726549","70","81037927","500050039","706233946"
"36","Deep River","2013","383594040","73.34","523035233","2724120","73.34","3714371","44515910","73.34","60697996","9998550","100.1","9988561","227750","70","325357","0","100","0","441060370","597761519","49763666","70","71090951","490824036","668852470"
"36","Deep River","2012","381032740","72","528111906","2779210","73","3798811","44260580","73","60498332","10227870","101","10146696","227750","70","325357","0","100","0","438528150","602881103","49905053","70","71292933","488433203","674174035"
"36","Deep River","2011","378496670","70.83","534373386.98","2779210","70.94","3917691.01","43408960","70.94","61191091.06","10645840","70.94","15006822.67","173530","70","247900","0","100","0","435504210","614736891.72","47500589","70","67857984.29","483004799","682594876.01"
"35","Darien","2024","9604611063","52.64","18245841685.03","68523350","52.73","129951355.96","858977210","61.43","1398302474.36","132776620","52.73","251804703.21","0","70.00","0.00","0","100.00","0.00","10664888243","20025900218.00","542742401.00","70.00","775346287.14","11207630644","20801246505.00"
"35","Darien","2023","9528664079","70","13612377255.71","68523350","70","97890500","843617040","70","1205167200","146800560","70","209715085.71","0","70","0","0","100","0","10587605029","15125150042","527057135","70","752938764.29","11114662164","15878088806"
"35","Darien","2022","7494683611","50.02","14983373872.45","51891250","50.03","103720267.84","731487030","51.33","1425067270.60","109129600","50.03","218128323.01","0","70","0","0","100","0","8387191491","16730289734","542121995","70","774459992.86","8929313486","17504749727"
"35","Darien","2021","7418036885","52.61","14100051102.45","50661250","52.64","96240976.44","696967580","54.29","1283786295.82","108078900","51.37","210393030.95","0","70","0","0","100","0","8273744615","15690471405","521779670","70","745399528.57","8795524285","16435870934"
"35","Darien","2020","7343847005","60.63","12112563095.83","48081250","60.7","79211285.01","679330660","60.7","1119160889.62","104582670","65.1","160649262.67","0","70","0","0","100","0","8175841585","13471584534","453422670","70","647746671.43","8629264255","14119331205"
"35","Darien","2019","7279160729","68.87","10569421706.11","48081250","68.68","70007644.15","696560186","68.68","1014211103.67","107524420","60.09","178938958.23","0","70","0","0","100","0","8131326585","11832579412","437088867","70","624412667.14","8568415452","12456992079"
"35","Darien","2018","7225858887","70","10322655552.86","46790870","70","66844100","667198700","70","953141000","109567720","70","156525314.29","0","70","0","0","100","0","8049416177","11499165967.14","424159782","70","605942545.71","8473575959","12105108512.86"
"35","Darien","2017","7386035297","65.05","11354397074.56","38718200","65","59566461.54","626178470","64.09","977029911.06","115857510","65","178242323.08","0","70","0","0","100","0","8166789477","12569235770.24","423354318","70","604791882.86","8590143795","13174027653.09"
"35","Darien","2016","7332832680","63.54","11540498394.71","39723670","63.58","62478247.88","618460760","63.58","972728468.07","113894900","63.58","179136363.64","0","70","0","0","100","0","8104912010","12754841474.30","407792167","70","582560238.57","8512704177","13337401712.87"
"35","Darien","2015","7224079800","63.08","11452250792.64","39723670","62.96","63093503.81","651103530","57.8","1126476695.50","127837850","57.47","222442752.74","0","70","0","0","100","0","8042744850","12864263744.70","404089365","70","577270521.43","8446834215","13441534266.13"
"35","Darien","2014","7162371140","62.3","11496582889","39723670","62","64070435","652289610","51.59","1264372185","97767330","62","157689242","0","70","0","0","100","0","7952151750","12982714751","404224115","70","577463021","8356375865","13560177773"
"35","Darien","2013","7046511470","70","10066444957","39723670","70","56748100","649904150","70","928434500","115313530","70","164733614","0","70","0","0","100","0","7851452820","11216361171","399422032","70","570602903","8250874852","11786964074"
"35","Darien","2012","7655898320","71","10743612574","37886310","71","53129028","649624480","69","946284749","157234280","105","149519095","0","70","0","0","100","0","8500643390","11892545445","391198900","70","558855571","8891842290","12451401017"
"35","Darien","2011","7611060280","75.59","10068871914.27","37886310","75.72","50034746.43","664355560","97.56","680971258.71","149857050","82.1","182529902.56","0","70","0","0","100","0","8463159200","10982407821.98","393228591","70","561755130","8856387791","11544162951.98"
"34","Danbury","2024","6191849360","53.28","11621338888.89","567184390","43.02","1318420246.40","2112898956","63.35","3335278541.44","112510570","56.09","200589356.39","1242700","70.00","1775285.71","0","100.00","0.00","8985685976","16477402318.00","1489044510.00","70.00","2127206442.86","10474730486","18604608761.00"
"34","Danbury","2023","6165491878","55.58","11093004458.44","568787750","55.57","1023551826.53","2150080830","58.38","3682906526.21","115006490","52.09","220784200.42","1242700","70","1775285.71","0","100","0","9000609648","16022022297","1452601390","70","2075144842.86","10453211038","18097167140"
"34","Danbury","2022","6151267403","70","8787524861.43","571939660","70","817056657.14","2197551740","70","3139359628.57","117974210","70","168534585.71","894310","70","1277585.71","0","100","0","9039627323","12913753319","1420054508","70","2028649297.14","10459681831","14942402616"
"34","Danbury","2021","4405242475","46.65","9443177867.10","275961800","46.86","588906956.89","1981658338","59.18","3348527100.37","124400255","62.46","199167875.44","784100","70","1120142.86","77600","100","77600","6788124568","13580977542","1361646747","70","1945209638.57","8149771315","15526187181"
"34","Danbury","2020","4364451995","53.01","8233261639.31","402970100","53.14","758317839.67","1853461003","60.4","3068644044.70","129564300","58.21","222580828.04","546000","70","780000","325700","100","325700","6751319098","12283910052","1202645166","70","1718064522.86","7953964264","14001974575"
"34","Danbury","2019","4339974125","60.38","7187767679.70","403549000","60.62","665702738.37","1858714173","68.6","2709495879.01","127348700","79.34","160510083.19","532100","70","760142.86","332600","100","332600","6730450698","10724569123","1173628900","70","1676612714.29","7904079598","12401181837"
"34","Danbury","2018","4302179593","62.27","6909466944.51","403441600","53.85","749264741.39","1866118273","72.9","2560008605.53","138015200","73.83","186936475.69","525700","70","751000","332600","100","332600","6710612966","10406760367.11","1139631594","70","1628045134.29","7850244560","12034805501.40"
"34","Danbury","2017","4266035435","70","6094336335.71","402585100","70","575121571.43","1867156200","70","2667366000","136557500","70","195082142.86","525700","70","751000","342600","100","342600","6673202535","9532999650","1065538383","70","1522197690","7738740918","11055197340"
"34","Danbury","2016","3968655970","64.77","6127305805.16","315259400","55.42","568854926.02","1710511200","65.39","2615860529.13","138430100","63.6","217657389.94","85700","70","122428.57","240300","100","240300","6133182670","9530041378.82","1003022253","70","1432888932.86","7136204923","10962930311.67"
"34","Danbury","2015","3932041720","65.27","6024271058.68","290130200","65.63","442069480.42","1730800500","72.52","2386652647.55","137764600","76.38","180367373.66","85700","70","122428.57","240200","100","240200","6091062920","9033723188.87","940927175","70","1344181678.57","7031990095","10377904867.45"
"34","Danbury","2014","3899527465","66.83","5834995459","269407900","58","464496379","1730117800","73.05","2368402190","147812200","132.33","111699690","85700","70","122429","239900","100","239900","6047190965","8779956047","904624088","70","1292320126","6951815053","10072276173"
"34","Danbury","2013","3870940265","67.05","5773214415","246476600","67.26","366453464","1748555200","68.64","2547428904","148369700","90.18","164526170","330800","70","472571","0","100","0","6014672565","8852095525","877847032","70","1254067189","6892519597","10106162713"
"34","Danbury","2012","3848783515","70","5498262164","251102200","70","358717429","1713013100","70","2447161571","159662700","70","228089571","85300","70","121857","255200","100","255200","5972902015","8532607793","855287977","70","1221839967","6828189992","9754447760"
"34","Danbury","2011","4748629949","93.06","5102761604.34","258603500","105.61","244866489.92","1991192450","77.27","2576928238.64","0","158.27","0","85100","70","121571.43","256800","100","256800","6998767799","7924934704.33","865271248","70","1236101782.86","7864039047","9161036487.19"
"33","Cromwell","2024","1171859551","50.31","2329277581.00","0","50.31","0.00","367980053","69.42","530077863.73","19006211","47.72","39828606.45","1919297","70.00","2741852.86","0","100.00","0.00","1560765112","2901925904.00","358392468.00","70.00","511989240.00","1919157580","3413915144.00"
"33","Cromwell","2023","1161704461","53.78","2160104985.12","0","54.38","0","362852983","85.98","422020217.49","19253080","66.72","28856534.77","1915851","70","2736930","0","100","0","1545726375","2613718667","366289154","70","523270220","1912015529","3136988887"
"33","Cromwell","2022","1150397023","70","1643424318.57","0","70","0","364644860","70","520921228.57","21806162","70","31151660","1775483","70","2536404.29","0","100","0","1538623528","2198033612","367716948","70","525309925.71","1906340476","2723343538"
"33","Cromwell","2021","904435642","51.01","1773055561.65","17325000","51.13","33884216.70","272958864","43.32","630098947.37","28611729","67.42","42438043.61","1408620","70","2012314.29","0","100","0","1224739855","2481489084","348307161","70","497581658.57","1573047016","2979070743"
"33","Cromwell","2020","914835311","58.94","1552146778.08","0","59.11","0","277528974","62.27","445686484.66","0","61.15","0","1421724","70","2031034.29","0","100","0","1193786009","1999864297","321158973","70","458798532.86","1514944982","2458662830"
"33","Cromwell","2019","910812096","64.13","1420258998.91","0","64.13","0","280381801","64.95","431688685.14","0","64.13","0","1325282","70","1893260","0","100","0","1192519179","1853840944","310922299","70","444174712.86","1503441478","2298015657"
"33","Cromwell","2018","911043577","67.12","1357335484.21","0","66.95","0","258146326","66.95","385606950.84","0","66.95","0","1358203","70","1940290","0","100","0","1170548106","1744882725.05","276072220","70","394388885.71","1446620326","2139271610.76"
"33","Cromwell","2017","904928895","70","1292755564.29","0","70","0","268987772","70","384268245.71","156380","70","223400","1169719","70","1671027.14","0","100","0","1175242766","1678918237.14","267011810","70","381445442.86","1442254576","2060363680"
"33","Cromwell","2016","868614880","66.61","1304030746.13","1356510","66.53","2038944.84","220024945","58.73","374638081.05","8646520","66.53","12996422.67","1411930","70","2017042.86","0","100","0","1100054785","1695721237.54","251154247","70","358791781.43","1351209032","2054513018.97"
"33","Cromwell","2015","864595380","66.85","1293336394.91","1356510","66.61","2036496.02","219824855","71.56","307189568.19","8556150","64.39","13288010.56","1411980","70","2017114.29","0","100","0","1095744875","1617867583.98","226994430","70","324277757.14","1322739305","1942145341.12"
"33","Cromwell","2014","857402440","66.65","1286425266","1332340","66.63","1999610","220969845","75.88","291209601","9081370","65.69","13824585","1403230","70","2004614","0","100","0","1090189225","1595463676","199882945","70","285547064","1290072170","1881010741"
"33","Cromwell","2013","847494530","68.11","1244302643","1332340","67.97","1960188","220725435","47.8","461768692","9200740","61.64","14926574","1386270","70","1980386","0","100","0","1080139315","1724938483","191397117","70","273424453","1271536432","1998362936"
"33","Cromwell","2012","840389461","70","1200556373","1332340","70","1903343","218765093","70","312521561","9607870","70","13725529","1390390","70","1986271","0","100","0","1071485154","1530693077","184631489","70","263759270","1256116643","1794452347"
"33","Cromwell","2011","972055350","79.21","1227187665.70","1392090","78.49","1773588.99","244362555","88.24","276929459.43","10913860","66.2","16486193.35","1257760","70","1796800","0","100","0","1229981615","1524173707.47","180687954","70","258125648.57","1410669569","1782299356.04"
"32","Coventry","2024","1347504089","70.00","1925005841.43","80200","70.00","114571.43","43752450","70.00","62503500.00","17484400","70.00","24977714.29","3176900","70.00","4538428.57","0","100.00","0.00","1411998039","2017140055.00","165596060.00","70.00","236565800.00","1577594099","2253705855.00"
"32","Coventry","2023","871068000","43.31","2011239898.41","48700","43.32","112419.21","40957950","43.32","94547437.67","0","58.14","0","1063700","70","1519571.43","0","100","0","913138350","2107419326","185419880","70","264885542.86","1098558230","2372304869"
"32","Coventry","2022","865091200","47.76","1811329983.25","48700","47.85","101776.38","40320550","66.89","60278890.72","0","56","0","1074100","70","1534428.57","0","100","0","906534550","1873245079","190284400","70","271834857.14","1096818950","2145079936"
"32","Coventry","2021","854532550","51.16","1670313819.39","48700","51.6","94379.84","39832250","64.88","61393726.88","0","63.83","0","1068700","70","1526714.29","0","100","0","895482200","1733328640","181634025","70","259477178.57","1077116225","1992805819"
"32","Coventry","2020","846912550","56.84","1489993930.33","48700","56.94","85528.63","39043850","76.38","51117897.36","0","83.55","0","1106000","70","1580000","0","100","0","887111100","1542777356","152191387","70","217416267.14","1039302487","1760193623"
"32","Coventry","2019","841205550","70","1201722214.29","48700","70","69571.43","37767150","70","53953071.43","0","70","0","1118400","70","1597714.29","0","100","0","880139800","1257342570","142861540","70","204087914.29","1023001340","1461430484"
"32","Coventry","2018","802907900","62.04","1294177788.52","48200","62.73","76837.24","35782350","73.73","48531601.79","0","79.46","0","1137300","70","1624714.29","0","100","0","839875750","1344410941.84","138313640","70","197590914.29","978189390","1542001856.12"
"32","Coventry","2017","795899900","63.59","1251611731.40","48200","63.59","75798.08","35796350","92.48","38707125.87","0","57.68","0","1098400","70","1569142.86","0","100","0","832842850","1291963798.21","133400985","70","190572835.71","966243835","1482536633.92"
"32","Coventry","2016","790023300","64.86","1218043940.80","48200","64.98","74176.67","35859450","64.98","55185364.73","0","76.29","0","1132300","70","1617571.43","0","100","0","827063250","1274921053.62","125223018","70","178890025.71","952286268","1453811079.34"
"32","Coventry","2015","783546100","66.09","1185574368.29","48200","66.42","72568.50","36017850","66.42","54227416.44","0","80.53","0","1138200","70","1626000","0","100","0","820750350","1241500353.23","129003391","70","184290558.57","949753741","1425790911.80"
"32","Coventry","2014","778024300","70","1111463286","48200","70","68857","35756850","70","51081214","0","70","0","1143200","70","1633143","0","100","0","814972550","1164246500","115960180","70","165657400","930932730","1329903900"
"32","Coventry","2013","851432220","72.95","1167144921","0","73.3","0","36230400","73.3","49427558","0","78.06","0","1510400","70","2157714","0","100","0","889173020","1218730193","111400380","70","159143400","1000573400","1377873593"
"32","Coventry","2012","845092800","74","1142480465","55200","74","74959","35489400","74","48193102","0","71","0","1681800","70","2402571","0","100","0","882319200","1193151097","112038205","70","160054579","994357405","1353205676"
"32","Coventry","2011","839371470","74.91","1120506567.88","55200","75","73600","35299200","75","47065600","0","89.32","0","1467700","70","2096714.29","0","100","0","876193570","1169742482.17","107403450","70","153433500","983597020","1323175982.17"
"31","Cornwall","2024","417078879","51.68","807041174.54","0","51.97","0.00","10490400","91.93","11411291.20","16492600","51.97","31734847.03","2863001","70.00","4090001.43","59900","100.00","59900.00","446984780","854337214.00","33217501.00","70.00","47453572.86","480202281","901790787.00"
"31","Cornwall","2023","415652779","56.65","733720704.32","0","58.51","0","10416100","58.51","17802256.02","17432400","70.94","24573442.35","2832701","70","4046715.71","59900","100","59900","446393880","780203018","34134703","70","48763861.43","480528583","828966879"
"31","Cornwall","2022","411666479","63.44","648906808.01","0","65.83","0","10379600","76.53","13562785.84","17652200","77","22924935.06","2906501","70","4152144.29","59900","100","59900","442664680","689606573","34140510","70","48772157.14","476805190","738378730"
"31","Cornwall","2021","411500280","70","587857542.86","0","70","0","10822300","70","15460428.57","18906800","70","27009714.29","2895100","70","4135857.14","61200","100","61200","444185680","634524743","32728645","70","46755207.14","476914325","681279950"
"31","Cornwall","2020","341617480","59.9","570312988.31","0","60.73","0","9812000","63.92","15350438.05","18464800","76.97","23989606.34","2130400","70","3043428.57","59200","100","59200","372083880","612755661","27929595","70","39899421.43","400013475","652655082"
"31","Cornwall","2019","338497080","69.95","483912909.22","0","69.08","0","9808000","69.08","14198031.27","20065200","69.08","29046323.10","1994700","70","2849571.43","59200","100","59200","370424180","530066034","26777656","70","38253794.29","397201836","568319828"
"31","Cornwall","2018","336659880","68.74","489793962.32","0","69.96","0","9758700","69.96","13948970.84","18643700","72.65","25664120.04","2072100","70","2960142.86","62900","100","62900","367197280","532430096.05","26031886","70","37188408.57","393229166","569618504.62"
"31","Cornwall","2017","333330980","69.77","477756886.91","0","67.87","0","10027300","67.87","14774274.35","19793500","56.28","35169687.28","2094400","70","2992000","62900","100","62900","365309080","530755748.54","24651650","70","35216642.86","389960730","565972391.40"
"31","Cornwall","2016","333110680","70","475872400","0","70","0","10027300","70","14324714.29","20173400","70","28819142.86","2124600","70","3035142.86","62900","100","62900","365498880","522114300","23965440","70","34236342.86","389464320","556350642.86"
"31","Cornwall","2015","343955730","76","452573328.95","0","76","0","12766800","76","16798421.05","23334300","76","30703026.32","1179200","70","1684571.43","65700","100","65700","381301730","501825047.74","23591370","70","33701957.14","404893100","535527004.89"
"31","Cornwall","2014","272308630","88.21","308704943","0","88.21","0","12369200","88.21","14022446","19172500","85.18","22508218","75505200","70","107864571","65700","100","65700","379421230","453165879","23698580","70","33855114","403119810","487020993"
"31","Cornwall","2013","269329810","81.21","331646115","0","81.21","0","12511500","81.21","15406354","19069000","81.21","23481098","74440800","70","106344000","67700","100","67700","375418810","476945267","22184430","70","31692043","397603240","508637310"
"31","Cornwall","2012","268971730","80","336046639","0","84","0","9886700","84","11834690","19229700","84","23018554","72817500","70","104025000","67700","100","67700","370973330","474992583","22101070","70","31572957","393074400","506565540"
"31","Cornwall","2011","267287830","70","381839757.14","0","70","0","9886700","70","14123857.14","18878600","70","26969428.57","72075100","70","102964428.57","67700","100","67700","368195930","525965171.43","22585270","70","32264671.43","390781200","558229842.86"
"30","Columbia","2024","470612610","45.40","1036591651.98","1403850","45.40","3092180.62","24625770","48.69","50576648.18","2407510","37.15","6480511.44","1528260","70.00","2183228.57","10640","100.00","10640.00","500588640","1098934861.00","86921274.00","70.00","124173248.57","587509914","1223108110.00"
"30","Columbia","2023","469089670","47.29","991942630.58","1403850","48.62","2887392.02","24062140","48.62","49490209.79","2292850","66.17","3465089.92","1566000","70","2237142.86","10640","100","10640","498425150","1050033106","95535735","70","136479621.43","593960885","1186512727"
"30","Columbia","2022","466502050","53.13","878038866.93","1403850","53.17","2640304.68","24647790","53.17","46356573.26","2474640","56","4419000","1578780","70","2255400","10640","100","10640","496617750","933720785","98151788","70","140216840","594769538","1073937625"
"30","Columbia","2021","463464350","70","662091928.57","1403850","70","2005500","25598740","70","36569628.57","2552830","70","3646900","1567230","70","2238900","10640","100","10640","494597640","706563498","89298431","70","127569187.14","583896071","834132685"
"30","Columbia","2020","396393460","53.81","736653893.33","850200","54.28","1566322.77","22749590","54.98","41377937.43","2489140","65.9","3777147.19","1273970","70","1819957.14","10600","100","10600","423766960","785205857","78091080","70","111558685.71","501858040","896764543"
"30","Columbia","2019","389386800","59.69","652348467.08","647800","60.69","1067391.66","22486500","60.69","37051408.80","8235600","77.54","10621098.79","1560700","70","2229571.43","10660","100","10660","422328060","703328598","75664543","70","108092204.29","497992603","811420802"
"30","Columbia","2018","388372120","60.82","638559881.62","647800","61.47","1053847.41","22627800","61.47","36811127.38","8415600","84.12","10004279.60","1418950","70","2027071.43","10660","100","10660","421492930","688466867.43","73057269","70","104367527.14","494550199","792834394.57"
"30","Columbia","2017","386596720","63.23","611413442.99","647800","64.3","1007465.01","22802600","100.87","22605928.42","8722720","91","9585406.59","1344330","70","1920471.43","1530","100","1530","420115700","646534244.44","67137460","70","95910657.14","487253160","742444901.58"
"30","Columbia","2016","385277200","70","550396000","647800","70","925428.57","22630100","70","32328714.29","8697100","70","12424428.57","1355150","70","1935928.57","1530","100","1530","418608880","598012030","66523559","70","95033655.71","485132439","693045685.71"
"30","Columbia","2015","381902610","67.61","564861130.01","532600","67.79","785661.60","21203505","67.79","31278219.50","9632971","87.5","11009109.71","1004100","70","1434428.57","1530","100","1530","414277316","609370079.40","62733384","70","89619120","477010700","698989199.40"
"30","Columbia","2014","381487110","65.07","586271876","532600","64.92","820394","21065030","46.71","45097474","9699971","59.39","16332667","1008910","70","1441300","1530","100","1530","413795151","649965242","57965856","70","82808366","471761007","732773607"
"30","Columbia","2013","379848010","65.09","583573529","532600","65.22","816621","21063430","65.22","32295967","9507471","88.71","10717474","1017440","70","1453486","1530","100","1530","411970481","628858607","54266710","70","77523871","466237191","706382478"
"30","Columbia","2012","378248350","68","556738814","532600","69","774015","21480430","69","31217018","9380471","90","10422746","1047510","70","1496443","1530","100","1530","410690891","600650565","53440163","70","76343090","464131054","676993655"
"30","Columbia","2011","375966410","70","537094871.43","532600","70","760857.14","21270330","70","30386185.71","10333171","70","14761672.86","961120","70","1373028.57","1530","100","1530","409065161","584378145.71","54683615","70","78119450","463748776","662497595.71"
"29","Colebrook","2024","134444290","37.48","358709418.36","0","37.48","0.00","30923000","37.48","82505336.18","818300","44.34","1845511.95","2403310","70.00","3433300.00","126310","100.00","126310.00","168715210","446619876.00","27491890.00","70.00","39274128.57","196207100","485894005.00"
"29","Colebrook","2023","134232330","48.23","278317084.80","0","48.23","0","30709870","48.23","63673792.25","897800","48.23","1861496.99","2468280","70","3526114.29","126310","100","126310","168434590","347504798","28877693","70","41253847.14","197312283","388758645"
"29","Colebrook","2022","133881840","47.2","283647966.10","0","47.2","0","30710270","47.2","65064131.36","996100","48.74","2043701.27","2464400","70","3520571.43","126310","100","126310","168178920","354402679","30256553","70","43223647.14","198435473","397626326"
"29","Colebrook","2021","133343500","50.38","264675466.45","0","51.42","0","30710270","51.42","59724367.95","919200","93.2","986266.09","2475320","70","3536171.43","126310","100","126310","167574600","329048581","30104982","70","43007117.14","197679582","372055698"
"29","Colebrook","2020","132680000","70","189542857.14","0","70","0","30990375","70","44271964.29","964100","70","1377285.71","2483580","70","3547971.43","126310","100","126310","167244365","238866388","25439168","70","36341668.57","192683533","275208057"
"29","Colebrook","2019","131928960","64.16","205624937.66","0","64.16","0","29898575","64.16","46600023.38","1194500","64.16","1861751.87","1750280","70","2500400","77730","100","77730","164850045","256664843","23194677","70","33135252.86","188044722","289800096"
"29","Colebrook","2018","131662550","67.13","196145325.88","0","68.12","0","29907375","68.12","43903956.25","1194500","68.12","1753523.19","1765880","70","2522685.71","77730","100","77730","164608035","244403221.05","22811633","70","32588047.14","187419668","276991268.19"
"29","Colebrook","2017","132056450","72.1","183157350.90","0","74.58","0","29516175","74.58","39576528.56","1078500","171.43","629119.76","1683470","70","2404957.14","77730","100","77730","164412325","225845686.36","21834592","70","31192274.29","186246917","257037960.65"
"29","Colebrook","2016","131809750","71.21","185100056.17","0","70.65","0","29525075","70.65","41790622.79","916200","70.65","1296815.29","1720350","70","2457642.86","77730","100","77730","164049105","230722867.10","19158412","70","27369160","183207517","258092027.10"
"29","Colebrook","2015","131789350","70","188270500","0","70","0","29307600","70","41868000","915300","70","1307571.43","1647160","70","2353085.71","42110","100","42110","163701520","233841267.14","18609522","70","26585031.43","182311042","260426298.57"
"29","Colebrook","2014","146801050","83.81","175159349","0","83.81","0","13236000","83.81","15792865","1016200","83.81","1212504","1222760","70","1746800","42110","100","42110","162318120","193953628","21911413","70","31302019","184229533","225255646"
"29","Colebrook","2013","146648250","80.21","182830383","0","80.21","0","13514900","80.21","16849395","981900","80.21","1224162","1234670","70","1763814","16200","100","16200","162395920","202683954","25318160","70","36168800","187714080","238852754"
"29","Colebrook","2012","146601450","79","184729650","0","83","0","13376100","83","16164471","886200","188","471383","1224890","70","1749843","16200","100","16200","162104840","203131547","23042190","70","32917414","185147030","236048961"
"29","Colebrook","2011","146899650","76.11","193009657.08","0","78.41","0","13426400","78.41","17123326.11","790200","78.41","1007779.62","1199370","70","1713385.71","16200","100","16200","162331820","212870348.52","21332540","70","30475057.14","183664360","243345405.66"
"28","Colchester","2024","1126198830","47.72","2360014312.66","39869150","48.01","83043428.45","136097785","57.18","238016413.08","23819320","53.87","44216298.50","2325890","70.00","3322700.00","0","100.00","0.00","1328310975","2728613153.00","277805826.00","70.00","396865465.71","1606116801","3125478619.00"
"28","Colchester","2023","1126216140","52.05","2163719769.45","39869150","52.16","76436253.83","136695375","52.16","262069353.91","24552670","53.5","45892841.12","2364220","70","3377457.14","0","100","0","1329697555","2551495675","293903849","70","419862641.43","1623601404","2971358316"
"28","Colchester","2022","1111860460","55.31","2010234062.56","39843650","55.69","71545430.06","136028815","55.69","244260755.97","26033570","67.02","38844479.26","2413990","70","3448557.14","0","100","0","1316180485","2368333285","286933341","70","409904772.86","1603113826","2778238058"
"28","Colchester","2021","1101207770","70","1573153957.14","40050800","70","57215428.57","135246890","70","193209842.86","25384400","70","36263428.57","2481050","70","3544357.14","19110","100","19110","1304390020","1863406125","240182087","70","343117267.14","1544572107","2206523392"
"28","Colchester","2020","898125066","53.15","1689793162.75","26854900","53.35","50337207.12","115747280","61.97","186779538.49","23943300","54.97","43557031.11","1550880","70","2215542.86","11760","100","11760","1066233186","1972694242","195553482","70","279362117.14","1261786668","2252056359"
"28","Colchester","2019","892748634","62","1439917151.61","22419900","62.31","35981222.92","113180010","62.18","182019958.19","23980700","81.18","29540157.67","1593720","70","2276742.86","11760","100","11760","1053934724","1689746994","186420348","70","266314782.86","1240355072","1956061777"
"28","Colchester","2018","884822740","63.97","1383276572.27","22419500","64.26","34888733.27","111265260","93.68","118771626.81","24191500","70.83","34154313.14","1660370","70","2371957.14","11760","100","11760","1044371130","1573474962.64","178955908","70","255651297.14","1223327038","1829126259.79"
"28","Colchester","2017","876825935","65.67","1335200144.66","22889200","66.1","34628139.18","111009650","66.1","167941981.85","24585000","93","26435483.87","1701320","70","2430457.14","12700","100","12700","1037023805","1566648906.71","176455220","70","252078885.71","1213479025","1818727792.42"
"28","Colchester","2016","866062800","70","1237232571.43","23198900","70","33141285.71","113649530","70","162356471.43","24931200","70","35616000","1673950","70","2391357.14","12700","100","12700","1029529080","1470750385.71","173321519","70","247602170","1202850599","1718352555.71"
"28","Colchester","2015","902229170","70.67","1276679170.79","20865200","70.87","29441512.63","101060840","79.75","126722056.43","29458460","96.13","30644398.21","934360","70","1334800","6880","100","6880","1054554910","1464828818.06","163080320","70","232971885.71","1217635230","1697800703.77"
"28","Colchester","2014","892478065","70.81","1260384218","20865200","70.95","29408316","100437090","71.04","141381039","29779800","107.2","27779664","943120","70","1347314","6880","100","6880","1044510155","1460307431","158051900","70","225788429","1202562055","1686095860"
"28","Colchester","2013","883145851","70.41","1254290372","20882700","71.03","29399831","98696300","71.03","138950162","34629700","102.46","33798263","951100","70","1358714","7560","100","7560","1038313211","1457804902","157953214","70","225647449","1196266425","1683452351"
"28","Colchester","2012","874904844","70","1243822639","20882700","71","29416397","98719300","59","168348056","34360700","88","38869570","956460","70","1366371","7560","100","7560","1029831564","1481830593","161949360","70","231356229","1191780924","1713186821"
"28","Colchester","2011","867902200","70","1239860285.71","20977200","70","29967428.57","98212900","70","140304142.86","34779700","70","49685285.71","987110","70","1410157.14","7560","100","7560","1022866670","1461234860","153974770","70","219963957.14","1176841440","1681198817.14"
"27","Clinton","2024","1248495385","39.68","3146409740.42","14748920","39.79","37066901.23","218060280","42.65","511278499.41","12950040","38.27","33838620.33","483390","70.00","690557.14","0","100.00","0.00","1494738015","3729284317.00","237579042.00","70.00","339398631.43","1732317057","4068682948.00"
"27","Clinton","2023","1242499379","41.35","3004835257.56","14823322","41.59","35641553.26","229618941","54.34","422559700.04","13100540","57.53","22771666.96","483390","70","690557.14","0","100","0","1500525572","3486498735","239813095","70","342590135.71","1740338667","3829088871"
"27","Clinton","2022","1238834903","44.9","2759097779.51","12508820","44.94","27834490.43","237446478","57.64","411947394.17","13179940","42","31380809.52","460270","70","657528.57","0","100","0","1502430411","3230918003","240274582","70","343249402.86","1742704993","3574167406"
"27","Clinton","2021","1231050902","51.26","2401581939.13","8978120","51.59","17402830.01","231483126","54.94","421338052.42","13744553","71.85","19129510.09","495880","70","708400","0","100","0","1485752581","2860160731","224650715","70","320929592.86","1710403296","3181090324"
"27","Clinton","2020","1230685152","70","1758121645.71","8978120","70","12825885.71","231483126","70","330690180","13744553","70","19635075.71","495880","70","708400","0","100","0","1485386831","2121981188","224254555","70","320363650","1709641386","2442344838"
"27","Clinton","2019","1166035103","63.49","1836564975.59","7952990","63.59","12506667.72","201723192","84.66","238274500.35","14364350","91.2","15750383.77","442650","70","632357.14","0","100","0","1390518285","2103728885","170960110","70","244228728.57","1561478395","2347957614"
"27","Clinton","2018","1159657739","64.95","1785462261.74","7816050","65.33","11963952.24","197589359","67.87","291129157.21","14463000","65.33","22138374.41","442510","70","632157.14","0","100","0","1379968658","2111325902.74","164709451","70","235299215.71","1544678109","2346625118.46"
"27","Clinton","2017","1154642413","66.71","1730838574.43","5830870","66.71","8740623.59","197608229","53.21","371374232.29","14827700","66.71","22227102.38","436910","70","624157.14","0","100","0","1373346122","2133804689.83","160412379","70","229160541.43","1533758501","2362965231.26"
"27","Clinton","2016","1149000011","67.32","1706773634.88","11929128","67.33","17717403.83","191595939","66.8","286820267.96","15043100","89.6","16789174.11","532420","70","760600","0","100","0","1368100598","2028861080.78","158002894","70","225718420","1526103492","2254579500.78"
"27","Clinton","2015","1148256771","70","1640366815.71","5419490","70","7742128.57","193901949","70","277002784.29","15490100","70","22128714.29","455300","70","650428.57","0","100","0","1363523610","1947890871.43","159371170","70","227673100","1522894780","2175563971.43"
"27","Clinton","2014","1173224825","70.6","1661791537","7276828","70.6","10307122","159079803","70.6","225325500","15700770","90.56","17337423","261240","70","373200","0","100","0","1355543466","1915134781","154849591","70","221213701","1510393057","2136348483"
"27","Clinton","2013","1170503805","71.69","1632729537","4395992","71.56","6143086","160938453","67.08","239920174","16181270","106.94","15131167","261240","70","373200","0","100","0","1352280760","1894297164","153925603","70","219893719","1506206363","2114190882"
"27","Clinton","2012","1166274745","70","1670641377","4395992","70","6247857","163766703","70","232755405","16928670","81","20928013","277170","70","395957","0","100","0","1351643280","1930968609","148532182","70","212188831","1500175462","2143157440"
"27","Clinton","2011","1162736380","71.67","1622347397.80","4395992","72.09","6097922.04","164870658","69.42","237497346.59","17161970","90.15","19037127.01","307280","70","438971.43","0","100","0","1349472280","1885418764.86","148064776","70","211521108.57","1497537056","2096939873.43"
"26","Chester","2024","432131140","53.35","809992764.76","4967620","53.98","9202704.71","82208330","75.18","109348669.86","843960","53.98","1563467.95","409960","70.00","585657.14","0","100.00","0.00","520561010","930693265.00","74668425.00","70.00","106669178.57","595229435","1037362444.00"
"26","Chester","2023","431630521","70","616615030","4967620","70","7096600","82661961","70","118088515.71","843960","70","1205657.14","405730","70","579614.29","0","100","0","520509792","743585417","76439350","70","109199071.43","596949142","852784488"
"26","Chester","2022","318752941","44.17","721650307.90","3207650","44.42","7221184.15","66906510","50.66","132069699.96","4622340","44.42","10405988.29","526830","70","752614.29","0","100","0","394016271","872099794","68778430","70","98254900","462794701","970354694"
"26","Chester","2021","317651983","51.16","620899106.72","3207650","52.01","6167371.66","65621200","52.01","126170351.86","4643350","66.65","6966766.69","547270","70","781814.29","0","100","0","391671453","760985412","71950080","70","102785828.57","463621533","863771241"
"26","Chester","2020","316520990","57.55","549993032.15","3207650","58.26","5505750.09","65539510","86.82","75488954.16","4643350","61.13","7595861.28","530340","70","757628.57","0","100","0","390441840","639341226","59108698","70","84440997.14","449550538","723782223"
"26","Chester","2019","315537910","62.41","505588703.73","3207650","63.67","5037929.95","65539250","79.06","82898115.36","4643350","63.67","7292838.07","524670","70","749528.57","0","100","0","389452830","601567116","55952855","70","79932650","445405685","681499766"
"26","Chester","2018","315462953","70","450661361.43","3207650","70","4582357.14","65534460","70","93620657.14","4553310","70","6504728.57","524930","70","749900","0","100","0","389283303","556119004.29","52354470","70","74792100","441637773","630911104.29"
"26","Chester","2017","319890253","68.24","468772351.99","2963720","68.8","4307732.56","68278320","68.8","99241744.19","4617280","71.56","6452319.73","524940","70","749914.29","0","100","0","396274513","579524062.75","48751238","70","69644625.71","445025751","649168688.47"
"26","Chester","2016","319177048","67.43","473345763.01","2963720","70.04","4231467.73","74372540","70.04","106185808.11","4773750","70.04","6815748.14","522700","70","746714.29","0","100","0","401809758","591325501.29","45119146","70","64455922.86","446928904","655781424.14"
"26","Chester","2015","318232070","67.9","468677569.96","2963720","67.79","4371913.26","74354770","67.79","109683979.94","5310150","63.38","8378273.90","512490","70","732128.57","0","100","0","401373200","591843865.63","43368620","70","61955171.43","444741820","653799037.06"
"26","Chester","2014","317283380","71.7","442515174","2948350","72.04","4092657","73011530","80.21","91025471","5952460","72.04","8262715","512160","70","731657","0","100","0","399707880","546627674","43680300","70","62400429","443388180","609028103"
"26","Chester","2013","315598730","70","450855329","2948350","70","4211929","72549260","70","103641800","6235550","70","8907929","497510","70","710729","0","100","0","397829400","568327714","43143410","70","61633443","440972810","629961157"
"26","Chester","2012","366692430","75","486458517","3245470","75","4332492","76832240","75","102566066","11585930","75","15466466","494000","70","705714","0","100","0","458850070","609529256","42515710","70","60736729","501365780","670265984"
"26","Chester","2011","366625430","78.49","467098267.30","3245470","79.43","4085949.89","77952830","91.48","85212975.51","11052640","79.43","13914943.98","505460","70","722085.71","0","100","0","459381830","571034222.39","44439935","70","63485621.43","503821765","634519843.82"
"25","Cheshire","2024","2865787160","53.42","5364633395.73","64147430","56.76","113015204.37","552565969","60.48","913634208.00","13459940","43.05","31265830.43","1222120","70.00","1745885.71","0","100.00","0.00","3497182619","6424294524.00","533952939.00","70.00","762789912.86","4031135558","7187084437.00"
"25","Cheshire","2023","2840396630","70","4057709471.43","35189550","70","50270785.71","548272560","70","783246514.29","17081750","70","24402500","1253800","70","1791142.86","0","100","0","3442194290","4917420414","552502546","70","789289351.43","3994696836","5706709765"
"25","Cheshire","2022","2053274050","45.45","4517654675.47","19740900","45.6","43291447.37","387775239","50.82","763036676.51","20838060","49.13","42414125.79","1288030","70","1840042.86","0","100","0","2482916279","5368236968","549590131","70","785128758.57","3032506410","6153365727"
"25","Cheshire","2021","2034495090","49.01","4151183615.59","19391990","49.14","39462739.11","384156159","52.45","732423563.39","19366710","60.06","32245604.40","997220","70","1424600","0","100","0","2458407169","4956740122","507524856","70","725035508.57","2965932025","5681775631"
"25","Cheshire","2020","2017470250","54.31","3714730712.58","18977140","54.3","34948692.45","385192709","59.61","646188070.79","18970860","47.85","39646520.38","1022710","70","1461014.29","0","100","0","2441633669","4436975010","437015158","70","624307368.57","2878648827","5061282379"
"25","Cheshire","2019","2009435200","62.62","3208935164.48","18387280","62.58","29382038.99","376336193","59.9","628274111.85","20413990","62.58","32620629.59","1036110","70","1480157.14","0","100","0","2425608773","3900692102","418892794","70","598418277.14","2844501567","4499110379"
"25","Cheshire","2018","1999465350","70","2856379071.43","12080640","70","17258057.14","368905772","70","527008245.71","21639750","70","30913928.57","1045720","70","1493885.71","0","100","0","2403137232","3433053188.57","398798438","70","569712054.29","2801935670","4002765242.86"
"25","Cheshire","2017","2009817540","64.96","3093930942.12","10175010","64.96","15663500.62","359213239","64.2","559522179.13","18196100","72.06","25251318.35","655170","70","935957.14","0","100","0","2398057059","3695303897.35","384747511","70","549639301.43","2782804570","4244943198.78"
"25","Cheshire","2016","2002484625","67.68","2958753878.55","10169940","67.56","15053197.16","356772732","65.05","548459234.44","18837080","54.29","34697144.96","649730","70","928185.71","0","100","0","2388914107","3557891640.82","378699710","70","540999585.71","2767613817","4098891226.53"
"25","Cheshire","2015","1989889730","67.44","2950607547.45","10169930","67.65","15033155.95","356228436","75.4","472451506.63","18280070","67.65","27021537.32","659730","70","942471.43","0","100","0","2375227896","3466056218.78","378969583","70","541385118.57","2754197479","4007441337.36"
"25","Cheshire","2014","1974913760","66.02","2991387095","10172560","65.86","15445733","352876028","60.47","583555528","18741000","62.64","29918582","668880","70","955543","0","100","0","2357372228","3621262482","373284237","70","533263196","2730656465","4154525678"
"25","Cheshire","2013","1963557020","70","2805081457","10123300","70","14461857","349342671","70","499060959","20406460","70","29152086","673200","70","961714","0","100","0","2344102651","3348718073","357886403","70","511266290","2701989054","3859984363"
"25","Cheshire","2012","2127197570","73","2934065614","12966510","73","17808694","383515788","76","501393369","20083510","86","23279831","531090","70","758700","0","100","0","2544294468","3477306207","337859491","70","482656416","2882153959","3959962623"
"25","Cheshire","2011","2117414600","73.01","2900170661.55","13100530","73.05","17933648.19","383497086","84.75","452503936.28","19775350","73.31","26974969.31","547300","70","781857.14","0","100","0","2534334866","3398365072.47","329890759","70","471272512.86","2864225625","3869637585.33"
"24","Chaplin","2024","165553765","50.38","328610093.29","462200","50.38","917427.55","11732335","50.38","23287683.60","1157680","50.38","2297895.99","1288870","70.00","1841242.86","0","100.00","0.00","180194850","356954344.00","66046160.00","70.00","94351657.14","246241010","451306001.00"
"24","Chaplin","2023","165418285","70","236311835.71","462200","70","660285.71","11305635","70","16150907.14","1136180","70","1623114.29","1276270","70","1823242.86","0","100","0","179598570","256569386","71996120","70","102851600","251594690","359420986"
"24","Chaplin","2022","115641000","48.3","239422360.25","312800","48.39","646414.55","9083560","48.39","18771564.37","1076700","48.39","2225046.50","819100","70","1170142.86","0","100","0","126933160","262235529","79011360","70","112873371.43","205944520","375108900"
"24","Chaplin","2021","115140800","47.55","242146792.85","311200","48.88","636661.21","9083560","48.88","18583387.89","1076700","48.88","2202741.41","897200","70","1281714.29","0","100","0","126509460","264851297","84291490","70","120416414.29","210800950","385267711"
"24","Chaplin","2020","114844000","62.58","183515500.16","311200","63.24","492093.61","8950960","63.24","14153953.19","1000800","63.24","1582542.69","887000","70","1267142.86","0","100","0","125993960","201011233","83900000","70","119857142.86","209893960","320868376"
"24","Chaplin","2019","114334700","64.15","178230241.62","263400","66.23","397704.97","8950960","66.23","13514963.01","968600","66.23","1462479.24","890800","70","1272571.43","0","100","0","125408460","194877960","88746590","70","126780842.86","214155050","321658803"
"24","Chaplin","2018","114050450","70","162929214.29","263400","70","376285.71","8958260","70","12797514.29","950900","70","1358428.57","878400","70","1254857.14","0","100","0","125101410","178716300","93371920","70","133388457.14","218473330","312104757.14"
"24","Chaplin","2017","114268400","64.6","176886068.11","296800","64.46","460440.58","9667160","64.46","14997145.52","1042900","64.46","1617902.58","517800","70","739714.29","0","100","0","125793060","194701271.07","64551970","70","92217100","190345030","286918371.07"
"24","Chaplin","2016","113903360","64","177974000","296800","64","463750","9628200","64","15044062.50","1042900","64","1629531.25","543300","70","776142.86","0","100","0","125414560","195887486.61","63728830","70","91041185.71","189143390","286928672.32"
"24","Chaplin","2015","113660900","69.77","162907983.37","296800","69.77","425397.74","9209700","69.77","13200086","1220300","69.77","1749032.54","560600","70","800857.14","0","100","0","124948300","179083356.78","36762150","70","52517357.14","161710450","231600713.93"
"24","Chaplin","2014","112930350","69.07","163501303","296800","69.07","429709","9278900","69.07","13434052","1335600","69.07","1933690","570400","70","814857","0","100","0","124412050","180113612","32904580","70","47006543","157316630","227120155"
"24","Chaplin","2013","112801950","70","161145643","296800","70","424000","8629400","70","12327714","1333300","70","1904714","565800","70","808286","0","100","0","123627250","176610357","25341800","70","36202571","148969050","212812929"
"24","Chaplin","2012","136451900","80","171357403","286600","80","356867","7955600","80","9906114","1634300","80","2034989","1045000","70","1492857","0","100","0","147373400","185148231","24620075","70","35171536","171993475","220319766"
"24","Chaplin","2011","136528800","83.36","163782149.71","286600","84.42","339493.01","8748500","84.42","10363065.62","1506400","84.42","1784411.28","1075300","70","1536142.86","0","100","0","148145600","177805262.48","24705310","70","35293300","172850910","213098562.48"
"23","Canton","2024","953721309","48.00","1986919393.75","18758480","48.00","39080166.67","160586695","48.00","334555614.58","0","75.07","0.00","2542860","70.00","3632657.14","0","100.00","0.00","1135609344","2364187833.00","180061488.00","70.00","257230697.14","1315670832","2621418530.00"
"23","Canton","2023","865002570","46.1","1876361323.21","19208516","46.34","41451264.57","147847263","52.29","282744813.54","7814370","63.16","12372340.09","2988860","70","4269800","0","100","0","1042861579","2217199542","188107064","70","268724377.14","1230968643","2485923919"
"23","Canton","2022","789595650","47.19","1673226637","13836550","47.26","29277507.41","152152090","44.54","341607745.85","5631580","64.57","8721666.41","1587810","70","2268300","0","100","0","962803680","2055101856","191358258","70","273368940","1154161938","2328470796"
"23","Canton","2021","787378150","52.73","1493226152.10","10257340","52.76","19441508.72","147352555","95.5","154295869.11","6024720","57.05","10560420.68","1583930","70","2262757.14","0","100","0","952596695","1679786708","185110054","70","264442934.29","1137706749","1944229642"
"23","Canton","2020","783736660","58.94","1329719477.43","10582800","59.44","17804172.27","152751765","93.32","163685989.07","6190180","71.33","8678227.95","1563190","70","2233128.57","0","100","0","954824595","1522120995","152939505","70","218485007.14","1107764100","1740606002"
"23","Canton","2019","777733230","65.06","1195409206.89","9826740","65.2","15071687.12","152005135","65.2","233136710.12","6119700","79.61","7687099.61","1619650","70","2313785.71","0","100","0","947304455","1453618490","144452719","70","206361027.14","1091757174","1659979517"
"23","Canton","2018","775850150","70","1108357357.14","6983920","70","9977028.57","153224952","70","218892788.57","4186480","70","5980685.71","1677270","70","2396100","0","100","0","941922772","1345603960","138778421","70","198254887.14","1080701193","1543858847.14"
"23","Canton","2017","831757313","72.52","1146935070.33","6293660","72.61","8667759.26","144092720","72.61","198447486.57","4439230","94.5","4697597.88","1239660","70","1770942.86","0","100","0","987822583","1360518856.90","134116689","70","191595270","1121939272","1552114126.90"
"23","Canton","2016","827510270","71.93","1150438301.13","6293660","71.94","8748484.85","145085080","72.84","199183250.96","4447460","69.71","6379945.49","1260620","70","1800885.71","0","100","0","984597090","1366550868.14","131852073","70","188360104.29","1116449163","1554910972.42"
"23","Canton","2015","824248750","70.6","1167491147.31","6293660","70.65","8908223.64","143174020","59.4","241033703.70","5466300","84.14","6496672.21","1264760","70","1806800","0","100","0","980447490","1425736546.86","127340489","70","181914984.29","1107787979","1607651531.15"
"23","Canton","2014","820074900","72.6","1129579752","6362950","72.51","8775272","141552390","68.07","207951212","5575000","63.56","8771240","1280000","70","1828571","0","100","0","974845240","1356906048","126102293","70","180146133","1100947533","1537052180"
"23","Canton","2013","817057240","70","1167224629","7465050","70","10664357","142802020","70","204002886","861570","70","1230814","1435230","70","2050329","0","100","0","969621110","1385173014","124638080","70","178054400","1094259190","1563227414"
"23","Canton","2012","866048040","75","1155192797","7844880","75","10438962","139513390","70","200133969","930810","86","1081457","1312020","70","1874314","0","100","0","1015649140","1368721500","120451510","70","172073586","1136100650","1540795085"
"23","Canton","2011","862301860","75.8","1137601398.42","7844880","75.5","10390569.54","137015520","70.72","193743665.16","930120","70.76","1314471.45","1294600","70","1849428.57","0","100","0","1009386980","1344899533.14","121710440","70","173872057.14","1131097420","1518771590.28"
"22","Canterbury","2024","503238720","70.00","718912457.14","2019300","70.00","2884714.29","22516730","70.00","32166757.14","14725800","70.00","21036857.14","7307878","70.00","10439825.71","5000","100.00","5000.00","549813428","785445611.00","88072531.00","70.00","125817901.43","637885959","911263512.00"
"22","Canterbury","2023","331280480","45.29","731464959.15","2248100","45.54","4936539.31","18213510","45.54","39994532.28","10933600","48.26","22655615.42","5944078","70","8491540","5000","100","5000","368624768","807548185","90501339","70","129287627.14","459126107","936835812"
"22","Canterbury","2022","325871680","50.91","640093655.47","2256820","51.08","4418206.73","22426640","51.08","43904933.44","11233600","52.88","21243570.35","5950078","70","8500111.43","5000","100","5000","367743818","718165476","108494689","70","154992412.86","476238507","873157889"
"22","Canterbury","2021","321883980","51.83","621037970.29","2248100","53.79","4179401.38","22531380","53.79","41887674.29","11548700","68.75","16798109.09","5961578","70","8516540","5000","100","5000","364178738","692424694","85488888","70","122126982.86","449667626","814551677"
"22","Canterbury","2020","318604580","70","455149400","2248100","70","3211571.43","22908870","70","32726957.14","8907275","70","12724678.57","5961300","70","8516142.86","8100","100","8100","358638225","512336850","66933081","70","95618687.14","425571306","607955537"
"22","Canterbury","2019","279897022","59.44","470890010.09","1944460","59.28","3280128.21","19192770","59.28","32376467.61","9022750","54.82","16458865.38","4613400","70","6590571.43","5000","100","5000","314675402","529601042","59578297","70","85111852.86","374253699","614712895"
"22","Canterbury","2018","277739432","61","455310544.26","1906360","62.19","3065626.76","19686160","62.19","31657409.34","9401150","78.67","11950867.60","4532700","70","6475285.71","5000","100","5000","313270802","508464733.68","52087195","70","74410278.57","365357997","582875012.25"
"22","Canterbury","2017","276260322","67.48","409395853.59","1906360","66.88","2850418.66","19549860","66.88","29231250","9358650","63.96","14632035.65","4532700","70","6475285.71","5000","100","5000","311612892","462589843.61","51568436","70","73669194.29","363181328","536259037.89"
"22","Canterbury","2016","274254222","66.61","411731304.61","1906360","66.75","2855970.04","18733060","66.75","28064509.36","9576250","76.46","12524522.63","4557300","70","6510428.57","5000","100","5000","309032192","461691735.21","50422390","70","72031985.71","359454582","533723720.92"
"22","Canterbury","2015","272781622","70","389688031.43","1906360","70","2723371.43","19761060","70","28230085.71","9991550","70","14273642.86","4542100","70","6488714.29","5000","100","5000","308987692","441408845.71","49072010","70","70102871.43","358059702","511511717.14"
"22","Canterbury","2014","305008256","76.57","398339109","1653600","76.88","2150884","18886880","76.88","24566701","15236050","76.88","19817963","3991430","70","5702043","300","100","300","344776516","450577001","48226460","70","68894943","393002976","519471944"
"22","Canterbury","2013","303822868","78.2","388520292","1653600","81.03","2040726","18621880","81.03","22981464","15696950","125.23","12534497","3839630","70","5485186","300","100","300","343635228","431562463","46268590","70","66097986","389903818","497660449"
"22","Canterbury","2012","302695292","80","377849572","1653600","81","2039216","15408080","81","19001209","15964950","127","12591648","3850730","70","5501043","300","100","300","339572952","416982987","44073965","70","62962807","383646917","479945794"
"22","Canterbury","2011","302045050","85.69","352485762.63","1653600","86.65","1908366.99","15129880","86.65","17460911.71","16251200","128.57","12639962.67","3846930","70","5495614.29","300","100","300","338926960","389990918.29","44674374","70","63820534.29","383601334","453811452.58"
"21","Canaan","2024","186708500","57.23","326242355.41","0","57.23","0.00","19560800","57.23","34179276.60","25000","57.23","43683.38","2341800","70.00","3345428.57","0","100.00","0.00","208636100","363810744.00","34542582.00","70.00","49346545.71","243178682","413157290.00"
"21","Canaan","2023","184297400","53.6","343838432.84","0","55.07","0","19501800","55.07","35412747.41","272200","55.07","494280.01","2311000","70","3301428.57","0","100","0","206382400","383046889","33600298","70","48000425.71","239982698","431047315"
"21","Canaan","2022","183123150","70","261604500","0","70","0","19554800","70","27935428.57","25000","70","35714.29","2304800","70","3292571.43","0","100","0","205007750","292868214","32139067","70","45912952.86","237146817","338781167"
"21","Canaan","2021","138520050","49.75","278432261.31","0","52.83","0","19323800","52.83","36577323.49","20100","69.68","28846.15","2396300","70","3423285.71","0","100","0","160260250","318461716","31004175","70","44291678.57","191264425","362753395"
"21","Canaan","2020","136764020","62.23","219771846.38","0","62.23","0","19306500","62.23","31024425.52","20100","62.23","32299.53","2395200","70","3421714.29","0","100","0","158485820","254250286","30215543","70","43165061.43","188701363","297415347"
"21","Canaan","2019","135589570","70.98","191025035.22","0","75.49","0","19229700","75.49","25473175.26","20100","93.48","21501.93","2394000","70","3420000","0","100","0","157233370","219939712","25485044","70","36407205.71","182718414","256346918"
"21","Canaan","2018","135318650","70.07","193133019.34","0","71.87","0","18856700","71.87","26237233.89","16200","71.87","22540.70","2386500","70","3409285.71","0","100","0","156578050","222802079.65","25103480","70","35862114.29","181681530","258664193.93"
"21","Canaan","2017","134671850","70","192388357.14","0","70","0","18873600","70","26962285.71","16200","70","23142.86","2367400","70","3382000","0","100","0","155929050","222755785.71","20892630","70","29846614.29","176821680","252602400"
"21","Canaan","2016","129928250","69.4","187216498.56","0","69.4","0","18781700","69.4","27062968.30","16200","69.4","23342.94","2363500","70","3376428.57","0","100","0","151089650","217679238.37","19784350","70","28263357.14","170874000","245942595.51"
"21","Canaan","2015","130668910","77.45","168713892.83","0","70.48","0","18721700","70.48","26563138.48","16200","70.48","22985.24","2384900","70","3407000","0","100","0","151791710","198707016.56","19881220","70","28401742.86","171672930","227108759.41"
"21","Canaan","2014","103400300","71.82","143971456","0","71.82","0","15776350","71.82","21966514","12600","71.82","17544","33100100","70","47285857","0","100","0","152289350","213241371","20264750","70","28949643","172554100","242191014"
"21","Canaan","2013","103905290","80.65","128834830","0","82.45","0","15775150","82.45","19132990","12600","82.45","15282","32525700","70","46465286","0","100","0","152218740","194448387","18442740","70","26346771","170661480","220795158"
"21","Canaan","2012","104176720","70","148823886","0","70","0","15661350","70","22373357","12600","70","18000","31802200","70","45431714","0","100","0","151652870","216646957","18427695","70","26325279","170080565","242972236"
"21","Canaan","2011","117593500","97.62","120460458.92","0","96.87","0","19137300","96.87","19755651.90","19000","96.87","19613.92","35131200","70","50187428.57","0","100","0","171881000","190423153.31","19600465","70","28000664.29","191481465","218423817.60"
"20","Burlington","2024","1124404558","55.37","2030710778.40","4367230","55.42","7880241.79","18809940","55.42","33940707.33","13646380","60.79","22448396.12","27309702","70.00","39013860.00","0","100.00","0.00","1188537810","2133993983.00","140937948.00","70.00","201339925.71","1329475758","2335333909.00"
"20","Burlington","2023","1114672090","70","1592388700","4367230","70","6238900","18987360","70","27124800","14621410","70","20887728.57","27304330","70","39006185.71","0","100","0","1179952420","1685646315","143057238","70","204367482.86","1323009658","1890013798"
"20","Burlington","2022","816665173","47.29","1726929949.25","3757600","47.29","7945865.93","17149910","47.29","36265404.95","15353530","56.87","26997591","27056893","70","38652704.29","0","100","0","879983106","1836791515","147159265","70","210227521.43","1027142371","2047019036"
"20","Burlington","2021","808465883","51.64","1565580718.44","3757600","52.07","7216439.41","16744890","67.22","24910577.21","16574750","82.35","20127200.97","27116543","70","38737918.57","0","100","0","872659666","1656572854","142800192","70","204000274.29","1015459858","1860573128"
"20","Burlington","2020","794362904","58.88","1349121779.89","3757600","59.24","6343011.48","16683360","59.24","28162322.75","18427320","91.31","20181053.55","27063700","70","38662428.57","0","100","0","860294884","1442470597","116702933","70","166718475.71","976997817","1609189073"
"20","Burlington","2019","786298566","66.67","1179388879.56","3471860","67.08","5175700.66","16719660","67.08","24924955.28","19725070","84.89","23236034.87","27016030","70","38594328.57","0","100","0","853231186","1271319900","109649087","70","156641552.86","962880273","1427961453"
"20","Burlington","2018","779386666","70","1113409522.86","2130240","70","3043200","16598210","70","23711728.57","20208580","70","28869400","27020760","70","38601085.71","0","100","0","845344456","1207634937.14","106759202","70","152513145.71","952103658","1360148082.86"
"20","Burlington","2017","762776156","67.88","1123712663.52","2207380","68.01","3245669.75","15726660","68.01","23124040.58","20628120","68.01","30331010.15","25310920","70","36158457.14","0","100","0","826649236","1216571841.15","105556817","70","150795452.86","932206053","1367367294.01"
"20","Burlington","2016","752566616","68.53","1098156451.19","2207380","67.11","3289196.84","15705660","67.11","23402860.97","19275450","65.85","29271753.99","25329030","70","36184328.57","0","100","0","815084136","1190304591.56","101673419","70","145247741.43","916757555","1335552332.99"
"20","Burlington","2015","744049230","70","1062927471.43","2207380","70","3153400","15636010","70","22337157.14","19232560","68.25","28179575.09","25728450","70","36754928.57","0","100","0","806853630","1153352532.23","100282181","70","143260258.57","907135811","1296612790.81"
"20","Burlington","2014","737340650","68.31","1079403674","1888460","68.31","2764544","15715090","68.31","23005548","19194811","82.15","23365564","26941950","70","38488500","0","100","0","801080961","1167027831","98392322","70","140560460","899473283","1307588291"
"20","Burlington","2013","728831450","70","1041187786","301420","70","430600","15391920","70","21988457","20446920","70","29209886","26943710","70","38491014","0","100","0","791915420","1131307743","93673983","70","133819976","885589403","1265127719"
"20","Burlington","2012","789734124","74","1061613287","344260","75","456881","16637080","75","22079735","23279440","92","25405915","21763540","70","31090771","0","100","0","851758444","1140646589","89775627","70","128250896","941534071","1268897485"
"20","Burlington","2011","783477583","76.02","1030620340.70","344260","75.99","453033.29","16388300","75.99","21566390.31","22947950","73.93","31040105.51","21764120","70","31091600","0","100","0","844922213","1114771469.81","89549647","70","127928067.14","934471860","1242699536.96"
"19","Brooklyn","2024","692643246","70.00","989490351.43","21944900","70.00","31349857.14","55154490","70.00","78792128.57","19714390","70.00","28163414.29","4244650","70.00","6063785.71","3700","100.00","3700.00","793705376","1133863237.00","144297440.00","70.00","206139200.00","938002816","1340002437.00"
"19","Brooklyn","2023","454880190","41.73","1090055571.53","17556500","41.97","41831069.81","51272230","49.43","103726947.20","15208770","52.58","28925009.51","3134340","70","4477628.57","3700","100","3700","542055730","1269019928","148610097","70","212300138.57","690665827","1481320067"
"19","Brooklyn","2022","449889990","47.88","939619862.16","17556500","47.88","36667710.94","51370100","47.88","107289264.83","15219600","40.77","37330389.99","3179730","70","4542471.43","3700","100","3700","537219620","1125453399","150311880","70","214731257.14","687531500","1340184656"
"19","Brooklyn","2021","441731200","49.42","893830837.72","18282500","49.87","36660316.82","57070070","67.3","84799509.66","9895900","52.77","18752889.90","3178990","70","4541414.29","3700","100","3700","530162360","1038588669","144779135","70","206827335.71","674941495","1245416005"
"19","Brooklyn","2020","435379610","70","621970871.43","18282500","70","26117857.14","58138750","70","83055357.14","9137690","70","13053842.86","3300680","70","4715257.14","3700","100","3700","524242930","748916885","124372100","70","177674428.57","648615030","926591314"
"19","Brooklyn","2019","370359278","54.59","678437952.01","16729040","56.08","29830670.47","54047825","74.88","72179253.47","10918383","100.81","10830654.70","2789650","70","3985214.29","3700","100","3700","454847876","795267444","117625913","70","168037018.57","572473789","963304463"
"19","Brooklyn","2018","366960488","57.64","636642068.01","16356340","58.47","27973901.15","53359030","58.47","91258816.49","11498890","73.67","15608646.67","2777570","70","3967957.14","3700","100","3700","450956018","775455089.45","105234195","70","150334564.29","556190213","925789653.74"
"19","Brooklyn","2017","363657878","57.81","629057045.49","16356340","59.33","27568413.96","55420070","59.33","93409860.10","12706690","86.52","14686419.33","2796270","70","3994671.43","3700","100","3700","450940948","768720110.31","101648459","70","145212084.29","552589407","913932194.59"
"19","Brooklyn","2016","361315920","61.7","585601166.94","16233940","61.77","26281269.22","55054070","61.77","89127521.45","12708290","61.77","20573563.22","2774520","70","3963600","3700","100","3700","448090440","725550820.83","101017525","70","144310750","549107965","869861570.83"
"19","Brooklyn","2015","359434420","70","513477742.86","16356600","70","23366571.43","54161010","70","77372871.43","12740990","70","18201414.29","2771430","70","3959185.71","3700","100","3700","445468150","636381485.71","97688684","70","139555262.86","543156834","775936748.57"
"19","Brooklyn","2014","398068070","75.06","530333160","15336400","75.42","20334659","50723540","75.42","67254760","14185400","77.83","18226134","2286850","70","3266929","430","100","430","480600690","639416072","73887007","70","105552867","554487697","744968939"
"19","Brooklyn","2013","394374170","71.39","552422146","15334700","71.5","21447133","51155840","71.5","71546629","14817000","76.67","19325681","2268660","70","3240943","430","100","430","477950800","667982963","71993885","70","102848407","549944685","770831370"
"19","Brooklyn","2012","391126670","72","540977414","15334700","73","20983443","42409400","73","58031472","15367400","80","19113682","2309400","70","3299143","430","100","430","466548000","642405583","65592565","70","93703664","532140565","736109247"
"19","Brooklyn","2011","388216000","76.59","506875571.22","15055400","77.07","19534708.71","40364400","77.07","52373686.26","16205100","137.78","11761576.43","2289990","70","3271414.29","430","100","430","462131320","593817386.90","65968558","70","94240797.14","528099878","688058184.04"
"18","Brookfield","2024","2004860424","48.31","4149990527.84","38121890","48.52","78569435.28","411184720","67.15","612337632.17","33791532","50.68","66676266.77","100320","70.00","143314.29","0","100.00","0.00","2488058886","4907717176.00","404651195.00","70.00","578073135.71","2892710081","5485790312.00"
"18","Brookfield","2023","1999058128","50.68","3944471444.36","32086090","50.69","63298658.51","403240612","52.04","774866664.10","32147912","51.76","62109567.23","97090","70","138700","0","100","0","2466629832","4844885034","398035080","70","568621542.86","2864664912","5413506577"
"18","Brookfield","2022","1983759522","54.6","3633259197.80","28913470","54.88","52684894.31","399046250","63.46","628815395.52","34762162","62.35","55753267.04","97090","70","138700","0","100","0","2446578494","4370651455","396386775","70","566266821.43","2842965269","4936918276"
"18","Brookfield","2021","1967506230","70","2810723185.71","28913470","70","41304957.14","388905874","70","555579820","35319252","70","50456074.29","97690","70","139557.14","0","100","0","2420742516","3458203594","371217844","70","530311205.71","2791960360","3988514800"
"18","Brookfield","2020","1590418549","55.32","2874943147.14","26890380","55.72","48259834.89","364086893","66.61","546594945.20","36934530","73.1","50526032.83","64250","70","91785.71","0","100","0","2018394602","3520415746","307842387","70","439774838.57","2326236989","3960190585"
"18","Brookfield","2019","1582441197","62.34","2538404230.03","26890200","62.8","42818789.81","351338701","66.75","526350113.86","37683380","76.91","48996723.44","63250","70","90357.14","0","100","0","1998416728","3156660214","299872546","70","428389351.43","2298289274","3585049565"
"18","Brookfield","2018","1571831164","61.75","2545681697.30","32107649","62.13","51678173.19","341265654","62.85","542981248.66","37271150","84.52","44097432.56","81630","70","116614.29","0","100","0","1982557247","3184555165.99","292242421","70","417489172.86","2274799668","3602044338.85"
"18","Brookfield","2017","1563973035","63.73","2454060936.76","31145681","63.99","48672731.68","338129950","66.5","508466090.23","38110490","94.51","40324293.73","80560","70","115085.71","0","100","0","1971439716","3051639138.11","271605782","70","388008260","2243045498","3439647398.11"
"18","Brookfield","2016","1555992140","70","2222845914.29","27296410","70","38994871.43","341919270","70","488456100","39813520","70","56876457.14","90520","70","129314.29","0","100","0","1965111860","2807302657.14","268922759","70","384175370","2234034619","3191478027.14"
"18","Brookfield","2015","1600328790","69.27","2310276873.11","22129640","69.58","31804599.02","343216940","60.86","563945021.36","39637890","78.44","50532751.15","55510","70","79300","0","100","0","2005368770","2956638544.64","264358543","70","377655061.43","2269727313","3334293606.06"
"18","Brookfield","2014","1584767196","68.82","2302771282","11552440","69.26","16679815","342513750","83.06","412369071","41707040","80.02","52120770","55510","70","79300","0","100","0","1980595936","2784020237","259858210","70","371226014","2240454146","3155246251"
"18","Brookfield","2013","1567558680","69.21","2264930906","10703910","69.08","15494948","334486720","67.2","497748095","42249030","73.9","57170541","71950","70","102786","0","100","0","1955070290","2835447276","253428236","70","362040337","2208498526","3197487613"
"18","Brookfield","2012","1554373880","70","2206976970","10703910","70","15230378","332594170","62","537569371","44420320","50","89036520","71920","70","102743","0","100","0","1942164200","2848915983","239890378","70","342700540","2182054578","3191616523"
"18","Brookfield","2011","1547177146","70","2210253065.71","10739790","70","15342557.14","330688580","70","472412257.14","40588120","70","57983028.57","71830","70","102614.29","0","100","0","1929265466","2756093522.86","241452533","70","344932190","2170717999","3101025712.86"
"17","Bristol","2024","3404177714","50.14","6789345261.27","227120590","45.75","496438448.09","832189977","54.45","1528356247.93","27088830","50.01","54166826.63","658790","70.00","941128.57","0","100.00","0.00","4491235901","8869247913.00","1037904900.00","70.00","1482721285.71","5529140801","10351969199.00"
"17","Bristol","2023","3384758234","53.81","6290202999.44","227857620","53.87","422976833.12","822451595","51.31","1602907025.92","26351180","63.5","41497921.26","666540","70","952200","0","100","0","4462085169","8358536979","1007096722","70","1438709602.86","5469181891","9797246582"
"17","Bristol","2022","3368391914","70","4811988448.57","222260840","70","317515485.71","811656676","70","1159509537.14","28978700","70","41398142.86","665290","70","950414.29","0","100","0","4431953420","6331362029","1014096382","70","1448709117.14","5446049802","7780071146"
"17","Bristol","2021","2391698704","46.71","5120314074.07","162863160","43.45","374828906.79","718060120","52.1","1378234395.39","22531556","47.81","47127287.18","836980","70","1195685.71","0","100","0","3295990520","6921700349","961619280","70","1373741828.57","4257609800","8295442178"
"17","Bristol","2020","2382406349","54.13","4401267964.16","160999900","49.93","322451231.72","714460035","71.96","992857191.50","22704380","68.54","33125736.80","896560","70","1280800","0","100","0","3281467224","5750982925","811237538","70","1158910768.57","4092704762","6909893694"
"17","Bristol","2019","2371400729","61.09","3881814910.79","158421590","61.11","259240042.55","709336099","71.02","998783580.68","22865330","66.95","34152845.41","897720","70","1282457.14","0","100","0","3262921468","5175273837","750854613","70","1072649447.14","4013776081","6247923284"
"17","Bristol","2018","2362437457","64.73","3649679371.23","155440562","70.88","219301018.62","710694661","76.34","930959734.08","22307940","73.15","30496158.58","902090","70","1288700","0","100","0","3251782710","4831724982.52","707468931","70","1010669901.43","3959251641","5842394883.95"
"17","Bristol","2017","2354563707","70","3363662438.57","153971472","70","219959245.71","706794680","70","1009706685.71","25106300","70","35866142.86","939220","70","1341742.86","0","100","0","3241375379","4630536255.71","687918771","70","982741101.43","3929294150","5613277357.14"
"17","Bristol","2016","2361027261","67.32","3507170619.43","139196542","60.15","231415697.42","692542843","51.35","1348671554.04","31762070","63.7","49861962.32","772400","70","1103428.57","0","100","0","3225301116","5138223261.79","712472900","70","1017818428.57","3937774016","6156041690.36"
"17","Bristol","2015","2354489589","68.53","3435706389.90","132375392","63.62","208071977.37","683357684","71.21","959637247.58","32710140","79.53","41129309.69","794240","70","1134628.57","0","100","0","3203727045","4645679553.11","644483337","70","920690481.43","3848210382","5566370034.54"
"17","Bristol","2014","2345957440","69.93","3354722494","136169680","69.89","194834282","674814513","75.32","895930049","32973080","59.22","55678960","794240","70","1134629","0","100","0","3190708953","4502300414","638753953","70","912505647","3829462906","5414806061"
"17","Bristol","2013","2341728180","68.6","3413597930","137328670","55.74","246373646","695377026","61.69","1127211908","32704340","65.74","49748007","820570","70","1172243","0","100","0","3207958786","4838103734","636866390","70","909809129","3844825176","5747912862"
"17","Bristol","2012","2333081560","70","3332973657","132624110","70","189463014","675218041","70","964597201","33036400","70","47194857","4475560","70","6393657","0","100","0","3178435671","4540622387","602118476","70","860169251","3780554147","5400791639"
"17","Bristol","2011","2858730190","81.38","3512816650.28","132112510","72.92","181174588.59","692508755","81.44","850330003.68","41026450","84.92","48311881.77","5443520","70","7776457.14","0","100","0","3729821425","4600409581.47","601162034","70","858802905.71","4330983459","5459212487.18"
"16","Bridgewater","2024","421706728","56.29","749168108.01","0","57.46","0.00","4862900","57.46","8463104.77","12773770","57.46","22230717.02","3298030","70.00","4711471.43","0","100.00","0.00","442641428","784573401.00","34065054.00","70.00","48664362.86","476706482","833237764.00"
"16","Bridgewater","2023","407472592","55.9","728931291.59","0","55.83","0","4862900","55.83","8710191.65","13828970","48.4","28572252.07","3300420","70","4714885.71","0","100","0","429464882","770928622","33807196","70","48295994.29","463272078","819224616"
"16","Bridgewater","2022","403873632","70","576962331.43","0","70","0","4862900","70","6947000","13713840","70","19591200","3400700","70","4858142.86","0","100","0","425851072","608358674","33294955","70","47564221.43","459146027","655922895"
"16","Bridgewater","2021","335861592","48.04","699129042.46","0","49.51","0","4233500","49.51","8550797.82","16835340","97.63","17244023.35","3239370","70","4627671.43","0","100","0","360169802","729551534","32014696","70","45735280","392184498","775286814"
"16","Bridgewater","2020","332495102","57.9","574257516.41","0","58.52","0","4233500","58.52","7234278.88","16338140","58.52","27918899.52","3490840","70","4986914.29","0","100","0","356557582","614397609","26413122","70","37733031.43","382970704","652130640"
"16","Bridgewater","2019","331071242","73.59","449886182.91","0","73.59","0","4233500","73.59","5752819.68","16309200","73.59","22162250.31","3500000","70","5000000","0","100","0","355113942","482801253","25498767","70","36426810","380612709","519228063"
"16","Bridgewater","2018","329610552","74.29","443680915.33","0","74.36","0","4233500","74.36","5693249.06","17508900","77.52","22586300.31","3522430","70","5032042.86","0","100","0","354875382","476992507.56","25487649","70","36410927.14","380363031","513403434.70"
"16","Bridgewater","2017","321850552","66.55","483622166.79","0","66.96","0","3948700","66.96","5897102.75","17529500","66.96","26179062.13","3679830","70","5256900","0","100","0","347008582","520955231.67","23509983","70","33585690","370518565","554540921.67"
"16","Bridgewater","2016","319455152","70","456364502.86","0","70","0","3948700","70","5641000","18103500","70","25862142.86","3654700","70","5221000","0","100","0","345162052","493088645.71","23106679","70","33009541.43","368268731","526098187.14"
"16","Bridgewater","2015","342686052","71.55","478946264.15","0","71.55","0","4123400","71.55","5762962.96","19115300","71.55","26716002.80","3556940","70","5081342.86","0","100","0","369481692","516506572.77","22041970","70","31488528.57","391523662","547995101.34"
"16","Bridgewater","2014","341063452","77.38","440764347","0","77.38","0","4123400","77.38","5328767","19635600","77.38","25375549","3668170","70","5240243","0","100","0","368490622","476708907","22281842","70","31831203","390772464","508540109"
"16","Bridgewater","2013","341217152","78.47","434837711","0","78.47","0","4130200","78.47","5263413","19177700","78.47","24439531","3568230","70","5097471","0","100","0","368093282","469638126","21489874","70","30699820","389583156","500337946"
"16","Bridgewater","2012","339033452","74","456057912","0","74","0","4130200","74","5555825","19907500","74","26778988","3601070","70","5144386","0","100","0","366672222","493537111","20552732","70","29361046","387224954","522898157"
"16","Bridgewater","2011","337030952","70","481472788.57","0","70","0","4130200","70","5900285.71","20333300","70","29047571.43","3582750","70","5118214.29","0","100","0","365077202","521538860","20643046","70","29490065.71","385720248","551028925.71"
"15","Bridgeport","2024","4182097993","36.28","11527282229.88","371195147","36.08","1028811383.04","1545923256","41.31","3742249469.86","111451656","41.75","266950074.25","0","70.00","0.00","0","100.00","0.00","6210668052","16565293157.00","1896573851.00","70.00","2709391215.71","8107241903","19274684373.00"
"15","Bridgeport","2023","4174195028","39.62","10535575537.61","372025487","35.9","1036282693.59","1562026575","47.46","3291248577.75","112785739","51.24","220112683.45","0","70","0","0","100","0","6221032829","15083219493","1950574834","70","2786535477.14","8171607663","17869754970"
"15","Bridgeport","2022","4160488103","44.65","9318002470.32","352956983","38.66","912977193.48","1563674329","49.78","3141169805.14","111796017","57.07","195892793.06","0","70","0","0","100","0","6188915432","13568042261","1982193341","70","2831704772.86","8171108773","16399747034"
"15","Bridgeport","2021","4142275626","48.53","8535494799.09","340186003","40.98","830126898.49","1690315638","50.98","3315644641.04","117184548","59.73","196190436.97","0","70","0","0","100","0","6289961815","12877456775","1807326608","70","2581895154.29","8097288423","15459351929"
"15","Bridgeport","2020","4132175359","70","5903107655.71","344635275","70","492336107.14","1711076240","70","2444394628.57","118770958","70","169672797.14","0","70","0","0","100","0","6306657832","9009511189","1691867851","70","2416954072.86","7998525683","11426465262"
"15","Bridgeport","2019","3123774964","52.08","5998031804.92","271138679","47.57","569978303.55","1335142494","58.79","2271036730.74","81763530","72.45","112855113.87","0","70","0","0","100","0","4811819667","8951901954","1681789967","70","2402557095.71","6493609634","11354459050"
"15","Bridgeport","2018","3119001146","55.55","5614763539.15","292630291","45.11","648657320.91","1307707584","67.64","1933334689.53","82754306","63.29","130747561.27","0","70","0","0","100","0","4802093327","8327503110.87","1582622145","70","2260888778.57","6384715472","10588391889.45"
"15","Bridgeport","2017","3117065343","59.54","5235245789.39","291413677","50.47","577399795.92","1281904408","59.36","2159542466.31","82749536","70.35","117625495.38","0","70","0","0","100","0","4773132964","8089813546.99","1303276459","70","1861823512.86","6076409423","9951637059.85"
"15","Bridgeport","2016","3101020476","63.27","4901249369.37","295797385","58.7","503913773.42","1264584823","62.31","2029505413.26","84041719","55.18","152304673.79","0","70","0","0","100","0","4745444403","7586973229.84","1290495312","70","1843564731.43","6035939715","9430537961.27"
"15","Bridgeport","2015","3102364813","70","4431949732.86","272860972","70","389801388.57","1333082456","70","1904403508.57","80990986","70","115701408.57","0","70","0","0","100","0","4789299227","6841856038.57","1283700861","70","1833858372.86","6073000088","8675714411.43"
"15","Bridgeport","2014","4082557216","87.17","4683442946","315822885","79.33","398112801","1480696910","77.2","1918001179","86881854","82.14","105772893","0","70","0","0","100","0","5965958865","7105329818","1180019795","70","1685742564","7145978660","8791072383"
"15","Bridgeport","2013","4081988263","98.22","4155964430","293892740","97.27","302141195","1483376552","88.14","1682977708","82487482","71.52","115334846","0","70","0","0","100","0","5941745037","6256418179","1148070717","70","1640101024","7089815754","7896519203"
"15","Bridgeport","2012","4078634772","96","4260115701","323739324","64","507507954","1508442980","82","1834419287","83177475","110","75410222","0","70","0","0","100","0","5993994551","6677453165","1118827447","70","1598324924","7112821998","8275778089"
"15","Bridgeport","2011","4086229042","97.84","4176440149.22","308047270","97.65","315460593.96","1470300937","88.24","1666252195.15","77213232","116.31","66385720.92","0","70","0","0","100","0","5941790481","6224538659.25","1053455658","70","1504936654.29","6995246139","7729475313.53"
"14","Branford","2024","4359144065","70.00","6227348664.29","138422860","70.00","197746942.86","680701620","70.00","972430885.71","19461400","70.00","27802000.00","1347100","70.00","1924428.57","0","100.00","0.00","5199077045","7427252922.00","526965621.00","70.00","752808030.00","5726042666","8180060952.00"
"14","Branford","2023","2711429391","40.45","6703162894.93","79665560","40.58","196317299.16","524176440","45.93","1141250685.83","18368200","40.58","45264169.54","1001700","70","1431000","0","100","0","3334641291","8087426050","573437842","70","819196917.14","3908079133","8906622967"
"14","Branford","2022","2697850181","45.87","5881513366.03","71870740","45.89","156615253.87","520764390","43.19","1205752234.31","15029900","45.89","32752015.69","962200","70","1374571.43","0","100","0","3306477411","7278007441","589893274","70","842704677.14","3896370685","8120712118"
"14","Branford","2021","2683704671","49.54","5417248023.82","66442060","49.48","134280638.64","514250080","49.21","1045011339.16","18972050","49.48","38342865.80","1038030","70","1482900","0","100","0","3284406891","6636365768","545559451","70","779370644.29","3829966342","7415736412"
"14","Branford","2020","2667871651","55.92","4770872051.14","59867510","56.03","106849027.31","504025670","60.1","838645041.60","17362480","64.6","26876904.02","1037200","70","1481714.29","0","100","0","3250164511","5744724738","463481533","70","662116475.71","3713646044","6406841214"
"14","Branford","2019","2662350731","70","3803358187.14","60134050","70","85905785.71","503388740","70","719126771.43","17867240","70","25524628.57","1515900","70","2165571.43","0","100","0","3245256661","4636080944","441226366","70","630323380","3686483027","5266404324"
"14","Branford","2018","2614650500","65.52","3990614316.24","51617580","65.52","78781410.26","479963460","66.01","727107195.88","17788000","65.52","27148962.15","572250","70","817500","0","100","0","3164591790","4824469384.52","419787619","70","599696598.57","3584379409","5424165983.10"
"14","Branford","2017","2609471720","67.38","3872768952.21","51716620","67.24","76913474.12","478687720","55.39","864213251.49","17276400","61.75","27977975.71","628650","70","898071.43","0","100","0","3157781110","4842771724.96","413582606","70","590832294.29","3571363716","5433604019.25"
"14","Branford","2016","2600298990","67.07","3876992679.29","49916520","66.95","74557908.89","476268840","62.95","756582748.21","16502600","64.73","25494515.68","621650","70","888071.43","0","100","0","3143608600","4734515923.50","395700023","70","565285747.14","3539308623","5299801670.64"
"14","Branford","2015","2590498380","68.5","3781749459.85","49523350","68.19","72625531.60","470916810","61.85","761385303.15","17214300","60.47","28467504.55","638950","70","912785.71","0","100","0","3128791790","4645140584.87","378362929","70","540518470","3507154719","5185659054.87"
"14","Branford","2014","2581218110","70","3687454443","48451840","70","69216914","467468500","70","667812143","16652500","70","23789286","639350","70","913357","0","100","0","3114430300","4449186143","372616578","70","532309397","3487046878","4981495540"
"14","Branford","2013","2623689190","71.06","3692216704","45462690","70.87","64149414","461542370","68.95","669387049","18767400","62.56","29999041","818650","70","1169500","0","100","0","3150280300","4456921708","361948898","70","517069854","3512229198","4973991562"
"14","Branford","2012","2615805340","71","3707207115","39369790","70","55859520","461077180","63","736898162","20313200","70","28985731","789400","70","1127714","0","100","0","3137354910","4530078242","350551377","70","500787681","3487906287","5030865923"
"14","Branford","2011","2605391630","70.77","3681491634.87","38999970","70.72","55147016.40","457558390","70.72","646999985.86","19034000","70.72","26914592.76","789400","70","1127714.29","0","100","0","3121773390","4411680944.18","345927102","70","494181574.29","3467700492","4905862518.47"
"13","Bozrah","2024","184596510","47.75","386589549.74","13240570","45.40","29164251.10","44952130","45.40","99013502.20","5429660","45.40","11959603.52","2569410","70.00","3670585.71","0","100.00","0.00","250788280","530397493.00","87025397.00","70.00","124321995.71","337813677","654719489.00"
"13","Bozrah","2023","185070450","51.65","358316456.92","13240570","51.07","25926316.82","44086230","51.07","86325102.80","5301000","43.27","12250982.20","2590610","70","3700871.43","0","100","0","250288860","486519730","93661085","70","133801550","343949945","620321280"
"13","Bozrah","2022","183463140","70","262090200","13240570","70","18915100","44639580","70","63770828.57","5391130","70","7701614.29","2579170","70","3684528.57","0","100","0","249313590","356162272","94088355","70","134411935.71","343401945","490574208"
"13","Bozrah","2021","135667460","45.59","297581618.78","12144740","48.7","24937864.48","38435700","86.68","44342062.76","5198490","37.5","13862640","2340310","70","3343300","0","100","0","193786700","384067486","85359040","70","121941485.71","279145740","506008972"
"13","Bozrah","2020","135015290","52","259644788.46","12144740","51.99","23359761.49","32894580","51.99","63270975.19","5191020","51.99","9984650.89","2342030","70","3345757.14","0","100","0","187587660","359605932","67892889","70","96989841.43","255480549","456595773"
"13","Bozrah","2019","134554200","61.55","218609585.70","12144740","62.76","19351083.49","33465070","62.76","53322291.27","5449180","62.76","8682568.51","2329240","70","3327485.71","0","100","0","187942430","303293015","62033660","70","88619514.29","249976090","391912529"
"13","Bozrah","2018","134011720","61.68","217269325.55","5711110","61.68","9259257.46","32949370","55.4","59475397.11","5457470","61.68","8848038.26","2336880","70","3338400","0","100","0","180466550","298190418.38","46871486","70","66959265.71","227338036","365149684.10"
"13","Bozrah","2017","133756980","70","191081400","951110","70","1358728.57","32816740","70","46881057.14","6001960","70","8574228.57","2337160","70","3338800","0","100","0","175863950","251234214.29","49013010","70","70018585.71","224876960","321252800"
"13","Bozrah","2016","139587540","63.28","220587136.54","971750","63.9","1520735.52","33243210","63.9","52023802.82","5866720","63.9","9181095.46","2177850","70","3111214.29","0","100","0","181847070","286423984.62","40655380","70","58079114.29","222502450","344503098.91"
"13","Bozrah","2015","139570520","64.9","215054730.35","971750","64.24","1512686.80","33045000","64.24","51439912.83","6094260","64.24","9486706.10","2175420","70","3107742.86","0","100","0","181856950","280601778.94","38543114","70","55061591.43","220400064","335663370.37"
"13","Bozrah","2014","139223190","74.3","187379798","971750","74.3","1307873","32513140","73.94","43972329","6014300","74.3","8094616","2379830","70","3399757","0","100","0","181102210","244154374","39050767","70","55786810","220152977","299941184"
"13","Bozrah","2013","138471110","78","177527064","971750","78","1245833","30916230","78","39636192","6760720","69.67","9703918","2387540","70","3410771","0","100","0","179507350","231523780","39162261","70","55946087","218669611","287469867"
"13","Bozrah","2012","138422920","70","197747029","971750","70","1388214","31355560","70","44793657","6132340","70","8760486","2163930","70","3091329","0","100","0","179046500","255780714","36757310","70","52510443","215803810","308291157"
"13","Bozrah","2011","164100760","78.11","210089309.95","1087780","79.76","1363816.45","33786850","79.76","42360644.43","8316990","108.02","7699490.84","2003130","70","2861614.29","0","100","0","209295510","264374875.95","35133144","70","50190205.71","244428654","314565081.67"
"12","Bolton","2024","500716236","61.76","810745200.78","3839900","61.61","6232592.11","27663739","61.61","44901378.02","7298100","61.61","11845641.94","1160981","70.00","1658544.29","0","100.00","0.00","540678956","875383357.00","71508553.00","70.00","102155075.71","612187509","977538433.00"
"12","Bolton","2023","469870884","70","671244120","3051100","70","4358714.29","26916278","70","38451825.71","7591700","70","10845285.71","1099991","70","1571415.71","0","100","0","508529953","726471362","72496425","70","103566321.43","581026378","830037683"
"12","Bolton","2022","358977728","49.42","726381481.18","2568200","49.47","5191429.15","25090496","49.47","50718609.26","7135300","76.76","9295596.66","715538","70","1022197.14","0","100","0","394487262","792609313","74484169","70","106405955.71","468971431","899015269"
"12","Bolton","2021","357920546","54.09","661712970.97","2568200","54.09","4748012.57","23910460","60.09","39791080.05","7479000","50.62","14774792.57","725920","70","1037028.57","0","100","0","392604126","722063886","70018122","70","100025888.57","462622248","822089775"
"12","Bolton","2020","357587011","58.9","607108677.42","2568200","58.15","4416509.03","23512290","58.15","40433860.71","7373460","58.15","12680068.79","727610","70","1039442.86","0","100","0","391768571","665678559","58760798","70","83943997.14","450529369","749622556"
"12","Bolton","2019","357502930","65.14","548822428.62","2568200","65.14","3942585.20","23523560","65.14","36112311.94","7478760","65.14","11481056.19","732820","70","1046885.71","0","100","0","391806270","601405268","55170911","70","78815587.14","446977181","680220855"
"12","Bolton","2018","357289735","70","510413907.14","2568200","70","3668857.14","23692610","70","33846585.71","7673160","70","10961657.14","717970","70","1025671.43","0","100","0","391941675","559916678.57","51613661","70","73733801.43","443555336","633650480"
"12","Bolton","2017","348632910","68.02","512544707.44","2479900","68.23","3634618.20","23063040","68.23","33801905.32","8398160","68.23","12308603.25","463555","70","662221.43","0","100","0","383037565","562952055.64","52662833","70","75232618.57","435700398","638184674.22"
"12","Bolton","2016","348094300","68.62","507278198.78","2479900","68.65","3612381.65","23094990","68.65","33641646.03","8298030","68.65","12087443.55","473430","70","676328.57","0","100","0","382440650","557295998.58","50024590","70","71463700","432465240","628759698.58"
"12","Bolton","2015","346678070","68.81","503819314.05","2495100","69.33","3598874.95","22012690","69.33","31750598.59","9347810","69.33","13483066.49","472860","70","675514.29","0","100","0","381006530","553327368.36","49030938","70","70044197.14","430037468","623371565.51"
"12","Bolton","2014","337579750","69.31","487057784","2793300","69.37","4026669","20541590","69.37","29611633","8495890","86.59","9811630","10438260","70","14911800","0","100","0","379848790","545419515","48924143","70","69891633","428772933","615311148"
"12","Bolton","2013","335025250","70","478607500","2826600","70","4038000","20731180","70","29615971","10200130","70","14571614","10311900","70","14731286","0","100","0","379095060","541564371","48555265","70","69364664","427650325","610929036"
"12","Bolton","2012","390482180","80","488591316","0","78","0","23839860","78","30685880","7625680","72","10651879","11879490","70","16970700","0","100","0","433827210","546899775","47254092","70","67505846","481081302","614405621"
"12","Bolton","2011","387065270","82.68","468148609.10","0","80.62","0","24331265","80.62","30180184.82","8436710","67.33","12530387.64","11754710","70","16792442.86","0","100","0","431587955","527651624.41","48363972","70","69091388.57","479951927","596743012.98"
"11","Bloomfield","2024","1214265400","45.51","2668128762.91","265054580","45.99","576330898.02","587578696","50.36","1166756743.45","168980","53.16","317870.58","515600","70.00","736571.43","0","100.00","0.00","2067583256","4412270846.00","644850309.00","70.00","921214727.14","2712433565","5333485573.00"
"11","Bloomfield","2023","1080391020","42.72","2529005196.63","187690020","44.8","418950937.50","672171073","55.98","1200734321.19","151620","27.62","548950.04","392560","70","560800","0","100","0","1940796293","4149800206","652140932","70","931629902.86","2592937225","5081430109"
"11","Bloomfield","2022","1077917670","45.7","2358681991.25","162178730","45.7","354876870.90","655531563","45.77","1432229764.04","151620","43.27","350404.44","429500","70","613571.43","0","100","0","1896209083","4146752601","612155192","70","874507417.14","2508364275","5021260018"
"11","Bloomfield","2021","1070736650","50.25","2130819203.98","180929980","50.49","358348148.15","601154098","67.03","896843350.74","645400","50.49","1278272.93","419620","70","599457.14","0","100","0","1853885748","3387888433","569847049","70","814067212.86","2423732797","4201955646"
"11","Bloomfield","2020","1064435290","57.94","1837133741.80","178758930","58.45","305832215.57","626556203","66.05","948608937.17","645400","55.83","1156009.31","417800","70","596857.14","0","100","0","1870813623","3093327761","534040537","70","762915052.86","2404854160","3856242814"
"11","Bloomfield","2019","1056424320","70","1509177600","176462090","70","252088700","618070910","70","882958442.86","708190","70","1011700","406040","70","580057.14","0","100","0","1852071550","2645816500","530536846","70","757909780","2382608396","3403726280"
"11","Bloomfield","2018","1017768062","65.09","1563631989.55","147047936","65.04","226088462.48","507029668","42.84","1183542642.39","3410070","65.04","5243035.06","645940","70","922771.43","0","100","0","1675901676","2979428900.91","484142209","70","691631727.14","2160043885","3671060628.05"
"11","Bloomfield","2017","1014823372","66.87","1517606358.61","143407796","67.3","213087364.04","496752073","74.06","670742739.67","3326140","67.3","4942258.54","672630","70","960900","0","100","0","1658982011","2407339620.86","461907391","70","659867701.43","2120889402","3067207322.29"
"11","Bloomfield","2016","1010955572","67.06","1507538878.62","126292516","67.01","188468162.96","472814925","66.39","712177925.89","7269170","84.7","8582255.02","672630","70","960900","0","100","0","1618004813","2417728122.49","405431723","70","579188175.71","2023436536","2996916298.20"
"11","Bloomfield","2015","1009998520","68.3","1478767964.86","123159750","68.22","180533201.41","469261490","63.62","737600581.58","3449830","68.22","5056918.79","726770","70","1038242.86","0","100","0","1606596360","2402996909.50","431911690","70","617016700","2038508050","3020013609.50"
"11","Bloomfield","2014","1008758960","70","1441084229","120391320","70","171987600","468907338","70","669867626","3683420","70","5262029","747420","70","1067743","0","100","0","1602488458","2289269226","431859402","70","616942003","2034347860","2906211229"
"11","Bloomfield","2013","1112700070","75.6","1471825489","102776670","75.34","136417136","458750220","68.69","667855903","3016360","75.34","4003663","833260","70","1190371","0","100","0","1678076580","2281292563","389423302","70","556319003","2067499882","2837611566"
"11","Bloomfield","2012","1105001810","77","1429128052","101411670","77","131226281","447390330","64","703333328","3617730","91","3982530","730810","70","1044014","0","100","0","1658152350","2268714205","373976337","70","534251910","2032128687","2802966115"
"11","Bloomfield","2011","1100007120","77.07","1427283145.19","101411670","77.14","131464441.28","449420980","79.43","565807604.18","4270630","85.52","4993720.77","701970","70","1002814.29","0","100","0","1655812370","2130551725.70","325414984","70","464878548.57","1981227354","2595430274.27"
"10","Bethlehem","2024","428160981","54.51","785472355.53","0","55.63","0.00","32673540","55.63","58733668.88","5851000","55.63","10517706.27","3063999","70.00","4377141.43","0","100.00","0.00","469749520","859100872.00","61240630.00","70.00","87486614.29","530990150","946587486.00"
"10","Bethlehem","2023","428995731","70","612851044.29","0","70","0","31830710","70","45472442.86","6118200","70","8740285.71","3056539","70","4366484.29","0","100","0","470001180","671430257","62414898","70","89164140","532416078","760594397"
"10","Bethlehem","2022","292877947","45.69","641011046.18","0","45.87","0","27589940","45.87","60148114.24","5883700","45.87","12826902.11","2141303","70","3059004.29","0","100","0","328492890","717045066","62331310","70","89044728.57","390824200","806089795"
"10","Bethlehem","2021","291063697","43.98","661809224.65","0","44.31","0","27098840","44.31","61157391.11","5441600","44.31","12280749.27","2145413","70","3064875.71","0","100","0","325749550","738312241","60118184","70","85883120","385867734","824195361"
"10","Bethlehem","2020","288731497","51.9","556322730.25","0","51.94","0","27100390","51.94","52176338.08","5786600","63.83","9065643.11","2475923","70","3537032.86","0","100","0","324094410","621101744","49271204","70","70387434.29","373365614","691489178"
"10","Bethlehem","2019","286858887","62.88","456200520.04","0","62.56","0","27134890","62.56","43374184.78","5979900","62.56","9558663.68","2500083","70","3571547.14","0","100","0","322473760","512704916","47270114","70","67528734.29","369743874","580233650"
"10","Bethlehem","2018","285490470","70","407843528.57","0","70","0","24091980","70","34417114.29","6154700","70","8792428.57","2106060","70","3008657.14","0","100","0","317843210","454061728.57","44053360","70","62933371.43","361896570","516995100"
"10","Bethlehem","2017","299392350","69.88","428437821.98","0","69.89","0","24590710","69.89","35184876.23","6959310","69.89","9957518.96","1781770","70","2545385.71","0","100","0","332724140","476125602.89","44756166","70","63937380","377480306","540062982.89"
"10","Bethlehem","2016","298472400","74.02","403232099.43","0","73.76","0","24730510","73.76","33528348.70","6924800","54.76","12645726.81","1519110","70","2170157.14","0","100","0","331646820","451576332.08","42574481","70","60820687.14","374221301","512397019.22"
"10","Bethlehem","2015","296745000","76.25","389173770.49","0","76.25","0","23088910","76.25","30280537.70","6943700","83.42","8323783.27","1521430","70","2173471.43","0","100","0","328299040","429951562.89","41691399","70","59559141.43","369990439","489510704.32"
"10","Bethlehem","2014","296015450","71.11","416278231","0","71.11","0","22310310","71.11","31374364","7347400","71.11","10332443","1468930","70","2098471","0","100","0","327142090","460083509","40574607","70","57963724","367716697","518047233"
"10","Bethlehem","2013","294305600","70","420436571","0","70","0","21432110","70","30617300","7483000","70","10690000","1487200","70","2124571","0","100","0","324707910","463868443","39666945","70","56667064","364374855","520535507"
"10","Bethlehem","2012","331812550","77","429419632","0","78","0","23825110","78","30678741","10590640","81","13074864","1668530","70","2383614","0","100","0","367896830","475556852","39325339","70","56179056","407222169","531735907"
"10","Bethlehem","2011","329955550","83.93","393131836.05","0","84.2","0","23825710","84.2","28296567.70","10931840","102.87","10626849.42","1625660","70","2322371.43","0","100","0","366338760","434377624.60","39487385","70","56410550","405826145","490788174.60"
"9","Bethel","2024","1983369640","53.30","3721143789.87","57195740","53.12","107672703.31","301267560","48.52","620914179.72","23825800","48.83","48793364.73","7219680","70.00","10313828.57","0","100.00","0.00","2372878420","4508837867.00","404396470.00","70.00","577709242.86","2777274890","5086547110.00"
"9","Bethel","2023","1969720150","55.27","3563814275.38","48594770","55.35","87795429.09","298892880","54.92","544233211.94","24708920","63.83","38710512.30","7746130","70","11065900","0","100","0","2349662850","4245619328","409904230","70","585577471.43","2759567080","4831196799"
"9","Bethel","2022","1960595630","70","2800850900","38342920","70","54775600","301186730","70","430266757.14","28785020","70","41121457.14","7663810","70","10948300","0","100","0","2336574110","3337963014","402273110","70","574675871.43","2738847220","3912638885"
"9","Bethel","2021","1440600320","46.86","3074264447.29","30976260","47.26","65544350.40","278585700","49.12","567153298.05","31864140","69.93","45565765.77","6141120","70","8773028.57","0","100","0","1788167540","3761300890","382916670","70","547023814.29","2171084210","4308324704"
"9","Bethel","2020","1418843350","54.79","2589602755.98","30561440","54.98","55586467.81","278916110","62.96","443005257.31","32097030","70.7","45398910.89","6246760","70","8923942.86","0","100","0","1766664690","3142517335","333349950","70","476214214.29","2100014640","3618731549"
"9","Bethel","2019","1397159360","63","2217713269.84","27112050","62.92","43089717.10","287029810","61.11","469693683.52","32326980","62.92","51377908.46","6560950","70","9372785.71","0","100","0","1750189150","2791247365","319343670","70","456205242.86","2069532820","3247452608"
"9","Bethel","2018","1378930560","63.95","2156263580.92","25901820","63.98","40484245.08","288831680","62.08","465257216.49","32464390","89.16","36413426.06","6565170","70","9378814.29","0","100","0","1732693620","2707797282.84","307379810","70","439114014.29","2040073430","3146911297.12"
"9","Bethel","2017","1359349440","70","1941927771.43","25000360","70","35714800","289466310","70","413523300","34354280","70","49077542.86","6853970","70","9791385.71","0","100","0","1715024360","2450034800","291260785","70","416086835.71","2006285145","2866121635.71"
"9","Bethel","2016","1317153440","66.92","1968250806.93","22470080","67.09","33492442.99","273196990","60.09","454646347.15","35643100","115.75","30793174.95","5746000","70","8208571.43","0","100","0","1654209610","2495391343.44","289645060","70","413778657.14","1943854670","2909170000.58"
"9","Bethel","2015","1300782640","66.81","1946987935.94","20669640","67.54","30603553.45","276771280","74.04","373813182.06","37004760","91.48","40451202.45","5642440","70","8060628.57","0","100","0","1640870760","2399916502.47","277132660","70","395903800","1918003420","2795820302.47"
"9","Bethel","2014","1282894950","66.98","1915340325","20582040","66.9","30765381","274407210","65.5","418942305","35058720","56","62604857","6266590","70","8952271","0","100","0","1619209510","2436605141","271312410","70","387589157","1890521920","2824194298"
"9","Bethel","2013","1262204900","67.16","1879399792","20778950","67.25","30898067","266972820","72.18","369870906","36010240","68.04","52925103","5518570","70","7883671","0","100","0","1591485480","2340977539","273720850","70","391029786","1865206330","2732007325"
"9","Bethel","2012","1251175390","70","1787393414","20778950","70","29684214","282899280","70","404141829","24304000","70","34720000","4955860","70","7079800","0","100","0","1584113480","2263019257","268453455","70","383504936","1852566935","2646524193"
"9","Bethel","2011","1682528140","91.73","1834217965.77","20779840","91.75","22648326.98","313146900","88.31","354599592.35","51458370","96.83","53143003.20","5667650","70","8096642.86","0","100","0","2073580900","2272705531.15","267328430","70","381897757.14","2340909330","2654603288.29"
"8","Bethany","2024","649978705","60.56","1073280556.47","274530","60.50","453768.60","39672290","60.50","65574033.06","200900","58.52","343301.44","597940","70.00","854200.00","0","100.00","0.00","690724365","1140505859.00","97798442.00","70.00","139712060.00","788522807","1280217919.00"
"8","Bethany","2023","649706450","70","928152071.43","274530","70","392185.71","39958960","70","57084228.57","200900","70","287000","610950","70","872785.71","0","100","0","690751790","986788272","103069933","70","147242761.43","793821723","1134031033"
"8","Bethany","2022","472765730","46.58","1014954336.63","223660","46.67","479237.20","37326860","46.67","79980415.68","179830","61.46","292596.81","372540","70","532200","0","100","0","510868620","1096238787","101940177","70","145628824.29","612808797","1241867611"
"8","Bethany","2021","469286380","46.83","1002106299.38","223660","47.26","473254.34","35130140","47.26","74333770.63","179830","64.16","280283.67","363510","70","519300","0","100","0","505183520","1077712908","93334309","70","133334727.14","598517829","1211047635"
"8","Bethany","2020","465884200","55.42","840642728.26","223660","55.93","399892.72","35118325","55.93","62789781.87","179830","72.43","248281.10","372380","70","531971.43","0","100","0","501778395","904612655","81813176","70","116875965.71","583591571","1021488621"
"8","Bethany","2019","462561570","65.02","711414287.91","223660","65.39","342040.07","33800285","65.39","51690296.68","179830","70.48","255150.40","372640","70","532342.86","0","100","0","497137985","764234118","73149540","70","104499342.86","570287525","868733461"
"8","Bethany","2018","459786660","70","656838085.71","223660","70","319514.29","34317444","70","49024920","179830","70","256900","368530","70","526471.43","0","100","0","494876124","706965891.43","69235868","70","98908382.86","564111992","805874274.29"
"8","Bethany","2017","455530130","64.78","703195631.37","281380","65.77","427824.24","31138060","79.07","39380371.82","3306850","127.33","2597070.60","230430","70","329185.71","0","100","0","490486850","745930083.74","67687300","70","96696142.86","558174150","842626226.60"
"8","Bethany","2016","453479340","66.28","684187296.32","281380","66.54","422873.46","30103180","71.36","42184949.55","3340890","88.11","3791726.25","237740","70","339628.57","0","100","0","487442530","730926474.15","66607900","70","95154142.86","554050430","826080617.01"
"8","Bethany","2015","452902830","65.73","689035189.41","281380","65.73","428084.59","29928770","65.73","45532892.13","3241460","65.73","4931477.26","242410","70","346300","0","100","0","486596850","740273943.39","66653438","70","95219197.14","553250288","835493140.53"
"8","Bethany","2014","452295940","65.79","687484329","281380","65.87","427175","29678305","65.87","45055875","3343310","114.86","2910770","243170","70","347386","0","100","0","485842105","736225534","65674066","70","93820094","551516171","830045629"
"8","Bethany","2013","451283410","70","644690586","311720","70","445314","29677385","70","42396264","3319640","70","4742343","242590","70","346557","0","100","0","484834745","692621064","64599660","70","92285229","549434405","784906293"
"8","Bethany","2012","515874040","77","668837080","0","76","0","32688235","76","42768854","6987720","64","10916607","221490","70","316414","0","100","0","555771485","722838955","64605278","70","92293254","620376763","815132209"
"8","Bethany","2011","515254950","76.44","674064560.44","0","75.33","0","31294240","75.33","41542864.73","7059290","66.62","10596352.45","225700","70","322428.57","0","100","0","553834180","726526206.19","65849200","70","94070285.71","619683380","820596491.90"
"7","Berlin","2024","1826502931","51.17","3569480029.31","300000","51.25","585365.85","486368207","53.40","910801885.77","35793342","51.25","69840667.32","980630","70.00","1400900.00","0","100.00","0.00","2349945110","4552108848.00","693252383.00","70.00","990360547.14","3043197493","5542469395.00"
"7","Berlin","2023","1820444493","56.09","3245577630.59","133100","56.36","236160.40","482863472","64.28","751187728.69","36457442","53.24","68477539.44","1004390","70","1434842.86","0","100","0","2340902897","4066913902","618165992","70","883094274.29","2959068889","4950008176"
"7","Berlin","2022","1810087229","70","2585838898.57","133100","70","190142.86","474593893","70","677991275.71","36006554","70","51437934.29","1062152","70","1517360","0","100","0","2321882928","3316975612","570151664","70","814502377.14","2892034592","4131477989"
"7","Berlin","2021","1477773305","53.76","2748834272.69","79000","54.19","145783.35","408122486","61","669053255.74","34891284","69.78","50001840.07","804319","70","1149027.14","0","100","0","1921670394","3469184179","536369643","70","766242347.14","2458040037","4235426526"
"7","Berlin","2020","1467664499","59.81","2453878112.36","79000","59.97","131732.53","408997304","69.94","584783105.52","36010264","65.25","55188144.06","802261","70","1146087.14","0","100","0","1913553328","3095127182","470224445","70","671749207.14","2383777773","3766876389"
"7","Berlin","2019","1457795732","65.51","2225302598.08","79000","65.51","120592.28","429207204","76.22","563116247.70","34743694","62.73","55386089.59","807909","70","1154155.71","0","100","0","1922633539","2845079684","448931970","70","641331385.71","2371565509","3486411070"
"7","Berlin","2018","1450589680","66.54","2180026570.48","79000","66.81","118251.80","433819565","71.52","606570980.15","34655484","70.17","49387892.26","803542","70","1147917.14","0","100","0","1919947271","2837251611.84","415277915","70","593254164.29","2335225186","3430505776.12"
"7","Berlin","2017","1451257692","70","2073225274.29","79000","70","112857.14","433653160","70","619504514.29","33610874","70","48015534.29","777020","70","1110028.57","0","100","0","1919377746","2741968208.57","406159037","70","580227195.71","2325536783","3322195404.29"
"7","Berlin","2016","1409539955","66.61","2116108624.83","105600","66.58","158606.19","385560310","68.46","563190636.87","33509032","50.01","67004663.07","779481","70","1113544.29","0","100","0","1829494378","2747576075.24","384172647","70","548818067.14","2213667025","3296394142.38"
"7","Berlin","2015","1399876856","66.73","2097822352.76","105600","66.72","158273.38","382838392","64.53","593271954.13","33391732","66.72","50047559.95","788328","70","1126182.86","0","100","0","1817000908","2742426323.09","378217737","70","540311052.86","2195218645","3282737375.94"
"7","Berlin","2014","1393689900","67.71","2058322109","168100","67.81","247899","380461923","79.17","480563247","24421450","67.81","36014526","11127800","70","15896857","0","100","0","1809869173","2591044638","367802235","70","525431764","2177671408","3116476402"
"7","Berlin","2013","1383493530","66.81","2070788101","168100","67.07","250634","378309373","71.77","527113520","25562750","120.71","21176994","10853450","70","15504929","0","100","0","1798387203","2634834177","388303050","70","554718643","2186690253","3189552820"
"7","Berlin","2012","1370053100","70","1957218714","0","70","0","377144368","70","538777669","26438860","70","37769800","10615240","70","15164629","0","100","0","1784251568","2548930811","371989083","70","531412976","2156240651","3080343787"
"7","Berlin","2011","1530655140","77.61","1972239582.53","0","77.58","0","420035112","77.17","544298447.58","34178210","73.55","46469354.18","11086560","70","15837942.86","884280","100","884280","1996839302","2579729607.15","355441980","70","507774257.14","2352281282","3087503864.29"
"6","Beacon Falls","2024","474805111","45.26","1049061226.25","1187400","45.26","2623508.62","50651510","51.30","98735886.94","9665340","45.26","21355148.03","613149","70.00","875927.14","0","100.00","0.00","536922510","1172651697.00","103397994.00","70.00","147711420.00","640320504","1320363117.00"
"6","Beacon Falls","2023","474773350","49.51","958944354.68","1187400","49.46","2400727.86","50043200","49.46","101179134.65","9616730","47.93","20064114.33","606120","70","865885.71","0","100","0","536226800","1083454218","105475398","70","150679140","641702198","1234133358"
"6","Beacon Falls","2022","468222260","52.03","899908245.24","1187400","52.03","2282144.92","50380312","52.03","96829352.30","9479920","47.64","19899076.41","545910","70","779871.43","0","100","0","529815802","1019698689","106362322","70","151946174.29","636178124","1171644863"
"6","Beacon Falls","2021","456731890","70","652474128.57","1187400","70","1696285.71","51058762","70","72941088.57","9669250","70","13813214.29","547150","70","781642.86","0","100","0","519194452","741706361","98731320","70","141044742.86","617925772","882751104"
"6","Beacon Falls","2020","364594360","51.76","704394049.46","845820","51.78","1633487.83","43980390","51.78","84937022.02","9493300","65.98","14388147.92","282570","70","403671.43","0","100","0","419196440","805756378","85498594","70","122140848.57","504695034","927897227"
"6","Beacon Falls","2019","358915580","64.16","559407076.06","845820","64.07","1320149.84","43866523","61.75","71038903.64","9897430","65.06","15212772.83","282570","70","403671.43","0","100","0","413807923","647382574","76997490","70","109996414.29","490805413","757378988"
"6","Beacon Falls","2018","352097860","64.8","543402824.29","845820","64.58","1309825.78","44633113","64.58","69118254.74","9942970","63.01","15779987.30","282090","70","402985.71","0","100","0","407801853","630013877.84","71960155","70","102800221.43","479762008","732814099.27"
"6","Beacon Falls","2017","346835140","62.75","552725322.71","845820","62.62","1350718.62","45332613","62.62","72393185.88","10340650","62.62","16513334.40","282090","70","402985.71","0","100","0","403636313","643385547.32","70194260","70","100277514.29","473830573","743663061.61"
"6","Beacon Falls","2016","339281380","70","484687685.71","0","70","0","46078001","70","65825715.71","11033820","70","15762600","283490","70","404985.71","0","100","0","396676691","566680987.14","69073129","70","98675898.57","465749820","665356885.71"
"6","Beacon Falls","2015","366069430","73.12","500641999.45","732140","73.06","1002107.86","44093275","73.06","60352142.08","12881390","72.67","17725870.37","195880","70","279828.57","0","100","0","423972115","580001948.33","66596416","70","95137737.14","490568531","675139685.47"
"6","Beacon Falls","2014","359966390","74.57","482722797","732140","73.63","994350","44393325","73.63","60292442","12384260","65.13","19014678","195420","70","279171","0","100","0","417671535","563303439","62625168","70","89464526","480296703","652767965"
"6","Beacon Falls","2013","356619260","76.75","464650502","732140","76.47","957421","44524422","76.47","58224692","13336720","71.09","18760332","177810","70","254014","0","100","0","415390352","542846961","60620340","70","86600486","476010692","629447447"
"6","Beacon Falls","2012","355799260","75","475985632","732140","75","980764","44982662","72","62580220","13372530","75","17913637","175300","70","250429","0","100","0","415061892","557710681","58344338","70","83349054","473406230","641059735"
"6","Beacon Falls","2011","355622910","70","508032728.57","0","70","0","44669526","70","63813608.57","13442490","70","19203557.14","178340","70","254771.43","0","100","0","413913266","591304665.71","58986202","70","84266002.86","472899468","675570668.57"
"5","Barkhamsted","2024","378401640","58.82","643321387.28","2883660","60.10","4798103.16","20713700","60.10","34465391.01","2994290","111.86","2676819.24","36509410","70.00","52156300.00","0","100.00","0.00","441502700","737418000.00","52393769.00","70.00","74848241.43","493896469","812266241.00"
"5","Barkhamsted","2023","375439740","70","536342485.71","2883660","70","4119514.29","21004505","70","30006435.71","2888290","70","4126128.57","36487670","70","52125242.86","0","100","0","438703865","626719808","57235972","70","81765674.29","495939837","708485482"
"5","Barkhamsted","2022","258527970","43.94","588365885.30","2191150","43.94","4986686.39","16233170","43.94","36943946.29","2840830","43.94","6465248.07","34887030","70","49838614.29","0","100","0","314680150","686600379","58472083","70","83531547.14","373152233","770131926"
"5","Barkhamsted","2021","255734800","47.3","540665539.11","2191150","47.47","4615862.65","16841163","47.47","35477486.83","2840830","47.47","5984474.40","34848820","70","49784028.57","0","100","0","312456763","636527392","57190308","70","81700440","369647071","718227832"
"5","Barkhamsted","2020","254558240","56.6","449749540.64","2191150","57.03","3842100.65","16955450","57.03","29730755.74","2840840","95.07","2988156.10","34869970","70","49814242.86","0","100","0","311415650","536124797","49660282","70","70943260","361075932","607068057"
"5","Barkhamsted","2019","253641790","61.71","411022184.41","2177660","61.73","3527717.48","17126750","61.73","27744613.64","2891450","61.73","4684027.22","34915270","70","49878957.14","0","100","0","310752920","496857499","47209347","70","67441924.29","357962267","564299423"
"5","Barkhamsted","2018","253319510","70","361885014.29","2177660","70","3110942.86","17106730","70","24438185.71","2845190","70","4064557.14","34904350","70","49863357.14","0","100","0","310353440","443362057.14","46386892","70","66266988.57","356740332","509629045.71"
"5","Barkhamsted","2017","251064620","63.9","392902378.72","2173380","65.02","3342633.04","15849150","65.02","24375807.44","2514330","80.45","3125332.50","33881420","70","48402028.57","0","100","0","305482900","472148180.27","47116460","70","67309228.57","352599360","539457408.84"
"5","Barkhamsted","2016","249844400","65.25","382903295.02","2173380","65.42","3322195.05","15454890","65.42","23624105.78","2492630","69.85","3568546.89","33911710","70","48445300","0","100","0","303877010","461863442.73","43515650","70","62165214.29","347392660","524028657.02"
"5","Barkhamsted","2015","248508040","68.79","361256054.66","2173380","68.79","3159441.78","16270790","68.79","23652841.98","2726010","68.79","3962799.83","33911400","70","48444857.14","0","100","0","303589620","440475995.39","43634560","70","62335085.71","347224180","502811081.10"
"5","Barkhamsted","2014","246355050","68.96","357243402","2173380","68.82","3158065","15934790","68.82","23154301","2774960","68.82","4032200","33894940","70","48421343","0","100","0","301133120","436009310","40675345","70","58107636","341808465","494116946"
"5","Barkhamsted","2013","244588200","70","349411714","2173380","70","3104829","15929276","70","22756109","2726010","70","3894300","33858540","70","48369343","0","100","0","299275406","427536294","39910306","70","57014723","339185712","484551017"
"5","Barkhamsted","2012","278510750","79","351344456","2132050","80","2681149","17495130","80","22000918","3339860","80","4200025","33648270","70","48068957","0","100","0","335126060","428295505","39882502","70","56975003","375008562","485270508"
"5","Barkhamsted","2011","277932250","74.99","370625750.10","2132050","75.71","2816074.49","17450110","75.71","23048619.73","3339860","75.71","4411385.55","32055170","70","45793100","0","100","0","332909440","446694929.88","41389096","70","59127280","374298536","505822209.88"
"4","Avon","2024","2497538157","54.98","4542630332.85","35714500","54.93","65018204.99","326170904","52.28","623892318.29","4691140","56.19","8348709.73","298520","70.00","426457.14","0","100.00","0.00","2864413221","5240316023.00","359115000.00","70.00","513021428.57","3223528221","5753337452.00"
"4","Avon","2023","2497578087","70","3567968695.71","5900830","70","8429757.14","353195844","70","504565491.43","4577920","70","6539885.71","298520","70","426457.14","0","100","0","2861551201","4087930287","353192345","70","504560492.86","3214743546","4592490780"
"4","Avon","2022","1977837901","49.45","3999672196.16","14968370","50.01","29930753.85","326134815","50.01","652139202.16","4341050","70.29","6175914.07","225180","70","321685.71","0","100","0","2323507316","4688239752","365283520","70","521833600","2688790836","5210073352"
"4","Avon","2021","1971118434","53.9","3656991528.76","14968370","53.96","27739751.67","328200549","64.96","505234835.28","4340600","49.6","8751209.68","225180","70","321685.71","0","100","0","2318853133","4199039012","349233724","70","498905320","2668086857","4697944332"
"4","Avon","2020","1964982174","61.86","3176498826.38","14968370","61.7","24259918.96","321730438","63.24","508745158.13","4262600","58.72","7259196.19","225180","70","321685.71","0","100","0","2306168762","3717084785","294764190","70","421091700","2600932952","4138176485"
"4","Avon","2019","1959780294","69.75","2809720851.61","14310370","69.7","20531377.33","315452138","62.98","500876687.84","4152870","65.25","6364551.72","225180","70","321685.71","0","100","0","2293920852","3337815155","279320940","70","399029914.29","2573241792","3736845069"
"4","Avon","2018","1941490468","70","2773557811.43","14310370","70","20443385.71","328333208","70","469047440","4356250","70","6223214.29","225180","70","321685.71","0","100","0","2288715476","3269593537.14","270923510","70","387033585.71","2559638986","3656627122.86"
"4","Avon","2017","2021278790","70.63","2861785063","36421010","70.58","51602451.12","288451180","73.08","394706048.17","4564340","68.8","6634215.12","228820","70","326885.71","0","100","0","2350944140","3315054663.12","264946700","70","378495285.71","2615890840","3693549948.84"
"4","Avon","2016","2013406940","71.15","2829805959.24","36421010","70.96","51326113.30","289535390","64.78","446951821.55","4452550","60.45","7365674.11","228820","70","326885.71","0","100","0","2344044710","3335776453.92","268124140","70","383034485.71","2612168850","3718810939.63"
"4","Avon","2015","2000579270","70.7","2829673649.22","0","70.59","0","324802400","68.29","475622199.44","4686140","71.66","6539408.32","250140","70","357342.86","0","100","0","2330317950","3312192599.84","262750740","70","375358200","2593068690","3687550799.84"
"4","Avon","2014","1987872590","69.94","2842254204","0","69.88","0","323520200","62.83","514913576","4663850","63.02","7400587","250140","70","357343","0","100","0","2316306780","3364925710","261844860","70","374064086","2578151640","3738989796"
"4","Avon","2013","1970585340","70","2815121914","32453520","70","46362171","292977810","70","418539729","4635590","70","6622271","258670","70","369529","0","100","0","2300910930","3287015614","258495970","70","369279957","2559406900","3656295571"
"4","Avon","2012","2116451280","75","2823064266","37355920","75","49881052","281500310","76","368311278","5135400","70","7336286","254600","70","363714","0","100","0","2440697510","3248956596","248421230","70","354887471","2689118740","3603844068"
"4","Avon","2011","2098719620","75.56","2777553758.60","37355920","75.58","49425668.17","277507910","72.28","383934573.88","5265470","82.65","6370804.60","242710","70","346728.57","0","100","0","2419091630","3217631533.82","249349060","70","356212942.86","2668440690","3573844476.67"
"3","Ashford","2024","272929990","45.56","599056167.69","11738020","46.15","25434496.21","14092980","46.15","30537334.78","6920190","53.16","13017663.66","4097970","70.00","5854242.86","26460","100.00","26460.00","309805610","673926366.00","57969375.00","70.00","82813392.86","367774985","756739759.00"
"3","Ashford","2023","272175088","46.15","589761837.49","11738020","46.5","25243053.76","15176710","46.5","32638086.02","7086520","49.56","14298870.06","4105210","70","5864585.71","26460","100","26460","310308008","667832893","60060466","70","85800665.71","370368474","753633559"
"3","Ashford","2022","271361478","53.76","504764654.02","11738020","53.87","21789530.35","15176080","53.87","28171672.55","7062300","53.87","13109894.19","4117380","70","5881971.43","26460","100","26460","309481718","573744182","60450981","70","86358544.29","369932699","660102726"
"3","Ashford","2021","270241480","70","386059257.14","11738020","70","16768600","15198740","70","21712485.71","7171110","70","10244442.86","4145250","70","5921785.71","26460","100","26460","308521060","440733032","58130315","70","83043307.14","366651375","523776339"
"3","Ashford","2020","227019674","53.55","423939633.99","8173480","53.97","15144487.68","13713590","53.97","25409653.51","8058040","113.07","7126594.15","3671410","70","5244871.43","9710","100","9710","260645904","476874951","48303753","70","69005361.43","308949657","545880312"
"3","Ashford","2019","225457595","59.54","378665762.51","9056600","59.54","15210950.62","14582566","59.54","24492049.04","6675700","59.54","11212126.30","3929870","70","5614100","9700","100","9700","259712031","435204689","46878751","70","66969644.29","306590782","502174333"
"3","Ashford","2018","225192235","61.42","366643169.98","9056600","62.81","14419041.55","14918446","62.81","23751705.14","6692880","85.85","7796016.31","3938590","70","5626557.14","9700","100","9700","259808451","418246190.12","45101023","70","64430032.86","304909474","482676222.98"
"3","Ashford","2017","224295090","65.25","343747264.37","9381400","65.34","14357820.63","14552646","65.34","22272185.49","7261200","129.66","5600185.10","4258750","70","6083928.57","9700","100","9700","259758786","392071084.16","42826278","70","61180397.14","302585064","453251481.30"
"3","Ashford","2016","223719270","70","319598957.14","9056600","70","12938000","13347346","70","19067637.14","7201200","70","10287428.57","4370470","70","6243528.57","9700","100","9700","257704586","368145251.43","40803460","70","58290657.14","298508046","426435908.57"
"3","Ashford","2015","225753720","67.34","335244609.44","9243700","67.64","13666026.02","12750100","67.64","18849940.86","8996500","67.64","13300561.80","3113930","70","4448471.43","9700","100","9700","259867650","385519309.55","39956223","70","57080318.57","299823873","442599628.13"
"3","Ashford","2014","224953125","70.91","317237519","9243600","71.17","12988057","12739600","71.17","17900239","9651200","71.17","13560770","3081280","70","4401829","9700","100","9700","259678505","366098114","38348679","70","54783827","298027184","420881941"
"3","Ashford","2013","223799425","72.15","310186313","9243600","75.04","12318230","12664800","75.04","16877399","10252600","106.89","9591730","3079110","70","4398729","9700","100","9700","259049235","353382101","37327194","70","53324563","296376429","406706663"
"3","Ashford","2012","224002725","74","303732508","9291200","74","12606784","12664300","74","17183582","10648300","74","14448168","3049330","70","4356186","9700","100","9700","259665555","352336929","35837739","70","51196770","295503294","403533699"
"3","Ashford","2011","223057975","70","318654250","9291200","70","13273142.86","12745100","70","18207285.71","10916400","70","15594857.14","3101150","70","4430214.29","9700","100","9700","259121525","370169450","35897805","70","51282578.57","295019330","421452028.57"
"2","Ansonia","2024","1034328260","48.40","2137041859.50","29339870","48.39","60632093.41","120024020","43.12","278348840.45","7999390","81.20","9851465.52","47350","70.00","67642.86","0","100.00","0.00","1191738890","2485941902.00","230909614.00","70.00","329870877.14","1422648504","2815812779.00"
"2","Ansonia","2023","1032236750","51.03","2022803742.90","27890990","51.06","54623952.21","129357560","41.9","308729260.14","8013390","51.06","15694065.80","47350","70","67642.86","0","100","0","1197546040","2401918664","229272235","70","327531764.29","1426818275","2729450428"
"2","Ansonia","2022","1028464910","70","1469235585.71","27461190","70","39230271.43","131228460","70","187469228.57","7797720","70","11139600","47630","70","68042.86","0","100","0","1194999910","1707142729","235798624","70","336855177.14","1430798534","2043997906"
"2","Ansonia","2021","707221140","43.45","1627666605.29","5966510","43.56","13697222.22","119514570","57.01","209637905.63","10922200","158.92","6872766.17","42410","70","60585.71","0","100","0","843666830","1857935085","214416911","70","306309872.86","1058083741","2164244958"
"2","Ansonia","2020","709604710","50.2","1413555199.20","18074600","50.36","35890786.34","109338873","62.61","174634839.48","0","74.16","0","2580","70","3685.71","114830","100","114830","837135593","1624199340","166571127","70","237958752.86","1003706720","1862158093"
"2","Ansonia","2019","710179370","61.05","1163274971.33","18074800","61.21","29529161.90","109577675","64.48","169940562.97","0","126.06","0","2580","70","3685.71","117630","100","117630","837952055","1362866012","164354490","70","234792128.57","1002306545","1597658141"
"2","Ansonia","2018","711778990","61.55","1156517978.71","15477690","61.47","25179258.17","112984840","58.58","192872721.07","0","61.47","0","2580","70","3685.71","117630","100","117630","840361730","1374691273.67","153448616","70","219212308.57","993810346","1593903582.24"
"2","Ansonia","2017","706768306","70","1009669008.57","18093800","70","25848285.71","109527380","70","156467685.71","0","70","0","2580","70","3685.71","117630","100","117630","834509696","1192106295.71","150272675","70","214675250","984782371","1406781545.71"
"2","Ansonia","2016","648673092","61.24","1059231045.07","15401400","61.28","25132832.90","93706540","65.42","143238367.47","0","61.28","0","3580","70","5114.29","115880","100","115880","757900492","1227723239.72","145160855","70","207372650","903061347","1435095889.72"
"2","Ansonia","2015","647823021","64.4","1005936368.01","15401400","64.45","23896664.08","90431620","64.45","140312831.65","0","78.4","0","3580","70","5114.29","115880","100","115880","753775501","1170266858.03","144554156","70","206505937.14","898329657","1376772795.17"
"2","Ansonia","2014","646498148","66.52","971885370","15401400","66.64","23111345","93293440","79.39","117512835","0","66.64","0","3180","70","4543","115880","100","115880","755312048","1112629973","139687347","70","199553353","894999395","1312183325"
"2","Ansonia","2013","645855401","65.65","983785835","15401400","65.65","23459863","93826500","66.4","141304970","0","65.65","0","3180","70","4543","115880","100","115880","755202361","1148671091","138203490","70","197433557","893405851","1346104648"
"2","Ansonia","2012","645140562","70","921629374","15706400","70","22437714","95483758","70","136405369","0","70","0","3180","70","4543","99830","100","99830","756433730","1080576830","137208511","70","196012159","893642241","1276588989"
"2","Ansonia","2011","903322126","89.21","1012579448.49","16936400","89.6","18902232.14","124242058","89.6","138663011.16","0","89.6","0","3180","70","4542.86","121115","100","121115","1044624879","1170270349.65","130582236","70","186546051.43","1175207115","1356816401.08"
"1","Andover","2024","249740652","48.18","518349215.44","1995490","48.48","4116109.74","9649605","48.48","19904300.74","3960530","48.48","8169410.07","952900","70.00","1361285.71","0","100.00","0.00","266299177","551900322.00","50405903.00","70.00","72008432.86","316705080","623908755.00"
"1","Andover","2023","249978262","55.97","446629019.12","1995490","59.26","3367347.28","9649255","59.26","16282914.28","3980550","59.26","6717094.16","955220","70","1364600","0","100","0","266558777","474360974","53027531","70","75753615.71","319586308","550114590"
"1","Andover","2022","247965542","55.09","450109896.53","1995490","55.09","3622236.34","9319415","55.09","16916709.02","3988110","57.78","6902232.61","954280","70","1363257.14","0","100","0","264222837","478914332","54234249","70","77477498.57","318457086","556391831"
"1","Andover","2021","246435752","70","352051074.29","1995490","70","2850700","7807590","70","11153700","4146310","70","5923300","960190","70","1371700","0","100","0","261345332","373350474","48969039","70","69955770","310314371","443306244"
"1","Andover","2020","214805510","57.76","371893195.98","1796400","57.96","3099378.88","6917800","57.96","11935472.74","4808100","87.27","5509453.42","615450","70","879214.29","0","100","0","228943260","393316715","42678622","70","60969460","271621882","454286175"
"1","Andover","2019","213040763","67.04","317781567.72","1796400","67.54","2659757.18","6911000","67.54","10232454.84","4930000","67.54","7299378.15","614410","70","877728.57","0","100","0","227292573","338850887","38780813","70","55401161.43","266073386","394252048"
"1","Andover","2018","211658230","64.93","325979100.57","1796400","64.91","2767737.46","6911000","64.91","10647869.96","5363900","60.2","8910132.89","610070","70","871528.57","0","100","0","226339600","349176369.46","37319407","70","53313438.57","263659007","402489808.03"
"1","Andover","2017","210270370","67.16","313088698.63","1796400","67.55","2659363.43","6915430","67.55","10237498.15","5441300","76.46","7116531.52","633560","70","905085.71","0","100","0","225057060","334007177.45","35061837","70","50088338.57","260118897","384095516.02"
"1","Andover","2016","208490600","70","297843714.29","1796400","70","2566285.71","6913430","70","9876328.57","5481400","70","7830571.43","630260","70","900371.43","0","100","0","223312090","319017271.43","33772245","70","48246064.29","257084335","367263335.71"
"1","Andover","2015","218402290","71.62","304945950.85","1536000","72.21","2127129.21","6189400","72.21","8571389","5312220","75.65","7022101.78","633040","70","904342.86","0","100","0","232072950","323570913.70","33642450","70","48060642.86","265715400","371631556.56"
"1","Andover","2014","217593190","73.35","296650566","1536000","73.68","2084691","6189400","73.68","8400380","5459860","81.03","6738072","633900","70","905571","0","100","0","231412350","314779280","31768555","70","45383650","263180905","360162930"
"1","Andover","2013","215776590","68.37","315601272","1536000","68.93","2228348","6194300","68.93","8986363","5715260","78.89","7244594","628920","70","898457","0","100","0","229851070","334959034","31030125","70","44328750","260881195","379287784"
"1","Andover","2012","214657190","72","296119727","1670500","72","2316278","6176600","72","8564337","5918100","70","8407586","636120","70","908743","0","100","0","229058510","316316672","29994045","70","42848636","259052555","359165307"
"1","Andover","2011","213711188","70","305301697.14","1536000","70","2194285.71","6381500","70","9116428.57","6133800","70","8762571.43","636120","70","908742.86","0","100","0","228398608","326283725.71","30163035","70","43090050","258561643","369373775.71"
,"Total","2024","335029478482.00",,"665482745200.90","16954599756.00",,"35477432381.06","66895035405.00",,"121895208839.56","4613262452.00",,"8741664135.84","582432856.00",,"752527.00","752527.00",,"752527.00","424075561478.00","832429850019.00","63304129914.00",,"90434471305.73","487379691392.00","922864321326.00"
,"Total","2023","317635720470",,"609705352639.67","15563230881",,"31256113359.73","66540113068",,"117683376075.71","4610820989",,"7822648080.38","567457631",,"790547","790547",,"790547","404918133586","767278934467","63257380153",,"90367685932.92","468175513739","857646620393"
,"Total","2022","295729464651",,"553060493756.40","14487712782",,"28553438201.13","64697119264",,"111610176747.32","4586776484",,"7694356512.28","538091384",,"636917","636917",,"636917","380039801482","701687804121","63574238265",,"90820340378.56","443614039747","792508144501"
,"Total","2021","276191475083",,"501516572695.93","12548499750",,"23960198322.28","62361508998",,"104308258164.44","4468714880",,"7098430119.77","547499981",,"608320","608320",,"608320","356118307012","637666210454","59780793656",,"85401133794.30","415899100668","723067344249"
,"Total","2020","263323635993",,"448720216177.51","11286789222",,"20614579662.93","61299532082",,"96125145412.62","4406776403",,"6625575933.32","543553209",,"2351950","2351950",,"2351950","340862638859","572864373708","51935110308",,"74193014725.61","392797749167","647057388435"
,"Total","2019","259922756889",,"400634309114.23","10516000904",,"17426196417.89","60312551932",,"90160659636.06","4394837977",,"5936722092.58","537584405",,"2334226","2334226",,"2334226","335686066333","514928199221","49770861062",,"71101230088.64","385456927395","586029429309"
,"Total","2018","258273779387",,"390219618840.69","9993130475",,"17078417469.13","59328951040",,"91471653305.84","4500146183",,"6150676159.70","582513137",,"2186346","2186346",,"2186346","332680706568","505754713745.66","47451567221",,"67787953172.86","380132273789","573542666918.51"
,"Total","2017","257201849752",,"385720816035.92","9365090755",,"15450551687.64","57718918572",,"86325668520.18","4477256681",,"6217029647.43","560680543",,"2186116","2186116",,"2186116","329325982419","494517224211.45","46033601304",,"65762287577.14","375359583723","560053332186.96"
,"Total","2016","254441674642",,"378625697987.40","8707793512",,"13697386799.13","56342634937",,"85437182586.40","4613083039",,"6703278452.24","545497824",,"2964163","2964163",,"2964163","324653648117","485245792593.89","44784787451",,"63978267787.14","369438435568","549224060381.03"
,"Total","2015","252911514643",,"372493620304.45","8570757072",,"13500583851.08","56078582980",,"86303185322.63","4223422407",,"6082609784.57","520654678",,"998145","998145",,"998145","322305929925","479124789804.88","43772857212",,"62532653160","366078787137","541657442964.88"
,"Total","2014","252775000000",,"377206000000","7002151905",,"10585098994","55595895769",,"84757599665","4592199900",,"6410458529","964395612",,"1377708017","1032005",,"1032005","320931000000","480338000000","42562368621",,"60803383744","363493000000","541142000000"
,"Total","2013","252669000000",,"370423000000","6885061308",,"10492031025","55427536740",,"83186645663","4772755040",,"6894351013","1194997323",,"806595","806595",,"806595","320950000000","472704000000","41704183090",,"59577404414","362654000000","532282000000"
,"Total","2012","259536000000",,"361399000000","6884590090",,"9822793231","55472202010",,"79177078513","5164388385",,"7165466110","1222718505",,"1746740721","1134130",,"1134130","328281000000","459312000000","40502427716",,"57860611023","368784000000","517173000000"
,"Total","2011","273055950909",,"356364523793.46","7156004718",,"9355128169.02","58193991746",,"77168906787","5242645534",,"6648110160.23","1263499591",,"2044935","2044935",,"2044935","344914137433","451343713260.42","40107188809",,"57295984012.86","385021326242","508639697273.28"
