town_code,town,fiscal_year,policy_year,delta_2018,delta_nominal,delta_sd,delta_gcs,n_tests,frpl_share
1,Andover,2019,1,-144.8626496133073,-147.4893307908835,-0.00124219722043411,-0.004043900908246203,127.5,0.14074275855806775
1,Andover,2020,2,102.06322781423869,105.21576622494054,-0.00036700504192701335,-0.0011947635995038907,127.5,0.17717586524925974
1,Andover,2021,3,317.32418518771055,342.4384166980068,0.0023540498460576046,0.007663472558087347,127.5,0.20449417074088003
1,Andover,2022,4,408.8825526972004,476.50205442282345,0.0058602177354360975,0.019077598494841874,127.5,0.2377445279995865
1,Andover,2023,5,481.116696852836,583.8219867827546,0.011227990631383276,0.036552071414362904,127.5,0.2097975453687192
1,Andover,2024,6,574.6974159860758,717.9666666666667,0.015280828794956782,0.0497458506798826,127.5,0.2222222222222222
1,Andover,2025,7,663.2961756494836,850.4825300854602,0.01824753861316648,0.05940380219596195,127.5,0.24707865821754552
2,Ansonia,2019,1,3684.775944909302,3751.5891065069604,0.031596953727597264,0.10357242952119754,2209.333333333333,0.6709291032696666
2,Ansonia,2020,2,3492.3418056779883,3600.213582041343,0.06154378471128602,0.2017358812318058,2209.333333333333,0.5951227390180878
2,Ansonia,2021,3,3227.7568749155407,3483.2137143229347,0.0892217999136868,0.2924623260515001,2209.333333333333,0.6566493378548369
2,Ansonia,2022,4,2979.3777031383056,3472.096295334726,0.11476996371809775,0.3762072787403169,2209.333333333333,0.6637158877252342
2,Ansonia,2023,5,2843.2642309828325,3450.2235801400316,0.10755400077117826,0.35255389682917954,2209.333333333333,0.6825077958864616
2,Ansonia,2024,6,2766.871491341247,3456.639000759723,0.10133309282574073,0.3321622301105638,2209.333333333333,0.6416802137027929
2,Ansonia,2025,7,2459.6553037462527,3153.7855073865035,0.09474662185296406,0.3105722753794057,2209.333333333333,0.6272585538004133
3,Ashford,2019,1,-345.23524266841673,-351.49512343253184,-0.002960392205881673,-0.009711832381455949,468.99999999999994,0.2947375942267157
3,Ashford,2020,2,-109.54757692338691,-112.93129260087711,-0.003899762677999716,-0.012793521541147048,468.99999999999994,0.36810680381140254
3,Ashford,2021,3,102.16534203506518,110.25109210381409,-0.0030236948700490323,-0.009919502453844176,468.99999999999994,0.37810653059726146
3,Ashford,2022,4,186.4628956879562,217.29944768452356,-0.001424775539524808,-0.0046741040574190965,468.99999999999994,0.36692286895060056
3,Ashford,2023,5,265.9018066304831,322.66458855327795,0.0038157246582132586,0.012517827273267945,468.99999999999994,0.31763568567877365
3,Ashford,2024,6,344.0102838270567,429.7703624690563,0.007704983314148313,0.025276889427101233,468.99999999999994,0.3522048020609012
3,Ashford,2025,7,427.2248767296567,547.7904251757616,0.010492368824154436,0.0344211578121804,468.99999999999994,0.35361566789420823
4,Avon,2019,1,1885.3598320056337,1919.545587940009,0.016166960559448308,0.053035341484266835,2848.6666666666665,0.03552507606999984
4,Avon,2020,2,2010.4907991033806,2072.591024662305,0.03340691916175979,0.10959062831669875,2848.6666666666665,0.07476293524961988
4,Avon,2021,3,2016.0432529224406,2175.6005112471225,0.050694490055569724,0.16630210617397936,2848.6666666666665,0.07693829548701941
4,Avon,2022,4,1985.7045853931825,2314.093150160356,0.06772190687531626,0.22216015458756586,2848.6666666666665,0.05712188661784181
4,Avon,2023,5,1994.7676544472233,2420.596131473645,0.0686600789527529,0.22523780646374225,2848.6666666666665,0.07574692218202272
4,Avon,2024,6,1987.169484074913,2482.561102410721,0.06846009867638378,0.22458177577644303,2848.6666666666665,0.08215450180996638
4,Avon,2025,7,1970.2790634718917,2526.3042127978383,0.06806767075184532,0.22329442501503502,2848.6666666666665,0.09989306319516927
5,Barkhamsted,2019,1,-187.54613045319545,-190.9467578205925,-0.0016082080686361507,-0.005119448046699281,239.66666666666669,0.09228393317889899
5,Barkhamsted,2020,2,-26.871315171230396,-27.70131883697338,-0.0018386295962294515,-0.0058529545265886525,239.66666666666669,0.15695882701988784
5,Barkhamsted,2021,3,158.31417072733834,170.84375063520133,-0.0004810855822425255,-0.0015314514908480418,239.66666666666669,0.1809053397564892
5,Barkhamsted,2022,4,239.48836620151195,279.0940766550523,0.0015725271579354395,0.005005864131686269,239.66666666666669,0.19730489903866336
5,Barkhamsted,2023,5,327.8023903675554,397.77925827226295,0.005991640723973377,0.019073336341909115,239.66666666666669,0.2043082389518099
5,Barkhamsted,2024,6,405.29273427632603,506.3302276265031,0.009697447447986172,0.030870121449933983,239.66666666666669,0.22334017641617976
5,Barkhamsted,2025,7,488.29496253764745,626.0948734709123,0.012527032737759574,0.039877609453015765,239.66666666666669,0.2474554113362592
6,Beacon Falls,2019,1,-447.3558197944679,-455.4673731498013,-0.0038360761547375616,-0.012574578439086239,1719.9999999999998,0.18775557219374533
6,Beacon Falls,2020,2,-332.39282184554366,-342.6598020376346,-0.0066863446020630985,-0.021917699565366246,1719.9999999999998,0.22720955246969535
6,Beacon Falls,2021,3,-181.591582151026,-195.96342409482267,-0.008243492419008147,-0.027021997961852846,1719.9999999999998,0.26452671338276257
6,Beacon Falls,2022,4,-109.52350560928906,-127.63610255843815,-0.009182656479607799,-0.030100558363370476,1719.9999999999998,0.26233310781890734
6,Beacon Falls,2023,5,-80.3391360988415,-97.48935000687096,-0.006035488416917805,-0.01978420642744552,1719.9999999999998,0.24048371581695752
6,Beacon Falls,2024,6,-20.729008570226576,-25.89664886683766,-0.0033629712180819607,-0.011023750224023918,1719.9999999999998,0.27050133849107905
6,Beacon Falls,2025,7,7.246198893755305,9.291121816930488,-0.0017436872456229606,-0.005715770792569208,1719.9999999999998,0.3211745813259922
7,Berlin,2019,1,98.300945013272,100.08335920142582,0.0008429306034888072,0.0027638176475189885,2301.6666666666665,0.1325376424343677
7,Berlin,2020,2,227.9809623709111,235.02285940057573,0.002797867355819369,0.00917370319860921,2301.6666666666665,0.17779533781114185
7,Berlin,2021,3,342.66700397139516,369.7869616373591,0.005736236914874082,0.01880808781892729,2301.6666666666665,0.19454905032168543
7,Berlin,2022,4,412.0549728901338,480.1991178691688,0.00926960830740698,0.030393376298788303,2301.6666666666665,0.20612238197213517
7,Berlin,2023,5,489.30920828360735,593.7633759125448,0.012622504164950105,0.04138691800081768,2301.6666666666665,0.1976093003139378
7,Berlin,2024,6,556.011344933995,694.6222496340276,0.015435364695428552,0.05060978111904967,2301.6666666666665,0.208808602022694
7,Berlin,2025,7,559.8638057045346,717.8608945131158,0.01729782727029022,0.05671646049566896,2301.6666666666665,0.23795449496794016
8,Bethany,2019,1,-69.86291614541037,-71.12968578782396,-0.0005990745059468937,-0.0019091549450297879,501.8333333333333,0.054789633291710195
8,Bethany,2020,2,102.19821757733612,105.3549255643127,0.0002772752097787634,0.000883631889904232,501.8333333333333,0.1215543269419284
8,Bethany,2021,3,259.5456781625569,280.08710095078663,0.0025028794000226885,0.007976277634805736,501.8333333333333,0.11378052129788263
8,Bethany,2022,4,331.49483186676093,386.31623524429625,0.005345447583280163,0.017035089268047605,501.8333333333333,0.10984066486686782
8,Bethany,2023,5,403.1410548567079,489.20067239348253,0.009401456634623327,0.02996094349918029,501.8333333333333,0.11250678349724028
8,Bethany,2024,6,457.32025345797746,571.3279524861036,0.012446628092299827,0.03966541946865515,501.8333333333333,0.11802330008375847
8,Bethany,2025,7,528.1558436350213,677.2047460311378,0.014749960261226207,0.047005771890098046,501.8333333333333,0.13538194311404012
9,Bethel,2019,1,1536.4408603101756,1564.2999413017815,0.013174980377159754,0.0432859479562874,2849.0,0.2067628262202964
9,Bethel,2020,2,1809.5825791796883,1865.477133079002,0.02869215099362558,0.09426708193183349,2849.0,0.28857668221883404
9,Bethel,2021,3,2650.8859692470196,2860.687071862894,0.051423498179918765,0.1689501465827658,2849.0,0.31332580752751626
9,Bethel,2022,4,2646.589985073445,3084.2733610995692,0.07411800730192354,0.24351218103191036,2849.0,0.3242302394592455
9,Bethel,2023,5,3212.1538752208135,3897.8611001250797,0.08848724640478225,0.29072182523419493,2849.0,0.3022498319941093
9,Bethel,2024,6,3202.6225589089177,4001.0206749685767,0.10043256423096042,0.32996775888595553,2849.0,0.29517668072719944
9,Bethel,2025,7,3077.11711919949,3945.4989324241583,0.10408749634180284,0.3419759134793361,2849.0,0.3247792588817026
10,Bethlehem,2019,1,-111.30312404763475,-113.32129658363189,-0.0009544242887084679,-0.0031317881399899328,1183.6666666666667,0.1495190001974779
10,Bethlehem,2020,2,62.561245130179714,64.49364265001115,-0.00041796161171717676,-0.0013714730796700843,1183.6666666666667,0.2621012714699978
10,Bethlehem,2021,3,233.08716947821992,251.53456620876815,0.0015807608665585587,0.005187009794928305,1183.6666666666667,0.2294155498978821
10,Bethlehem,2022,4,257.5409926152816,300.1321804262819,0.0037891748782345985,0.012433561346244923,1183.6666666666667,0.2753758880872391
10,Bethlehem,2023,5,256.1615069047831,310.8450005512072,0.0069401840886515785,0.022773085801911046,1183.6666666666667,0.2838716789769596
10,Bethlehem,2024,6,248.54700803086493,310.50855963865496,0.008535012005524959,0.028006254335527996,1183.6666666666667,0.32063793007304964
10,Bethlehem,2025,7,326.0088453052036,418.01059280029455,0.009331815375741341,0.03062083505635657,1183.6666666666667,0.2549069589599796
11,Bloomfield,2019,1,26.445528227955155,26.925044317249775,0.00022677040455471546,0.0007478895391881548,1410.1666666666667,0.4907970049476572
11,Bloomfield,2020,2,37.19892080609172,38.34792450888761,0.0005457511504669519,0.0017998890870949262,1410.1666666666667,0.5624962485959031
11,Bloomfield,2021,3,14.300018965949297,15.431776341139702,0.0006683738130999671,0.0022042990312880757,1410.1666666666667,0.5642847968489104
11,Bloomfield,2022,4,34.77469309598106,40.52560470690782,0.0009665668063980048,0.003187740502783076,1410.1666666666667,0.5979516234473742
11,Bloomfield,2023,5,60.077947149402135,72.90294994131533,0.0012549647986494126,0.0041388780286485925,1410.1666666666667,0.5493234900148785
11,Bloomfield,2024,6,151.70457748868117,189.52378553980208,0.002236850804702617,0.007377141302219839,1410.1666666666667,0.5829912614268805
11,Bloomfield,2025,7,-38.431625820875944,-49.277272451377385,0.0017846769506555905,0.005885870446129943,1410.1666666666667,0.56838381298395
12,Bolton,2019,1,-163.90569182992698,-166.8776656049236,-0.0014054913074416243,-0.004608750878686277,629.3333333333333,0.09852615667008585
12,Bolton,2020,2,-0.9508579281378982,-0.9802281156752838,-0.0014136449141754065,-0.004635487395660676,629.3333333333333,0.16453331102373184
12,Bolton,2021,3,177.5044711284255,191.55284370801613,0.00010845592575084248,0.00035563816044710024,629.3333333333333,0.1875279892521272
12,Bolton,2022,4,256.29620001071964,298.68152857163216,0.0023061958408427635,0.0075622538906012955,629.3333333333333,0.20240318143592229
12,Bolton,2023,5,327.8179328898916,397.7981186991184,0.006522725922815208,0.0213886906799336,629.3333333333333,0.20809606164142797
12,Bolton,2024,6,401.7702750943494,501.9296366250387,0.009976059638483036,0.0327125279119487,629.3333333333333,0.2015617511910467
12,Bolton,2025,7,483.7294923263068,620.2409988385599,0.012601939195254869,0.04132305766088432,629.3333333333333,0.19599303135888502
13,Bozrah,2019,1,-426.4970681255729,-434.23040604343726,-0.0036572123591767877,-0.012486897417988292,41.0,0.22932685822204238
13,Bozrah,2020,2,-296.79981243379575,-305.967392462615,-0.006202270750796585,-0.02117654404985632,41.0,0.33388981636060105
13,Bozrah,2021,3,-146.5088607065,-158.10412390371337,-0.007458584231354822,-0.02546600170664321,41.0,0.3470796790445979
13,Bozrah,2022,4,-55.05697422700983,-64.16209534111103,-0.007930697785351432,-0.027077948987638545,41.0,0.3669937417909294
13,Bozrah,2023,5,28.8476375126545,35.00582115897397,-0.004026116934503633,-0.013746456102781135,41.0,0.3680474706125362
13,Bozrah,2024,6,106.77061636847962,133.38800801895388,-0.0005655005075241215,-0.0019308003292604753,41.0,0.3681428831784217
13,Bozrah,2025,7,188.05960262224033,241.13120581227295,0.002303424065519826,0.007864629447644617,41.0,0.3320182805359166
14,Branford,2019,1,1497.5694391943503,1524.7236950949948,0.012841657941091551,0.0421171638915435,2258.333333333333,0.26749026999905073
14,Branford,2020,2,1538.1495200719523,1585.6600245629045,0.026031290075708546,0.08537558899764111,2258.333333333333,0.33704996757144634
14,Branford,2021,3,1555.4823911277142,1678.5891277222227,0.039369551579628695,0.12912147822517486,2258.333333333333,0.35029674482066286
14,Branford,2022,4,1597.1242748415618,1861.2508484658972,0.05306489223639509,0.1740384904705984,2258.333333333333,0.3634103371746276
14,Branford,2023,5,1478.8959667526642,1794.5999114195024,0.05290476721020762,0.17351332370459263,2258.333333333333,0.3310696095076401
14,Branford,2024,6,1409.2328321341965,1760.5476741331468,0.05179930661114136,0.1698877120086499,2258.333333333333,0.3701003548499885
14,Branford,2025,7,1371.6992840318408,1758.8014531479869,0.05022336646779426,0.16471905469001627,2258.333333333333,0.35690695649563153
15,Bridgeport,2019,1,4037.580358664734,4110.790646888551,0.034622251575550086,0.1134052446799744,17086.666666666668,0.5737966973736495
15,Bridgeport,2020,2,5271.354270929342,5434.176348688514,0.0798241144487692,0.2614640243911151,17086.666666666668,0.7368598087823225
15,Bridgeport,2021,3,5089.821449636539,5492.649094672887,0.12346933337940252,0.4044240141866627,17086.666666666668,0.7174544196926463
15,Bridgeport,2022,4,4957.630438828132,5777.505236131106,0.16598101439235372,0.5436710985800801,17086.666666666668,0.67883026058205
15,Bridgeport,2023,5,4912.676464994486,5961.39887261336,0.1734849635041314,0.5682502968228709,17086.666666666668,0.6600434555534015
15,Bridgeport,2024,6,6678.785245271276,8343.773691242966,0.18555368410911344,0.6077814119554514,17086.666666666668,0.8066742195802737
15,Bridgeport,2025,7,6622.698927032833,8491.666236341478,0.19869810847778663,0.6508359966191332,17086.666666666668,0.8591184186065726
16,Bridgewater,2019,1,1836.134996813895,1869.4281972937583,0.015744857597679147,0.05164127265425556,554.5,0.017459624618070713
16,Bridgewater,2020,2,1951.9934270574026,2012.2867803837953,0.03248320123469638,0.10654106213645735,554.5,0.15103056147832267
16,Bridgewater,2021,3,1858.3383803355243,2005.4142809026607,0.04841845284607349,0.15880680466045408,554.5,0.10104412260020208
16,Bridgewater,2022,4,1802.5063104684575,2100.598214285714,0.06387494445834052,0.20950227095320426,554.5,0.09821428571428571
16,Bridgewater,2023,5,1622.1205488179783,1968.399034593725,0.062039770566775516,0.20348311741597264,554.5,0.12872083668543846
16,Bridgewater,2024,6,1525.8011304956865,1906.1758782725442,0.05838517162375881,0.19149646467634418,554.5,0.126799433131946
16,Bridgewater,2025,7,1351.4291880938722,1732.8110085905187,0.05403842530028665,0.17723965030652752,554.5,0.11931275851097678
17,Bristol,2019,1,1574.0919645295214,1602.6337435597998,0.01349783859584065,0.04426913259154688,6712.666666666666,0.4444692112094917
17,Bristol,2020,2,1549.8069471595563,1597.6775273354604,0.026787433167733847,0.08785528307139717,6712.666666666666,0.47000818470978584
17,Bristol,2021,3,2274.3618262550185,2454.3633896686624,0.04629008582787063,0.15181852506515794,6712.666666666666,0.5371262648653652
17,Bristol,2022,4,2423.8359854540954,2824.6811193926324,0.06707447940313949,0.2199855185052783,6712.666666666666,0.5464542897859836
17,Bristol,2023,5,2392.796915173213,2903.593781139082,0.07409487435490915,0.24301044896049104,6712.666666666666,0.5417411902413428
17,Bristol,2024,6,2247.999778074358,2808.4151110408993,0.0800818778800036,0.2626461447792376,6712.666666666666,0.5361157187473748
17,Bristol,2025,7,2277.7137907738006,2920.4989546201286,0.08011062097575214,0.2627404140881902,6712.666666666666,0.5662943504443646
18,Brookfield,2019,1,1887.7830659423207,1922.0127604832821,0.0161877397904554,0.05311764492309656,2241.1666666666665,0.10714060628978384
18,Brookfield,2020,2,2019.9989306736684,2082.3928442790248,0.03350923062098211,0.1099555241690359,2241.1666666666665,0.18947352623364147
18,Brookfield,2021,3,2047.481025996106,2209.5263881212377,0.05106638041889872,0.16756668303985162,2241.1666666666665,0.2057720747501606
18,Brookfield,2022,4,2040.136166420944,2377.5264270613106,0.06856054804595829,0.22497117534502103,2241.1666666666665,0.2075725542955987
18,Brookfield,2023,5,2375.8690515268486,2883.0522803957997,0.07274588537234564,0.23870473326380506,2241.1666666666665,0.2081358759525344
18,Brookfield,2024,6,2403.068039869116,3002.141130907455,0.07603070298369657,0.24948337053963726,2241.1666666666665,0.22451951299468623
18,Brookfield,2025,7,2386.269130747103,3059.6892945981635,0.0789358109819364,0.2590160475601029,2241.1666666666665,0.2468292233516568
19,Brooklyn,2019,1,-406.61754868528743,-413.9904268181592,-0.0034867454799763394,-0.011410962209583148,1092.3333333333333,0.2583765341106713
19,Brooklyn,2020,2,-281.7276327550545,-290.4296619053859,-0.005902559930850931,-0.019317122140844297,1092.3333333333333,0.31696370069453544
19,Brooklyn,2021,3,2.9353478021795527,3.167662285941856,-0.005877389323447242,-0.01923474708607612,1092.3333333333333,0.331342094782955
19,Brooklyn,2022,4,88.69629193164656,103.36456042528874,-0.005116818620133375,-0.016745651279378593,1092.3333333333333,0.32641257857278916
19,Brooklyn,2023,5,164.7178218870284,199.88058336297576,-0.000217617817475765,-0.0007121909831413243,1092.3333333333333,0.29557734979758454
19,Brooklyn,2024,6,1007.3262544740038,1258.4477553802708,0.010836019265513412,0.03546269925670845,1092.3333333333333,0.31567500892654266
19,Brooklyn,2025,7,1108.0180335906805,1420.707694667155,0.020312103296149804,0.0664747812653901,1092.3333333333333,0.31865856671807236
20,Burlington,2019,1,297.7268455037865,303.12529364229204,0.002553007700194969,0.008371530849996452,1931.0,0.053247135617322236
20,Burlington,2020,2,464.0458169237269,478.37930699166964,0.006532200580315927,0.021419645021949343,1931.0,0.09659330329648959
20,Burlington,2021,3,601.674514518011,649.293302359574,0.011691559542307871,0.03833762482797294,1931.0,0.11288891209020673
20,Burlington,2022,4,619.2847256157839,721.6997694864373,0.017001926064463217,0.05575077135378124,1931.0,0.11391658625495872
20,Burlington,2023,5,578.3021617109965,701.7538971717474,0.019407859400940045,0.06364003277191659,1931.0,0.11552209190122183
20,Burlington,2024,6,554.9187804729847,693.2573142047564,0.020187095063374936,0.06619521323102485,1931.0,0.11829273324988653
20,Burlington,2025,7,566.2886517240648,726.0988725065048,0.01988366128991684,0.06520022790636591,1931.0,0.1228100607111882
22,Canterbury,2019,1,-216.02684009115734,-219.94388590133272,-0.0018524301537816742,-0.006089313305376667,570.3333333333333,0.21822149481723951
22,Canterbury,2020,2,64.48833840373239,66.48026015864815,-0.0012994426519696688,-0.004271531325518163,570.3333333333333,0.29936479956234996
22,Canterbury,2021,3,342.2332216823321,369.31884818369804,0.0016352072239563288,0.0053752575154090675,570.3333333333333,0.3117187741119101
22,Canterbury,2022,4,433.6680105466954,505.3864406779661,0.005353910414394243,0.017599388487393397,570.3333333333333,0.2627118644067797
22,Canterbury,2023,5,488.44400576451653,592.7134762583253,0.011394747917606649,0.03745684551962494,570.3333333333333,0.2700553364922628
22,Canterbury,2024,6,542.377924784401,677.5900846237238,0.015492651120820879,0.05092748377744887,570.3333333333333,0.2880119088070158
22,Canterbury,2025,7,618.0690074718431,792.4919704645541,0.01785794298396593,0.058702677451523494,570.3333333333333,0.29138108009668556
23,Canton,2019,1,63.62401753916038,64.7776621104698,0.0005455759503983002,0.0017898085888514615,1310.6666666666667,0.08562118477544459
23,Canton,2020,2,158.48146956451166,163.37665983907297,0.0019045545519139873,0.006248054175524417,1310.6666666666667,0.12123764492684265
23,Canton,2021,3,233.9858102380268,252.50432878386636,0.0039109828747050665,0.012830313973494968,1310.6666666666667,0.11967814218781829
23,Canton,2022,4,272.90152768885685,318.03298463353013,0.006251113474637014,0.02050731264569555,1310.6666666666667,0.1206264533812265
23,Canton,2023,5,272.8566773003622,331.10413438252596,0.008045283532089319,0.026393241041813252,1310.6666666666667,0.14423044671188123
23,Canton,2024,6,249.29436763815409,311.44223233514003,0.008824004133070804,0.02894790060650761,1310.6666666666667,0.11064205320038724
23,Canton,2025,7,191.42762765883984,245.44970870687132,0.008459067717454275,0.02775069546838104,1310.6666666666667,0.14365140592163017
24,Chaplin,2019,1,-452.8497012735501,-461.0608708868455,-0.003883186188420692,-0.01201295949577047,103.5,0.39516680598829695
24,Chaplin,2020,2,-162.37835742525473,-167.3939151321057,-0.005275580603342251,-0.01632044744431835,103.5,0.4483586869495596
24,Chaplin,2021,3,175.01354344595327,188.86477462437395,-0.003774839468293202,-0.011677779904260732,103.5,0.4215358931552588
24,Chaplin,2022,4,249.65124664711092,290.9376571141277,-0.0016340800282942263,-0.005055162498074723,103.5,0.42316071727836435
24,Chaplin,2023,5,295.1032903307991,358.09979240806643,0.004779616874713068,0.014786142393182801,103.5,0.4967378410438909
24,Chaplin,2024,6,370.4450151269556,462.7951427928941,0.009348577294348272,0.02892060151917666,103.5,0.4310021737500937
24,Chaplin,2025,7,429.82681175802793,551.1266426413309,0.01153360107012431,0.03568015433020694,103.5,0.41862327545411526
25,Cheshire,2019,1,-42.60458516699179,-43.37710080325349,-0.0003653343178069545,-0.001196695742919145,3813.6666666666665,0.0819022021807638
25,Cheshire,2020,2,64.43793012705923,66.42829486646772,0.00018722093303257827,0.0006132642969057854,3813.6666666666665,0.13079363880179806
25,Cheshire,2021,3,152.21203903887115,164.25867325559554,0.0014924391677908983,0.004888660910319664,3813.6666666666665,0.14545734776347286
25,Cheshire,2022,4,272.87771843076996,318.0052378873854,0.0038323656033347514,0.012553366544787144,3813.6666666666665,0.15301693485500173
25,Cheshire,2023,5,342.9076371906017,416.10906322137754,0.007138132910051114,0.023381798121585078,3813.6666666666665,0.14720634268379643
25,Cheshire,2024,6,410.2570083997832,512.5320709717053,0.010103531506239723,0.033095311753207464,3813.6666666666665,0.1609270167070189
25,Cheshire,2025,7,478.7299599473305,613.8305669636098,0.01290342267802976,0.042266686252135664,3813.6666666666665,0.16028683413076233
26,Chester,2019,1,650.0638945048239,661.850994909764,0.0055742978953788646,0.01737668195318623,198.5,0.13882461823229986
26,Chester,2020,2,640.7988571939741,660.5919115006106,0.011069148095817192,0.03450570270261082,198.5,0.22986854392644207
26,Chester,2021,3,644.0248815066847,694.9954369434921,0.01659166145473701,0.05172095743446251,198.5,0.2121204646918087
26,Chester,2022,4,550.7520327315021,641.8333904025827,0.021314360135409646,0.06644296090019278,198.5,0.2494741476299956
26,Chester,2023,5,451.10403389209955,547.4024390243902,0.019608279330655533,0.061124618736379636,198.5,0.22926829268292684
26,Chester,2024,6,468.2780358554105,585.0174563591022,0.018128913287677354,0.05651301137278926,198.5,0.23940149625935161
26,Chester,2025,7,545.8895185828127,699.942975635044,0.017287402550605145,0.05388978155752996,198.5,0.26179367547952304
27,Clinton,2019,1,-9.914109418561015,-10.093874214191075,-8.501348826416069e-05,-0.00027864132167209135,1225.3333333333333,0.2379274377695712
27,Clinton,2020,2,215.88341876812632,222.55164575325412,0.0017661868276725224,0.005788877059759223,1225.3333333333333,0.33469075373956947
27,Clinton,2021,3,453.8306785063708,489.74854817565443,0.005657784895864652,0.018544029815851324,1225.3333333333333,0.36658935467223475
27,Clinton,2022,4,544.6793753823106,634.7564591820948,0.010328410539767964,0.03385253354891632,1225.3333333333333,0.37195090505904804
27,Clinton,2023,5,616.3881410312773,747.9701940926057,0.01569895233737533,0.05145509162688415,1225.3333333333333,0.35420752625399304
27,Clinton,2024,6,688.8873721707594,860.6236195747624,0.0197549612378029,0.06474911947828986,1225.3333333333333,0.35192527741557783
27,Clinton,2025,7,775.133086461802,993.8805208419542,0.022510129386020733,0.0737794946566709,1225.3333333333333,0.3903555960164418
28,Colchester,2019,1,-231.59453500027067,-235.79385765202784,-0.0019859231376273207,-0.006502985082930911,1868.0,0.16329350437281165
28,Colchester,2020,2,-18.36917488851539,-18.936563659663637,-0.0021434388122963405,-0.007018776486582232,1868.0,0.22165359425286876
28,Colchester,2021,3,200.56556045850027,216.43907452855913,-0.00042358913136470057,-0.0013870596250000677,1868.0,0.23577286933903885
28,Colchester,2022,4,287.7584927424858,335.34694025194204,0.002043939943902115,0.006692963445444495,1868.0,0.23421745146092007
28,Colchester,2023,5,358.1626870200116,434.6206500320932,0.007101108122726035,0.02325286377877571,1868.0,0.22846729416622905
28,Colchester,2024,6,433.3564853110912,541.3901343254428,0.010974655658937663,0.03593695077526605,1868.0,0.24121342618460323
28,Colchester,2025,7,525.2308026963834,673.4542401343409,0.013758660111127512,0.045053285179342706,1868.0,0.25524769101595296
30,Columbia,2019,1,-208.03636669763117,-211.80852750039625,-0.0017839118444321872,-0.005840322005880062,609.6666666666667,0.14265335235378032
30,Columbia,2020,2,-61.8797433984256,-63.79109062980031,-0.0023145306440736863,-0.007577506868434921,609.6666666666667,0.20430107526881722
30,Columbia,2021,3,109.50302084552776,118.16950245947908,-0.001375542240323286,-0.00450336693556442,609.6666666666667,0.2435287476816386
30,Columbia,2022,4,189.2683764508886,220.56888859943342,0.00024743408774308346,0.00081007071742985,609.6666666666667,0.23445895340128303
30,Columbia,2023,5,258.52569029901395,313.71387260525864,0.004248203726489314,0.0139081299262153,609.6666666666667,0.2247402913765736
30,Columbia,2024,6,331.0049686868817,413.5228859702804,0.007617190132620823,0.024937803565443496,609.6666666666667,0.2228184970735458
30,Columbia,2025,7,412.4478853628572,528.8432738637842,0.010214942345856924,0.03344254524544255,609.6666666666667,0.2360333376741763
32,Coventry,2019,1,-282.38247881469516,-287.5026995476434,-0.00242142975583601,-0.007942143407786977,1422.3333333333335,0.19086531446082008
32,Coventry,2020,2,-95.17342464788699,-98.11315018181377,-0.0032375418721916406,-0.01061894187749568,1422.3333333333335,0.2444452552081433
32,Coventry,2021,3,87.16333821515583,94.06177318269782,-0.0024901162469966797,-0.008167430951917031,1422.3333333333335,0.26158025246637034
32,Coventry,2022,4,171.73565423564682,200.13666888235915,-0.0010174830119260088,-0.003337282849616831,1422.3333333333335,0.2534586545569754
32,Coventry,2023,5,246.20969514287603,298.76874846324074,0.003515194879760163,0.011529626979302906,1422.3333333333335,0.22928448487828867
32,Coventry,2024,6,319.91216610820265,399.66470204624034,0.007074553820493632,0.023204109412238057,1422.3333333333335,0.236861857243051
32,Coventry,2025,7,392.5643114868984,503.34843032634325,0.009693367166298823,0.031793659078290744,1422.3333333333335,0.263059932994168
33,Cromwell,2019,1,315.0513632968305,320.76394337285785,0.0027015654402703206,0.008870485384889973,1789.666666666667,0.15888758949762902
33,Cromwell,2020,2,350.0427450130304,360.8548976626563,0.005703181978757055,0.01872617691795401,1789.666666666667,0.20009954701082447
33,Cromwell,2021,3,353.89443114131046,381.90296969197266,0.008737826725793795,0.02869031529330611,1789.666666666667,0.2274678319745081
33,Cromwell,2022,4,483.63595673374414,563.617903126916,0.012885005054785648,0.04230741455267984,1789.666666666667,0.2486817903126916
33,Cromwell,2023,5,529.3102838885932,642.303589931127,0.01472227529886001,0.04834002016911981,1789.666666666667,0.2316084598037423
33,Cromwell,2024,6,537.8467687347774,671.9293335665559,0.01633269480227399,0.05362777017348249,1789.666666666667,0.23089032709463003
33,Cromwell,2025,7,536.463789139275,687.8572460328924,0.01789822704710654,0.05876813460454791,1789.666666666667,0.254844101442397
34,Danbury,2019,1,6440.392306736789,6557.170905592116,0.05522636403026797,0.18095844890233065,10832.333333333332,0.5851119541425607
34,Danbury,2020,2,6556.594338159688,6759.115029863258,0.11144916047998729,0.3651818758314799,10832.333333333332,0.6687320504632096
34,Danbury,2021,3,5928.252230401364,6397.43644615113,0.16228392335567898,0.531750506626389,10832.333333333332,0.5287734791368084
34,Danbury,2022,4,5607.354046182991,6534.677758336694,0.21036698430169812,0.6893027243045087,10832.333333333332,0.5477202671022685
34,Danbury,2023,5,5591.047215181906,6784.583272033342,0.20308385014161504,0.6654383130962334,10832.333333333332,0.5266555036903303
34,Danbury,2024,6,5209.95975126992,6508.777196550663,0.19153645855903528,0.627601346887373,10832.333333333332,0.48549558992884345
34,Danbury,2025,7,4825.847165021667,6187.731600735587,0.18208333512340433,0.5966266016867566,10832.333333333332,0.5268484293748009
35,Darien,2019,1,2114.5445034219606,2152.885885835661,0.018132219116843307,0.05937416597307854,4212.666666666667,0.020069910187151912
35,Darien,2020,2,2214.1322124842027,2282.52253283477,0.037118402838895344,0.12154464914694023,4212.666666666667,0.024377008453522583
35,Darien,2021,3,2202.4544769389013,2376.765021822242,0.05600444997864642,0.1833872338976027,4212.666666666667,0.027700713874885815
35,Darien,2022,4,2161.6004015044027,2519.077973280077,0.07454017342154669,0.2440826795591616,4212.666666666667,0.013127539425659389
35,Darien,2023,5,2130.972382535725,2585.876853348399,0.07468104248494718,0.24454395697352088,4212.666666666667,0.018690119935349178
35,Darien,2024,6,2174.6301708585142,2716.7548201432664,0.0743423124780069,0.2434347815591641,4212.666666666667,0.013325109018734673
35,Darien,2025,7,2202.7464501639683,2824.3753587721685,0.07434481614841187,0.24344297985751948,4212.666666666667,0.014890393753803525
36,Deep River,2019,1,-249.50356763944274,-254.0276207794761,-0.0021394930925082213,-0.006790171097621725,191.16666666666669,0.2162480955423404
36,Deep River,2020,2,-148.37889795469272,-152.96203906395834,-0.003411842142469711,-0.010828262071314257,191.16666666666669,0.34787625786963977
36,Deep River,2021,3,-46.31567165184102,-49.981268397109986,-0.0038089990268842474,-0.012088730360375917,191.16666666666669,0.32824904112032827
36,Deep River,2022,4,29.86190954794065,34.80036297640653,-0.0035529331525106563,-0.01127604668995546,191.16666666666669,0.32327586206896547
36,Deep River,2023,5,115.89953465388696,140.640923566879,-0.00041960155034535514,-0.0013317015743818529,191.16666666666669,0.3125
36,Deep River,2024,6,200.24862937820555,250.1696317749276,0.002569879496534247,0.00815610087400666,191.16666666666669,0.3496069507654117
36,Deep River,2025,7,273.41185325981525,350.5703986429177,0.005311543022651699,0.0168573976903575,191.16666666666669,0.35411365564037317
37,Derby,2019,1,3591.8845834309427,3657.0134185896886,0.030800410302920328,0.10099768698765585,1172.0,0.6215135214014235
37,Derby,2020,2,3545.558128400467,3655.073655456915,0.061203571253954335,0.20069275283152582,1172.0,0.6954413055900102
37,Derby,2021,3,3268.578623948069,3527.266250366707,0.08923163295430901,0.2925996259751842,1172.0,0.5566964223349119
37,Derby,2022,4,3087.2357388143596,3597.7914986311857,0.11570467941464216,0.3794074455371492,1172.0,0.5423743781460658
37,Derby,2023,5,2824.919599604535,3427.962870403427,0.10912795467833071,0.35784169430886187,1172.0,0.4526954659050339
37,Derby,2024,6,2515.9972314701135,3143.22301679694,0.10029946998715293,0.32889219251179197,1172.0,0.5474250235600644
37,Derby,2025,7,2064.648951255468,2647.305876718889,0.08997577304381386,0.2950397372300544,1172.0,0.5603064924403092
38,Durham,2019,1,40.57470734808977,41.31041679673912,0.0003479281155098697,0.0011394610117201355,1230.6666666666667,0.08384098753980217
38,Durham,2020,2,271.8243168401308,280.2204514534803,0.0026788216324139906,0.008773113385835711,1230.6666666666667,0.14345077787341162
38,Durham,2021,3,503.6288579756164,543.4879431789196,0.006997439089554901,0.022916541288276752,1230.6666666666667,0.14911609472796122
38,Durham,2022,4,589.4232231366826,686.8998808984264,0.012051743227951953,0.03946933553038451,1230.6666666666667,0.14228949060362364
38,Durham,2023,5,677.9652160176864,822.6922947679693,0.017517366839793744,0.05736919683163092,1230.6666666666667,0.15457508652844518
38,Durham,2024,6,711.4284283325721,888.78405062155,0.021286972095841437,0.06971461540335826,1230.6666666666667,0.13687564511062245
38,Durham,2025,7,702.5270304512754,900.7845789651674,0.022992523924820204,0.07530028015983051,1230.6666666666667,0.13978130988614587
39,Eastford,2019,1,-186.9452225055283,-190.33495407887628,-0.001603055282984905,-0.0053615655390680216,167.0,0.1620745542949757
39,Eastford,2020,2,41.10022268851826,42.36973016431335,-0.0012506208734308613,-0.0041828163062104405,167.0,0.24621878297572988
39,Eastford,2021,3,294.1884607419129,317.4716438575004,0.0012720451774310415,0.004254471857485004,167.0,0.30885563661536825
39,Eastford,2022,4,370.83472078894766,432.16201117318434,0.004451952908196266,0.014889965148109944,167.0,0.2569832402234637
39,Eastford,2023,5,434.6324382469422,527.4146070535962,0.009781981349148702,0.032716734514448835,167.0,0.23882254929186336
39,Eastford,2024,6,471.1387489934068,588.5913312693498,0.013469561712213118,0.04505018552328487,167.0,0.25799793601651183
39,Eastford,2025,7,508.81672059139913,652.4080007767744,0.015309999040422465,0.05120569710200476,167.0,0.23303233323623654
40,East Granby,2019,1,1614.1699931472049,1643.4384757389978,0.01384150769123728,0.045371408964883383,784.6666666666667,0.0809079927980491
40,East Granby,2020,2,1701.6065297942912,1754.165909503907,0.028432783684223324,0.09320050137050101,784.6666666666667,0.1340178084681083
40,East Granby,2021,3,1757.8645428065815,1896.988565344197,0.043506472138789755,0.14261090511678828,784.6666666666667,0.12036479792602195
40,East Granby,2022,4,1737.1952546981174,2024.486254883677,0.05840292144782611,0.19144033243075217,784.6666666666667,0.109772075400432
40,East Granby,2023,5,2108.6007150619894,2558.7294451673965,0.06264266488824538,0.20533788881207218,784.6666666666667,0.158523601088371
40,East Granby,2024,6,2397.522110025993,2995.2126279208837,0.06861014098873223,0.22489882138408987,784.6666666666667,0.13313926592875922
40,East Granby,2025,7,2476.065104084825,3174.8262566362346,0.07476871080169317,0.24508614460463266,784.6666666666667,0.1277438559893117
41,East Haddam,2019,1,-247.56389231372816,-252.05277483744143,-0.0021228603765902185,-0.006967311803599814,859.3333333333335,0.12475427188870408
41,East Haddam,2020,2,-135.28059729856554,-139.45915688696726,-0.0032828914984254173,-0.010774579873055927,859.3333333333335,0.2654030265596047
41,East Haddam,2021,3,-35.03563819286166,-37.808490593525704,-0.003583322095929207,-0.011760604988618554,859.3333333333335,0.25640776604733834
41,East Haddam,2022,4,53.33897950663122,62.15998493471711,-0.0031259403466598434,-0.010259459978999911,859.3333333333335,0.21237864077669902
41,East Haddam,2023,5,134.410116279773,163.1030094018147,0.00014948677702942797,0.0004906215206447724,859.3333333333335,0.2545469474894281
41,East Haddam,2024,6,211.6025841768996,264.35407188819215,0.0031240100581815407,0.010253124695790738,859.3333333333335,0.25718267142095985
41,East Haddam,2025,7,282.5458708874259,362.28209351914546,0.005847271498545006,0.019190976561587355,859.3333333333335,0.2698250684668479
42,East Hampton,2019,1,-189.83412382098263,-193.27623758345547,-0.0016278276117649257,-0.005348771575780761,1556.3333333333333,0.11958557238234815
42,East Hampton,2020,2,-35.68960389087593,-36.791987673343606,-0.0019338659651291874,-0.006354362851996254,1556.3333333333333,0.19311761684643042
42,East Hampton,2021,3,117.55280957252317,126.85638179329082,-0.0009258506230448008,-0.003042191605652699,1556.3333333333333,0.20110581668063973
42,East Hampton,2022,4,197.80170136597562,230.51342359187566,0.0007702989661684397,0.0025310746576094126,1556.3333333333333,0.20894834689711705
42,East Hampton,2023,5,380.50147825277304,461.728163791536,0.005660926753950894,0.018600866513918048,1556.3333333333333,0.2143262497314035
42,East Hampton,2024,6,517.2114733544626,646.149760128826,0.010402053491329673,0.03417942271162918,1556.3333333333333,0.1984947944041242
42,East Hampton,2025,7,588.742807605015,754.8897324656543,0.014442507724458289,0.04745568525884679,1556.3333333333333,0.2101409978308026
43,East Hartford,2019,1,5533.919357456392,5634.261590966942,0.047453358490188564,0.15531149881618564,5194.666666666666,0.688501335732132
43,East Hartford,2020,2,5297.241184161161,5460.862859288019,0.09287720164437051,0.3039805369354999,5194.666666666666,0.6247252394430202
43,East Hartford,2021,3,4891.39179892655,5278.514973837213,0.1348208863201657,0.4412592615639816,5194.666666666666,0.6396853812423844
43,East Hartford,2022,4,4507.415204406146,5252.835052188581,0.17347197169794837,0.5677615406837401,5194.666666666666,0.6291533464728791
43,East Hartford,2023,5,4739.265594701883,5750.969512156304,0.16665781568232846,0.5454592881640984,5194.666666666666,0.6697266980309271
43,East Hartford,2024,6,4676.244118466861,5842.008870867453,0.1613327658439999,0.5280307752416107,5194.666666666666,0.6780648897296658
43,East Hartford,2025,7,4447.860827497338,5703.075140353237,0.15752948776399436,0.5155829140614049,5194.666666666666,0.6246300292457561
44,East Haven,2019,1,51.13938707463227,52.0666576017163,0.0004385202441649716,0.001439569222825382,2331.3333333333335,0.4447868981250661
44,East Haven,2020,2,686.0682990619298,707.2596400715846,0.006321555908621018,0.02075233115805075,2331.3333333333335,0.572737686139748
44,East Haven,2021,3,735.8780139159395,794.1181723012501,0.012631709877950198,0.0414672321607017,2331.3333333333335,0.5542213190467393
44,East Haven,2022,4,780.3837803437146,909.440796920987,0.01932350079439755,0.06343496655171882,2331.3333333333335,0.5117870455697736
44,East Haven,2023,5,816.23226030834,990.4755810941143,0.02588417218237659,0.08497226326008392,2331.3333333333335,0.3320983685355523
44,East Haven,2024,6,897.2565164577095,1120.938170847274,0.027695111146545402,0.0909171928999843,2331.3333333333335,0.5189497231193713
44,East Haven,2025,7,1163.2672607858367,1491.5486014222604,0.03135997393845478,0.10294816239640253,2331.3333333333335,0.5335893874999597
45,East Lyme,2019,1,-76.19439047149947,-77.57596378817306,-0.0006533668982931079,-0.002143816572798477,2025.6666666666665,0.14909852736531434
45,East Lyme,2020,2,94.07834549178733,96.98424611956234,0.00015335491429896832,0.0005031855878421479,2025.6666666666665,0.2271003884306473
45,East Lyme,2021,3,253.05471398207698,273.0824174108537,0.0023232990866952777,0.007623170225851402,2025.6666666666665,0.23613626428526824
45,East Lyme,2022,4,332.2736964230754,387.22390557347217,0.0051725460335231505,0.016972071801004074,2025.6666666666665,0.23476657378900254
45,East Lyme,2023,5,398.7353352645775,483.8544518563224,0.009245068431710008,0.030334764390932727,2025.6666666666665,0.22502088337683207
45,East Lyme,2024,6,473.27822821082685,591.2641721755474,0.012496707426025776,0.04100398804303865,2025.6666666666665,0.24159752836451784
45,East Lyme,2025,7,559.6773152686443,717.621775302761,0.015125996232058092,0.04963116663407419,2025.6666666666665,0.2553758931866215
46,Easton,2019,1,2073.4326826641995,2111.028616571687,0.017779685253845507,0.058260706821281434,1160.0000000000002,0.024543829911258714
46,Easton,2020,2,2220.879629932341,2289.4783651364637,0.036823728080515324,0.12066447719042024,1160.0000000000002,0.0817908219580564
46,Easton,2021,3,2192.95006387325,2366.508393699428,0.05562827487822844,0.18228346381740085,1160.0000000000002,0.10752097443826177
46,Easton,2022,4,2148.3327564366014,2503.6161735763317,0.0740502282646723,0.24264876331508364,1160.0000000000002,0.10240491543594092
46,Easton,2023,5,2048.9501792941005,2486.345147277779,0.07384029079827371,0.2419608374600404,1160.0000000000002,0.10591106540392024
46,Easton,2024,6,2064.8578047149977,2579.6167408342703,0.07250240364703497,0.23757683122115494,1160.0000000000002,0.09315861601712272
46,Easton,2025,7,2092.093852135648,2682.4959013193848,0.07163756163138503,0.23474290551318386,1160.0000000000002,0.09602623155593723
47,East Windsor,2019,1,65.19783121357541,66.38001251789802,0.000559071402656409,0.0018315773502436147,908.0000000000001,0.4081177711282399
47,East Windsor,2020,2,163.00656830056758,168.04153024297779,0.0019568527258337757,0.006410857563756188,908.0000000000001,0.4954333965190419
47,East Windsor,2021,3,253.96063259367588,274.06003383435336,0.004134565150324547,0.01354527498001013,908.0000000000001,0.5163724613163512
47,East Windsor,2022,4,325.1606646642631,378.9345466270197,0.0069228178498206,0.022679887244002394,908.0000000000001,0.455880772399957
47,East Windsor,2023,5,401.2490918794183,486.90482693323133,0.009804457410030203,0.03212044479169289,908.0000000000001,0.4797800477048852
47,East Windsor,2024,6,474.9443577063563,593.3456595928656,0.01247932395418484,0.04088359195665168,908.0000000000001,0.495809991629182
47,East Windsor,2025,7,539.8961095770286,692.2581888954172,0.014931220669317092,0.04891626625770676,908.0000000000001,0.5196092831962398
48,Ellington,2019,1,594.9135337577754,605.7006357856494,0.005101383551972924,0.01671939879484863,2308.333333333333,0.0821071752951862
48,Ellington,2020,2,656.3844044155697,676.6588665447898,0.010729879819836434,0.03516636965265304,2308.333333333333,0.1327239488117002
48,Ellington,2021,3,690.3889336039476,745.0289147967444,0.01664996492549028,0.054569000874645814,2308.333333333333,0.14707462277396816
48,Ellington,2022,4,717.85876802706,836.5756266534705,0.02280560386132233,0.07474364196107629,2308.333333333333,0.15721055937268036
48,Ellington,2023,5,757.5574935779612,919.2753523125666,0.024200275816780418,0.0793145738217628,2308.333333333333,0.1400044494564759
48,Ellington,2024,6,749.5109536947226,936.3603630112589,0.02499883597684915,0.0819317943545541,2308.333333333333,0.16028867448235276
48,Ellington,2025,7,821.6859385492736,1053.5708807136648,0.026124707794255325,0.08562175409102887,2308.333333333333,0.1805402046122319
49,Enfield,2019,1,734.7553576240749,748.0781021213367,0.006300527191626442,0.02068557878348172,4007.666666666667,0.3741732124438289
49,Enfield,2020,2,872.6675522659233,899.6225882490954,0.013783651452306733,0.0452538016849889,4007.666666666667,0.44046645819509567
49,Enfield,2021,3,876.4147321671142,945.7774958961348,0.021298907780639736,0.06992751899937472,4007.666666666667,0.46634830622295176
49,Enfield,2022,4,884.621545231636,1030.917022281771,0.028884537531001016,0.09483228284706707,4007.666666666667,0.46488123359071865
49,Enfield,2023,5,951.6982905484793,1154.8599132815345,0.03074482318082778,0.10093988054467154,4007.666666666667,0.44150459702815187
49,Enfield,2024,6,999.1709315552329,1248.259350406266,0.03182958965823361,0.10450133211016599,4007.666666666667,0.4495737004295403
49,Enfield,2025,7,1072.8775730527498,1375.650375050615,0.03351425851882793,0.11003235346441338,4007.666666666667,0.4770820220259549
50,Essex,2019,1,1971.9468941259838,2007.7026655674638,0.016909444617130308,0.05399924966539509,296.1666666666667,0.10579829623522946
50,Essex,2020,2,2187.938288369056,2255.5195283714074,0.03567101543989497,0.11391314807617538,296.1666666666667,0.18275607958732498
50,Essex,2021,3,2243.7508611059343,2421.3297574132157,0.054911179073878345,0.17535540257943677,296.1666666666667,0.19091776898949953
50,Essex,2022,4,2185.189570259182,2546.56823252355,0.07364917963885081,0.23519403085189988,296.1666666666667,0.18591968269707485
50,Essex,2023,5,2205.887255195542,2676.7840076457474,0.07565521823502229,0.24160018915253043,296.1666666666667,0.20707231602421156
50,Essex,2024,6,2358.804797041174,2946.8432784636484,0.07712039854688571,0.24627915048192747,296.1666666666667,0.2246227709190672
50,Essex,2025,7,2381.0630963272633,3053.0140845070423,0.07829785096390858,0.25003927084516697,296.1666666666667,0.22887323943661972
51,Fairfield,2019,1,2174.424913602067,2213.8520606814386,0.018645693634137723,0.0611186980403506,8235.0,0.09971928270266316
51,Fairfield,2020,2,2277.6808481408852,2348.034064621095,0.03817680690694581,0.12513971211124095,8235.0,0.15771411139639524
51,Fairfield,2021,3,2307.473175839917,2490.095296204181,0.05796338938977311,0.18999812841624195,8235.0,0.1606022844201306
51,Fairfield,2022,4,2276.4822536138486,2652.9585660932144,0.07748422471451186,0.2539854524127993,8235.0,0.15474957261154998
51,Fairfield,2023,5,2290.163513106668,2779.050947567268,0.07847668320526381,0.2572386309753171,8235.0,0.15001234075880174
51,Fairfield,2024,6,2306.5146055051314,2881.517398318394,0.07872393267466221,0.2580490897309587,8235.0,0.17125885407207186
51,Fairfield,2025,7,2338.2766760192785,2998.1530671625605,0.07898807268870024,0.2589149139837399,8235.0,0.1639499152871754
52,Farmington,2019,1,1896.2743909156081,1930.6580520141297,0.01626055290210134,0.05327462918020368,3829.333333333333,0.09104785368074339
52,Farmington,2020,2,2001.9830078346329,2063.8204439507836,0.03342755719428332,0.10951907506757393,3829.333333333333,0.1430196811791506
52,Farmington,2021,3,2005.783962185045,2164.5292615896788,0.05062715467002008,0.16587030636243538,3829.333333333333,0.1547405776656139
52,Farmington,2022,4,1971.4830998837654,2297.519767369919,0.06753262225152337,0.22125787663417895,3829.333333333333,0.1648208872115325
52,Farmington,2023,5,1941.7584029727193,2356.2708509000254,0.06792264765491308,0.22253572117375559,3829.333333333333,0.15739756327064314
52,Farmington,2024,6,1895.510937966762,2368.052529742323,0.0670096496557961,0.21954445573905199,3829.333333333333,0.14450796621486606
52,Farmington,2025,7,1812.5015764663078,2324.000926173817,0.06535225319825794,0.214114309408141,3829.333333333333,0.1743811639400013
53,Franklin,2019,1,-22.587642749137043,-22.99720681698579,-0.00019368903657385016,-0.0006670403222815276,108.0,0.1659717443225519
53,Franklin,2020,2,267.57173425949685,275.8365147091848,0.002100738584701336,0.007234675577696609,108.0,0.19761958230406468
53,Franklin,2021,3,546.1682615387207,589.3940754039497,0.006784131427395866,0.02336368280713176,108.0,0.21543985637342908
53,Franklin,2022,4,620.0391517589259,722.5789598670149,0.012100967153728655,0.041674186484291255,108.0,0.1947280930895274
53,Franklin,2023,5,617.0409109931818,748.762312633833,0.017585782002069037,0.060563188819209274,108.0,0.17558886509635974
53,Franklin,2024,6,671.9660879124039,839.4839420388103,0.021053463584642714,0.07250544162466285,108.0,0.18218795017371409
53,Franklin,2025,7,684.4247805220513,877.5737602008788,0.022239013234924773,0.07658832331375308,108.0,0.2589453860640301
54,Glastonbury,2019,1,1183.9515343119851,1205.419201917411,0.010152384406725272,0.033280545676511814,5097.666666666667,0.0827611777246635
54,Glastonbury,2020,2,1314.857940746526,1355.4713943045908,0.021427291248626735,0.07024083373472885,5097.666666666667,0.12433289343724842
54,Glastonbury,2021,3,1405.0645711161255,1516.2666747473115,0.0334757199459475,0.1097368048807543,5097.666666666667,0.13147882534359576
54,Glastonbury,2022,4,1417.3325972689197,1651.725880559199,0.04562934696752849,0.14957762680226008,5097.666666666667,0.13596648795639446
54,Glastonbury,2023,5,1462.6623736855754,1774.9008890844918,0.048019292415157025,0.15741211035289124,5097.666666666667,0.11289685680538426
54,Glastonbury,2024,6,1475.2673511985126,1843.044275333616,0.04939480310978281,0.16192117390555763,5097.666666666667,0.12987104033538627
54,Glastonbury,2025,7,1520.185385138497,1949.1912663080875,0.050381964090024656,0.16515718771047674,5097.666666666667,0.12744533543050543
55,Goshen,2019,1,1884.4947337297367,1918.6648035133746,0.01615954234173249,0.052953073214981536,1335.0,0.10836707922203843
55,Goshen,2020,2,2032.1320255692772,2094.900707330788,0.03358507446098904,0.11005465806234527,1335.0,0.20124892716564563
55,Goshen,2021,3,1973.9945472646598,2130.2239126083105,0.05051207770378349,0.16552261767844825,1335.0,0.2487917870113529
55,Goshen,2022,4,1908.2523219799916,2223.832114582704,0.06687534136476192,0.21914326363189923,1335.0,0.22360548739952862
55,Goshen,2023,5,1772.7536599893078,2151.18820573366,0.06591716165743776,0.21600341232162956,1335.0,0.22704568159113614
55,Goshen,2024,6,1833.519221757758,2290.60658234554,0.06421405686475397,0.21042252204190515,1335.0,0.26157208131911797
55,Goshen,2025,7,1625.6966707473405,2084.478500625867,0.06122740257361796,0.20063557882273175,1335.0,0.26387902161778143
56,Granby,2019,1,-223.7132725872147,-227.76969046889366,-0.001918341312435366,-0.006288544127033384,1547.3333333333335,0.05636793485399063
56,Granby,2020,2,-88.29020760399197,-91.01732369390261,-0.0026754298426395974,-0.008770367668755481,1547.3333333333335,0.09657618333105988
56,Granby,2021,3,34.556162083266315,37.291066938227495,-0.0023791107527755886,-0.007798999508036182,1547.3333333333335,0.1029731359586742
56,Granby,2022,4,121.51960432133772,141.61607221878043,-0.0013370801457201177,-0.004383102966732612,1547.3333333333335,0.09617370268755347
56,Granby,2023,5,199.41208165698342,241.981121135515,0.002291219766923881,0.0075108827170803204,1547.3333333333335,0.11480390565206298
56,Granby,2024,6,279.9365557710485,349.72336787043554,0.005448764262864852,0.01786167783736484,1547.3333333333335,0.127812919755972
56,Granby,2025,7,352.23220480558547,451.63434935729157,0.008172836329208738,0.026791500326917107,1547.3333333333335,0.13803925270031914
57,Greenwich,2019,1,2321.617691164224,2363.713769809667,0.01990787170173322,0.06525214845433372,7389.0,0.1490265961221545
57,Greenwich,2020,2,2380.097386385795,2453.614054361933,0.040317206789991414,0.13214794640732738,7389.0,0.20351674229129682
57,Greenwich,2021,3,2375.4574876961797,2563.460142626431,0.06068675474698615,0.19891333384559248,7389.0,0.20867734852746375
57,Greenwich,2022,4,2337.062005040909,2723.5567753369214,0.08072706144021195,0.2645995652523831,7389.0,0.22018942578417014
57,Greenwich,2023,5,2376.403203243129,2883.7004589318644,0.08119684720628856,0.266139384827727,7389.0,0.1790371382703819
57,Greenwich,2024,6,2396.9722057012523,2994.525635141662,0.08134154878191861,0.2666136740353356,7389.0,0.18802548015580284
57,Greenwich,2025,7,2393.2357832689668,3068.621980298061,0.08149399766645526,0.2671133566430257,7389.0,0.1977634015305063
58,Griswold,2019,1,610.0572831587849,621.1189749557659,0.00523124120308658,0.017112555899613694,1432.3333333333335,0.3883103157544739
58,Griswold,2020,2,1372.6446761130182,1415.0430516922002,0.017001669300755706,0.05561624956697927,1432.3333333333335,0.4821065461500866
58,Griswold,2021,3,1535.9547202011097,1657.5159633494836,0.030172481026480215,0.09870091019527605,1432.3333333333335,0.5033078849547327
58,Griswold,2022,4,1604.923496138254,1870.3398764673543,0.043934700005865746,0.14372019576148232,1432.3333333333335,0.5096530090870872
58,Griswold,2023,5,1655.0573812859507,2008.3669822778695,0.05289557584730618,0.17303321781362369,1432.3333333333335,0.48327303018548784
58,Griswold,2024,6,1677.363309672362,2095.521766298688,0.05550853813007755,0.181580799810249,1432.3333333333335,0.4992646733950629
58,Griswold,2025,7,2710.8619252723583,3475.884218178172,0.06558336741356352,0.21453781184612952,1432.3333333333335,0.531408231814308
59,Groton,2019,1,71.51162153986809,72.80828586830702,0.0006132121547043688,0.0020060643146493453,3571.666666666667,0.45131822531644517
59,Groton,2020,2,170.61156792274434,175.88143379613663,0.0020762063496419015,0.006792108466723007,3571.666666666667,0.5036764549352203
59,Groton,2021,3,256.9525035374293,277.28869271623995,0.004279574067475357,0.014000213062965077,3571.666666666667,0.5030467710180425
59,Groton,2022,4,339.1035919212144,395.1833042195829,0.007187387368199771,0.02351284331906006,3571.666666666667,0.5373116879905218
59,Groton,2023,5,410.8052497713895,498.50096384345557,0.010096830230285068,0.03303080452769654,3571.666666666667,0.4686039844882149
59,Groton,2024,6,481.947592565224,602.0947665970754,0.012766536641594328,0.04176449110130991,3571.666666666667,0.45925734505731647
59,Groton,2025,7,550.3748999274676,705.6941598185875,0.015282633690638904,0.04999565948823832,3571.666666666667,0.546102565385604
60,Guilford,2019,1,1514.4258198384039,1541.8857193116187,0.012986201405114313,0.042637475272691086,2739.333333333333,0.08648743733325515
60,Guilford,2020,2,1685.5866342004288,1737.6511898948074,0.02744010679338299,0.09009384949336316,2739.333333333333,0.12553592454661758
60,Guilford,2021,3,1787.5488764531792,1929.0222289890378,0.04276833840896901,0.14042089095032395,2739.333333333333,0.1348964677222899
60,Guilford,2022,4,1820.7382643121857,2121.845302001663,0.058381169025445996,0.19168235368141823,2739.333333333333,0.13061942278958485
60,Guilford,2023,5,1828.53756302532,2218.8804502847634,0.06107467722327382,0.20052592429910826,2739.333333333333,0.12324385448331285
60,Guilford,2024,6,1854.987133156487,2317.4263388965496,0.06252728650182202,0.205295262942708,2739.333333333333,0.12235905726467278
60,Guilford,2025,7,1901.9240416605012,2438.658973720025,0.06350805354347479,0.20851540632276308,2739.333333333333,0.13609614905403591
61,Haddam,2019,1,531.7684049234072,541.4105456944795,0.004559914072218217,0.014934974970187797,1618.0,0.09286336865942768
61,Haddam,2020,2,609.3057658903654,628.1260586830603,0.009784711014728099,0.03204762453437998,1618.0,0.15534237293737554
61,Haddam,2021,3,669.6538837402193,722.6528149690898,0.015526993067800476,0.050855180417264265,1618.0,0.15207114284769743
61,Haddam,2022,4,628.2640200610653,732.164026819551,0.020914357039824114,0.06850028179487068,1618.0,0.17844365332461729
61,Haddam,2023,5,565.3973812514058,686.0942981260338,0.021202725511836704,0.06944476799427932,1618.0,0.15540651071486997
61,Haddam,2024,6,350.15915466577337,437.4521166879481,0.018980543320585828,0.062166509044679366,1618.0,0.1705494191497531
61,Haddam,2025,7,8.334819928569805,10.68695855771482,0.013309732348400929,0.04359304064398037,1618.0,0.16764223835167408
62,Hamden,2019,1,8.1046080694273,8.251562591689757,6.94970141953391e-05,0.00022810450712370587,4710.333333333333,0.4082325307720734
62,Hamden,2020,2,-84.94125556019216,-87.56492890995261,-0.0006588742522333088,-0.0021625704111509687,4710.333333333333,0.466824644549763
62,Hamden,2021,3,-174.4170946257994,-188.22112059751788,-0.0021545008386495384,-0.007071546275591273,4710.333333333333,0.47561266959222426
62,Hamden,2022,4,-248.35479404877162,-289.42680192479423,-0.004284143197617755,-0.014061501545853675,4710.333333333333,0.435263053073182
62,Hamden,2023,5,52.91699328457089,64.2133277769359,-0.0038998769943978983,-0.012800255233265449,4710.333333333333,0.4071008233570743
62,Hamden,2024,6,313.72505916540007,391.9351796498115,-0.0004813133456259457,-0.0015797764083428987,4710.333333333333,0.42422866788362
62,Hamden,2025,7,-191.14145188012523,-245.08277232269566,-0.0006247247090817897,-0.0020504840891806156,4710.333333333333,0.47852001620047774
64,Hartford,2019,1,5959.684135412875,6067.7464287961275,0.05110429146116539,0.16751383099998948,13911.66666666667,0.8444862582601388
64,Hartford,2020,2,6510.794607952154,6711.900633357478,0.10693435522435508,0.3505181854004902,13911.66666666667,0.8812375468555277
64,Hartford,2021,3,6333.715961669255,6834.990104665087,0.16124596959566895,0.5285452420527966,13911.66666666667,0.8912815836544098
64,Hartford,2022,4,6065.858444056019,7069.007937277326,0.21326070575344924,0.6990434032270824,13911.66666666667,0.9083825341121616
64,Hartford,2023,5,5972.02322304935,7246.887264567129,0.21336651342993204,0.6993902282926509,13911.66666666667,0.8675454840710111
64,Hartford,2024,6,5816.043609655149,7265.954791961773,0.2074090236195352,0.6798622803894628,13911.66666666667,0.8840308064665205
64,Hartford,2025,7,5836.904973234378,7484.116284318945,0.20314886939370616,0.6658979980441784,13911.66666666667,0.8619511073152452
65,Hartland,2019,1,21.602189596063837,21.99388521227602,0.0001852387757862474,0.0006469500272223461,21.0,0.08127249506559851
65,Hartland,2020,2,311.90043186625877,321.53444122330654,0.002859784979039416,0.009987854660487159,21.0,0.23273855702094648
65,Hartland,2021,3,625.0655080657721,674.5355472604797,0.00821972171070341,0.028707537943545858,21.0,0.22739949371433477
65,Hartland,2022,4,674.469124659254,786.0103626943005,0.014003294454656515,0.04890677823900388,21.0,0.20028736883354378
65,Hartland,2023,5,744.0498440281922,902.8841880721714,0.020198283091412014,0.07054289654187947,21.0,0.19998222380232866
65,Hartland,2024,6,916.8410594183587,1145.4050444341708,0.025385648972671277,0.0886598727734947,21.0,0.19006523860892793
65,Hartland,2025,7,1044.6757134652312,1339.4897732325478,0.028983806483971634,0.10122650786382917,21.0,0.1611827478879502
66,Harwinton,2019,1,-146.24714412250032,-148.89892925666894,-0.0012540692608504402,-0.004112200485897459,1931.0,0.0866497493346537
66,Harwinton,2020,2,14.486410647421685,14.933868237948975,-0.0011298482895487991,-0.003704869284589765,1931.0,0.16548611546417602
66,Harwinton,2021,3,201.71275715105457,217.67706468933775,0.0005998386030214937,0.0019669221404344846,1931.0,0.17770391204295574
66,Harwinton,2022,4,279.7274818851811,325.9877901797411,0.0029985017601869214,0.009832344018099307,1931.0,0.17030865167950532
66,Harwinton,2023,5,339.92856715271097,412.49404299933286,0.0071674584843718575,0.023502710083250247,1931.0,0.19334722165488885
66,Harwinton,2024,6,353.0937201005434,441.1182549107935,0.010071016162932376,0.03302372432811804,1931.0,0.19383813150961682
66,Harwinton,2025,7,434.85651327570565,557.5757575757576,0.012070223871701258,0.03957929758715337,1931.0,0.21815929851229432
67,Hebron,2019,1,-154.0750802477886,-156.86880322814775,-0.0013211938131247871,-0.004209909972271519,709.5,0.08722923977386986
67,Hebron,2020,2,65.41201281678168,67.4324651123092,-0.0007602858032208841,-0.002422608063222706,709.5,0.15150006401411156
67,Hebron,2021,3,285.7405472208134,308.35513063347463,0.0016899393891975905,0.005384897065397786,709.5,0.14431315955623703
67,Hebron,2022,4,369.5093473815061,430.6174523570712,0.004858482042994005,0.015481280490200644,709.5,0.15245737211634905
67,Hebron,2023,5,438.96124141079844,532.6674916033234,0.009943768501216388,0.03168526052678115,709.5,0.16632651421408715
67,Hebron,2024,6,499.92428039433963,624.55295464414,0.013669711195693948,0.04355776791348638,709.5,0.1610547507204042
67,Hebron,2025,7,572.8460026115163,734.5067490753047,0.016131640475669222,0.05140256746055801,709.5,0.1785342577618369
68,Kent,2019,1,2009.3841722303937,2045.8187645687647,0.01723046927687562,0.056835551268458795,141.0,0.17846736596736595
68,Kent,2020,2,2189.2667850651483,2256.889059796193,0.03600343195880927,0.11875909297964402,141.0,0.29225149009805806
68,Kent,2021,3,2341.586454769832,2526.908428547773,0.056082535808460586,0.18499100564165938,141.0,0.2690842854777281
68,Kent,2022,4,2301.1418668234637,2681.6962959820103,0.07581482731647177,0.25007894071913644,141.0,0.2673002673002673
68,Kent,2023,5,2302.687972378853,2794.2490372272146,0.07832990740274481,0.2583750562160889,141.0,0.2738553701326487
68,Kent,2024,6,2759.934673983685,3447.972868814552,0.08322338455022125,0.2745164315220818,141.0,0.30830892554339445
68,Kent,2025,7,2688.433072924381,3447.125802568218,0.08619759430089653,0.2843270088227545,141.0,0.2959470304975923
69,Killingly,2019,1,66.51861967285531,67.72474980177013,0.0005703971636947344,0.0018693818729331128,2000.4999999999998,0.40588903413839655
69,Killingly,2020,2,166.07224012606835,171.20189482307268,0.001994466622775771,0.006536532767162442,2000.4999999999998,0.5079871066550318
69,Killingly,2021,3,253.23095636372986,273.2726082785702,0.004165922073594754,0.01365311699305326,2000.4999999999998,0.5168503061654458
69,Killingly,2022,4,334.79948990289023,390.1674055448951,0.007036827699512039,0.023062032881112755,2000.4999999999998,0.4849183767995387
69,Killingly,2023,5,527.0645267839024,639.578424948767,0.010986008852989266,0.03600481754262696,2000.4999999999998,0.4814282992476521
69,Killingly,2024,6,1095.6200681194873,1368.7527842650215,0.01895688147803284,0.062128027378028146,2000.4999999999998,0.5183795240088017
69,Killingly,2025,7,1155.392924227767,1481.4520775397066,0.026692920352466957,0.08748160863796686,2000.4999999999998,0.5108220787645908
70,Killingworth,2019,1,156.3510951839612,159.18608736385994,0.0013407106412024672,0.004391196753162205,1618.0,0.04333060077292423
70,Killingworth,2020,2,335.54576031067256,345.91012875738534,0.004218015535866484,0.013815163061040798,1618.0,0.08356283689946567
70,Killingworth,2021,3,558.6978403126855,602.9152922463135,0.00900884951654776,0.02950646435632888,1618.0,0.0899620594792631
70,Killingworth,2022,4,627.7233806698404,731.5339784623364,0.01439157750579164,0.04713638161298886,1618.0,0.09554096660160782
70,Killingworth,2023,5,643.1057037034594,780.3912275410402,0.01856549827384634,0.06080712216010609,1618.0,0.07037499820471943
70,Killingworth,2024,6,627.526884462488,783.9662628519059,0.021069236413448152,0.06900755441708223,1618.0,0.08878196866855687
70,Killingworth,2025,7,432.62595662703745,554.7157238054729,0.019988170010843728,0.06546676408456749,1618.0,0.10775556500779811
71,Lebanon,2019,1,-115.08159300633726,-117.1682775661057,-0.000986824660029342,-0.0032451066992250687,759.6666666666666,0.19829116618045534
71,Lebanon,2020,2,140.72446554750326,145.07117584135605,0.00021988763204049838,0.0007230857281071,759.6666666666666,0.265366576154036
71,Lebanon,2021,3,408.6053322635334,440.94389764813394,0.003723678356200297,0.012245066493479888,759.6666666666666,0.3025178306950557
71,Lebanon,2022,4,489.77466805213083,570.771812080537,0.00792349613474732,0.02605588553835687,759.6666666666666,0.28859060402684567
71,Lebanon,2023,5,565.7486938900671,686.5206064292518,0.013761615844883987,0.04525415058949482,759.6666666666666,0.3075757749647091
71,Lebanon,2024,6,633.8399776052054,791.8531791907515,0.01799008136077878,0.05915917579697635,759.6666666666666,0.28901734104046245
71,Lebanon,2025,7,702.9929698123659,901.3820093457944,0.020514455352760023,0.06746041033694446,759.6666666666666,0.29906542056074764
72,Ledyard,2019,1,293.65474562401545,298.97935755880695,0.0025180894437259326,0.00825473850656089,2114.0,0.21205986099225646
72,Ledyard,2020,2,426.92796892005913,440.11495946941784,0.0061789967772154395,0.02025583434134257,2114.0,0.2779239919991578
72,Ledyard,2021,3,545.1973688912321,588.3463426545752,0.010854064215457754,0.035581524737044054,2114.0,0.2572393294094863
72,Ledyard,2022,4,667.2111977948978,777.5521464194733,0.016575400236549003,0.05433706691206462,2114.0,0.28708010224534575
72,Ledyard,2023,5,1013.9545788944552,1230.4062208398134,0.022751971306843016,0.07458494936099933,2114.0,0.20902021772939347
72,Ledyard,2024,6,1520.390054474748,1899.415847505454,0.03212840869047448,0.10532255438049912,2114.0,0.24006266899148407
72,Ledyard,2025,7,1787.1220229229255,2291.4591029243766,0.04277791259879625,0.140233494580351,2114.0,0.32145626777182024
73,Lisbon,2019,1,-51.61496076706221,-52.55085450012646,-0.00044259828857755844,-0.0014553966828329073,522.6666666666666,0.2167865014271778
73,Lisbon,2020,2,265.99542156014735,274.21151271753683,0.001838312451300705,0.006044925867725404,522.6666666666666,0.35519857206604194
73,Lisbon,2021,3,535.8651498135943,578.2755366007132,0.0064333561109522755,0.021154815517823725,522.6666666666666,0.35307278193386005
73,Lisbon,2022,4,574.7242179143825,669.770007930761,0.011361616279568106,0.03736042156431918,522.6666666666666,0.34998793145063967
73,Lisbon,2023,5,654.9448336196133,794.7576887232059,0.01742036651643385,0.05728341996810153,522.6666666666666,0.33694171625206104
73,Lisbon,2024,6,698.297188801533,872.3792573981016,0.021127354170528728,0.0694731135894017,522.6666666666666,0.3454773869346734
73,Lisbon,2025,7,764.9066690535274,980.7681440932369,0.023091385198011155,0.07593144005868248,522.6666666666666,0.365530637471305
74,Litchfield,2019,1,655.8224531115281,667.7139689578714,0.005623677535431354,0.018428183297127754,1335.0,0.1130820399113082
74,Litchfield,2020,2,807.2211198017771,832.1546403321737,0.012545598637731593,0.04111057040730214,1335.0,0.23341936931881943
74,Litchfield,2021,3,871.906282594814,940.9122306394447,0.020022195010982118,0.06561056841338146,1335.0,0.24798722695926895
74,Litchfield,2022,4,958.1984291775946,1116.6617823039537,0.028238746541179995,0.09253531947081702,1335.0,0.18560578308545192
74,Litchfield,2023,5,978.4661418930461,1187.3419706620343,0.03100541617248151,0.10160139674267299,1335.0,0.18215595444894808
74,Litchfield,2024,6,1053.8417394205794,1316.5593228703979,0.033120187985712736,0.10853127534262635,1335.0,0.18507551080840984
74,Litchfield,2025,7,1105.354006043613,1417.291861783408,0.03512200221428619,0.11509100414971568,1335.0,0.2587864149455316
75,Lyme,2019,1,1891.730000690643,1926.031261913839,0.01622158475592226,0.05314913982360309,1064.3333333333335,0.09531071292413267
75,Lyme,2020,2,2072.319282266176,2136.3292717255804,0.03399172260135471,0.11137202958699559,1064.3333333333335,0.17694132786423775
75,Lyme,2021,3,2077.8749539702685,2242.3258060620697,0.051809500331649765,0.16975100884101682,1064.3333333333335,0.1650364287726925
75,Lyme,2022,4,1982.1315562473076,2309.9292265170234,0.0688062784264704,0.22544002746064165,1064.3333333333335,0.2135767829473596
75,Lyme,2023,5,1893.8007945611128,2298.0756013745704,0.06882403548390971,0.225498207493166,1064.3333333333335,0.12457044673539518
75,Lyme,2024,6,1776.8486983401165,2219.8083750374267,0.06629037522674375,0.2171968075190077,1064.3333333333335,0.11976560160828094
75,Lyme,2025,7,1556.2665353247605,1995.4547441108343,0.06181758303685852,0.20254194727698727,1064.3333333333335,0.1311131506490101
76,Madison,2019,1,1960.1761560057932,1995.718497854835,0.01680851053774968,0.05506808465882058,2104.0,0.044139197372834976
76,Madison,2020,2,2107.5318139547157,2172.6294513463235,0.034880595842411356,0.1142758961590401,2104.0,0.04057062029188917
76,Madison,2021,3,2197.716025896515,2371.65155191261,0.05372601076447397,0.1760172921041494,2104.0,0.03770753427005451
76,Madison,2022,4,2244.7935619353607,2616.0293144360685,0.07297511555806967,0.2390812578255376,2104.0,0.03632019887326672
76,Madison,2023,5,2268.3499878633666,2752.5808297567955,0.07561770616624837,0.2477389198475808,2104.0,0.035152258328223995
76,Madison,2024,6,2253.6974516378637,2815.533186714036,0.07687107650938138,0.25184521493003276,2104.0,0.037460424873722115
76,Madison,2025,7,2316.0039894725905,2969.594888325664,0.0778853957970462,0.25516833034104763,2104.0,0.03814070228106006
77,Manchester,2019,1,2409.526731721716,2453.216796275794,0.02066169172451371,0.06754555751619327,5193.666666666667,0.5368885806133202
77,Manchester,2020,2,2843.7864486494955,2931.625587222675,0.04504716052168314,0.14726459055376076,5193.666666666667,0.5889915188959212
77,Manchester,2021,3,2838.3980375192623,3063.039551655544,0.0693864236934108,0.22683257183949398,5193.666666666667,0.6107490792366225
77,Manchester,2022,4,2634.7770155036005,3070.5068058094644,0.09197963660135416,0.3006925046221764,5193.666666666667,0.5802427872222095
77,Manchester,2023,5,2872.856074390244,3486.13247485038,0.09595268571473681,0.31368088045222786,5193.666666666667,0.5746583391335941
77,Manchester,2024,6,2687.821048971847,3357.881670332021,0.09461528241250097,0.3093087480596833,5193.666666666667,0.5316880460430885
77,Manchester,2025,7,2754.08837980875,3531.30945017915,0.09389232709763332,0.30694532010551945,5193.666666666667,0.57917270943525
78,Mansfield,2019,1,-498.9635083273442,-508.0108235540045,-0.004278612083906976,-0.014056944280929797,1253.1666666666667,0.2136838988020927
78,Mansfield,2020,2,-338.513983479765,-348.9700346779691,-0.007181369492245959,-0.02359365813810602,1253.1666666666667,0.266160822786686
78,Mansfield,2021,3,-174.24972800973762,-188.0405079569201,-0.008675560909929459,-0.02850267187702882,1253.1666666666667,0.2875564843094179
78,Mansfield,2022,4,-83.74803567948074,-97.59797964453895,-0.009393700315881008,-0.030862045762165634,1253.1666666666667,0.2936857562408223
78,Mansfield,2023,5,3.1877297797405615,3.86822312654834,-0.005087753449112755,-0.016715295835835656,1253.1666666666667,0.2776663291364959
78,Mansfield,2024,6,33.523402668241516,41.880622740828464,-0.0018975328628936003,-0.006234150982103492,1253.1666666666667,0.27342563256803093
78,Mansfield,2025,7,-1030.3407908670758,-1321.1094452773614,-0.009238513726895277,-0.030352196027779794,1253.1666666666667,0.3030399693770136
79,Marlborough,2019,1,301.75359511294147,307.225057154157,0.002587537078093473,0.00824433101518149,482.0,0.10803823781917099
79,Marlborough,2020,2,449.989706001996,463.88902961709545,0.006446198807060589,0.020538680278248646,482.0,0.14995997689805762
79,Marlborough,2021,3,570.6305532705929,615.7924050632911,0.011339355801355921,0.03612910652247654,482.0,0.1559493670886076
79,Marlborough,2022,4,646.6953795504137,753.6434971577831,0.016884768681000722,0.053797730397550904,482.0,0.1466605290484194
79,Marlborough,2023,5,719.0663355767051,872.5673821156063,0.020463225430477492,0.06519929917736304,482.0,0.14711533183290332
79,Marlborough,2024,6,738.8227289256413,923.0076161629463,0.02293996860204775,0.0730906220569025,482.0,0.13608129760101842
79,Marlborough,2025,7,815.9996876143634,1046.2799339852477,0.02504400892904558,0.07979445060178343,482.0,0.17177307990254964
80,Meriden,2019,1,4979.570289792493,5069.8609450271615,0.04269981523497061,0.1400998730106049,7872.333333333334,0.7263657794936622
80,Meriden,2020,2,4901.522054285284,5052.920720366673,0.08473036685046692,0.2780038641987007,7872.333333333334,0.7537711405500999
80,Meriden,2021,3,4745.926169517342,5121.536646485953,0.1254266837540781,0.4115301757019356,7872.333333333334,0.7599329221219578
80,Meriden,2022,4,4860.817511900505,5664.681741287922,0.16710819391862494,0.5482889473455355,7872.333333333334,0.7538062478854178
80,Meriden,2023,5,5112.296065410806,6203.631812102225,0.16824631744455196,0.5520231780576667,7872.333333333334,0.7449439412572598
80,Meriden,2024,6,5194.460439682009,6489.413982506438,0.1707582640993289,0.5602649797002985,7872.333333333334,0.765160993508643
80,Meriden,2025,7,5294.0024122130335,6788.003204464089,0.17545801788044443,0.5756850676864439,7872.333333333334,0.7751877858061743
81,Middlebury,2019,1,1443.4844209207033,1469.6579954665096,0.01237787890939503,0.04056376837215344,3198.3333333333335,0.06974600828649004
81,Middlebury,2020,2,1528.7036651565134,1575.922405208102,0.02548651283811213,0.08352230708885033,3198.3333333333335,0.1407372657465248
81,Middlebury,2021,3,1622.7825926646544,1751.2157207571463,0.03940187357021154,0.12912458464251145,3198.3333333333335,0.14916819106089987
81,Middlebury,2022,4,1547.8323068347427,1803.8071549973054,0.05267453560131945,0.1726206627874584,3198.3333333333335,0.16996227666542302
81,Middlebury,2023,5,1403.84994593534,1703.5336124107364,0.05233466997831997,0.17150688307528617,3198.3333333333335,0.14446359681523435
81,Middlebury,2024,6,1333.6853024786672,1666.1665154000516,0.05066238751835744,0.16602661631429463,3198.3333333333335,0.16736471352323537
81,Middlebury,2025,7,911.0567656338892,1168.1627175508493,0.04455933855156862,0.14602620538243238,3198.3333333333335,0.19542881107150345
82,Middlefield,2019,1,-104.89003340122481,-106.79192237802997,-0.0008994320364155027,-0.0029456306992771265,1230.6666666666667,0.10457023348304591
82,Middlefield,2020,2,78.63352045643556,81.06235990151765,-0.0002251495985015677,-0.0007373626271076707,1230.6666666666667,0.1892477859846397
82,Middlefield,2021,3,276.19032858972605,298.0490717202064,0.0021431824691553326,0.0070189006169445916,1230.6666666666667,0.18295971034589015
82,Middlefield,2022,4,342.39153729020074,399.01499797324686,0.005079189901418805,0.01663429486090264,1230.6666666666667,0.1986218078638022
82,Middlefield,2023,5,344.98464035778284,418.6294499041716,0.008936865228902293,0.029268142013785147,1230.6666666666667,0.18554010520735637
82,Middlefield,2024,6,307.18884020104827,383.76951331496787,0.010896727095712344,0.03568666953724925,1230.6666666666667,0.1961766424576342
82,Middlefield,2025,7,151.87522052411032,194.73536340256317,0.009830725044049691,0.03219552374552949,1230.6666666666667,0.21395690605346762
83,Middletown,2019,1,-10.597883104020982,-10.790046233342398,-9.087684761697992e-05,-0.0002977317437755306,3933.0,0.4540921864827222
83,Middletown,2020,2,-76.39571417110028,-78.75543204888226,-0.0007459700966341646,-0.0024439555673341027,3933.0,0.4428099050886032
83,Middletown,2021,3,-91.47768531258829,-98.71757396339302,-0.0015303912481896094,-0.005013884910518924,3933.0,0.49879034013520823
83,Middletown,2022,4,-135.046647882277,-157.38016879012022,-0.0026884162537801344,-0.008807819375579692,3933.0,0.4657477706452909
83,Middletown,2023,5,-151.5734595305234,-183.93025822114325,-0.003897281821637392,-0.012768318258917822,3933.0,0.38026925623482677
83,Middletown,2024,6,-244.18450000530365,-305.05849973183484,-0.005336070660165687,-0.017482094331182897,3933.0,0.5016785152258215
83,Middletown,2025,7,-426.4901774660202,-546.8483891569686,-0.008208802780381365,-0.02689377140823835,3933.0,0.4814345018450185
84,Milford,2019,1,487.28725256304284,496.1228513719617,0.004178488190728092,0.013708193369718624,4493.0,0.1848060566921777
84,Milford,2020,2,625.2037534414197,644.5151047424617,0.009539610376488266,0.03129620516885771,4493.0,0.23558665315075072
84,Milford,2021,3,731.4822555634474,789.3745170720591,0.015812070717944826,0.05187400635909997,4493.0,0.2891336317249385
84,Milford,2022,4,788.8440916844405,919.3002436210716,0.022576408804138907,0.07406549052063433,4493.0,0.2858216959122522
84,Milford,2023,5,846.4728696221061,1027.1717355335109,0.02565642547042037,0.0841699737969136,4493.0,0.27285812861244874
84,Milford,2024,6,907.812235307431,1134.1253786996037,0.02807979320242142,0.09212021607590838,4493.0,0.27723141458867395
84,Milford,2025,7,972.3103120199353,1246.7024001535738,0.0301448937865358,0.09889510614207514,4493.0,0.296608016320969
85,Monroe,2019,1,951.0529113789695,968.297610325638,0.008155278715074663,0.02671462971523228,3037.0,0.07887640099141088
85,Monroe,2020,2,1132.0619985838987,1167.0292341912932,0.017862710352931594,0.05851371969751802,3037.0,0.1013663806800127
85,Monroe,2021,3,1647.7428395979775,1778.1514156685894,0.03199210520248426,0.10479804236675908,3037.0,0.12674826542651574
85,Monroe,2022,4,1910.535939918439,2226.4933889071012,0.04837495088728486,0.1584640998299138,3037.0,0.10927426278899141
85,Monroe,2023,5,2772.0371075107337,3363.7914088802986,0.06398989036911475,0.20961469085898166,3037.0,0.10067485010799394
85,Monroe,2024,6,2827.959141818332,3532.9555032661374,0.07853220837235002,0.257251645306593,3037.0,0.11589520264100582
85,Monroe,2025,7,3155.179859463695,4045.5914691861813,0.09145848081769851,0.29959484337993253,3037.0,0.13097052591243277
86,Montville,2019,1,642.9566902229052,654.6149212487311,0.0055133536186614115,0.018116441327878152,1896.6666666666667,0.36900835323703735
86,Montville,2020,2,736.2462995992786,758.9875433256506,0.011826665637725223,0.03886148231179505,1896.6666666666667,0.42621883632141033
86,Montville,2021,3,766.8207886218801,827.5098747719503,0.018402153900157845,0.060468013571698925,1896.6666666666667,0.4521139982641656
86,Montville,2022,4,832.5770909696172,970.2656464439474,0.025541502455222315,0.0839273448903564,1896.6666666666667,0.45496418567050817
86,Montville,2023,5,869.613287216888,1055.252001014924,0.027485082774445713,0.090313795180802,1896.6666666666667,0.42765206560099644
86,Montville,2024,6,923.649178060932,1153.9103937051302,0.029092062457254392,0.09559420256119489,1896.6666666666667,0.43065807495380887
86,Montville,2025,7,1242.997938268377,1593.7797777808173,0.0331752815154731,0.10901133551031508,1896.6666666666667,0.4595751665276087
87,Morris,2019,1,1733.9450803155066,1765.3853509275198,0.014868579063705466,0.04872272612138381,1335.0,0.11856951615987761
87,Morris,2020,2,1891.6263566245339,1950.055086301873,0.031089275071760847,0.10187619328946618,1335.0,0.15913820541069898
87,Morris,2021,3,2039.6663956825407,2201.093278523637,0.048579414414738634,0.15918948902415447,1335.0,0.24926750338916343
87,Morris,2022,4,2002.9070181007983,2334.1404582985433,0.06575434209495296,0.2154698702180997,1335.0,0.3015121996474626
87,Morris,2023,5,1824.6662469509433,2214.1827138378862,0.06653227609885184,0.21801907584495064,1335.0,0.2463054187192118
87,Morris,2024,6,1763.868257233659,2203.5919735471302,0.0654367503965751,0.21442915655795833,1335.0,0.24459845087647777
87,Morris,2025,7,1699.0361719993973,2178.5148706064115,0.06251584622849213,0.2048576693836589,1335.0,0.29451525685592894
88,Naugatuck,2019,1,1445.6011838170236,1471.8131399696279,0.012396030151230978,0.04061746163843044,3708.3333333333335,0.4762306510483735
88,Naugatuck,2020,2,1960.5735228130695,2021.131898929908,0.029207948109353045,0.09570424542337085,3708.3333333333335,0.5291156366958936
88,Naugatuck,2021,3,2896.7136560935314,3125.9704879834035,0.054047267710355076,0.1770940209167956,3708.3333333333335,0.6180459008441286
88,Naugatuck,2022,4,2690.9902829938223,3136.016417966349,0.0771225093870271,0.25270352913557514,3708.3333333333335,0.5644502118340666
88,Naugatuck,2023,5,2693.26541042407,3268.2041033550195,0.08782123013018253,0.28775950060901034,3708.3333333333335,0.5389319112424107
88,Naugatuck,2024,6,3189.0523214529476,3984.06744378792,0.09835543582851948,0.32227641373551213,3708.3333333333335,0.5461122164232006
88,Naugatuck,2025,7,3152.317062382749,4041.9207727553753,0.10054723503744953,0.32945817428318364,3708.3333333333335,0.5803420442085354
89,New Britain,2019,1,6401.581827685128,6517.6567064643,0.05489356417239997,0.17968526031121487,8732.0,0.7706014454575211
89,New Britain,2020,2,6045.225236913852,6231.950712570977,0.10673137057893625,0.3493679886701813,8732.0,0.7487502688413136
89,New Britain,2021,3,5597.5805504811415,6040.594163701818,0.15473062379931207,0.5064858300725,8732.0,0.7329827305757383
89,New Britain,2022,4,5106.628272047796,5951.143786285377,0.19851996123212193,0.6498231887245765,8732.0,0.7369034735744684
89,New Britain,2023,5,5267.707291671557,6392.219095556346,0.1887969870858055,0.617996595446844,8732.0,0.7370678341668795
89,New Britain,2024,6,5216.826143906729,6517.355347237169,0.18169346486326943,0.5947443570665086,8732.0,0.7486982110462602
89,New Britain,2025,7,4851.486021329894,6220.605903621726,0.17529570427579746,0.5738023159748001,8732.0,0.7380414225748421
90,New Canaan,2019,1,2123.9870812969098,2162.4996785933845,0.018213189222120996,0.059723427518588404,3768.666666666667,0.0009350010635637098
90,New Canaan,2020,2,2237.53356454026,2306.646708015267,0.03740003953805372,0.12263961699966205,3768.666666666667,0.002385496183206107
90,New Canaan,2021,3,2205.067580851272,2379.5849366229063,0.056308494043853366,0.1846429102391611,3768.666666666667,0.0016504451486343747
90,New Canaan,2022,4,2132.534093825666,2485.204785901351,0.07459497389840847,0.24460666731895855,3768.666666666667,0.0011818207603362042
90,New Canaan,2023,5,2177.6299669123573,2642.494559172027,0.07505496164256094,0.24611502724221468,3768.666666666667,0.0007254437297480292
90,New Canaan,2024,6,2169.0291201171426,2709.75745488852,0.07446753603163268,0.24418878190050233,3768.666666666667,0.0011942152214672126
90,New Canaan,2025,7,2205.431350940853,2827.8179554425283,0.07447065536015084,0.24419901058634033,3768.666666666667,0.0012041258166983352
91,New Fairfield,2019,1,1098.599736393398,1118.5197865718096,0.009420492739573388,0.03092321589377258,1857.0,0.07914628723877279
91,New Fairfield,2020,2,1287.963747891316,1327.7464911356212,0.02046478187774142,0.06717662076909801,1857.0,0.15167275343325712
91,New Fairfield,2021,3,1451.602865664034,1566.4881852551985,0.03291227645081051,0.10803611428610159,1857.0,0.13799621928166353
91,New Fairfield,2022,4,1472.6839581494542,1716.2310471423423,0.04554054139194207,0.14948899514210395,1857.0,0.13487325808996092
91,New Fairfield,2023,5,1479.8674855766467,1795.7788230094025,0.048809912341188436,0.1602208609261173,1857.0,0.14653528137176242
91,New Fairfield,2024,6,1508.4434697000397,1884.4910376661214,0.050700525955698246,0.1664268901211294,1857.0,0.16498896099870775
91,New Fairfield,2025,7,1551.9077697231971,1989.8659074297889,0.051560640508005566,0.16925025708607008,1857.0,0.16146522526309756
92,New Hartford,2019,1,-35.281221487368875,-35.92094829514263,-0.000302536474254188,-0.00096466023815546,475.5,0.09962792021633492
92,New Hartford,2020,2,113.33343178609623,116.83408529837405,0.0006692977033115872,0.0021341059238067063,475.5,0.1585511194347493
92,New Hartford,2021,3,257.50956263752306,277.8898395721925,0.0028774422029283473,0.00917494026992352,475.5,0.1679144385026738
92,New Hartford,2022,4,340.9002023097466,397.27703146591756,0.005800661437734425,0.01849584403923032,475.5,0.178963822123553
92,New Hartford,2023,5,423.45531266492947,513.8514700714536,0.009734327218090385,0.031038632401713638,475.5,0.18507672484479323
92,New Hartford,2024,6,492.16548972163264,614.8599354627507,0.01298281211488761,0.041396670128946274,475.5,0.19407940887621006
92,New Hartford,2025,7,555.7278210644464,712.5577089826814,0.015540033680898475,0.04955056288176424,475.5,0.21091607883574326
93,New Haven,2019,1,2542.655548647098,2588.759533963666,0.02180327132964886,0.07157340705212546,15705.333333333332,0.5893746964398625
93,New Haven,2020,2,4177.259388732635,4306.2869626832935,0.057623270588031204,0.1891594036103915,15705.333333333332,0.7391208737508247
93,New Haven,2021,3,4034.056782926366,4353.327234726828,0.09221530750162481,0.30271437897833126,15705.333333333332,0.6947656449249364
93,New Haven,2022,4,3810.87138321487,4441.099360352985,0.12489352961269229,0.40998689132443467,15705.333333333332,0.7384939850980283
93,New Haven,2023,5,3825.235195123893,4641.818556988593,0.13589165008123083,0.44609032466714565,15705.333333333332,0.7071702444344352
93,New Haven,2024,6,3825.367957543903,4779.013450998037,0.13287418105878743,0.4361849056433117,15705.333333333332,0.7736619904612109
93,New Haven,2025,7,3888.681534682519,4986.091932574485,0.13162758830509647,0.432092726573521,15705.333333333332,0.7869255376723816
94,Newington,2019,1,485.28626358648,494.08558002658054,0.004161329710254067,0.013650011246321753,3401.6666666666665,0.20979684830074044
94,Newington,2020,2,594.4626615389296,612.8244791530115,0.009258847032950388,0.030370909042924502,3401.6666666666665,0.290782897198712
94,Newington,2021,3,684.4138196296404,738.5809077917266,0.01512769553627455,0.049621930627667524,3401.6666666666665,0.3158938134855141
94,Newington,2022,4,1186.5712558404282,1382.8020721288774,0.025302544055106225,0.0829975116034881,3401.6666666666665,0.32219378608607496
94,Newington,2023,5,1204.706498125806,1461.8784711207786,0.031471572566280935,0.1032331849145734,3401.6666666666665,0.31797102762798146
94,Newington,2024,6,1657.0163851174018,2070.1024531205044,0.04058297074596634,0.1331204316078492,3401.6666666666665,0.32424723851937104
94,Newington,2025,7,1431.717876929064,1835.7576706166283,0.046991103037308905,0.1541404141459315,3401.6666666666665,0.3473677301437436
95,New London,2019,1,7388.269641328656,7522.23535887931,0.06335441217439321,0.2067650148771309,2584.6666666666665,0.8373714995403676
95,New London,2020,2,7246.833411631335,7470.67427160988,0.1254960086791319,0.40957185476103386,2584.6666666666665,0.8533324438662909
95,New London,2021,3,6899.274815120866,7445.309416478481,0.18465729021879335,0.6026520655603439,2584.6666666666665,0.8474745202343085
95,New London,2022,4,6554.180776823977,7638.087232174007,0.24085939038005894,0.7860746193673692,2584.6666666666665,0.8451331159847455
95,New London,2023,5,6265.166788450796,7602.608984234659,0.23122878341663128,0.7546439340571239,2584.6666666666665,0.8570767441435626
95,New London,2024,6,6284.070932913438,7850.659034301392,0.2229730951616253,0.7277004671969388,2584.6666666666665,0.8768159002693032
95,New London,2025,7,6225.3328875312745,7982.161000140757,0.21719404313254453,0.7088398111233031,2584.6666666666665,0.8598958399979526
96,New Milford,2019,1,393.4126728128627,400.546117254587,0.0033735136693702978,0.011065831190446036,3038.9999999999995,0.24019274726632484
96,New Milford,2020,2,756.4944460840842,779.8611164298753,0.009860453544541323,0.03234435223305226,3038.9999999999995,0.3298484790461967
96,New Milford,2021,3,862.8089761153929,931.0949290518373,0.017259040514730813,0.056613266630317106,3038.9999999999995,0.35115239501312334
96,New Milford,2022,4,938.5038028637671,1093.710130692205,0.025306710624287618,0.08301130963139285,3038.9999999999995,0.3748874519112712
96,New Milford,2023,5,991.7037107253046,1203.4053993195241,0.030437056274386805,0.09983991756859849,3038.9999999999995,0.32788055701249735
96,New Milford,2024,6,1506.5073276513112,1882.0722248887337,0.03686841673382577,0.1209361264902435,3038.9999999999995,0.36597870669342875
96,New Milford,2025,7,1520.9825535552905,1950.213400668134,0.0425122551603729,0.1394490982506279,3038.9999999999995,0.33825681820721093
97,Newtown,2019,1,1471.9706099200057,1498.660702261566,0.012622147980064046,0.04138644909317906,3507.0,0.07653771221820206
97,Newtown,2020,2,1623.8495684581071,1674.0071839617353,0.02654665802959232,0.08704318099193929,3507.0,0.12494861925936997
97,Newtown,2021,3,1675.2456438549268,1807.8308954691402,0.04091188942564831,0.1341449832227187,3507.0,0.13937447972410513
97,Newtown,2022,4,1705.1794075112527,1987.175743936232,0.0555338028450573,0.18208841379674143,3507.0,0.14425150323946245
97,Newtown,2023,5,1723.1298946913103,2090.9711202792764,0.05768749371197124,0.18915009755823434,3507.0,0.12644795303078388
97,Newtown,2024,6,1761.0850151072723,2200.114882792199,0.058864287666987834,0.19300865817639368,3507.0,0.13577057259871342
97,Newtown,2025,7,1809.139085381682,2319.6895189472602,0.06001242392807976,0.19677325379013272,3507.0,0.1327698547297382
99,North Branford,2019,1,-216.2010420063151,-220.1212464836339,-0.0018539239352041517,-0.006085520082576025,1413.5,0.15482914276991516
99,North Branford,2020,2,-36.79005754065554,-37.92643223713234,-0.002169398678615273,-0.007121068440369079,1413.5,0.20885337264690937
99,North Branford,2021,3,124.17974926454426,134.0078024590257,-0.0011045573286718063,-0.003625718228428075,1413.5,0.2286143242228819
99,North Branford,2022,4,209.60903146675147,244.27340677813464,0.0006928401161555877,0.0022742531992904235,1413.5,0.2353435595713385
99,North Branford,2023,5,291.01684683372594,353.1410047024165,0.005042233512958939,0.016551171664316713,1413.5,0.20276474974885522
99,North Branford,2024,6,371.9752141007866,464.7068128753029,0.008547395717284308,0.028056894516295283,1413.5,0.22272983250969697
99,North Branford,2025,7,442.7345284177896,567.6769981618812,0.011279002948523383,0.03702341700826838,1413.5,0.23768777334093932
100,North Canaan,2019,1,-245.10005630114586,-249.54426401257203,-0.002101732982782326,-0.006911191007083436,316.5,0.23834468308014667
100,North Canaan,2020,2,-2.40496266241421,-2.4792473713337024,-0.0021223555376125272,-0.006979004766801329,316.5,0.4648588821250692
100,North Canaan,2021,3,235.7129399467694,254.36815004458765,-0.00010111707756897987,-0.0003325062902291951,316.5,0.48039582314529816
100,North Canaan,2022,4,303.2942507981802,353.4519451774921,0.002499631123025415,0.008219611282689906,316.5,0.499418291194915
100,North Canaan,2023,5,372.925781805134,452.53526281708383,0.007799202684786766,0.025646349892726517,316.5,0.4138630028998564
100,North Canaan,2024,6,447.7897391131689,559.421527599852,0.011659622252512387,0.03834068224540934,316.5,0.3672388760782304
100,North Canaan,2025,7,529.7067667374193,679.1933493919275,0.014180619317242214,0.046630551788960674,316.5,0.3936313965101933
101,North Haven,2019,1,979.2341270386622,996.9898139379335,0.008396932639356525,0.027508519992957472,2875.0,0.13127174188224924
101,North Haven,2020,2,1070.6795758385547,1103.7508255008559,0.017578010002172136,0.057585913850824184,2875.0,0.19123451110005227
101,North Haven,2021,3,1110.7061217086377,1198.6115886808234,0.0271023149958237,0.08878772832161007,2875.0,0.20166349147344453
101,North Haven,2022,4,1148.0687472915133,1337.9321594780022,0.036947004503848434,0.12103912889694088,2875.0,0.20438516528330855
101,North Haven,2023,5,1128.6744492822972,1369.6156540010506,0.038228455267087603,0.1252371873373926,2875.0,0.20730670135327814
101,North Haven,2024,6,1125.103806212927,1405.5866738406323,0.03869514304254784,0.1267660658640043,2875.0,0.23108048007514004
101,North Haven,2025,7,1132.8930830720649,1452.6026396338038,0.038885396236239225,0.1273893391480906,2875.0,0.24652546457616348
102,North Stonington,2019,1,-209.2006644867574,-212.99393659113096,-0.0017938956979739447,-0.0058974552835805065,659.5,0.09377729818611581
102,North Stonington,2020,2,-49.934920595422305,-51.477315036434234,-0.0022220876420796904,-0.0073051418319150015,659.5,0.12632306792191905
102,North Stonington,2021,3,136.26421157906483,147.04867464840277,-0.0010536220277892097,-0.0034637960287769937,659.5,0.21174256286924242
102,North Stonington,2022,4,224.21380075636546,261.2934594190848,0.0008690113136966241,0.0028568859210931835,659.5,0.21985145933452652
102,North Stonington,2023,5,670.8276518251248,814.0310553328196,0.008415254126071013,0.02766525666153361,659.5,0.1958915022266334
102,North Stonington,2024,6,1047.8348586424001,1309.0549561386047,0.01782862998303534,0.05861185140875495,659.5,0.2003954824753487
102,North Stonington,2025,7,1125.8918204275838,1443.6255766169086,0.026314686728911393,0.08650987259764219,659.5,0.2054729279211855
103,Norwalk,2019,1,2049.80781456524,2086.975377208472,0.017577102009896928,0.057616375673285654,9549.666666666666,0.5033103862736293
103,Norwalk,2020,2,2466.202311450528,2542.3785963075984,0.03872478683058521,0.12693684457441376,9549.666666666666,0.5732349344639596
103,Norwalk,2021,3,3426.4472847411503,3697.6292317330294,0.06810657229724056,0.22324805608388298,9549.666666666666,0.591383515194737
103,Norwalk,2022,4,3297.54162622851,3842.8770048456545,0.09638299174215004,0.3159359635965081,9549.666666666666,0.5920045858565881
103,Norwalk,2023,5,3243.341490011729,3935.7064198767175,0.10661754300910369,0.3494840280221614,9549.666666666666,0.5332699555453309
103,Norwalk,2024,6,3154.8367644496784,3941.3221160268226,0.11252258344357141,0.3688402920892794,9549.666666666666,0.48973444471160266
103,Norwalk,2025,7,3105.1300808730393,3981.417328148329,0.10976728842040236,0.3598086489289759,9549.666666666666,0.5031759555281871
104,Norwich,2019,1,3790.9412432614754,3859.679417218343,0.032507321160967155,0.10651737578256017,4095.0,0.7018531036748629
104,Norwich,2020,2,3613.8296734871446,3725.4539783360747,0.06349591061111941,0.20805829362960745,4095.0,0.6824325601618179
104,Norwich,2021,3,3310.0960331372876,3572.069503732817,0.09187998409527166,0.3010649430111493,4095.0,0.6583673392632153
104,Norwich,2022,4,3074.4933035945473,3582.9417660599684,0.11824376417359489,0.3874516574299138,4095.0,0.664197341241476
104,Norwich,2023,5,2956.2784346111407,3587.363233219109,0.11108653058941831,0.36399940999696606,4095.0,0.6190284216891756
104,Norwich,2024,6,3062.4699654986885,3825.928726551205,0.10635862109341726,0.3485073763729782,4095.0,0.7025312499369859
104,Norwich,2025,7,2887.0264075474493,3701.7634258334997,0.1027307990539844,0.3366200208590295,4095.0,0.7362747055300459
105,Old Lyme,2019,1,1866.5359496007716,1900.3803867912627,0.01600554576782661,0.05244129983395882,1064.3333333333335,0.06792621272549076
105,Old Lyme,2020,2,1977.9389067402537,2039.0336664402832,0.032966371893124284,0.10801252378161652,1064.3333333333335,0.17948966721645482
105,Old Lyme,2021,3,1949.2899653138643,2103.5641169693104,0.04968153334569066,0.16277884079587804,1064.3333333333335,0.17234976528056828
105,Old Lyme,2022,4,1790.101844927012,2086.142343582683,0.06503165666593978,0.21307268464239978,1064.3333333333335,0.18835092550099433
105,Old Lyme,2023,5,1628.3391201706365,1975.9451012877478,0.06298911885357639,0.2063804206362788,1064.3333333333335,0.15155508697944123
105,Old Lyme,2024,6,1513.5347379168425,1890.8515341100663,0.059006853105915635,0.19333274359227762,1064.3333333333335,0.13580339414827858
105,Old Lyme,2025,7,1242.0672077067047,1592.5863891981921,0.05294241795943425,0.1734629518055141,1064.3333333333335,0.12257768711811436
106,Old Saybrook,2019,1,2075.061393588895,2112.6868596383183,0.017793651450024775,0.05859372266752333,873.0000000000001,0.14796803890359683
106,Old Saybrook,2020,2,2229.910818193789,2298.788509575354,0.03691513671603651,0.12155994451437567,873.0000000000001,0.28309741881765194
106,Old Saybrook,2021,3,2276.971252820438,2457.179336083284,0.05644016520897176,0.185855016709293,873.0000000000001,0.28182726550690473
106,Old Saybrook,2022,4,2432.732124913787,2835.0484698726477,0.07730084318010748,0.25454832472031047,873.0000000000001,0.26610910473294047
106,Old Saybrook,2023,5,2462.736062297919,2988.4630282372077,0.08062515346428736,0.2654951343394099,873.0000000000001,0.26823410930782043
106,Old Saybrook,2024,6,2420.220531976767,3023.5696552769728,0.08225705925997638,0.27086892936291485,873.0000000000001,0.24636610002463663
106,Old Saybrook,2025,7,2459.1934389475487,3153.1933014354067,0.08381961450601637,0.2760143560335617,873.0000000000001,0.23923444976076555
107,Orange,2019,1,1589.489074716662,1618.310037509115,0.013629868815695374,0.043465733892379524,1410.0,0.05370921047460602
107,Orange,2020,2,1710.7576997302608,1763.5997416223672,0.02829961609088236,0.09024764646643729,1410.0,0.11173086827105211
107,Orange,2021,3,1733.1580907703142,1870.3267516141152,0.0431614467192378,0.13764211401273083,1410.0,0.11315888361288559
107,Orange,2022,4,1715.0402645010408,1998.6673534045462,0.05786791698733422,0.1845411364327539,1410.0,0.13677048527553193
107,Orange,2023,5,1729.663478365956,2098.8994458325046,0.05906991249862692,0.18837430737079847,1410.0,0.13789347188961606
107,Orange,2024,6,1787.0825582780471,2232.5934861278647,0.05972439816067419,0.19046146609606557,1410.0,0.1285228643491611
107,Orange,2025,7,1815.4779834574729,2327.8172939463757,0.060430291240466574,0.19271256338670098,1410.0,0.13640000174871797
108,Oxford,2019,1,110.74916343804951,112.75729143937741,0.0009496740764812745,0.003115474793912429,1475.3333333333335,0.08987666635495568
108,Oxford,2020,2,305.6050303304431,315.0445867431987,0.0035702372115648247,0.0117124225209255,1475.3333333333335,0.13810291904255836
108,Oxford,2021,3,501.59410496424243,541.2921521484495,0.007871406661633202,0.02582272134648098,1475.3333333333335,0.13506621607231928
108,Oxford,2022,4,581.8688277584873,678.0961672308049,0.012860931859662231,0.04219122120660839,1475.3333333333335,0.13325163738898177
108,Oxford,2023,5,618.3265053525786,750.3223463179878,0.017213407566579315,0.05646983393473389,1475.3333333333335,0.1316625805865795
108,Oxford,2024,6,678.887733688065,848.13112020103,0.02041430674787093,0.06697061621797606,1475.3333333333335,0.14254645436823188
108,Oxford,2025,7,758.5257773731852,972.5865246301292,0.02261749583877761,0.07419833807427331,1475.3333333333335,0.1629106706489275
109,Plainfield,2019,1,1430.5580127306723,1456.497202822121,0.012267034959165516,0.04018481363019234,1696.6666666666667,0.4529824686431015
109,Plainfield,2020,2,1842.1238382057384,1899.0235295204486,0.028063246871779714,0.09193063761165485,1696.6666666666667,0.5589069443033063
109,Plainfield,2021,3,1964.119690356274,2119.5675223214284,0.044905573216584775,0.1471033625217753,1696.6666666666667,0.5561755952380952
109,Plainfield,2022,4,2036.9574566575234,2373.822033898305,0.062372483407423025,0.2043221226419381,1696.6666666666667,0.5722831505483549
109,Plainfield,2023,5,2036.0666437058192,2470.7113283038398,0.0675647199180349,0.22133104592269576,1696.6666666666667,0.5663156637538069
109,Plainfield,2024,6,1926.8293264575486,2407.178439072402,0.0682910694797942,0.2237104490846522,1696.6666666666667,0.5483634464542176
109,Plainfield,2025,7,2073.413191940047,2658.5434412720087,0.06922826125587503,0.2267805370874111,1696.6666666666667,0.5765856104286788
110,Plainville,2019,1,423.7208530301874,431.40385201006177,0.0036334063147338566,0.011926120774369196,1992.3333333333335,0.22568090138870928
110,Plainville,2020,2,443.53775804983326,457.2377933004685,0.007436742590011178,0.024410011601706874,1992.3333333333335,0.34534116048565505
110,Plainville,2021,3,422.04320603967375,455.44529538107736,0.011055763081801378,0.036288913032296935,1992.3333333333335,0.368819560453865
110,Plainville,2022,4,419.2927851769912,488.63389309120754,0.014651198714694077,0.04809040063924786,1992.3333333333335,0.38520001984637103
110,Plainville,2023,5,679.4336374056429,824.4741840637657,0.01684393584071361,0.055287737112547766,1992.3333333333335,0.36948055890439474
110,Plainville,2024,6,701.4393841975154,876.3047867144253,0.019055442284929985,0.06254668110680131,1992.3333333333335,0.39162053619884946
110,Plainville,2025,7,1115.5283677918922,1430.3374924373284,0.02500207754695525,0.0820656350009602,1992.3333333333335,0.39238208808649067
111,Plymouth,2019,1,-184.98977840903157,-188.3440534432662,-0.0015862873498574458,-0.0051981652668658665,1135.333333333333,0.31725730747262026
111,Plymouth,2020,2,72.8682787007118,75.11904082577242,-0.0009614418599988422,-0.003150585348364548,1135.333333333333,0.41466151826983433
111,Plymouth,2021,3,184.37546915650017,198.96763840599093,0.0006195777880181469,0.002030317986263298,1135.333333333333,0.41989836854774004
111,Plymouth,2022,4,266.1245568995795,310.13526319114436,0.0029015958634320414,0.009508349692840687,1135.333333333333,0.44713364171749853
111,Plymouth,2023,5,339.106453948296,411.4964310529973,0.0073957210558961255,0.02423531923118635,1135.333333333333,0.4239221218565543
111,Plymouth,2024,6,409.9588666985803,512.1596040048238,0.010286272847977847,0.033707478187144986,1135.333333333333,0.4571332417197184
111,Plymouth,2025,7,684.523111432627,877.699840713148,0.014575038880495638,0.04776149849434315,1135.333333333333,0.4914320816577261
112,Pomfret,2019,1,-165.48106676278016,-168.4816055798687,-0.00141900014749084,-0.00466216233474176,479.5,0.12650437636761488
112,Pomfret,2020,2,68.43985653343361,70.55383314543406,-0.0008321283777166466,-0.002733979687824774,479.5,0.17967869222096958
112,Pomfret,2021,3,277.0319738916937,298.957328002206,0.001543420798404627,0.005070949658252632,479.5,0.18612987729215497
112,Pomfret,2022,4,373.7476087371547,435.5566218809981,0.004748306543325728,0.015600686130474105,479.5,0.1765834932821497
112,Pomfret,2023,5,420.33066029063895,510.05978965566925,0.009771642102808795,0.03210498733269936,479.5,0.1548768189021755
112,Pomfret,2024,6,484.614799840093,605.4268955803961,0.013340342241663397,0.043830045572316664,479.5,0.18897862402167906
112,Pomfret,2025,7,571.8180359967264,733.1886838135325,0.015868132724214057,0.0521351677378818,479.5,0.1620322947125324
113,Portland,2019,1,-325.4428930500513,-331.3438946114088,-0.0027906728079041894,-0.009159428177267002,1182.0000000000002,0.18495639269239483
113,Portland,2020,2,-282.54570469604425,-291.2730025280734,-0.005213502225672768,-0.017111536348087295,1182.0000000000002,0.2270856605326592
113,Portland,2021,3,-204.8125150042809,-221.0221490571685,-0.006969769541834478,-0.022875882600683507,1182.0000000000002,0.22448368751870695
113,Portland,2022,4,-142.43512858593334,-165.99052942089736,-0.008191150769458855,-0.026884648372078,1182.0000000000002,0.2608290638099674
113,Portland,2023,5,-57.15199634036791,-69.35238845439713,-0.005890556330173319,-0.019333734674143996,1182.0000000000002,0.21702261054086858
113,Portland,2024,6,15.139179561501857,18.91330286771808,-0.003337908447664863,-0.010955541832809787,1182.0000000000002,0.2329564363347105
113,Portland,2025,7,108.171647679082,138.69836730407246,-0.0006540692526550267,-0.00214675841814348,1182.0000000000002,0.26255624762689544
114,Preston,2019,1,-475.7263183055093,-484.3522917314153,-0.004079353179469742,-0.013335718419197777,553.0,0.23531501132175997
114,Preston,2020,2,-363.21177719210795,-374.43069612441377,-0.007193894168892067,-0.02351739179060826,553.0,0.30239447050111085
114,Preston,2021,3,-202.3640232558183,-218.37987444722762,-0.008929165668310708,-0.02919012741290466,553.0,0.29996598323901413
114,Preston,2022,4,-119.90034986532044,-139.72903138068202,-0.009957311168405833,-0.03255121390873392,553.0,0.26518886206779313
114,Preston,2023,5,-29.510512196928424,-35.81020150514011,-0.00613101063102475,-0.020042743984986847,553.0,0.20494827105638538
114,Preston,2024,6,51.37178151752135,64.1785150078989,-0.0025759566150896805,-0.008420999743731701,553.0,0.2353870458135861
114,Preston,2025,7,127.38131833924366,163.32912789780792,0.000251609689087976,0.0008225313714208243,553.0,0.3027913578299953
115,Prospect,2019,1,-198.5175483516931,-202.11711186282514,-0.0017022879771157685,-0.005580064845094321,1719.9999999999998,0.13560013997433804
115,Prospect,2020,2,-34.58951886083369,-35.65792311525275,-0.0019988931013474177,-0.006552330318885717,1719.9999999999998,0.18741493816050753
115,Prospect,2021,3,111.66766225529311,120.50546174553382,-0.001041342897508279,-0.0034135005194126616,1719.9999999999998,0.21283380423739498
115,Prospect,2022,4,136.39680795249066,158.95361339667676,0.00012825973068432837,0.0004204327492493436,1719.9999999999998,0.2036038646606221
115,Prospect,2023,5,95.32551894072775,115.67491675745346,0.0026479640327168375,0.008679971431785859,1719.9999999999998,0.18566540332356415
115,Prospect,2024,6,424.4346762862839,530.2441620137582,0.006584096506103372,0.02158253241773157,1719.9999999999998,0.1958848752197921
115,Prospect,2025,7,205.62016850650886,263.64747388567343,0.007389739247207546,0.02422341269050289,1719.9999999999998,0.23059008001475775
116,Putnam,2019,1,641.317199789741,652.9457032172309,0.005499294988197028,0.017967339168464415,1048.3333333333335,0.5850305632558831
116,Putnam,2020,2,959.4539038046966,989.0896046326902,0.0137266122133223,0.044847693713482156,1048.3333333333335,0.6277705178466191
116,Putnam,2021,3,1034.0000899017205,1115.8347525326121,0.02259316298422954,0.07381655704909497,1048.3333333333335,0.5390031076074934
116,Putnam,2022,4,1115.513798415054,1299.9933921744466,0.032158693805638634,0.10506913341816235,1048.3333333333335,0.650398829470902
116,Putnam,2023,5,1136.3638947406143,1378.9465862968914,0.03640371921484238,0.11893851330587758,1048.3333333333335,0.49410693885891016
116,Putnam,2024,6,1139.922726748013,1424.099878675421,0.03795123937158132,0.12399458314498249,1048.3333333333335,0.5290108478447045
116,Putnam,2025,7,1199.8292308233993,1538.4285894638122,0.03937322425498471,0.12864050316698053,1048.3333333333335,0.5843418038847908
117,Redding,2019,1,2077.607050422229,2115.2786748769176,0.01781548045737061,0.05843587033120919,1105.3333333333333,0.03516628629663121
117,Redding,2020,2,2223.3642252734894,2292.03970488807,0.03688082868909079,0.12097138374349123,1105.3333333333333,0.073555088303255
117,Redding,2021,3,2316.1605037021004,2499.4701719222194,0.05674190500833629,0.1861169341655972,1105.3333333333333,0.08700988960620255
117,Redding,2022,4,2325.6143481867357,2710.215946843854,0.07668404804403754,0.25152838839772496,1105.3333333333333,0.10015634160641002
117,Redding,2023,5,2328.5544399637047,2825.6372900050205,0.07883592190935572,0.25858666686872883,1105.3333333333333,0.10041896107530598
117,Redding,2024,6,2410.459358572624,3011.375069157765,0.08044026267739578,0.26384900314490134,1105.3333333333333,0.10128952632250926
117,Redding,2025,7,2360.1069414691715,3026.143970885294,0.08081710338124841,0.2650850638034138,1105.3333333333333,0.10350411512328676
118,Ridgefield,2019,1,2108.403096249871,2146.633121328428,0.018079556550342636,0.05923167314186764,4031.0000000000005,0.017344000914130873
118,Ridgefield,2020,2,2214.368931761519,2282.7665639189954,0.03706777014019766,0.12144025982763712,4031.0000000000005,0.04743793709190945
118,Ridgefield,2021,3,2268.0645080130835,2447.567677936397,0.05651642329640984,0.18515732410355717,4031.0000000000005,0.05274710316312467
118,Ridgefield,2022,4,2261.380204821466,2635.358995683339,0.07590775855275392,0.248686605283099,4031.0000000000005,0.05500332220066092
118,Ridgefield,2023,5,2248.0410770052245,2727.936520456881,0.07710515423773105,0.25260947527366334,4031.0000000000005,0.08041209555673874
118,Ridgefield,2024,6,2275.2091311200506,2842.4076225173144,0.0776268589472305,0.2543186677941545,4031.0000000000005,0.07061960453021464
118,Ridgefield,2025,7,2333.5986941364167,2992.154929357025,0.07818881459323805,0.2561597291637663,4031.0000000000005,0.07110133281460664
119,Rocky Hill,2019,1,679.1876811831839,691.5028604441438,0.0058240343661458025,0.01911656126109339,2352.6666666666665,0.14020403562168865
119,Rocky Hill,2020,2,698.5174925117235,720.0933653588796,0.011813821864433829,0.03877718351249167,2352.6666666666665,0.20821239750145124
119,Rocky Hill,2021,3,654.3613345130194,706.1499557825424,0.017424970307882974,0.05719497712782538,2352.6666666666665,0.21806842518370667
119,Rocky Hill,2022,4,578.8864005616445,674.6205171276454,0.022388921192699068,0.07348843716271936,2352.6666666666665,0.18239689708994042
119,Rocky Hill,2023,5,550.4932695416109,668.0085651498902,0.02128536661287258,0.06986617681809607,2352.6666666666665,0.18637826161957835
119,Rocky Hill,2024,6,448.07953993377373,559.7835743454598,0.01913786116951666,0.06281729681747673,2352.6666666666665,0.19970287198859268
119,Rocky Hill,2025,7,166.19137767774154,213.0916301867026,0.014951803789654154,0.04907716114627343,2352.6666666666665,0.22636285404272835
120,Roxbury,2019,1,1917.8282837375825,1952.602764724668,0.016445377533049768,0.05393889527534223,554.5,0.0684337789132716
120,Roxbury,2020,2,2126.2643699420732,2191.940620253785,0.03467809450530305,0.11374005273584503,554.5,0.12248297486649355
120,Roxbury,2021,3,2372.379678115037,2560.1387435996257,0.055021250245139486,0.18046320000417804,554.5,0.18719374552662005
120,Roxbury,2022,4,2052.583349688366,2392.0320799916676,0.07262215246871721,0.23819207973838735,554.5,0.2239350067701281
120,Roxbury,2023,5,2183.0163321885007,2649.0307664947536,0.07489613998418383,0.24565049011587436,554.5,0.21933724583555636
120,Roxbury,2024,6,2193.926287666782,2740.861364350833,0.07547634092867324,0.24755348066264493,554.5,0.23263124803520904
120,Roxbury,2025,7,1761.143670063139,2258.1494954236096,0.07023499215962821,0.23036247596926504,554.5,0.18774935461159353
121,Salem,2019,1,-19.062628549133198,-19.408276290209276,-0.0001634620398088172,-0.0005349362281730108,533.1666666666666,0.11435853032951593
121,Salem,2020,2,244.6294127151989,252.18554861730595,0.001934235174224013,0.006329863922590965,533.1666666666666,0.1701523110978954
121,Salem,2021,3,467.08817710582747,504.0552951608817,0.005939516292906485,0.01943731062340601,533.1666666666666,0.182100329364074
121,Salem,2022,4,548.477215228627,639.1823718976193,0.01064270841349196,0.034828699696377245,533.1666666666666,0.22608783681182404
121,Salem,2023,5,629.9256747541982,764.3976219618814,0.016207783114318027,0.05304063485540715,533.1666666666666,0.18184997377163842
121,Salem,2024,6,685.7207615197947,856.6675883999861,0.019990141430317434,0.06541855754330453,533.1666666666666,0.18492274722615878
121,Salem,2025,7,784.818214608663,1006.298853093725,0.022714676501904247,0.07433471028692838,533.1666666666666,0.23011176857330706
122,Salisbury,2019,1,2090.20143520223,2128.1014237903455,0.017923477306859125,0.05871308621510623,357.16666666666663,0.16450167337909127
122,Salisbury,2020,2,2205.1622797904283,2273.275536031187,0.036832743856062056,0.12065538558928549,357.16666666666663,0.28510749716347134
122,Salisbury,2021,3,2237.3781370437796,2414.452671960032,0.05601826138121246,0.18350261803477252,357.16666666666663,0.2795372765932138
122,Salisbury,2022,4,2061.5787090095714,2402.5150589511545,0.07369629881096952,0.2414117010747023,357.16666666666663,0.22267264266750406
122,Salisbury,2023,5,2050.010911406279,2487.632316759169,0.07335166506941924,0.24028276218444955,357.16666666666663,0.18881959146306573
122,Salisbury,2024,6,2100.8167784265106,2624.5401105489427,0.07245690239522365,0.23735173060320605,357.16666666666663,0.19009738835434153
122,Salisbury,2025,7,2059.0759814520734,2640.1601797701014,0.07092796141102478,0.2323432803853053,357.16666666666663,0.22759355823802252
124,Seymour,2019,1,764.7462994614284,778.6128462613004,0.006557699517881747,0.021462058297056615,1874.3333333333333,0.29036310763202516
124,Seymour,2020,2,995.2081739611706,1025.9482559892185,0.015091609609598785,0.04939186438085736,1874.3333333333333,0.3644069299381129
124,Seymour,2021,3,1396.2548938887753,1506.759766474405,0.027064495324695032,0.08857676001395212,1874.3333333333333,0.39755580058073897
124,Seymour,2022,4,1351.5553018966525,1575.0705765543998,0.03865408203845882,0.12650719354652384,1874.3333333333333,0.3976079466683748
124,Seymour,2023,5,1351.842373920492,1640.423842535626,0.043688430876945294,0.1429836252532052,1874.3333333333333,0.3677511921732145
124,Seymour,2024,6,2152.9373831843163,2689.654126762858,0.05361595884603378,0.17547446803080488,1874.3333333333333,0.43313358799355506
124,Seymour,2025,7,1987.0820542140796,2547.8491132571626,0.05868230174582325,0.19205560999555352,1874.3333333333333,0.4637496949015166
125,Sharon,2019,1,2272.769345647587,2313.979695431472,0.019488997138928058,0.0656839253713116,20.0,0.2893401015228426
125,Sharon,2020,2,2584.9746799367917,2664.8196166854564,0.04165515501938605,0.14039070733704564,20.0,0.3664036076662909
125,Sharon,2021,3,2940.244225786086,3172.9462309595106,0.06686774925550173,0.2253649184992148,20.0,0.4101028511912511
125,Sharon,2022,4,2913.776300031044,3395.6459720146718,0.09185338102826793,0.3095741962274845,20.0,0.33962776796630895
125,Sharon,2023,5,3286.1016108380168,3987.594660004684,0.10054270520227586,0.33885989607669,20.0,0.3669295026934187
125,Sharon,2024,6,3401.1753155481,4249.0716612377855,0.10754162565264283,0.36244841452453735,20.0,0.3745928338762215
125,Sharon,2025,7,3419.0357021240793,4383.909090909091,0.11164726256224114,0.3762856759520687,20.0,0.4214876033057851
126,Shelton,2019,1,1221.3684779780333,1243.5145977718764,0.010473234698661633,0.03438771754941648,4177.666666666667,0.21880465056026946
126,Shelton,2020,2,1245.5476606618638,1284.0202518848562,0.021153805888837116,0.0694562017304426,4177.666666666667,0.2906520511759586
126,Shelton,2021,3,1238.063893799961,1336.0489346660968,0.03177020377817178,0.1043139799159457,4177.666666666667,0.30990037155163913
126,Shelton,2022,4,1269.5635282417763,1479.5193031273518,0.042656711032845025,0.14005863258005682,4177.666666666667,0.31566650916154776
126,Shelton,2023,5,1276.1331695796691,1548.5527884127196,0.043126318263329036,0.141600536420244,4177.666666666667,0.2932992240426918
126,Shelton,2024,6,1278.142174361838,1596.7767575187568,0.04340581621830631,0.14251823730329846,4177.666666666667,0.31921776650398703
126,Shelton,2025,7,1097.008549515167,1406.591264910403,0.042196266641064205,0.13854681391587714,4177.666666666667,0.35360724614897593
127,Sherman,2019,1,2016.593311907033,2053.1586219393416,0.01729228764960281,0.05440309098881137,164.0,0.08154205078257717
127,Sherman,2020,2,2233.2179336421063,2302.1977755111952,0.03644213143058387,0.11465022050392594,164.0,0.06556899315168294
127,Sherman,2021,3,2334.8095085738737,2519.595129298241,0.05646312296660484,0.17763805914570271,164.0,0.06126668879074873
127,Sherman,2022,4,2389.2585241902298,2784.3853639971726,0.07695101481153604,0.24209480811924414,164.0,0.065242211710977
127,Sherman,2023,5,2261.0205562183505,2743.68676440223,0.0790469784315056,0.24868889803013347,164.0,0.07485029940119761
127,Sherman,2024,6,2389.452159836415,2985.130878679266,0.0803866869211218,0.25290374133692684,164.0,0.07602910828717281
127,Sherman,2025,7,2463.3335312215568,3158.5017537998997,0.0814887804153257,0.25637102651389576,164.0,0.06959523411836757
128,Simsbury,2019,1,753.2439333659926,766.9019167535487,0.006459066728613387,0.02116287650659088,3769.0000000000005,0.07120689613271215
128,Simsbury,2020,2,823.7884682154121,849.2337225343238,0.013523052843560543,0.044307747441682206,3769.0000000000005,0.11045879327417868
128,Simsbury,2021,3,870.2113300983013,939.0831332167544,0.020985114999153478,0.0687568987693416,3769.0000000000005,0.12104414579852606
128,Simsbury,2022,4,866.008489201729,1009.2258070933698,0.0284111377940583,0.09308796855803188,3769.0000000000005,0.1308060737786045
128,Simsbury,2023,5,807.6211116879266,980.0261871551027,0.02887742209816888,0.0946157306263721,3769.0000000000005,0.119454466839782
128,Simsbury,2024,6,816.7981288374262,1020.4219013143885,0.02881747993800265,0.09441933251091116,3769.0000000000005,0.12872877910915811
128,Simsbury,2025,7,820.3764310212141,1051.8918219213547,0.02839014567841663,0.0930191887219344,3769.0000000000005,0.13088377712362523
129,Somers,2019,1,-374.611770570111,-381.40431294926555,-0.003212295932638702,-0.010521202332767918,1239.3333333333333,0.07986943084349064
129,Somers,2020,2,-245.02203773617487,-252.59030107620583,-0.005313359906226401,-0.017402797193191336,1239.3333333333333,0.08859454199526529
129,Somers,2021,3,-85.47274967748903,-92.23738509899736,-0.00604628873471087,-0.019803352018060567,1239.3333333333333,0.09758205086185064
129,Somers,2022,4,7.118374815163684,8.295585617929463,-0.00598524867067084,-0.01960342807654416,1239.3333333333333,0.04659583081894082
129,Somers,2023,5,91.38872780371669,110.89772810822734,-0.0019892943971152686,-0.006515517029061146,1239.3333333333333,0.05440776413499008
129,Somers,2024,6,172.53668266946212,215.54923249719207,0.0015912716303630684,0.005211876844637641,1239.3333333333333,0.05840509172594534
129,Somers,2025,7,247.62879364706725,317.51119737234995,0.004447617364371138,0.01456723887541772,1239.3333333333333,0.0634517766497462
130,Southbury,2019,1,694.9421491200161,707.5429918318578,0.005959128928704136,0.019528768000814753,3198.3333333333335,0.0526056088181681
130,Southbury,2020,2,737.8133652158601,760.6030126097837,0.012285878535430134,0.04026227230105916,3198.3333333333335,0.12225438725610455
130,Southbury,2021,3,744.5029302859298,803.4256970464726,0.018669991162631985,0.061183761981734405,3198.3333333333335,0.12215536352531331
130,Southbury,2022,4,618.4257160109732,720.6987000136481,0.023972991677426076,0.07856231982141773,3198.3333333333335,0.1236863654974751
130,Southbury,2023,5,441.56383522974545,535.8256682039391,0.021800272635817013,0.07144206338760319,3198.3333333333335,0.10319260070833439
130,Southbury,2024,6,302.9877570132852,378.5211206672781,0.018071643045479927,0.059222904664601665,3198.3333333333335,0.11940401820478655
130,Southbury,2025,7,-14.756716132657077,-18.92115427918175,0.011560991577440545,0.03788673228526805,3198.3333333333335,0.13943498519044567
131,Southington,2019,1,352.1497742145043,358.5350307736387,0.0030196843138893745,0.009893898832283072,5483.666666666667,0.1460158211896076
131,Southington,2020,2,442.64969621971346,456.32230093448885,0.0068154054589734175,0.022330457459382985,5483.666666666667,0.2132579530050766
131,Southington,2021,3,518.9786669549181,560.0525938700719,0.01126564752811184,0.03691153290780109,5483.666666666667,0.22635336486640711
131,Southington,2022,4,583.660172207934,680.1837576762998,0.016270533504794873,0.05330988133536731,5483.666666666667,0.2310441727067437
131,Southington,2023,5,643.2665420433017,780.586400478774,0.01876685978892681,0.06148901436393173,5483.666666666667,0.22296163303540065
131,Southington,2024,6,685.2402951670838,856.0673441390834,0.020847074174900507,0.06830477010025723,5483.666666666667,0.22820807895609432
131,Southington,2025,7,721.3762037612985,924.9531075881927,0.022582633053015222,0.07399127311600484,5483.666666666667,0.2531295499467224
132,South Windsor,2019,1,487.9446694892567,496.79218872535614,0.004184125540870377,0.013703399294261304,4713.333333333333,0.10760336306104212
132,South Windsor,2020,2,789.1268098790381,813.5014316927451,0.010950887935583128,0.03586517386779658,4713.333333333333,0.15488616759397505
132,South Windsor,2021,3,1658.6083745926853,1789.8768900378486,0.02517345474771541,0.082445399559451,4713.333333333333,0.159677911720316
132,South Windsor,2022,4,1883.09490475291,2194.514255667961,0.04132099355597161,0.1353300871118913,4713.333333333333,0.16180434285421152
132,South Windsor,2023,5,2467.3978980420593,2994.1200387379913,0.058294804990811896,0.1909208941670568,4713.333333333333,0.1546659256868025
132,South Windsor,2024,6,2419.6579057412164,3022.8667690768934,0.07227660913783007,0.23671259979568202,4713.333333333333,0.1536153400158995
132,South Windsor,2025,7,2403.417038935958,3081.6764503779327,0.07866334343457362,0.25762974709438,4713.333333333333,0.1605968391086679
133,Sprague,2019,1,1815.1259348609246,1848.0381944444443,0.015564704891432428,0.05107509269127153,334.99999999999994,0.4774305555555555
133,Sprague,2020,2,1887.012610599376,1945.2988304632102,0.031745838027322074,0.10417297540283445,334.99999999999994,0.5479325904779445
133,Sprague,2021,3,2140.5420563720077,2309.9526190413862,0.05010098616071205,0.16440482038891913,334.99999999999994,0.5575770267794037
133,Sprague,2022,4,2260.6110524272835,2634.462643678161,0.06948572593527601,0.22801523816992172,334.99999999999994,0.5948275862068966
133,Sprague,2023,5,2056.548676801543,2495.565716716291,0.0715559259474168,0.2348085348142908,334.99999999999994,0.5689068481497235
133,Sprague,2024,6,2089.647323229465,2610.586164884256,0.07329351860821981,0.24051039082950115,334.99999999999994,0.5712738594828752
133,Sprague,2025,7,1976.7576608419631,2534.6111111111113,0.07188906741654967,0.2359017281343026,334.99999999999994,0.547979797979798
134,Stafford,2019,1,-617.158522676437,-628.3489756981248,-0.005292134331950447,-0.01738054869383434,1150.6666666666667,0.34882152286611806
134,Stafford,2020,2,-488.86499176846525,-503.96509880214194,-0.009484151636365033,-0.031148067867506013,1150.6666666666667,0.4014548672336051
134,Stafford,2021,3,-341.37603188758277,-368.3938171591954,-0.012411451109801054,-0.040761971795137235,1150.6666666666667,0.4053881725987127
134,Stafford,2022,4,-257.65629195577276,-300.26654755017904,-0.014620853813321809,-0.04801814272054133,1150.6666666666667,0.41226997459010994
134,Stafford,2023,5,-159.5906274375688,-193.65887276825774,-0.010697209111648516,-0.035132018991024416,1150.6666666666667,0.2964887973179609
134,Stafford,2024,6,-71.77598035832693,-89.6693806708341,-0.007120670838806579,-0.02338587013928482,1150.6666666666667,0.33936811209730905
134,Stafford,2025,7,4.3425905089103995,5.568096875467185,-0.004156133651756651,-0.013649669260344919,1150.6666666666667,0.4073852593810734
135,Stamford,2019,1,2221.1240805822863,2261.3979871489573,0.019046138990993108,0.062408457713086944,14087.0,0.5253453974380029
135,Stamford,2020,2,2291.845617962413,2362.6363571616025,0.0386987151650208,0.12680402731856086,14087.0,0.5810719159909631
135,Stamford,2021,3,2215.722658287675,2391.083297029814,0.0576985369598376,0.1890607175379671,14087.0,0.5987288182925059
135,Stamford,2022,4,2125.338571540072,2476.819294446376,0.07592331521079371,0.24877782363191336,14087.0,0.5893491289747854
135,Stamford,2023,5,2036.705300582451,2471.486321001093,0.07434192417229511,0.24359608176808126,14087.0,0.5374911353465632
135,Stamford,2024,6,2017.9521834809743,2521.017777991297,0.0719932879716168,0.23590030872543075,14087.0,0.5204316681374198
135,Stamford,2025,7,1892.1903813276106,2426.178413193947,0.06921899869668426,0.22680979883361618,14087.0,0.5093371169566451
136,Sterling,2019,1,-135.32228599797168,-137.7759792203881,-0.0011603886024326067,-0.0038055402540438468,402.83333333333337,0.303036006700672
136,Sterling,2020,2,-59.7442689488064,-61.58965544807738,-0.0016726957086686215,-0.005485671643758268,402.83333333333337,0.3977136461747542
136,Sterling,2021,3,156.39338678261026,168.77094861268122,-0.0003316224170077387,-0.001087568814809657,402.83333333333337,0.3946768211657841
136,Sterling,2022,4,256.6868688350702,299.1368047779022,0.0018694674832529876,0.006130992450486839,402.83333333333337,0.3429451287793953
136,Sterling,2023,5,328.0891884396602,398.12727990891983,0.00584322087655568,0.019163073656864427,402.83333333333337,0.3229628941192872
136,Sterling,2024,6,392.1936601815457,489.96561852501196,0.009718588618848448,0.03187249523477473,402.83333333333337,0.38252237072793094
136,Sterling,2025,7,460.1546646331384,590.0132064301653,0.012323341576416728,0.04041488544016417,402.83333333333337,0.3734231977776766
137,Stonington,2019,1,1626.3109812912178,1655.7996069296842,0.013945616664572188,0.0456581665459509,1505.6666666666667,0.19926481292764595
137,Stonington,2020,2,1808.5774139399891,1864.4409202025083,0.029454167989107598,0.09643340555427099,1505.6666666666667,0.26932298582535297
137,Stonington,2021,3,1920.1813650668598,2072.151752434338,0.04591972319455591,0.1503418902003296,1505.6666666666667,0.27016094079574676
137,Stonington,2022,4,1975.2457905819335,2301.9047180996768,0.06285745584879598,0.20579629118086945,1505.6666666666667,0.27648309415756983
137,Stonington,2023,5,2057.2230977524223,2496.384108142,0.06655252724745081,0.21789401259232608,1505.6666666666667,0.2359229955844142
137,Stonington,2024,6,2115.7103304929133,2643.146552190227,0.06918619200689216,0.22651667210642676,1505.6666666666667,0.24221715200207616
137,Stonington,2025,7,2197.5131494904367,2817.6651877189965,0.07156431205832432,0.23430267425937532,1505.6666666666667,0.25765896836458746
138,Stratford,2019,1,3629.60864103969,3695.4214970438866,0.031123894096915346,0.10217082771076949,5795.333333333333,0.46029208901038604
138,Stratford,2020,2,4048.482871938472,4173.532784940283,0.06583963472378773,0.21613265855993286,5795.333333333333,0.5208980689483734
138,Stratford,2021,3,3879.075677484648,4186.080340721018,0.09910270865821859,0.32532580082879003,5795.333333333333,0.5064206151845246
138,Stratford,2022,4,3661.0059808454844,4266.449765634769,0.1304958349439686,0.42838044068382297,5795.333333333333,0.46039364159440227
138,Stratford,2023,5,4442.149556372388,5390.427304959521,0.1374633732929465,0.4512528729702492,5795.333333333333,0.49716893840141935
138,Stratford,2024,6,4349.236468603057,5433.4798157221885,0.14004233538434532,0.45971886667567796,5795.333333333333,0.46586280806883
138,Stratford,2025,7,4006.90838002337,5137.683137590936,0.14113850080861487,0.4633172637257644,5795.333333333333,0.46433937302605105
139,Suffield,2019,1,-265.7140813056408,-270.53206701724804,-0.00227849824719587,-0.00746043990832547,1782.0,0.08337564220204853
139,Suffield,2020,2,-164.7162051176836,-169.80397448006016,-0.003690939706080007,-0.012085167902301765,1782.0,0.12721420173088416
139,Suffield,2021,3,-48.42568950468026,-52.258281012153425,-0.0041061899935826394,-0.013444813370820728,1782.0,0.16000311252255361
139,Suffield,2022,4,42.04221051665957,48.99499758919961,-0.003745678038402283,-0.01226439649704608,1782.0,0.15519527483124398
139,Suffield,2023,5,125.27691658396307,152.02012072434607,-0.0003929302314989309,-0.0012865633686002967,1782.0,0.14285714285714285
139,Suffield,2024,6,198.12554485621877,247.5172726814262,0.0027184377745272815,0.008900924846592337,1782.0,0.1447375056735085
139,Suffield,2025,7,275.0100383128134,352.61960157415376,0.005491899140562289,0.0179820123062079,1782.0,0.14611323521176237
140,Thomaston,2019,1,-549.2363363672249,-559.1952094834335,-0.004709701584348952,-0.015418199838420426,761.6666666666667,0.19824930612742855
140,Thomaston,2020,2,-426.2183931413455,-439.3834662484912,-0.008364524305535989,-0.027383031596874812,761.6666666666667,0.29506133355342573
140,Thomaston,2021,3,-293.9059854499885,-317.1668124067692,-0.01088476813076964,-0.035633580435919576,761.6666666666667,0.3415462167583972
140,Thomaston,2022,4,-191.86635843024462,-223.59651534053666,-0.012530022154308986,-0.04101966591619562,761.6666666666667,0.3362019749222929
140,Thomaston,2023,5,-101.4211435293168,-123.0717909072617,-0.008690006875723926,-0.028448567325880886,761.6666666666667,0.32405985576159363
140,Thomaston,2024,6,-20.65044028877993,-25.79849389768891,-0.005212261680013177,-0.017063436133542904,761.6666666666667,0.3440664762399377
140,Thomaston,2025,7,56.96332476252512,73.0387334416253,-0.0022035573449408737,-0.007213808962466156,761.6666666666667,0.3683451920657073
141,Thompson,2019,1,87.84532848877932,89.43815915627997,0.0007532736917912827,0.0024628190831095667,845.6666666666665,0.3825503355704698
141,Thompson,2020,2,187.9041047167339,193.70810406433642,0.0023645513897372766,0.0077308717257734486,845.6666666666665,0.45279601539506453
141,Thompson,2021,3,274.68811720908997,296.4279696714406,0.004720001994805224,0.015431988547852334,845.6666666666665,0.4678130729966797
141,Thompson,2022,4,347.1125227913081,404.51672279701046,0.007696491877740691,0.02516358566090694,845.6666666666665,0.47432668871426115
141,Thompson,2023,5,427.74002391666585,519.0508502886493,0.01061108889103482,0.03469282479687803,845.6666666666665,0.4207075821319331
141,Thompson,2024,6,507.6834468294242,634.2464432636269,0.013353196749651138,0.04365811276025507,845.6666666666665,0.4263798423037367
141,Thompson,2025,7,600.0035728553148,769.3283565258577,0.016142776781817518,0.05277861041196964,845.6666666666665,0.43866573445499446
142,Tolland,2019,1,-67.41443380651317,-68.63680703280171,-0.0005780787698908503,-0.0018917025549895967,1806.3333333333333,0.0810934690375733
142,Tolland,2020,2,149.0998276337714,153.7052368855736,0.0007004522520687394,0.0022921570275567103,1806.3333333333333,0.12802442560650057
142,Tolland,2021,3,368.3551495548458,397.50816384040314,0.003859097659501541,0.01262849508175475,1806.3333333333333,0.13592587067150697
142,Tolland,2022,4,442.3342404406007,515.4858599887344,0.007652113771279692,0.025040745182415294,1806.3333333333333,0.13329492146349223
142,Tolland,2023,5,517.3018849163647,627.7317253670691,0.012666056204328372,0.04144834948339978,1806.3333333333333,0.14450677211282037
142,Tolland,2024,6,572.5238345334479,715.2512220050719,0.016296917063493097,0.053329963411879636,1806.3333333333333,0.15822987807746422
142,Tolland,2025,7,661.2425451099203,847.8493520855444,0.01880842648037786,0.061548616350299096,1806.3333333333333,0.14090913144681572
143,Torrington,2019,1,2155.4637655825863,2194.5471049879925,0.018483101789870678,0.06062863408924475,3675.5000000000005,0.5184478736972733
143,Torrington,2020,2,3050.0714733726745,3144.282362848893,0.044637464674041345,0.14642068972845151,3675.5000000000005,0.6323110239135263
143,Torrington,2021,3,2844.479136524589,3069.601931746227,0.06902887326973971,0.22642986802991463,3675.5000000000005,0.6714802808781696
143,Torrington,2022,4,2667.1262614734405,3108.2058518117365,0.09189948096187445,0.30145048529043367,3675.5000000000005,0.6650237739167589
143,Torrington,2023,5,2941.042502649597,3568.8748454195143,0.09863581863222406,0.3235471526334143,3675.5000000000005,0.6243018463547709
143,Torrington,2024,6,2691.6269995367234,3362.6364257294745,0.09556215726908078,0.3134648681652095,3675.5000000000005,0.6068407502758367
143,Torrington,2025,7,2594.5085991528326,3326.6952512960747,0.09341865991111797,0.30643372596491003,3675.5000000000005,0.6624511398160198
144,Trumbull,2019,1,3052.803127510258,3108.1572200612504,0.02617778681840046,0.08584630579178942,6205.666666666667,0.09503882145778908
144,Trumbull,2020,2,3158.6466890100983,3256.2112597785663,0.053263182176662045,0.1746689839099587,6205.666666666667,0.1665638683122546
144,Trumbull,2021,3,3339.0571045313136,3603.322663425582,0.08189559684801807,0.26856489048472,6205.666666666667,0.17148066029079512
144,Trumbull,2022,4,3530.111669355528,4113.908631448948,0.1121663044127417,0.3678333441611978,6205.666666666667,0.1797743239070953
144,Trumbull,2023,5,4036.9994634218356,4898.788719645653,0.12060578799318349,0.39550942286095014,6205.666666666667,0.17168337253214427
144,Trumbull,2024,6,3983.9168356658356,4977.087787792518,0.12768247950075642,0.4187164199752458,6205.666666666667,0.17497903204848028
144,Trumbull,2025,7,4326.112741100296,5546.968977897784,0.13614648158433545,0.44647290359740355,6205.666666666667,0.17200110835332888
146,Vernon,2019,1,21.66656841841017,22.059431365479153,0.00018579082418786715,0.0006083034966854269,2674.0,0.43531408570850666
146,Vernon,2020,2,311.7130790365201,321.34130142205277,0.002858730476926027,0.009359858070476557,2674.0,0.512359393109569
146,Vernon,2021,3,288.8984021340193,311.7629100814879,0.005336034275225242,0.017470875228857364,2674.0,0.5354249348331493
146,Vernon,2022,4,658.3095009064225,767.1783194434202,0.010981038245497815,0.03595335771382482,2674.0,0.5522162401357033
146,Vernon,2023,5,1306.9571785436276,1585.9568824125008,0.02200240522732155,0.07203875699337926,2674.0,0.5355652004002677
146,Vernon,2024,6,1270.4736113858633,1587.1964593569196,0.030223776792217164,0.09895660448308716,2674.0,0.5337441217442059
146,Vernon,2025,7,1183.250797604783,1517.1716180741982,0.03789284858337896,0.12406615016322275,2674.0,0.5535587405498128
147,Voluntown,2019,1,-220.1282757172574,-224.1196896533015,-0.0018875999642754822,-0.006226113061782793,122.0,0.20074873853833217
147,Voluntown,2020,2,102.96613723085629,106.14656479104156,-0.0010046653375208896,-0.0033138165390144774,122.0,0.2505645435703901
147,Voluntown,2021,3,432.8828755210719,467.14285714285717,0.0027073053200723017,0.008929852370497388,122.0,0.26165413533834586
147,Voluntown,2022,4,503.5855991124035,586.8667444279815,0.0070255518324611604,0.023173278691551537,122.0,0.26796128747517417
147,Voluntown,2023,5,571.135013841141,693.0567587512433,0.013810634540424428,0.04555338722770604,122.0,0.29839253056117043
147,Voluntown,2024,6,637.5090420882319,796.4369234766792,0.018394339949576424,0.060672410675155455,122.0,0.30856177731583734
147,Voluntown,2025,7,736.0403965866279,943.7556279005333,0.02099391569271357,0.069246924764878,122.0,0.31516242986770104
148,Wallingford,2019,1,-325.4453092330376,-331.3463546051524,-0.0027906935266732973,-0.009152820224565254,4453.666666666667,0.22108099006566762
148,Wallingford,2020,2,-214.88011949546643,-221.51735647996202,-0.004633290551346921,-0.015196106293767097,4453.666666666667,0.30690697820576385
148,Wallingford,2021,3,-100.2002942645879,-108.13052304961441,-0.005492508074665763,-0.0180141382451682,4453.666666666667,0.3214681309772981
148,Wallingford,2022,4,-10.433450415592677,-12.158896301526175,-0.005581974911979469,-0.018307568487567098,4453.666666666667,0.32684015801882876
148,Wallingford,2023,5,73.7307160337435,89.47021253536339,-0.002159040495316822,-0.007081146432710604,4453.666666666667,0.31542086636096256
148,Wallingford,2024,6,121.04324627794865,151.21873465113475,0.0007215023661902118,0.002366358536406406,4453.666666666667,0.32120251698221614
148,Wallingford,2025,7,167.0647739555471,214.21150438978836,0.0030133003261778694,0.009882918315651598,4453.666666666667,0.35095713013467794
149,Warren,2019,1,1837.4225615610649,1870.7391084459216,0.015755898465386133,0.051630375870902155,1335.0,0.057799291958673504
149,Warren,2020,2,1949.1048758371162,2009.3090073265334,0.0324694727756894,0.10639895194943964,1335.0,0.172389024565436
149,Warren,2021,3,2005.5938704051837,2164.3241252302028,0.04966744021441385,0.16275483194115034,1335.0,0.2430939226519337
149,Warren,2022,4,2093.433715829751,2439.6381303400904,0.06761863432765396,0.22157895431247962,1335.0,0.22616853744345788
149,Warren,2023,5,1734.4007737844258,2104.6480245895496,0.0667352224974693,0.21868410925229864,1335.0,0.1799235324986881
149,Warren,2024,6,1789.0482221127577,2235.0491803278687,0.0653627366917829,0.21418662164911675,1335.0,0.22950819672131148
149,Warren,2025,7,1535.0518845263393,1968.2531853678586,0.061327839162871815,0.2009646986673258,1335.0,0.2466091245376079
150,Washington,2019,1,1970.4751355616793,2006.2042207556751,0.016896824287441402,0.05541958729099142,554.5,0.14504315033722534
150,Washington,2020,2,2109.50900878625,2174.6677179544945,0.03498586403778348,0.11474950043919152,554.5,0.2365397612074792
150,Washington,2021,3,2078.698935292624,2243.2150003705624,0.05281070740791774,0.17321288067530038,554.5,0.25939375972726597
150,Washington,2022,4,1997.6045517896034,2327.9610894941634,0.06994016643951359,0.22939548244115776,554.5,0.2918287937743191
150,Washington,2023,5,1774.2682462051175,2153.0261147886813,0.06825769236328108,0.22387716625662477,554.5,0.29824689023059575
150,Washington,2024,6,1736.5930192178391,2169.5171523002696,0.06505993775273194,0.21338890895100698,554.5,0.2773240132203776
150,Washington,2025,7,1526.022843177921,1956.676091737355,0.060320740262848366,0.19784490112374556,554.5,0.27489789506754636
151,Waterbury,2019,1,6668.2776234721605,6789.188288624167,0.05718048062127378,0.18707622780656055,16178.666666666664,0.7300208879750061
151,Waterbury,2020,2,6484.91620859886,6685.222899613965,0.11278863711000903,0.36900831438855247,16178.666666666664,0.7421525043143005
151,Waterbury,2021,3,7044.696357548528,7602.240167638381,0.17319690837598767,0.566644839894605,16178.666666666664,0.8148356896058284
151,Waterbury,2022,4,6363.195500293181,7415.517508836289,0.22776130979100168,0.7451620940053731,16178.666666666664,0.7785720600328375
151,Waterbury,2023,5,5819.116102262126,7061.338644793215,0.22047974974662563,0.7213391605349252,16178.666666666664,0.7269842791828837
151,Waterbury,2024,6,5977.567829917749,7467.746209118032,0.2161292373994351,0.7071056768339249,16178.666666666664,0.7764414659898939
151,Waterbury,2025,7,6022.375567886248,7721.927847820757,0.20736283662808105,0.6784248198364534,16178.666666666664,0.8076680558692829
152,Waterford,2019,1,2124.7562460862696,2163.2827900465677,0.01821978481018976,0.05982994682499705,2024.6666666666667,0.21248178727537642
152,Waterford,2020,2,2254.3840416845455,2324.0176642544593,0.03755112796763473,0.12331001781457626,2024.6666666666667,0.3025957211131121
152,Waterford,2021,3,2296.4145985051323,2478.161501396779,0.05724288314981623,0.18797360620020162,2024.6666666666667,0.3191030616645106
152,Waterford,2022,4,2321.0146679254403,2704.8555882769806,0.0771455839272769,0.25332989561824865,2024.6666666666667,0.28622497992094365
152,Waterford,2023,5,2324.892702574513,2821.193871575316,0.07886175404166358,0.2589654378464411,2024.6666666666667,0.2880612842468464
152,Waterford,2024,6,2360.0069071514386,2948.3450687359295,0.07976747011304218,0.2619396192077282,2024.6666666666667,0.3061582922195079
152,Waterford,2025,7,2387.369752782702,3061.1005190976675,0.08054741056097235,0.26450077983681686,2024.6666666666667,0.30120481927710846
153,Watertown,2019,1,-441.52679019274103,-449.53265031121,-0.003786092225902754,-0.012403010558052015,2352.666666666666,0.26344120519895337
153,Watertown,2020,2,-343.4417538902443,-354.0500145161811,-0.0067311052655116,-0.022050696257298257,2352.666666666666,0.34121986100308604
153,Watertown,2021,3,-246.1677657735807,-265.65041017508753,-0.008841993857020055,-0.028965840402026065,2352.666666666666,0.37278792629491425
153,Watertown,2022,4,210.16561898902555,244.9220407100063,-0.007039823674189158,-0.023062039207714578,2352.666666666666,0.3762140438358203
153,Watertown,2023,5,248.1111700310628,301.076136367881,-0.0011261781652700414,-0.003689291977234244,2352.666666666666,0.35149056653107574
153,Watertown,2024,6,202.42981155707685,252.89457198658658,0.003554670508440737,0.011644886921916996,2352.666666666666,0.3570770534694329
153,Watertown,2025,7,180.8609513570761,231.90104986390654,0.00721644175783612,0.023640629433602123,2352.666666666666,0.3992075101375748
154,Westbrook,2019,1,2119.5052405094416,2157.936572090642,0.01817475743736846,0.05945657934401937,484.83333333333326,0.18457144396842076
154,Westbrook,2020,2,2368.6050534350325,2441.7667451691705,0.038485545770573865,0.12590093230082341,484.83333333333326,0.29255591474920645
154,Westbrook,2021,3,2360.821887907535,2547.6662263320127,0.058729593459380974,0.19212695109648048,484.83333333333326,0.3625421987377073
154,Westbrook,2022,4,2347.424864659772,2735.633406793829,0.07885876167383853,0.25797715521591963,484.83333333333326,0.367809104035261
154,Westbrook,2023,5,2385.290617941087,2894.4850942194466,0.08113787128531486,0.2654329940030633,484.83333333333326,0.36041074396855727
154,Westbrook,2024,6,2455.7755291820686,3067.988339121292,0.08188535811484571,0.26787830916843836,484.83333333333326,0.27718482174148534
154,Westbrook,2025,7,2567.5795439937674,3292.166647325055,0.08365830501578517,0.2736782962357598,484.83333333333326,0.3448333029393723
155,West Hartford,2019,1,471.18086211099074,479.72441633317845,0.004040375892601746,0.013237710758889768,7988.333333333333,0.20164171125666353
155,West Hartford,2020,2,534.7565193566011,551.2741281344975,0.008625913046084599,0.028261564015488745,7988.333333333333,0.2454742277472276
155,West Hartford,2021,3,573.3867872334973,618.7667777659199,0.01354270474661184,0.04437072517360502,7988.333333333333,0.2562329143851641
155,West Hartford,2022,4,609.2632578730485,710.0209880460321,0.01876713718287323,0.06148782697525341,7988.333333333333,0.254579210043391
155,West Hartford,2023,5,672.4960234164135,816.0555787457247,0.020493414691067233,0.06714372705744448,7988.333333333333,0.23880481104326637
155,West Hartford,2024,6,656.0773730145427,819.6342483469374,0.021533741011184077,0.07055220668573448,7988.333333333333,0.24712663733293572
155,West Hartford,2025,7,547.0268043555457,701.401210609001,0.02130770415800564,0.06981162943184462,7988.333333333333,0.2609614302156581
156,West Haven,2019,1,3765.365765214248,3833.6401990215777,0.03228801143671217,0.10586542387410751,5150.0,0.6306089893426505
156,West Haven,2020,2,3579.7857934776825,3690.358547815448,0.0629846746157833,0.2065131601195821,5150.0,0.5462453333486142
156,West Haven,2021,3,3368.3092035670543,3634.889883784052,0.09186792603637078,0.3012151104238426,5150.0,0.6372614829645281
156,West Haven,2022,4,3101.388486747435,3614.2847762762044,0.11846233231023004,0.38841243127405545,5150.0,0.605122725753307
156,West Haven,2023,5,2934.054991148005,3560.3956908314235,0.11133384242261199,0.36503965079129996,5150.0,0.5573738328591941
156,West Haven,2024,6,3558.606001539981,4445.749046081597,0.11115222570674624,0.3644441687609049,5150.0,0.5782213090695627
156,West Haven,2025,7,3148.4231332711897,4036.9279523467094,0.10926670265395917,0.35826194544253903,5150.0,0.5776156468625631
157,Weston,2019,1,2115.266260474601,2153.620729944696,0.018138408183569703,0.05955946236235977,1941.3333333333333,0.0212042269977411
157,Weston,2020,2,2205.4215627418657,2273.542827738385,0.03704989808408119,0.12165742374609076,1941.3333333333333,0.01657116442955947
157,Weston,2021,3,2234.7759004770282,2411.6444845876613,0.05621310143067172,0.18458191397216106,1941.3333333333333,0.021695047330623666
157,Weston,2022,4,2163.2341839689807,2520.9819447156783,0.07476283455820573,0.2454920071214568,1941.3333333333333,0.012871269551014612
157,Weston,2023,5,2204.71907544249,2675.3664533833257,0.07552989244655538,0.24801072623774043,1941.3333333333333,0.013584926165926289
157,Weston,2024,6,2273.0465576226443,2839.705930040256,0.07610977677765804,0.249914840349811,1941.3333333333333,0.010654708686367068
157,Weston,2025,7,2327.92586745219,2984.8811952873034,0.07690853774447005,0.25253766001832284,1941.3333333333333,0.011283391787571343
158,Westport,2019,1,2149.669694433011,2188.6479744758367,0.01843341762976307,0.06039310748327607,4763.333333333333,0.03185152180487185
158,Westport,2020,2,2269.014862936486,2339.100403665022,0.03789022007944344,0.12413911406900754,4763.333333333333,0.030389294181182438
158,Westport,2021,3,2316.730319086851,2500.085084643255,0.05775618256561319,0.18922564505221515,4763.333333333333,0.03211804414258909
158,Westport,2022,4,2251.272517132799,2623.5797355575564,0.07706084440002693,0.2524731958054518,4763.333333333333,0.021041656793516893
158,Westport,2023,5,2255.6327437498107,2737.1488009510094,0.0779694775479185,0.25545013586429793,4763.333333333333,0.022860800585236495
158,Westport,2024,6,2239.5088002894963,2797.8073740868754,0.07771646306072055,0.2546211885997658,4763.333333333333,0.019712793978774016
158,Westport,2025,7,2266.974664390705,2906.7291791977705,0.0772898083217011,0.25322334659187645,4763.333333333333,0.024323697503709833
159,Wethersfield,2019,1,1557.562520785768,1585.8045843347031,0.013356098615737961,0.04386057600922917,3150.666666666666,0.18942036850401842
159,Wethersfield,2020,2,1474.8294178382819,1520.3840851610764,0.026002760873701233,0.0853914082669992,3150.666666666666,0.2539491687051702
159,Wethersfield,2021,3,1362.4221898950032,1470.2494148244473,0.03768553115205089,0.12375688074023508,3150.666666666666,0.24213263979193758
159,Wethersfield,2022,4,1277.4929227225032,1488.760031878117,0.048640032964396354,0.15973076601968797,3150.666666666666,0.25001399332052165
159,Wethersfield,2023,5,1560.7274955705302,1893.9002392784835,0.048667172623175686,0.15981989092816629,3150.666666666666,0.2800347085272541
159,Wethersfield,2024,6,1396.9103134761874,1745.1532119348985,0.04799901630327072,0.15762570818825256,3150.666666666666,0.2786622122538179
159,Wethersfield,2025,7,1144.4632892937116,1467.4380308545676,0.046130018730614654,0.15148803936331948,3150.666666666666,0.2810213418637756
160,Willington,2019,1,-461.2043327644412,-469.5669903792421,-0.003954827153455082,-0.012982760664934763,523.0,0.21597619730860432
160,Willington,2020,2,-320.4353827068233,-330.33302041400816,-0.006702560560166091,-0.02200291851411143,523.0,0.2688984709382806
160,Willington,2021,3,-156.60230764898674,-168.9964042635161,-0.008045425348256153,-0.026411225495090496,523.0,0.33870553486580196
160,Willington,2022,4,-65.22286676108337,-76.00918601684103,-0.008604711430732442,-0.02824722921163094,523.0,0.3742451305605171
160,Willington,2023,5,22.008539512000603,26.70676230555603,-0.004461161050961955,-0.014644934902342935,523.0,0.38164687441432543
160,Willington,2024,6,103.27891958870637,129.0258483358742,-0.0008278109087777889,-0.002717507109026235,523.0,0.381986673290053
160,Willington,2025,7,179.3145095456041,229.91819244253995,0.002052675798665828,0.006738448377826159,523.0,0.33536017343879676
161,Wilton,2019,1,2102.644283343762,2140.769888369903,0.018030174729672752,0.05915738184862439,3276.3333333333335,0.02304461486997138
161,Wilton,2020,2,2241.5057436435145,2310.7415801536663,0.03725108648141589,0.12222159686731143,3276.3333333333335,0.06004594153313897
161,Wilton,2021,3,2278.147676823363,2458.448866713887,0.05678620281017623,0.18631672370021415,3276.3333333333335,0.049737510937044295
161,Wilton,2022,4,2300.5334070969043,2680.987211410349,0.07651327677603217,0.25104166757075963,3276.3333333333335,0.04887185199746631
161,Wilton,2023,5,2273.3049915431475,2758.593591549867,0.07797669234884191,0.2558431647909422,3276.3333333333335,0.0730138212459403
161,Wilton,2024,6,2265.354229993731,2830.0959428139126,0.07818119311929503,0.25651413611248586,3276.3333333333335,0.06923708220500058
161,Wilton,2025,7,2281.3216917792347,2925.1250279913415,0.07820841029754162,0.2566034362457633,3276.3333333333335,0.06131436675588352
162,Winchester,2019,1,47.075065123602265,47.92864047807364,0.00040366868343488945,0.0012874684291483414,619.3333333333333,0.4877405747429475
162,Winchester,2020,2,144.79147293261917,149.26380532634835,0.0016452555638320993,0.005247408786557858,619.3333333333333,0.5837706398233491
162,Winchester,2021,3,231.61004771955507,249.9405394691796,0.003631311723027284,0.01158177334940076,619.3333333333333,0.5513612857889332
162,Winchester,2022,4,308.10111115202926,359.0537465231928,0.006273278751155935,0.0200081122732503,619.3333333333333,0.5235111772914149
162,Winchester,2023,5,378.3106254577424,459.06962369116076,0.009113623681021185,0.02906716137752126,619.3333333333333,0.5506958622885721
162,Winchester,2024,6,443.89876215011316,554.5605491396503,0.011678468686061197,0.037247525882266055,619.3333333333333,0.5741848708315941
162,Winchester,2025,7,497.76961744588516,638.2433356117566,0.01396078699646448,0.04452679447676768,619.3333333333333,0.5944886138791955
163,Windham,2019,1,6463.815122597102,6581.018429061398,0.05542721467627015,0.1815164531140552,3017.9999999999995,0.8357084198830975
163,Windham,2020,2,6153.097740322106,6343.155191831219,0.1081900277995322,0.35430736007901503,3017.9999999999995,0.7438996921690818
163,Windham,2021,3,5754.524541581327,6209.959293532127,0.15753507574359207,0.5159055593365982,3017.9999999999995,0.7510843439226729
163,Windham,2022,4,5335.336053447489,6217.674424436977,0.2032855824019043,0.6657321336158786,3017.9999999999995,0.726977479059036
163,Windham,2023,5,5102.418592577443,6191.645768276083,0.19161160715698572,0.6275014811723937,3017.9999999999995,0.7446552966610618
163,Windham,2024,6,4825.3414671364935,6028.275458214989,0.1802260971144191,0.5902155123231249,3017.9999999999995,0.7415363706679777
163,Windham,2025,7,4399.022632886991,5640.454499918605,0.1686026682473652,0.5521503922680406,3017.9999999999995,0.7385075823033672
164,Windsor,2019,1,594.1831759630456,604.9570349839925,0.005095120733883117,0.016725239615161206,2708.3333333333326,0.3618772095752052
164,Windsor,2020,2,693.7049889769872,715.1322127703187,0.011043641014360783,0.03625184796126232,2708.3333333333326,0.3879266167879471
164,Windsor,2021,3,754.670615188607,814.3980908383211,0.01751494153960309,0.05749453435858903,2708.3333333333326,0.41246059801682006
164,Windsor,2022,4,1676.4258652893727,1953.6670460221742,0.03189029333445946,0.1046830537046207,2708.3333333333326,0.45162187353557615
164,Windsor,2023,5,1693.6228947310065,2055.1651807774665,0.041317988922894726,0.13563040038608115,2708.3333333333326,0.414882226980728
164,Windsor,2024,6,1718.6340788285977,2147.081136042905,0.05010675586837228,0.16448040036888684,2708.3333333333326,0.4228530156770643
164,Windsor,2025,7,1750.7269508687173,2244.7931125272557,0.05864793894682922,0.19251768172988812,2708.3333333333326,0.46625409314345745
165,Windsor Locks,2019,1,75.15808262323884,76.5208653798442,0.0006444805584942729,0.0021126813028343847,1253.6666666666667,0.3709125192279065
165,Windsor Locks,2020,2,414.8490543119874,427.6629502309192,0.004201811199219565,0.013774019777060793,1253.6666666666667,0.4446193676934525
165,Windsor Locks,2021,3,487.6336374055242,526.226800592143,0.008383269639971934,0.02748132087392554,1253.6666666666667,0.42025031503480675
165,Windsor Locks,2022,4,559.3007050950433,651.7958109483956,0.01317927318616193,0.04320317141979123,1253.6666666666667,0.3854798327452951
165,Windsor Locks,2023,5,624.9945365579813,758.4138202820651,0.017894120778652347,0.05865898342696869,1253.6666666666667,0.41282536647134455
165,Windsor Locks,2024,6,676.2381857161492,844.8210528983855,0.020135532580443035,0.06600658878632817,1253.6666666666667,0.41124882771905813
165,Windsor Locks,2025,7,753.6797895226094,966.3729685156447,0.022416878334847037,0.07348510222960494,1253.6666666666667,0.4019141241323784
166,Wolcott,2019,1,-38.17785847235519,-38.870107734102035,-0.00032737513640044576,-0.0010754723025118696,1885.0000000000002,0.2279379911496901
166,Wolcott,2020,2,477.02885707124614,491.76336848281363,0.00376314731298549,0.01236245595767348,1885.0000000000002,0.2742148410124354
166,Wolcott,2021,3,640.5485630820251,691.243989581942,0.009255851241413853,0.03040674302807911,1885.0000000000002,0.29467744089755576
166,Wolcott,2022,4,707.6710466892414,824.7030972062363,0.0153241304667741,0.05034187402959839,1885.0000000000002,0.3073663283457152
166,Wolcott,2023,5,758.0824607673778,919.9123856758356,0.022152062704254804,0.07277256954783137,1885.0000000000002,0.28038311825773643
166,Wolcott,2024,6,818.4963594035972,1022.5434924420136,0.025080146536754718,0.08239172723925274,1885.0000000000002,0.2885815869395231
166,Wolcott,2025,7,888.9978246428778,1139.8786046103953,0.02721059895463903,0.08939055614375256,1885.0000000000002,0.3488474011745113
167,Woodbridge,2019,1,1749.1518929000313,1780.867896756558,0.014998977481617768,0.04785302159855089,961.0,0.059138937076170954
167,Woodbridge,2020,2,1841.4914714666736,1898.3716301791208,0.03078976684944449,0.09823225482313988,961.0,0.11631213006280855
167,Woodbridge,2021,3,1866.158036256164,2013.8528138528138,0.04679207201034109,0.14928631203667161,961.0,0.11689596259329196
167,Woodbridge,2022,4,2117.7931634815823,2468.026054388536,0.06495214838719567,0.2072245633713369,961.0,0.13939097866796937
167,Woodbridge,2023,5,2100.2551970562936,2548.6023867329504,0.06796285922033563,0.21682999218818835,961.0,0.1387336698909399
167,Woodbridge,2024,6,2109.842327475339,2635.815684764472,0.07026396781060992,0.22417149258086247,961.0,0.13541265562828905
167,Woodbridge,2025,7,2036.5792881647437,2611.314778080833,0.07172533004572598,0.22883385031064907,961.0,0.131415819489214
168,Woodbury,2019,1,1010.6391491832868,1028.9642787979085,0.008666230704246684,0.02843682716279512,1183.6666666666667,0.06954102920723226
168,Woodbury,2020,2,1062.5132458350256,1095.3322531416622,0.017777281787282027,0.05833326008290105,1183.6666666666667,0.18181133070821637
168,Woodbury,2021,3,1046.3314936099234,1129.1421099879005,0.026749574344987124,0.08777437946049454,1183.6666666666667,0.15904921743881972
168,Woodbury,2022,4,837.8803577730862,976.4459481230869,0.03393439841289134,0.11135021158252234,1183.6666666666667,0.1590945706460448
168,Woodbury,2023,5,590.5075966498077,716.5648595061184,0.03033177034991675,0.09952877328311939,1183.6666666666667,0.19827361759227735
168,Woodbury,2024,6,419.6787222401602,524.3025719207238,0.024819464310090786,0.08144103716433018,1183.6666666666667,0.22373136396935078
168,Woodbury,2025,7,135.3959881425826,173.60558795046668,0.017008192350708336,0.055809618129789816,1183.6666666666667,0.22664990830980983
169,Woodstock,2019,1,-238.88121305748172,-243.21265934601502,-0.0020484064019679056,-0.006704501044972681,1033.0,0.07158196134574087
169,Woodstock,2020,2,-82.79518661717378,-85.35257199113954,-0.0027583751272101708,-0.00902825186693446,1033.0,0.1399827713512183
169,Woodstock,2021,3,76.11137080962246,82.13511143925061,-0.002105720122517658,-0.006892090723928933,1033.0,0.14151015950656023
169,Woodstock,2022,4,160.31949935698168,186.83255204634057,-0.0007309804155315403,-0.0023925227704216893,1033.0,0.12547942610919077
169,Woodstock,2023,5,240.5470193627352,291.8972458816547,0.0033801166774718194,0.011063232264099549,1033.0,0.13634249234076
169,Woodstock,2024,6,321.43202310213223,401.5634519438179,0.00684636500081487,0.02240837621779063,1033.0,0.1440779832375558
169,Woodstock,2025,7,407.78892488956626,522.8695254292893,0.009690500027050386,0.031717323034750534,1033.0,0.17266534865450528
