district_code,district,fiscal_year,adm,nce,ncep,source
1,Andover,2008,642.14,7139312.0,11118.0,ncep_2007-08.pdf
2,Ansonia,2008,2867.43,29566938.0,10311.0,ncep_2007-08.pdf
3,Ashford,2008,710.79,9967732.0,14023.0,ncep_2007-08.pdf
4,Avon,2008,3596.56,38917347.0,10821.0,ncep_2007-08.pdf
5,Barkhamsted,2008,656.94,7392697.0,11253.0,ncep_2007-08.pdf
6,Beacon Falls,2008,1069.05,11564775.0,10818.0,ncep_2007-08.pdf
7,Berlin,2008,3313.32,37182013.0,11222.0,ncep_2007-08.pdf
8,Bethany,2008,1087.84,12773702.0,11742.0,ncep_2007-08.pdf
9,Bethel,2008,3158.07,38982875.0,12344.0,ncep_2007-08.pdf
10,Bethlehem,2008,531.19,6829778.0,12858.0,ncep_2007-08.pdf
11,Bloomfield,2008,2628.6,38686935.0,14718.0,ncep_2007-08.pdf
12,Bolton,2008,868.56,11466452.0,13202.0,ncep_2007-08.pdf
13,Bozrah,2008,391.58,4840245.0,12361.0,ncep_2007-08.pdf
14,Branford,2008,3536.5,44538977.0,12594.0,ncep_2007-08.pdf
15,Bridgeport,2008,12023.0,262128482.0,21801.84,ncep_2007-08.pdf
16,Bridgewater,2008,250.42,4350437.0,17373.0,ncep_2007-08.pdf
17,Bristol,2008,9040.16,99345943.0,10989.0,ncep_2007-08.pdf
18,Brookfield,2008,2991.2,34075918.0,11392.0,ncep_2007-08.pdf
19,Brooklyn,2008,1349.13,14350749.0,10637.0,ncep_2007-08.pdf
20,Burlington,2008,1874.65,19951841.0,10643.0,ncep_2007-08.pdf
21,Canaan,2008,144.31,2603516.0,18041.0,ncep_2007-08.pdf
22,Canterbury,2008,829.91,10291607.0,12401.0,ncep_2007-08.pdf
23,Canton,2008,1731.04,20759241.0,11992.0,ncep_2007-08.pdf
24,Chaplin,2008,342.26,5561679.0,16250.0,ncep_2007-08.pdf
25,Cheshire,2008,5096.8,55060672.0,10803.0,ncep_2007-08.pdf
26,Chester,2008,588.24,7307903.0,12423.0,ncep_2007-08.pdf
27,Clinton,2008,2124.8,27822824.0,13094.0,ncep_2007-08.pdf
28,Colchester,2008,3264.52,33049765.0,10124.0,ncep_2007-08.pdf
29,Colebrook,2008,263.39,3464161.0,13152.0,ncep_2007-08.pdf
30,Columbia,2008,855.8,10967396.0,12815.0,ncep_2007-08.pdf
31,Cornwall,2008,201.31,3548393.0,17627.0,ncep_2007-08.pdf
32,Coventry,2008,2074.67,22658291.0,10921.0,ncep_2007-08.pdf
33,Cromwell,2008,1983.49,24150445.0,12176.0,ncep_2007-08.pdf
34,Danbury,2008,9964.78,115235556.0,11564.0,ncep_2007-08.pdf
35,Darien,2008,4665.16,64023808.0,13724.0,ncep_2007-08.pdf
36,Deep River,2008,689.53,9249108.0,13414.0,ncep_2007-08.pdf
37,Derby,2008,1553.87,17525788.0,11279.0,ncep_2007-08.pdf
38,Durham,2008,1429.31,17729977.0,12405.0,ncep_2007-08.pdf
39,Eastford,2008,268.55,3609726.0,13442.0,ncep_2007-08.pdf
40,East Granby,2008,923.89,12287015.0,13299.0,ncep_2007-08.pdf
41,East Haddam,2008,1463.2,17512747.0,11969.0,ncep_2007-08.pdf
42,East Hampton,2008,2085.2,24367274.0,11686.0,ncep_2007-08.pdf
43,East Hartford,2008,8062.01,89584426.0,11112.0,ncep_2007-08.pdf
44,East Haven,2008,3888.36,45173000.0,11617.0,ncep_2007-08.pdf
45,East Lyme,2008,3026.43,36026613.0,11904.0,ncep_2007-08.pdf
46,Easton,2008,1602.42,21514228.0,13426.0,ncep_2007-08.pdf
47,East Windsor,2008,1560.67,18006800.0,11538.0,ncep_2007-08.pdf
48,Ellington,2008,2628.11,26714078.0,10165.0,ncep_2007-08.pdf
49,Enfield,2008,6437.02,73670241.0,11445.0,ncep_2007-08.pdf
50,Essex,2008,960.54,11887639.0,12376.0,ncep_2007-08.pdf
51,Fairfield,2008,9768.72,135832764.0,13905.0,ncep_2007-08.pdf
52,Farmington,2008,4178.89,49493256.0,11844.0,ncep_2007-08.pdf
53,Franklin,2008,307.45,3865080.0,12571.0,ncep_2007-08.pdf
54,Glastonbury,2008,7023.72,76783304.0,10932.0,ncep_2007-08.pdf
55,Goshen,2008,437.06,5994234.0,13715.0,ncep_2007-08.pdf
56,Granby,2008,2265.61,25127971.0,11091.0,ncep_2007-08.pdf
57,Greenwich,2008,8945.13,151389264.0,16924.0,ncep_2007-08.pdf
58,Griswold,2008,1928.54,20629469.0,10697.0,ncep_2007-08.pdf
59,Groton,2008,5323.84,70668665.0,13274.0,ncep_2007-08.pdf
60,Guilford,2008,3845.73,46376385.0,12059.0,ncep_2007-08.pdf
61,Haddam,2008,1399.61,16977022.0,12130.0,ncep_2007-08.pdf
62,Hamden,2008,7100.29,92507433.0,13029.0,ncep_2007-08.pdf
63,Hampton,2008,245.53,3934557.0,16025.0,ncep_2007-08.pdf
64,Hartford,2008,15706.0,350922072.0,22342.55,ncep_2007-08.pdf
65,Hartland,2008,339.07,4374861.0,12903.0,ncep_2007-08.pdf
66,Harwinton,2008,949.38,10104222.0,10643.0,ncep_2007-08.pdf
67,Hebron,2008,2088.89,21564802.0,10324.0,ncep_2007-08.pdf
68,Kent,2008,353.43,5812809.0,16447.0,ncep_2007-08.pdf
69,Killingly,2008,2641.21,33222263.0,12578.0,ncep_2007-08.pdf
70,Killingworth,2008,1168.14,14169331.0,12130.0,ncep_2007-08.pdf
71,Lebanon,2008,1346.52,14151662.0,10510.0,ncep_2007-08.pdf
72,Ledyard,2008,2757.43,30802510.0,11171.0,ncep_2007-08.pdf
73,Lisbon,2008,814.81,8718703.0,10700.0,ncep_2007-08.pdf
74,Litchfield,2008,1247.8,16016431.0,12836.0,ncep_2007-08.pdf
75,Lyme,2008,318.98,4980040.0,15612.0,ncep_2007-08.pdf
76,Madison,2008,3868.59,41658974.0,10769.0,ncep_2007-08.pdf
77,Manchester,2008,7411.81,96044715.0,12958.0,ncep_2007-08.pdf
78,Mansfield,2008,1966.25,29226105.0,14864.0,ncep_2007-08.pdf
79,Marlborough,2008,1186.4,12785320.0,10777.0,ncep_2007-08.pdf
80,Meriden,2008,9621.43,112738698.0,11717.0,ncep_2007-08.pdf
81,Middlebury,2008,1334.98,15161820.0,11357.0,ncep_2007-08.pdf
82,Middlefield,2008,749.25,9294125.0,12405.0,ncep_2007-08.pdf
83,Middletown,2008,5199.22,67611419.0,13004.0,ncep_2007-08.pdf
84,Milford,2008,7371.78,97142129.0,13178.0,ncep_2007-08.pdf
85,Monroe,2008,4183.43,45682089.0,10920.0,ncep_2007-08.pdf
86,Montville,2008,2931.39,33882962.0,11559.0,ncep_2007-08.pdf
87,Morris,2008,385.7,5289837.0,13715.0,ncep_2007-08.pdf
88,Naugatuck,2008,5132.03,60754969.0,11838.0,ncep_2007-08.pdf
89,New Britain,2008,10984.91,130035037.0,11838.0,ncep_2007-08.pdf
90,New Canaan,2008,4110.28,66169729.0,16099.0,ncep_2007-08.pdf
91,New Fairfield,2008,3006.6,32377963.0,10769.0,ncep_2007-08.pdf
92,New Hartford,2008,1141.81,13572097.0,11886.0,ncep_2007-08.pdf
93,New Haven,2008,16035.0,297391694.0,18546.95,ncep_2007-08.pdf
94,Newington,2008,4553.21,54016356.0,11863.0,ncep_2007-08.pdf
95,New London,2008,3380.86,46401462.0,13725.0,ncep_2007-08.pdf
96,New Milford,2008,4918.78,53368310.0,10850.0,ncep_2007-08.pdf
97,Newtown,2008,5747.07,62704301.0,10911.0,ncep_2007-08.pdf
98,Norfolk,2008,265.87,3715645.0,13975.0,ncep_2007-08.pdf
99,North Branford,2008,2530.56,26590286.0,10508.0,ncep_2007-08.pdf
100,North Canaan,2008,474.25,6921790.0,14595.0,ncep_2007-08.pdf
101,North Haven,2008,3902.1,41317669.0,10589.0,ncep_2007-08.pdf
102,North Stonington,2008,822.91,11208884.0,13621.0,ncep_2007-08.pdf
103,Norwalk,2008,10608.33,155828853.0,14689.0,ncep_2007-08.pdf
104,Norwich,2008,5590.52,70518238.0,12614.0,ncep_2007-08.pdf
105,Old Lyme,2008,1241.35,19380438.0,15612.0,ncep_2007-08.pdf
106,Old Saybrook,2008,1626.56,19424157.0,11942.0,ncep_2007-08.pdf
107,Orange,2008,2537.52,31406123.0,12377.0,ncep_2007-08.pdf
108,Oxford,2008,2167.12,23161572.0,10688.0,ncep_2007-08.pdf
109,Plainfield,2008,2587.23,29960280.0,11580.0,ncep_2007-08.pdf
110,Plainville,2008,2605.73,31894246.0,12240.0,ncep_2007-08.pdf
111,Plymouth,2008,2026.65,21208707.0,10465.0,ncep_2007-08.pdf
112,Pomfret,2008,778.65,8672245.0,11138.0,ncep_2007-08.pdf
113,Portland,2008,1451.12,17434332.0,12014.0,ncep_2007-08.pdf
114,Preston,2008,758.08,10040553.0,13245.0,ncep_2007-08.pdf
115,Prospect,2008,1644.0,17784473.0,10818.0,ncep_2007-08.pdf
116,Putnam,2008,1298.97,16502137.0,12704.0,ncep_2007-08.pdf
117,Redding,2008,1808.89,27010789.0,14932.0,ncep_2007-08.pdf
118,Ridgefield,2008,5573.48,71039193.0,12746.0,ncep_2007-08.pdf
119,Rocky Hill,2008,2626.19,30019961.0,11431.0,ncep_2007-08.pdf
120,Roxbury,2008,314.0,5454984.0,17373.0,ncep_2007-08.pdf
121,Salem,2008,806.36,9552630.0,11847.0,ncep_2007-08.pdf
122,Salisbury,2008,417.62,7141043.0,17099.0,ncep_2007-08.pdf
123,Scotland,2008,265.4,3882087.0,14627.0,ncep_2007-08.pdf
124,Seymour,2008,2554.42,26559203.0,10397.0,ncep_2007-08.pdf
125,Sharon,2008,327.16,5966518.0,18237.0,ncep_2007-08.pdf
126,Shelton,2008,5713.38,62347435.0,10913.0,ncep_2007-08.pdf
127,Sherman,2008,642.11,7713252.0,12012.0,ncep_2007-08.pdf
128,Simsbury,2008,4967.39,58310396.0,11739.0,ncep_2007-08.pdf
129,Somers,2008,1706.39,18430490.0,10801.0,ncep_2007-08.pdf
130,Southbury,2008,3274.07,37184722.0,11357.0,ncep_2007-08.pdf
131,Southington,2008,6882.4,76356413.0,11094.0,ncep_2007-08.pdf
132,South Windsor,2008,5082.85,57201195.0,11254.0,ncep_2007-08.pdf
133,Sprague,2008,464.09,6093302.0,13130.0,ncep_2007-08.pdf
134,Stafford,2008,1926.19,23562889.0,12233.0,ncep_2007-08.pdf
135,Stamford,2008,15028.56,227301087.0,15125.0,ncep_2007-08.pdf
136,Sterling,2008,675.39,7317084.0,10834.0,ncep_2007-08.pdf
137,Stonington,2008,2578.24,29820043.0,11566.0,ncep_2007-08.pdf
138,Stratford,2008,7654.22,87193496.0,11392.0,ncep_2007-08.pdf
139,Suffield,2008,2497.0,27108010.0,10856.0,ncep_2007-08.pdf
140,Thomaston,2008,1364.64,14045840.0,10293.0,ncep_2007-08.pdf
141,Thompson,2008,1474.19,15701038.0,10651.0,ncep_2007-08.pdf
142,Tolland,2008,3207.67,32082654.0,10002.0,ncep_2007-08.pdf
143,Torrington,2008,4923.88,59628398.0,12110.0,ncep_2007-08.pdf
144,Trumbull,2008,6857.5,78828331.0,11495.0,ncep_2007-08.pdf
145,Union,2008,109.0,1294128.0,11873.0,ncep_2007-08.pdf
146,Vernon,2008,3753.32,45562615.0,12139.0,ncep_2007-08.pdf
147,Voluntown,2008,436.19,5831148.0,13368.0,ncep_2007-08.pdf
148,Wallingford,2008,6957.6,81543479.0,11720.0,ncep_2007-08.pdf
149,Warren,2008,199.04,2729814.0,13715.0,ncep_2007-08.pdf
150,Washington,2008,467.74,8125842.0,17373.0,ncep_2007-08.pdf
151,Waterbury,2008,12712.0,225979255.0,17776.39,ncep_2007-08.pdf
152,Waterford,2008,3317.09,39266799.0,11838.0,ncep_2007-08.pdf
153,Watertown,2008,3399.5,33255697.0,9783.0,ncep_2007-08.pdf
154,Westbrook,2008,994.96,12568497.0,12632.0,ncep_2007-08.pdf
155,West Hartford,2008,9999.26,119511268.0,11952.0,ncep_2007-08.pdf
156,West Haven,2008,7345.54,80935880.0,11018.0,ncep_2007-08.pdf
157,Weston,2008,2587.5,41808029.0,16158.0,ncep_2007-08.pdf
158,Westport,2008,5689.14,89338658.0,15703.0,ncep_2007-08.pdf
159,Wethersfield,2008,3921.22,46509871.0,11861.0,ncep_2007-08.pdf
160,Willington,2008,852.68,11012345.0,12915.0,ncep_2007-08.pdf
161,Wilton,2008,4385.26,63593297.0,14502.0,ncep_2007-08.pdf
162,Winchester,2008,1520.4,20946997.0,13777.0,ncep_2007-08.pdf
163,Windham,2008,3566.92,47078691.0,13199.0,ncep_2007-08.pdf
164,Windsor,2008,4560.17,57216761.0,12547.0,ncep_2007-08.pdf
165,Windsor Locks,2008,1963.86,26184567.0,13333.0,ncep_2007-08.pdf
166,Wolcott,2008,3242.81,30982490.0,9554.0,ncep_2007-08.pdf
167,Woodbridge,2008,1620.13,21946461.0,13546.0,ncep_2007-08.pdf
168,Woodbury,2008,1483.63,19075780.0,12858.0,ncep_2007-08.pdf
169,Woodstock,2008,1420.98,14645450.0,10307.0,ncep_2007-08.pdf
1,Andover,2009,641.76,7403444.0,11536.0,ncep_2008-09.pdf
2,Ansonia,2009,2855.78,29436353.0,10308.0,ncep_2008-09.pdf
3,Ashford,2009,695.89,10585690.0,15212.0,ncep_2008-09.pdf
4,Avon,2009,3573.81,40318507.0,11282.0,ncep_2008-09.pdf
5,Barkhamsted,2009,676.46,7793265.0,11521.0,ncep_2008-09.pdf
6,Beacon Falls,2009,1025.07,12104751.0,11809.0,ncep_2008-09.pdf
7,Berlin,2009,3266.73,39409696.0,12064.0,ncep_2008-09.pdf
8,Bethany,2009,1074.55,13535299.0,12596.0,ncep_2008-09.pdf
9,Bethel,2009,3102.17,40037351.0,12906.0,ncep_2008-09.pdf
10,Bethlehem,2009,498.65,6812452.0,13662.0,ncep_2008-09.pdf
11,Bloomfield,2009,2556.5,40599109.0,15881.0,ncep_2008-09.pdf
12,Bolton,2009,844.55,11698563.0,13852.0,ncep_2008-09.pdf
13,Bozrah,2009,391.67,5071542.0,12949.0,ncep_2008-09.pdf
14,Branford,2009,3536.87,46385052.0,13115.0,ncep_2008-09.pdf
15,Bridgeport,2009,12665.0,269842216.0,21306.13,ncep_2008-09.pdf
16,Bridgewater,2009,232.37,4300847.0,18509.0,ncep_2008-09.pdf
17,Bristol,2009,8913.78,104067929.0,11675.0,ncep_2008-09.pdf
18,Brookfield,2009,3036.89,34140341.0,11242.0,ncep_2008-09.pdf
19,Brooklyn,2009,1314.52,14808149.0,11265.0,ncep_2008-09.pdf
20,Burlington,2009,1870.49,20725888.0,11080.0,ncep_2008-09.pdf
21,Canaan,2009,130.5,2835842.0,21731.0,ncep_2008-09.pdf
22,Canterbury,2009,824.7,10331438.0,12528.0,ncep_2008-09.pdf
23,Canton,2009,1783.9,21401185.0,11997.0,ncep_2008-09.pdf
24,Chaplin,2009,314.11,5791579.0,18438.0,ncep_2008-09.pdf
25,Cheshire,2009,4997.44,57737330.0,11553.0,ncep_2008-09.pdf
26,Chester,2009,584.57,8108995.0,13872.0,ncep_2008-09.pdf
27,Clinton,2009,2129.43,29570253.0,13886.0,ncep_2008-09.pdf
28,Colchester,2009,3209.93,34411480.0,10720.0,ncep_2008-09.pdf
29,Colebrook,2009,255.79,3503230.0,13696.0,ncep_2008-09.pdf
30,Columbia,2009,847.13,11193044.0,13213.0,ncep_2008-09.pdf
31,Cornwall,2009,186.05,3683611.0,19799.0,ncep_2008-09.pdf
32,Coventry,2009,2024.59,24075121.0,11891.0,ncep_2008-09.pdf
33,Cromwell,2009,2009.77,24747885.0,12314.0,ncep_2008-09.pdf
34,Danbury,2009,10133.82,120712067.0,11912.0,ncep_2008-09.pdf
35,Darien,2009,4714.62,69946159.0,14836.0,ncep_2008-09.pdf
36,Deep River,2009,661.47,9402774.0,14215.0,ncep_2008-09.pdf
37,Derby,2009,1568.98,17984515.0,11463.0,ncep_2008-09.pdf
38,Durham,2009,1428.27,19245583.0,13475.0,ncep_2008-09.pdf
39,Eastford,2009,266.69,3694038.0,13851.0,ncep_2008-09.pdf
40,East Granby,2009,906.36,12747967.0,14065.0,ncep_2008-09.pdf
41,East Haddam,2009,1458.22,18100794.0,12413.0,ncep_2008-09.pdf
42,East Hampton,2009,2066.07,25694604.0,12436.0,ncep_2008-09.pdf
43,East Hartford,2009,7917.59,92633940.0,11700.0,ncep_2008-09.pdf
44,East Haven,2009,3810.03,47865877.0,12563.0,ncep_2008-09.pdf
45,East Lyme,2009,2934.53,36927338.0,12584.0,ncep_2008-09.pdf
46,Easton,2009,1590.04,22566408.0,14192.0,ncep_2008-09.pdf
47,East Windsor,2009,1525.81,19579041.0,12832.0,ncep_2008-09.pdf
48,Ellington,2009,2661.79,28186963.0,10589.0,ncep_2008-09.pdf
49,Enfield,2009,6398.82,75261167.0,11762.0,ncep_2008-09.pdf
50,Essex,2009,975.22,12820323.0,13146.0,ncep_2008-09.pdf
51,Fairfield,2009,9960.92,143958769.0,14452.0,ncep_2008-09.pdf
52,Farmington,2009,4167.67,49879154.0,11968.0,ncep_2008-09.pdf
53,Franklin,2009,302.07,3957223.0,13100.0,ncep_2008-09.pdf
54,Glastonbury,2009,7020.83,81672562.0,11633.0,ncep_2008-09.pdf
55,Goshen,2009,430.5,6414474.0,14900.0,ncep_2008-09.pdf
56,Granby,2009,2204.76,25819970.0,11711.0,ncep_2008-09.pdf
57,Greenwich,2009,8760.93,154775042.0,17667.0,ncep_2008-09.pdf
58,Griswold,2009,1941.73,22056430.0,11359.0,ncep_2008-09.pdf
59,Groton,2009,5292.91,72494786.0,13697.0,ncep_2008-09.pdf
60,Guilford,2009,3789.26,48601870.0,12826.0,ncep_2008-09.pdf
61,Haddam,2009,1374.84,17476346.0,12712.0,ncep_2008-09.pdf
62,Hamden,2009,6966.15,98244645.0,14103.0,ncep_2008-09.pdf
63,Hampton,2009,230.54,3982962.0,17277.0,ncep_2008-09.pdf
64,Hartford,2009,16202.0,352012048.0,21726.31,ncep_2008-09.pdf
65,Hartland,2009,337.29,4513680.0,13382.0,ncep_2008-09.pdf
66,Harwinton,2009,958.02,10615302.0,11080.0,ncep_2008-09.pdf
67,Hebron,2009,2096.54,22340872.0,10656.0,ncep_2008-09.pdf
68,Kent,2009,372.3,5964142.0,16020.0,ncep_2008-09.pdf
69,Killingly,2009,2672.49,34691070.0,12981.0,ncep_2008-09.pdf
70,Killingworth,2009,1173.9,14922088.0,12712.0,ncep_2008-09.pdf
71,Lebanon,2009,1347.37,15012709.0,11142.0,ncep_2008-09.pdf
72,Ledyard,2009,2652.29,32032021.0,12077.0,ncep_2008-09.pdf
73,Lisbon,2009,783.81,9251343.0,11803.0,ncep_2008-09.pdf
74,Litchfield,2009,1234.79,15944280.0,12913.0,ncep_2008-09.pdf
75,Lyme,2009,297.61,5129850.0,17237.0,ncep_2008-09.pdf
76,Madison,2009,3812.99,44715096.0,11727.0,ncep_2008-09.pdf
77,Manchester,2009,7479.64,98448923.0,13162.0,ncep_2008-09.pdf
78,Mansfield,2009,1961.67,30391247.0,15493.0,ncep_2008-09.pdf
79,Marlborough,2009,1232.63,13281900.0,10775.0,ncep_2008-09.pdf
80,Meriden,2009,9484.31,113167385.0,11932.0,ncep_2008-09.pdf
81,Middlebury,2009,1365.56,16440169.0,12039.0,ncep_2008-09.pdf
82,Middlefield,2009,736.04,9917956.0,13475.0,ncep_2008-09.pdf
83,Middletown,2009,5274.58,70505835.0,13367.0,ncep_2008-09.pdf
84,Milford,2009,7308.92,101044930.0,13825.0,ncep_2008-09.pdf
85,Monroe,2009,4082.5,48416917.0,11860.0,ncep_2008-09.pdf
86,Montville,2009,2842.42,34679173.0,12201.0,ncep_2008-09.pdf
87,Morris,2009,367.97,5482773.0,14900.0,ncep_2008-09.pdf
88,Naugatuck,2009,5049.97,64384435.0,12749.0,ncep_2008-09.pdf
89,New Britain,2009,10814.58,128784553.0,11908.0,ncep_2008-09.pdf
90,New Canaan,2009,4106.2,68181860.0,16605.0,ncep_2008-09.pdf
91,New Fairfield,2009,3025.2,33170503.0,10965.0,ncep_2008-09.pdf
92,New Hartford,2009,1157.25,14350853.0,12401.0,ncep_2008-09.pdf
93,New Haven,2009,16976.0,306835258.0,18074.31,ncep_2008-09.pdf
94,Newington,2009,4525.1,56525376.0,12492.0,ncep_2008-09.pdf
95,New London,2009,3505.52,47307606.0,13495.0,ncep_2008-09.pdf
96,New Milford,2009,4812.11,55470220.0,11527.0,ncep_2008-09.pdf
97,Newtown,2009,5626.98,65626234.0,11663.0,ncep_2008-09.pdf
98,Norfolk,2009,259.34,3796274.0,14638.0,ncep_2008-09.pdf
99,North Branford,2009,2499.36,27355502.0,10945.0,ncep_2008-09.pdf
100,North Canaan,2009,463.1,7499726.0,16195.0,ncep_2008-09.pdf
101,North Haven,2009,3846.91,42892966.0,11150.0,ncep_2008-09.pdf
102,North Stonington,2009,805.73,11345795.0,14081.0,ncep_2008-09.pdf
103,Norwalk,2009,10806.39,165498634.0,15315.0,ncep_2008-09.pdf
104,Norwich,2009,5578.01,73306886.0,13142.0,ncep_2008-09.pdf
105,Old Lyme,2009,1205.15,20772955.0,17237.0,ncep_2008-09.pdf
106,Old Saybrook,2009,1636.98,20118044.0,12290.0,ncep_2008-09.pdf
107,Orange,2009,2522.93,33964961.0,13463.0,ncep_2008-09.pdf
108,Oxford,2009,2206.6,24556586.0,11129.0,ncep_2008-09.pdf
109,Plainfield,2009,2542.9,30794353.0,12110.0,ncep_2008-09.pdf
110,Plainville,2009,2528.1,32619465.0,12903.0,ncep_2008-09.pdf
111,Plymouth,2009,1994.65,22090029.0,11075.0,ncep_2008-09.pdf
112,Pomfret,2009,781.42,9056883.0,11590.0,ncep_2008-09.pdf
113,Portland,2009,1463.96,17808609.0,12165.0,ncep_2008-09.pdf
114,Preston,2009,726.13,10055811.0,13848.0,ncep_2008-09.pdf
115,Prospect,2009,1617.74,19103417.0,11809.0,ncep_2008-09.pdf
116,Putnam,2009,1237.6,17218225.0,13913.0,ncep_2008-09.pdf
117,Redding,2009,1792.14,28686335.0,16007.0,ncep_2008-09.pdf
118,Ridgefield,2009,5586.62,73450006.0,13147.0,ncep_2008-09.pdf
119,Rocky Hill,2009,2640.24,30918480.0,11710.0,ncep_2008-09.pdf
120,Roxbury,2009,308.52,5710278.0,18509.0,ncep_2008-09.pdf
121,Salem,2009,806.52,10049901.0,12461.0,ncep_2008-09.pdf
122,Salisbury,2009,427.23,7623671.0,17844.0,ncep_2008-09.pdf
123,Scotland,2009,270.65,4144074.0,15312.0,ncep_2008-09.pdf
124,Seymour,2009,2568.8,28155259.0,10960.0,ncep_2008-09.pdf
125,Sharon,2009,300.05,6165899.0,20550.0,ncep_2008-09.pdf
126,Shelton,2009,5657.08,65238108.0,11532.0,ncep_2008-09.pdf
127,Sherman,2009,630.24,8029379.0,12740.0,ncep_2008-09.pdf
128,Simsbury,2009,4960.61,60450213.0,12186.0,ncep_2008-09.pdf
129,Somers,2009,1701.95,19377108.0,11385.0,ncep_2008-09.pdf
130,Southbury,2009,3203.44,38566664.0,12039.0,ncep_2008-09.pdf
131,Southington,2009,6816.82,79070025.0,11599.0,ncep_2008-09.pdf
132,South Windsor,2009,4964.52,59850301.0,12056.0,ncep_2008-09.pdf
133,Sprague,2009,457.86,5816910.0,12705.0,ncep_2008-09.pdf
134,Stafford,2009,1939.69,24599654.0,12682.0,ncep_2008-09.pdf
135,Stamford,2009,14883.73,237036675.0,15926.0,ncep_2008-09.pdf
136,Sterling,2009,678.78,7457731.0,10987.0,ncep_2008-09.pdf
137,Stonington,2009,2551.42,30428483.0,11926.0,ncep_2008-09.pdf
138,Stratford,2009,7598.54,91213585.0,12004.0,ncep_2008-09.pdf
139,Suffield,2009,2447.58,28918521.0,11815.0,ncep_2008-09.pdf
140,Thomaston,2009,1328.08,14476258.0,10900.0,ncep_2008-09.pdf
141,Thompson,2009,1392.47,16279188.0,11691.0,ncep_2008-09.pdf
142,Tolland,2009,3230.15,33868360.0,10485.0,ncep_2008-09.pdf
143,Torrington,2009,4807.71,62837316.0,13070.0,ncep_2008-09.pdf
144,Trumbull,2009,6847.86,82364585.0,12028.0,ncep_2008-09.pdf
145,Union,2009,110.0,1317964.0,11981.0,ncep_2008-09.pdf
146,Vernon,2009,3637.8,46566953.0,12801.0,ncep_2008-09.pdf
147,Voluntown,2009,434.37,5953719.0,13707.0,ncep_2008-09.pdf
148,Wallingford,2009,6945.34,84968070.0,12234.0,ncep_2008-09.pdf
149,Warren,2009,174.9,2606020.0,14900.0,ncep_2008-09.pdf
150,Washington,2009,456.49,8448997.0,18509.0,ncep_2008-09.pdf
151,Waterbury,2009,12999.0,230541402.0,17735.58,ncep_2008-09.pdf
152,Waterford,2009,3256.43,40288349.0,12372.0,ncep_2008-09.pdf
153,Watertown,2009,3334.48,34292897.0,10284.0,ncep_2008-09.pdf
154,Westbrook,2009,979.08,13257258.0,13541.0,ncep_2008-09.pdf
155,West Hartford,2009,10111.39,124618487.0,12325.0,ncep_2008-09.pdf
156,West Haven,2009,7335.32,83943257.0,11444.0,ncep_2008-09.pdf
157,Weston,2009,2581.69,44044341.0,17060.0,ncep_2008-09.pdf
158,Westport,2009,5787.03,94475798.0,16325.0,ncep_2008-09.pdf
159,Wethersfield,2009,3965.97,50117485.0,12637.0,ncep_2008-09.pdf
160,Willington,2009,821.61,11396324.0,13871.0,ncep_2008-09.pdf
161,Wilton,2009,4395.96,67095232.0,15263.0,ncep_2008-09.pdf
162,Winchester,2009,1463.51,20364992.0,13915.0,ncep_2008-09.pdf
163,Windham,2009,3390.55,47013760.0,13866.0,ncep_2008-09.pdf
164,Windsor,2009,4461.22,59655279.0,13372.0,ncep_2008-09.pdf
165,Windsor Locks,2009,1972.51,27665331.0,14025.0,ncep_2008-09.pdf
166,Wolcott,2009,3098.46,32066482.0,10349.0,ncep_2008-09.pdf
167,Woodbridge,2009,1574.78,22602140.0,14353.0,ncep_2008-09.pdf
168,Woodbury,2009,1445.44,19747300.0,13662.0,ncep_2008-09.pdf
169,Woodstock,2009,1411.77,15146560.0,10729.0,ncep_2008-09.pdf
1,Andover,2010,631.35,7525655.0,11920.0,ncep_2009-10.pdf
2,Ansonia,2010,2867.97,30173580.0,10521.0,ncep_2009-10.pdf
3,Ashford,2010,696.74,10607901.0,15225.0,ncep_2009-10.pdf
4,Avon,2010,3616.52,42223213.0,11675.0,ncep_2009-10.pdf
5,Barkhamsted,2010,671.83,7823840.0,11646.0,ncep_2009-10.pdf
6,Beacon Falls,2010,1038.9,13029689.0,12542.0,ncep_2009-10.pdf
7,Berlin,2010,3219.34,40252339.0,12503.0,ncep_2009-10.pdf
8,Bethany,2010,1039.59,13649313.0,13130.0,ncep_2009-10.pdf
9,Bethel,2010,3061.31,40385303.0,13192.0,ncep_2009-10.pdf
10,Bethlehem,2010,495.04,7086065.0,14314.0,ncep_2009-10.pdf
11,Bloomfield,2010,2529.41,41579674.0,16438.0,ncep_2009-10.pdf
12,Bolton,2010,839.24,11960280.0,14251.0,ncep_2009-10.pdf
13,Bozrah,2010,387.81,5314859.0,13705.0,ncep_2009-10.pdf
14,Branford,2010,3581.27,47965639.0,13393.0,ncep_2009-10.pdf
15,Bridgeport,2010,13054.0,274422248.0,21022.7,ncep_2009-10.pdf
16,Bridgewater,2010,232.07,4590692.0,19781.0,ncep_2009-10.pdf
17,Bristol,2010,8783.64,106777368.0,12156.0,ncep_2009-10.pdf
18,Brookfield,2010,2988.01,34609738.0,11583.0,ncep_2009-10.pdf
19,Brooklyn,2010,1312.93,15268128.0,11629.0,ncep_2009-10.pdf
20,Burlington,2010,1874.2,21262514.0,11345.0,ncep_2009-10.pdf
21,Canaan,2010,136.1,2716431.0,19959.0,ncep_2009-10.pdf
22,Canterbury,2010,770.26,10719713.0,13917.0,ncep_2009-10.pdf
23,Canton,2010,1793.32,22564618.0,12583.0,ncep_2009-10.pdf
24,Chaplin,2010,290.45,5621525.0,19355.0,ncep_2009-10.pdf
25,Cheshire,2010,4943.37,58206376.0,11775.0,ncep_2009-10.pdf
26,Chester,2010,574.04,8178571.0,14247.0,ncep_2009-10.pdf
27,Clinton,2010,2069.22,29244877.0,14133.0,ncep_2009-10.pdf
28,Colchester,2010,3237.3,35383455.0,10930.0,ncep_2009-10.pdf
29,Colebrook,2010,255.02,3491719.0,13692.0,ncep_2009-10.pdf
30,Columbia,2010,785.83,10817013.0,13765.0,ncep_2009-10.pdf
31,Cornwall,2010,182.19,3766345.0,20673.0,ncep_2009-10.pdf
32,Coventry,2010,1987.86,24485533.0,12318.0,ncep_2009-10.pdf
33,Cromwell,2010,2050.33,25456797.0,12416.0,ncep_2009-10.pdf
34,Danbury,2010,10255.04,121132480.0,11812.0,ncep_2009-10.pdf
35,Darien,2010,4794.63,71654322.0,14945.0,ncep_2009-10.pdf
36,Deep River,2010,654.64,9491222.0,14498.0,ncep_2009-10.pdf
37,Derby,2010,1580.69,18609128.0,11773.0,ncep_2009-10.pdf
38,Durham,2010,1371.68,19381210.0,14130.0,ncep_2009-10.pdf
39,Eastford,2010,236.52,3680278.0,15560.0,ncep_2009-10.pdf
40,East Granby,2010,939.07,13561601.0,14442.0,ncep_2009-10.pdf
41,East Haddam,2010,1424.0,18155885.0,12750.0,ncep_2009-10.pdf
42,East Hampton,2010,2040.47,25879986.0,12683.0,ncep_2009-10.pdf
43,East Hartford,2010,8009.39,91408687.0,11413.0,ncep_2009-10.pdf
44,East Haven,2010,3803.24,49825466.0,13101.0,ncep_2009-10.pdf
45,East Lyme,2010,2878.61,37700690.0,13097.0,ncep_2009-10.pdf
46,Easton,2010,1555.96,22832669.0,14674.0,ncep_2009-10.pdf
47,East Windsor,2010,1475.86,19051583.0,12909.0,ncep_2009-10.pdf
48,Ellington,2010,2669.99,28154945.0,10545.0,ncep_2009-10.pdf
49,Enfield,2010,6215.03,73620564.0,11846.0,ncep_2009-10.pdf
50,Essex,2010,986.29,13226218.0,13410.0,ncep_2009-10.pdf
51,Fairfield,2010,10114.33,146228718.0,14458.0,ncep_2009-10.pdf
52,Farmington,2010,4143.27,52286036.0,12620.0,ncep_2009-10.pdf
53,Franklin,2010,302.88,4094220.0,13518.0,ncep_2009-10.pdf
54,Glastonbury,2010,6999.18,84491521.0,12072.0,ncep_2009-10.pdf
55,Goshen,2010,432.76,6621140.0,15300.0,ncep_2009-10.pdf
56,Granby,2010,2258.61,26663635.0,11805.0,ncep_2009-10.pdf
57,Greenwich,2010,8712.22,154979689.0,17789.0,ncep_2009-10.pdf
58,Griswold,2010,1897.24,23791824.0,12540.0,ncep_2009-10.pdf
59,Groton,2010,5221.76,74022692.0,14176.0,ncep_2009-10.pdf
60,Guilford,2010,3733.58,49432608.0,13240.0,ncep_2009-10.pdf
61,Haddam,2010,1362.02,17855957.0,13110.0,ncep_2009-10.pdf
62,Hamden,2010,6883.82,102751292.0,14926.0,ncep_2009-10.pdf
63,Hampton,2010,223.43,4015360.0,17971.0,ncep_2009-10.pdf
64,Hartford,2010,17525.0,373604486.0,21318.38,ncep_2009-10.pdf
65,Hartland,2010,317.05,4436992.0,13995.0,ncep_2009-10.pdf
66,Harwinton,2010,935.8,10616509.0,11345.0,ncep_2009-10.pdf
67,Hebron,2010,2118.04,23229543.0,10967.0,ncep_2009-10.pdf
68,Kent,2010,354.95,6153160.0,17335.0,ncep_2009-10.pdf
69,Killingly,2010,2588.06,35871064.0,13860.0,ncep_2009-10.pdf
70,Killingworth,2010,1149.02,15063547.0,13110.0,ncep_2009-10.pdf
71,Lebanon,2010,1304.0,15519466.0,11901.0,ncep_2009-10.pdf
72,Ledyard,2010,2597.06,33500162.0,12899.0,ncep_2009-10.pdf
73,Lisbon,2010,757.87,9249448.0,12205.0,ncep_2009-10.pdf
74,Litchfield,2010,1233.19,15994554.0,12970.0,ncep_2009-10.pdf
75,Lyme,2010,315.07,5223971.0,16580.0,ncep_2009-10.pdf
76,Madison,2010,3747.15,46795685.0,12488.0,ncep_2009-10.pdf
77,Manchester,2010,7470.54,100418249.0,13442.0,ncep_2009-10.pdf
78,Mansfield,2010,1954.34,29928876.0,15314.0,ncep_2009-10.pdf
79,Marlborough,2010,1219.21,13131356.0,10770.0,ncep_2009-10.pdf
80,Meriden,2010,9245.94,114101217.0,12341.0,ncep_2009-10.pdf
81,Middlebury,2010,1370.86,17086392.0,12464.0,ncep_2009-10.pdf
82,Middlefield,2010,738.16,10429863.0,14130.0,ncep_2009-10.pdf
83,Middletown,2010,5340.37,70194253.0,13144.0,ncep_2009-10.pdf
84,Milford,2010,7166.76,102713443.0,14332.0,ncep_2009-10.pdf
85,Monroe,2010,3957.69,50708470.0,12813.0,ncep_2009-10.pdf
86,Montville,2010,2765.67,35538272.0,12850.0,ncep_2009-10.pdf
87,Morris,2010,359.15,5494922.0,15300.0,ncep_2009-10.pdf
88,Naugatuck,2010,5104.73,61821171.0,12111.0,ncep_2009-10.pdf
89,New Britain,2010,10873.74,131918088.0,12132.0,ncep_2009-10.pdf
90,New Canaan,2010,4094.29,69728693.0,17031.0,ncep_2009-10.pdf
91,New Fairfield,2010,2984.6,34921380.0,11701.0,ncep_2009-10.pdf
92,New Hartford,2010,1139.44,14697170.0,12899.0,ncep_2009-10.pdf
93,New Haven,2010,17704.41,316891873.0,17899.0,ncep_2009-10.pdf
94,Newington,2010,4503.98,60434410.0,13418.0,ncep_2009-10.pdf
95,New London,2010,3467.5,47501702.0,13699.0,ncep_2009-10.pdf
96,New Milford,2010,4775.94,54878158.0,11491.0,ncep_2009-10.pdf
97,Newtown,2010,5534.24,66893063.0,12087.0,ncep_2009-10.pdf
98,Norfolk,2010,252.58,4043303.0,16008.0,ncep_2009-10.pdf
99,North Branford,2010,2432.91,28403428.0,11675.0,ncep_2009-10.pdf
100,North Canaan,2010,455.4,7693069.0,16893.0,ncep_2009-10.pdf
101,North Haven,2010,3736.64,44618356.0,11941.0,ncep_2009-10.pdf
102,North Stonington,2010,815.53,11711211.0,14360.0,ncep_2009-10.pdf
103,Norwalk,2010,10941.9,170644882.0,15596.0,ncep_2009-10.pdf
104,Norwich,2010,5451.35,73038661.0,13398.0,ncep_2009-10.pdf
105,Old Lyme,2010,1210.39,20068690.0,16580.0,ncep_2009-10.pdf
106,Old Saybrook,2010,1600.8,21056569.0,13154.0,ncep_2009-10.pdf
107,Orange,2010,2516.46,34343677.0,13648.0,ncep_2009-10.pdf
108,Oxford,2010,2238.54,25161358.0,11240.0,ncep_2009-10.pdf
109,Plainfield,2010,2572.9,33193711.0,12901.0,ncep_2009-10.pdf
110,Plainville,2010,2552.01,33437654.0,13102.0,ncep_2009-10.pdf
111,Plymouth,2010,1943.43,22608752.0,11633.0,ncep_2009-10.pdf
112,Pomfret,2010,771.55,9945952.0,12891.0,ncep_2009-10.pdf
113,Portland,2010,1471.33,17595483.0,11959.0,ncep_2009-10.pdf
114,Preston,2010,660.77,10379803.0,15709.0,ncep_2009-10.pdf
115,Prospect,2010,1573.36,19732785.0,12542.0,ncep_2009-10.pdf
116,Putnam,2010,1240.37,17915783.0,14444.0,ncep_2009-10.pdf
117,Redding,2010,1752.41,28916741.0,16501.0,ncep_2009-10.pdf
118,Ridgefield,2010,5477.44,75970653.0,13870.0,ncep_2009-10.pdf
119,Rocky Hill,2010,2673.53,32537067.0,12170.0,ncep_2009-10.pdf
120,Roxbury,2010,292.55,5787077.0,19781.0,ncep_2009-10.pdf
121,Salem,2010,765.91,9973257.0,13021.0,ncep_2009-10.pdf
122,Salisbury,2010,405.01,7509090.0,18541.0,ncep_2009-10.pdf
123,Scotland,2010,247.88,4328757.0,17463.0,ncep_2009-10.pdf
124,Seymour,2010,2522.65,29500668.0,11694.0,ncep_2009-10.pdf
125,Sharon,2010,293.35,6095018.0,20777.0,ncep_2009-10.pdf
126,Shelton,2010,5548.08,64740470.0,11669.0,ncep_2009-10.pdf
127,Sherman,2010,631.67,7945244.0,12578.0,ncep_2009-10.pdf
128,Simsbury,2010,4926.32,63360644.0,12862.0,ncep_2009-10.pdf
129,Somers,2010,1634.39,19297036.0,11807.0,ncep_2009-10.pdf
130,Southbury,2010,3207.65,39980132.0,12464.0,ncep_2009-10.pdf
131,Southington,2010,6826.46,82732098.0,12119.0,ncep_2009-10.pdf
132,South Windsor,2010,4792.31,61217157.0,12774.0,ncep_2009-10.pdf
133,Sprague,2010,444.22,6006349.0,13521.0,ncep_2009-10.pdf
134,Stafford,2010,1877.73,24917404.0,13270.0,ncep_2009-10.pdf
135,Stamford,2010,14966.3,241472290.0,16134.0,ncep_2009-10.pdf
136,Sterling,2010,667.0,7624369.0,11431.0,ncep_2009-10.pdf
137,Stonington,2010,2565.73,31830223.0,12406.0,ncep_2009-10.pdf
138,Stratford,2010,7542.96,94082914.0,12473.0,ncep_2009-10.pdf
139,Suffield,2010,2440.64,29538834.0,12103.0,ncep_2009-10.pdf
140,Thomaston,2010,1286.29,14664726.0,11401.0,ncep_2009-10.pdf
141,Thompson,2010,1342.79,16232980.0,12089.0,ncep_2009-10.pdf
142,Tolland,2010,3244.6,34410841.0,10606.0,ncep_2009-10.pdf
143,Torrington,2010,4784.74,64265556.0,13431.0,ncep_2009-10.pdf
144,Trumbull,2010,6856.73,86389306.0,12599.0,ncep_2009-10.pdf
145,Union,2010,111.19,1426178.0,12826.0,ncep_2009-10.pdf
146,Vernon,2010,3738.02,46811973.0,12523.0,ncep_2009-10.pdf
147,Voluntown,2010,413.64,6020254.0,14554.0,ncep_2009-10.pdf
148,Wallingford,2010,6737.62,86496622.0,12838.0,ncep_2009-10.pdf
149,Warren,2010,176.01,2692917.0,15300.0,ncep_2009-10.pdf
150,Washington,2010,426.67,8440172.0,19781.0,ncep_2009-10.pdf
151,Waterbury,2010,14243.0,251010064.0,17623.54,ncep_2009-10.pdf
152,Waterford,2010,3241.03,41247362.0,12727.0,ncep_2009-10.pdf
153,Watertown,2010,3262.8,36538634.0,11199.0,ncep_2009-10.pdf
154,Westbrook,2010,990.06,13724154.0,13862.0,ncep_2009-10.pdf
155,West Hartford,2010,10315.31,128691786.0,12476.0,ncep_2009-10.pdf
156,West Haven,2010,7419.41,91264538.0,12301.0,ncep_2009-10.pdf
157,Weston,2010,2558.96,44420692.0,17359.0,ncep_2009-10.pdf
158,Westport,2010,5704.45,96828310.0,16974.0,ncep_2009-10.pdf
159,Wethersfield,2010,3945.63,51573765.0,13071.0,ncep_2009-10.pdf
160,Willington,2010,824.09,11690527.0,14186.0,ncep_2009-10.pdf
161,Wilton,2010,4360.57,68426889.0,15692.0,ncep_2009-10.pdf
162,Winchester,2010,1417.66,20614342.0,14541.0,ncep_2009-10.pdf
163,Windham,2010,3389.59,47371560.0,13976.0,ncep_2009-10.pdf
164,Windsor,2010,4271.85,61392208.0,14371.0,ncep_2009-10.pdf
165,Windsor Locks,2010,1916.58,28793777.0,15024.0,ncep_2009-10.pdf
166,Wolcott,2010,3027.17,32354474.0,10688.0,ncep_2009-10.pdf
167,Woodbridge,2010,1537.87,22408162.0,14571.0,ncep_2009-10.pdf
168,Woodbury,2010,1413.73,20236309.0,14314.0,ncep_2009-10.pdf
169,Woodstock,2010,1385.9,15508874.0,11190.0,ncep_2009-10.pdf
1,Andover,2011,637.41,7828796.0,12282.0,ncep_2010-11.pdf
2,Ansonia,2011,2795.42,30656052.0,10967.0,ncep_2010-11.pdf
3,Ashford,2011,701.78,10273910.0,14640.0,ncep_2010-11.pdf
4,Avon,2011,3585.43,44166484.0,12318.0,ncep_2010-11.pdf
5,Barkhamsted,2011,660.1,7874375.0,11929.0,ncep_2010-11.pdf
6,Beacon Falls,2011,1021.25,13711345.0,13426.0,ncep_2010-11.pdf
7,Berlin,2011,3166.44,40887033.0,12913.0,ncep_2010-11.pdf
8,Bethany,2011,1014.45,13705852.0,13511.0,ncep_2010-11.pdf
9,Bethel,2011,2953.22,41141452.0,13931.0,ncep_2010-11.pdf
10,Bethlehem,2011,486.38,6991117.0,14374.0,ncep_2010-11.pdf
11,Bloomfield,2011,2406.11,41515434.0,17254.0,ncep_2010-11.pdf
12,Bolton,2011,829.15,11596324.0,13986.0,ncep_2010-11.pdf
13,Bozrah,2011,356.91,5440306.0,15243.0,ncep_2010-11.pdf
14,Branford,2011,3488.31,48689803.0,13958.0,ncep_2010-11.pdf
15,Bridgeport,2011,13459.0,281947431.0,20949.07,ncep_2010-11.pdf
16,Bridgewater,2011,223.94,4583680.0,20468.0,ncep_2010-11.pdf
17,Bristol,2011,8761.05,107842198.0,12309.0,ncep_2010-11.pdf
18,Brookfield,2011,2940.23,36068057.0,12267.0,ncep_2010-11.pdf
19,Brooklyn,2011,1285.65,15680257.0,12196.0,ncep_2010-11.pdf
20,Burlington,2011,1852.22,21029517.0,11354.0,ncep_2010-11.pdf
21,Canaan,2011,139.99,3094595.0,22106.0,ncep_2010-11.pdf
22,Canterbury,2011,712.94,10522192.0,14759.0,ncep_2010-11.pdf
23,Canton,2011,1811.36,22710028.0,12538.0,ncep_2010-11.pdf
24,Chaplin,2011,288.58,5483537.0,19002.0,ncep_2010-11.pdf
25,Cheshire,2011,4792.48,60014271.0,12523.0,ncep_2010-11.pdf
26,Chester,2011,556.14,8503958.0,15291.0,ncep_2010-11.pdf
27,Clinton,2011,2083.21,30219550.0,14506.0,ncep_2010-11.pdf
28,Colchester,2011,3135.15,36145869.0,11529.0,ncep_2010-11.pdf
29,Colebrook,2011,253.2,3708282.0,14646.0,ncep_2010-11.pdf
30,Columbia,2011,766.3,11098580.0,14483.0,ncep_2010-11.pdf
31,Cornwall,2011,169.4,3735508.0,22051.0,ncep_2010-11.pdf
32,Coventry,2011,1927.33,24831872.0,12884.0,ncep_2010-11.pdf
33,Cromwell,2011,2019.1,27228311.0,13485.0,ncep_2010-11.pdf
34,Danbury,2011,10485.54,124425721.0,11866.0,ncep_2010-11.pdf
35,Darien,2011,4849.08,75723867.0,15616.0,ncep_2010-11.pdf
36,Deep River,2011,653.4,9815782.0,15023.0,ncep_2010-11.pdf
37,Derby,2011,1590.32,19475480.0,12246.0,ncep_2010-11.pdf
38,Durham,2011,1350.69,20235123.0,14981.0,ncep_2010-11.pdf
39,Eastford,2011,245.93,3679115.0,14960.0,ncep_2010-11.pdf
40,East Granby,2011,923.78,13759193.0,14894.0,ncep_2010-11.pdf
41,East Haddam,2011,1371.28,18598344.0,13563.0,ncep_2010-11.pdf
42,East Hampton,2011,2004.01,27125783.0,13536.0,ncep_2010-11.pdf
43,East Hartford,2011,8028.42,95547952.0,11901.0,ncep_2010-11.pdf
44,East Haven,2011,3775.85,48379300.0,12813.0,ncep_2010-11.pdf
45,East Lyme,2011,2878.75,38049775.0,13217.0,ncep_2010-11.pdf
46,Easton,2011,1553.24,23575753.0,15178.0,ncep_2010-11.pdf
47,East Windsor,2011,1397.21,20465433.0,14647.0,ncep_2010-11.pdf
48,Ellington,2011,2732.43,29289384.0,10719.0,ncep_2010-11.pdf
49,Enfield,2011,6051.6,73096193.0,12079.0,ncep_2010-11.pdf
50,Essex,2011,992.68,13823385.0,13925.0,ncep_2010-11.pdf
51,Fairfield,2011,10211.77,146844757.0,14380.0,ncep_2010-11.pdf
52,Farmington,2011,4127.78,54335196.0,13163.0,ncep_2010-11.pdf
53,Franklin,2011,306.16,3836908.0,12532.0,ncep_2010-11.pdf
54,Glastonbury,2011,6987.54,87307588.0,12495.0,ncep_2010-11.pdf
55,Goshen,2011,423.71,6586162.0,15544.0,ncep_2010-11.pdf
56,Granby,2011,2205.55,26651434.0,12084.0,ncep_2010-11.pdf
57,Greenwich,2011,8720.48,161471040.0,18516.0,ncep_2010-11.pdf
58,Griswold,2011,1869.25,24505348.0,13110.0,ncep_2010-11.pdf
59,Groton,2011,5175.16,74052632.0,14309.0,ncep_2010-11.pdf
60,Guilford,2011,3706.17,50264376.0,13562.0,ncep_2010-11.pdf
61,Haddam,2011,1351.76,18244940.0,13497.0,ncep_2010-11.pdf
62,Hamden,2011,6942.44,104726849.0,15085.0,ncep_2010-11.pdf
63,Hampton,2011,205.49,3969162.0,19316.0,ncep_2010-11.pdf
64,Hartford,2011,18100.0,379784614.0,20982.29,ncep_2010-11.pdf
65,Hartland,2011,319.04,4461199.0,13983.0,ncep_2010-11.pdf
66,Harwinton,2011,918.19,10424837.0,11354.0,ncep_2010-11.pdf
67,Hebron,2011,2122.78,23570871.0,11104.0,ncep_2010-11.pdf
68,Kent,2011,356.95,6158347.0,17253.0,ncep_2010-11.pdf
69,Killingly,2011,2591.3,35918956.0,13861.0,ncep_2010-11.pdf
70,Killingworth,2011,1142.24,15417013.0,13497.0,ncep_2010-11.pdf
71,Lebanon,2011,1258.0,16679627.0,13259.0,ncep_2010-11.pdf
72,Ledyard,2011,2538.26,31580428.0,12442.0,ncep_2010-11.pdf
73,Lisbon,2011,722.75,9331796.0,12912.0,ncep_2010-11.pdf
74,Litchfield,2011,1203.87,16467774.0,13679.0,ncep_2010-11.pdf
75,Lyme,2011,309.25,5264713.0,17024.0,ncep_2010-11.pdf
76,Madison,2011,3681.08,47880315.0,13007.0,ncep_2010-11.pdf
77,Manchester,2011,7503.04,102489391.0,13660.0,ncep_2010-11.pdf
78,Mansfield,2011,1975.67,30338684.0,15356.0,ncep_2010-11.pdf
79,Marlborough,2011,1229.45,13270151.0,10794.0,ncep_2010-11.pdf
80,Meriden,2011,9203.28,114391035.0,12429.0,ncep_2010-11.pdf
81,Middlebury,2011,1375.29,17915423.0,13027.0,ncep_2010-11.pdf
82,Middlefield,2011,707.44,10598387.0,14981.0,ncep_2010-11.pdf
83,Middletown,2011,5385.36,71813700.0,13335.0,ncep_2010-11.pdf
84,Milford,2011,7024.29,104002503.0,14806.0,ncep_2010-11.pdf
85,Monroe,2011,3799.82,51586277.0,13576.0,ncep_2010-11.pdf
86,Montville,2011,2756.17,36044002.0,13078.0,ncep_2010-11.pdf
87,Morris,2011,352.17,5474142.0,15544.0,ncep_2010-11.pdf
88,Naugatuck,2011,4854.68,62602573.0,12895.0,ncep_2010-11.pdf
89,New Britain,2011,10855.37,137063891.0,12626.0,ncep_2010-11.pdf
90,New Canaan,2011,4175.21,70943600.0,16992.0,ncep_2010-11.pdf
91,New Fairfield,2011,2869.78,36173025.0,12605.0,ncep_2010-11.pdf
92,New Hartford,2011,1129.6,15165000.0,13425.0,ncep_2010-11.pdf
93,New Haven,2011,17637.8,352994710.0,20014.0,ncep_2010-11.pdf
94,Newington,2011,4500.94,62817302.0,13956.0,ncep_2010-11.pdf
95,New London,2011,3554.19,47598463.0,13392.0,ncep_2010-11.pdf
96,New Milford,2011,4649.16,57182416.0,12300.0,ncep_2010-11.pdf
97,Newtown,2011,5568.81,67224732.0,12072.0,ncep_2010-11.pdf
98,Norfolk,2011,246.98,4079395.0,16517.0,ncep_2010-11.pdf
99,North Branford,2011,2360.13,28913803.0,12251.0,ncep_2010-11.pdf
100,North Canaan,2011,444.05,7896561.0,17783.0,ncep_2010-11.pdf
101,North Haven,2011,3635.3,45970734.0,12646.0,ncep_2010-11.pdf
102,North Stonington,2011,813.32,11513786.0,14157.0,ncep_2010-11.pdf
103,Norwalk,2011,11158.74,173065848.0,15509.0,ncep_2010-11.pdf
104,Norwich,2011,5396.19,73832973.0,13682.0,ncep_2010-11.pdf
105,Old Lyme,2011,1221.31,20791745.0,17024.0,ncep_2010-11.pdf
106,Old Saybrook,2011,1568.88,21835720.0,13918.0,ncep_2010-11.pdf
107,Orange,2011,2509.0,35128316.0,14001.0,ncep_2010-11.pdf
108,Oxford,2011,2245.49,26638474.0,11863.0,ncep_2010-11.pdf
109,Plainfield,2011,2506.63,32781983.0,13078.0,ncep_2010-11.pdf
110,Plainville,2011,2500.76,33675375.0,13466.0,ncep_2010-11.pdf
111,Plymouth,2011,1907.89,22924995.0,12016.0,ncep_2010-11.pdf
112,Pomfret,2011,744.72,10123297.0,13593.0,ncep_2010-11.pdf
113,Portland,2011,1444.33,18308376.0,12676.0,ncep_2010-11.pdf
114,Preston,2011,650.72,10248394.0,15749.0,ncep_2010-11.pdf
115,Prospect,2011,1548.43,20789286.0,13426.0,ncep_2010-11.pdf
116,Putnam,2011,1282.26,17670589.0,13781.0,ncep_2010-11.pdf
117,Redding,2011,1726.95,29737648.0,17220.0,ncep_2010-11.pdf
118,Ridgefield,2011,5456.92,77002667.0,14111.0,ncep_2010-11.pdf
119,Rocky Hill,2011,2626.06,33238211.0,12657.0,ncep_2010-11.pdf
120,Roxbury,2011,294.26,6023014.0,20468.0,ncep_2010-11.pdf
121,Salem,2011,739.26,9908073.0,13403.0,ncep_2010-11.pdf
122,Salisbury,2011,394.9,7767833.0,19670.0,ncep_2010-11.pdf
123,Scotland,2011,236.2,4478032.0,18959.0,ncep_2010-11.pdf
124,Seymour,2011,2504.83,29432401.0,11750.0,ncep_2010-11.pdf
125,Sharon,2011,286.55,6283556.0,21928.0,ncep_2010-11.pdf
126,Shelton,2011,5395.51,64135702.0,11887.0,ncep_2010-11.pdf
127,Sherman,2011,591.84,8131391.0,13739.0,ncep_2010-11.pdf
128,Simsbury,2011,4818.62,62916566.0,13057.0,ncep_2010-11.pdf
129,Somers,2011,1620.2,20191893.0,12463.0,ncep_2010-11.pdf
130,Southbury,2011,3082.55,40155302.0,13027.0,ncep_2010-11.pdf
131,Southington,2011,6842.07,82243086.0,12020.0,ncep_2010-11.pdf
132,South Windsor,2011,4683.47,64668747.0,13808.0,ncep_2010-11.pdf
133,Sprague,2011,453.2,6371803.0,14060.0,ncep_2010-11.pdf
134,Stafford,2011,1894.24,24854924.0,13121.0,ncep_2010-11.pdf
135,Stamford,2011,15123.27,246545506.0,16302.0,ncep_2010-11.pdf
136,Sterling,2011,639.92,7566158.0,11824.0,ncep_2010-11.pdf
137,Stonington,2011,2543.33,31842889.0,12520.0,ncep_2010-11.pdf
138,Stratford,2011,7502.22,97712791.0,13025.0,ncep_2010-11.pdf
139,Suffield,2011,2407.78,30014498.0,12466.0,ncep_2010-11.pdf
140,Thomaston,2011,1250.79,14802165.0,11834.0,ncep_2010-11.pdf
141,Thompson,2011,1279.27,16209275.0,12671.0,ncep_2010-11.pdf
142,Tolland,2011,3116.18,34526285.0,11080.0,ncep_2010-11.pdf
143,Torrington,2011,4664.37,64231861.0,13771.0,ncep_2010-11.pdf
144,Trumbull,2011,6853.81,87006389.0,12695.0,ncep_2010-11.pdf
145,Union,2011,109.0,1473352.0,13517.0,ncep_2010-11.pdf
146,Vernon,2011,3768.89,51004925.0,13533.0,ncep_2010-11.pdf
147,Voluntown,2011,429.92,6067750.0,14114.0,ncep_2010-11.pdf
148,Wallingford,2011,6586.87,88581313.0,13448.0,ncep_2010-11.pdf
149,Warren,2011,176.28,2740102.0,15544.0,ncep_2010-11.pdf
150,Washington,2011,415.72,8509098.0,20468.0,ncep_2010-11.pdf
151,Waterbury,2011,14580.0,256520588.0,17594.53,ncep_2010-11.pdf
152,Waterford,2011,3165.79,42756539.0,13506.0,ncep_2010-11.pdf
153,Watertown,2011,3183.33,35983226.0,11304.0,ncep_2010-11.pdf
154,Westbrook,2011,965.38,14321117.0,14835.0,ncep_2010-11.pdf
155,West Hartford,2011,10447.46,133734360.0,12801.0,ncep_2010-11.pdf
156,West Haven,2011,7554.4,91512422.0,12114.0,ncep_2010-11.pdf
157,Weston,2011,2530.77,45048138.0,17800.0,ncep_2010-11.pdf
158,Westport,2011,5738.91,100058692.0,17435.0,ncep_2010-11.pdf
159,Wethersfield,2011,3929.27,52380381.0,13331.0,ncep_2010-11.pdf
160,Willington,2011,799.23,11958607.0,14963.0,ncep_2010-11.pdf
161,Wilton,2011,4331.64,67850615.0,15664.0,ncep_2010-11.pdf
162,Winchester,2011,1373.29,20475368.0,14910.0,ncep_2010-11.pdf
163,Windham,2011,3344.95,49409789.0,14771.0,ncep_2010-11.pdf
164,Windsor,2011,4153.88,61511947.0,14808.0,ncep_2010-11.pdf
165,Windsor Locks,2011,1890.98,28713554.0,15184.0,ncep_2010-11.pdf
166,Wolcott,2011,2979.94,32446356.0,10888.0,ncep_2010-11.pdf
167,Woodbridge,2011,1511.22,22535542.0,14912.0,ncep_2010-11.pdf
168,Woodbury,2011,1385.71,19917884.0,14374.0,ncep_2010-11.pdf
169,Woodstock,2011,1383.76,15557596.0,11243.0,ncep_2010-11.pdf
1,Andover,2012,608.16,7774865.0,12784.0,ncep_2011-12.pdf
2,Ansonia,2012,2710.56,30669465.0,11315.0,ncep_2011-12.pdf
3,Ashford,2012,702.71,10418145.0,14826.0,ncep_2011-12.pdf
4,Avon,2012,3538.0,45796004.0,12944.0,ncep_2011-12.pdf
5,Barkhamsted,2012,650.16,8038719.0,12364.0,ncep_2011-12.pdf
6,Beacon Falls,2012,994.91,13089040.0,13156.0,ncep_2011-12.pdf
7,Berlin,2012,3078.92,42766400.0,13890.0,ncep_2011-12.pdf
8,Bethany,2012,973.53,13860464.0,14237.0,ncep_2011-12.pdf
9,Bethel,2012,2962.34,41527614.0,14019.0,ncep_2011-12.pdf
10,Bethlehem,2012,453.24,6896531.0,15216.0,ncep_2011-12.pdf
11,Bloomfield,2012,2374.3,41176834.0,17343.0,ncep_2011-12.pdf
12,Bolton,2012,828.29,11943836.0,14420.0,ncep_2011-12.pdf
13,Bozrah,2012,349.75,5176424.0,14800.0,ncep_2011-12.pdf
14,Branford,2012,3394.42,49412623.0,14557.0,ncep_2011-12.pdf
15,Bridgeport,2012,12977.0,270858683.0,20871.83,ncep_2011-12.pdf
16,Bridgewater,2012,205.32,4451516.0,21681.0,ncep_2011-12.pdf
17,Bristol,2012,8636.53,109123726.0,12635.0,ncep_2011-12.pdf
18,Brookfield,2012,2902.4,36211833.0,12477.0,ncep_2011-12.pdf
19,Brooklyn,2012,1264.51,15435977.0,12207.0,ncep_2011-12.pdf
20,Burlington,2012,1778.71,21676421.0,12187.0,ncep_2011-12.pdf
21,Canaan,2012,141.0,3016731.0,21395.0,ncep_2011-12.pdf
22,Canterbury,2012,720.98,10606061.0,14711.0,ncep_2011-12.pdf
23,Canton,2012,1772.74,23386899.0,13193.0,ncep_2011-12.pdf
24,Chaplin,2012,301.79,5585811.0,18509.0,ncep_2011-12.pdf
25,Cheshire,2012,4784.84,60018150.0,12543.0,ncep_2011-12.pdf
26,Chester,2012,529.84,8210449.0,15496.0,ncep_2011-12.pdf
27,Clinton,2012,2057.31,29887519.0,14527.0,ncep_2011-12.pdf
28,Colchester,2012,3062.92,36929804.0,12057.0,ncep_2011-12.pdf
29,Colebrook,2012,221.84,3481912.0,15696.0,ncep_2011-12.pdf
30,Columbia,2012,737.82,10797457.0,14634.0,ncep_2011-12.pdf
31,Cornwall,2012,159.88,3978551.0,24885.0,ncep_2011-12.pdf
32,Coventry,2012,1889.74,27022586.0,14300.0,ncep_2011-12.pdf
33,Cromwell,2012,2034.61,26434626.0,12992.0,ncep_2011-12.pdf
34,Danbury,2012,10608.55,124382109.0,11725.0,ncep_2011-12.pdf
35,Darien,2012,4834.92,78254565.0,16185.0,ncep_2011-12.pdf
36,Deep River,2012,649.0,9703545.0,14952.0,ncep_2011-12.pdf
37,Derby,2012,1572.45,19776455.0,12577.0,ncep_2011-12.pdf
38,Durham,2012,1340.1,20269980.0,15126.0,ncep_2011-12.pdf
39,Eastford,2012,233.92,3617299.0,15464.0,ncep_2011-12.pdf
40,East Granby,2012,890.02,14040502.0,15775.0,ncep_2011-12.pdf
41,East Haddam,2012,1302.76,18761639.0,14401.0,ncep_2011-12.pdf
42,East Hampton,2012,1996.51,27432357.0,13740.0,ncep_2011-12.pdf
43,East Hartford,2012,8141.51,95835782.0,11771.0,ncep_2011-12.pdf
44,East Haven,2012,3674.27,49693257.0,13525.0,ncep_2011-12.pdf
45,East Lyme,2012,2784.26,38275932.0,13747.0,ncep_2011-12.pdf
46,Easton,2012,1509.12,23751072.0,15738.0,ncep_2011-12.pdf
47,East Windsor,2012,1369.13,20427951.0,14920.0,ncep_2011-12.pdf
48,Ellington,2012,2766.34,30305289.0,10955.0,ncep_2011-12.pdf
49,Enfield,2012,5917.68,72886839.0,12317.0,ncep_2011-12.pdf
50,Essex,2012,969.75,14100222.0,14540.0,ncep_2011-12.pdf
51,Fairfield,2012,10314.03,149848332.0,14529.0,ncep_2011-12.pdf
52,Farmington,2012,4045.25,57050860.0,14103.0,ncep_2011-12.pdf
53,Franklin,2012,285.07,3957442.0,13882.0,ncep_2011-12.pdf
54,Glastonbury,2012,6825.84,88788664.0,13008.0,ncep_2011-12.pdf
55,Goshen,2012,409.18,6519740.0,15934.0,ncep_2011-12.pdf
56,Granby,2012,2147.51,26689577.0,12428.0,ncep_2011-12.pdf
57,Greenwich,2012,8715.2,156147869.0,17917.0,ncep_2011-12.pdf
58,Griswold,2012,1846.13,23237246.0,12587.0,ncep_2011-12.pdf
59,Groton,2012,5181.53,74440660.0,14367.0,ncep_2011-12.pdf
60,Guilford,2012,3684.08,51303045.0,13926.0,ncep_2011-12.pdf
61,Haddam,2012,1345.62,19097989.0,14193.0,ncep_2011-12.pdf
62,Hamden,2012,6770.86,102918172.0,15200.0,ncep_2011-12.pdf
63,Hampton,2012,194.99,4160602.0,21338.0,ncep_2011-12.pdf
64,Hartford,2012,17990.0,379736580.0,21108.38,ncep_2011-12.pdf
65,Hartland,2012,319.09,4451028.0,13949.0,ncep_2011-12.pdf
66,Harwinton,2012,914.82,11148542.0,12187.0,ncep_2011-12.pdf
67,Hebron,2012,2080.81,24055102.0,11560.0,ncep_2011-12.pdf
68,Kent,2012,339.37,6377388.0,18792.0,ncep_2011-12.pdf
69,Killingly,2012,2549.12,35679266.0,13997.0,ncep_2011-12.pdf
70,Killingworth,2012,1067.01,15143759.0,14193.0,ncep_2011-12.pdf
71,Lebanon,2012,1187.02,16637315.0,14016.0,ncep_2011-12.pdf
72,Ledyard,2012,2530.0,32282701.0,12760.0,ncep_2011-12.pdf
73,Lisbon,2012,655.36,9364552.0,14289.0,ncep_2011-12.pdf
74,Litchfield,2012,1154.29,16860639.0,14607.0,ncep_2011-12.pdf
75,Lyme,2012,297.86,5222695.0,17534.0,ncep_2011-12.pdf
76,Madison,2012,3519.3,48124912.0,13675.0,ncep_2011-12.pdf
77,Manchester,2012,7247.56,104297686.0,14391.0,ncep_2011-12.pdf
78,Mansfield,2012,1978.65,30300567.0,15314.0,ncep_2011-12.pdf
79,Marlborough,2012,1218.29,13418733.0,11014.0,ncep_2011-12.pdf
80,Meriden,2012,9142.03,114520382.0,12527.0,ncep_2011-12.pdf
81,Middlebury,2012,1348.29,18264591.0,13546.0,ncep_2011-12.pdf
82,Middlefield,2012,688.02,10406799.0,15126.0,ncep_2011-12.pdf
83,Middletown,2012,5296.92,71049531.0,13413.0,ncep_2011-12.pdf
84,Milford,2012,6908.15,105095359.0,15213.0,ncep_2011-12.pdf
85,Monroe,2012,3661.19,51348880.0,14025.0,ncep_2011-12.pdf
86,Montville,2012,2633.53,36066308.0,13695.0,ncep_2011-12.pdf
87,Morris,2012,355.86,5670157.0,15934.0,ncep_2011-12.pdf
88,Naugatuck,2012,4753.89,63869579.0,13435.0,ncep_2011-12.pdf
89,New Britain,2012,11010.76,128056453.0,11630.0,ncep_2011-12.pdf
90,New Canaan,2012,4207.93,72019950.0,17115.0,ncep_2011-12.pdf
91,New Fairfield,2012,2811.16,36192219.0,12874.0,ncep_2011-12.pdf
92,New Hartford,2012,1136.09,15351117.0,13512.0,ncep_2011-12.pdf
93,New Haven,2012,17486.0,315587247.0,18047.57,ncep_2011-12.pdf
94,Newington,2012,4476.9,64488380.0,14405.0,ncep_2011-12.pdf
95,New London,2012,3508.54,48265575.0,13757.0,ncep_2011-12.pdf
96,New Milford,2012,4586.98,55188506.0,12032.0,ncep_2011-12.pdf
97,Newtown,2012,5423.83,67873814.0,12514.0,ncep_2011-12.pdf
98,Norfolk,2012,228.02,4064682.0,17826.0,ncep_2011-12.pdf
99,North Branford,2012,2277.87,28746768.0,12620.0,ncep_2011-12.pdf
100,North Canaan,2012,426.84,8001640.0,18746.0,ncep_2011-12.pdf
101,North Haven,2012,3607.9,45718971.0,12672.0,ncep_2011-12.pdf
102,North Stonington,2012,810.52,11636230.0,14356.0,ncep_2011-12.pdf
103,Norwalk,2012,11228.33,175897414.0,15666.0,ncep_2011-12.pdf
104,Norwich,2012,5381.0,72151482.0,13409.0,ncep_2011-12.pdf
105,Old Lyme,2012,1186.5,20804161.0,17534.0,ncep_2011-12.pdf
106,Old Saybrook,2012,1539.31,21936929.0,14251.0,ncep_2011-12.pdf
107,Orange,2012,2507.44,36251553.0,14458.0,ncep_2011-12.pdf
108,Oxford,2012,2216.33,26144048.0,11796.0,ncep_2011-12.pdf
109,Plainfield,2012,2474.25,30617433.0,12374.0,ncep_2011-12.pdf
110,Plainville,2012,2443.32,34282644.0,14031.0,ncep_2011-12.pdf
111,Plymouth,2012,1819.64,23182855.0,12740.0,ncep_2011-12.pdf
112,Pomfret,2012,694.9,9613751.0,13835.0,ncep_2011-12.pdf
113,Portland,2012,1420.11,18373155.0,12938.0,ncep_2011-12.pdf
114,Preston,2012,609.7,10137289.0,16627.0,ncep_2011-12.pdf
115,Prospect,2012,1506.64,19821362.0,13156.0,ncep_2011-12.pdf
116,Putnam,2012,1256.68,18065938.0,14376.0,ncep_2011-12.pdf
117,Redding,2012,1726.46,31041034.0,17980.0,ncep_2011-12.pdf
118,Ridgefield,2012,5369.59,77932969.0,14514.0,ncep_2011-12.pdf
119,Rocky Hill,2012,2620.64,33747372.0,12878.0,ncep_2011-12.pdf
120,Roxbury,2012,283.95,6156283.0,21681.0,ncep_2011-12.pdf
121,Salem,2012,704.99,9807919.0,13912.0,ncep_2011-12.pdf
122,Salisbury,2012,384.62,7707088.0,20038.0,ncep_2011-12.pdf
123,Scotland,2012,227.5,4313688.0,18961.0,ncep_2011-12.pdf
124,Seymour,2012,2411.17,30705959.0,12735.0,ncep_2011-12.pdf
125,Sharon,2012,260.67,5947214.0,22815.0,ncep_2011-12.pdf
126,Shelton,2012,5367.87,64602443.0,12035.0,ncep_2011-12.pdf
127,Sherman,2012,591.84,8162094.0,13791.0,ncep_2011-12.pdf
128,Simsbury,2012,4733.05,64180710.0,13560.0,ncep_2011-12.pdf
129,Somers,2012,1613.16,20157570.0,12496.0,ncep_2011-12.pdf
130,Southbury,2012,2910.48,39426776.0,13546.0,ncep_2011-12.pdf
131,Southington,2012,6789.69,83054708.0,12232.0,ncep_2011-12.pdf
132,South Windsor,2012,4505.92,66376504.0,14731.0,ncep_2011-12.pdf
133,Sprague,2012,456.5,6264821.0,13724.0,ncep_2011-12.pdf
134,Stafford,2012,1836.48,25279835.0,13765.0,ncep_2011-12.pdf
135,Stamford,2012,15269.37,249364232.0,16331.0,ncep_2011-12.pdf
136,Sterling,2012,644.3,7571769.0,11752.0,ncep_2011-12.pdf
137,Stonington,2012,2457.92,32538707.0,13238.0,ncep_2011-12.pdf
138,Stratford,2012,7493.05,97858768.0,13060.0,ncep_2011-12.pdf
139,Suffield,2012,2425.91,30965740.0,12765.0,ncep_2011-12.pdf
140,Thomaston,2012,1194.26,14896333.0,12473.0,ncep_2011-12.pdf
141,Thompson,2012,1214.17,16311127.0,13434.0,ncep_2011-12.pdf
142,Tolland,2012,3018.4,35626905.0,11803.0,ncep_2011-12.pdf
143,Torrington,2012,4622.59,64544349.0,13963.0,ncep_2011-12.pdf
144,Trumbull,2012,6797.24,88496177.0,13019.0,ncep_2011-12.pdf
145,Union,2012,103.0,1419457.0,13781.0,ncep_2011-12.pdf
146,Vernon,2012,3750.33,48607023.0,12961.0,ncep_2011-12.pdf
147,Voluntown,2012,435.94,6182689.0,14182.0,ncep_2011-12.pdf
148,Wallingford,2012,6572.14,94876969.0,14436.0,ncep_2011-12.pdf
149,Warren,2012,177.14,2822491.0,15934.0,ncep_2011-12.pdf
150,Washington,2012,400.18,8676250.0,21681.0,ncep_2011-12.pdf
151,Waterbury,2012,14718.0,258053873.0,17533.14,ncep_2011-12.pdf
152,Waterford,2012,3047.76,43757433.0,14357.0,ncep_2011-12.pdf
153,Watertown,2012,3097.54,37189150.0,12006.0,ncep_2011-12.pdf
154,Westbrook,2012,941.8,14519431.0,15417.0,ncep_2011-12.pdf
155,West Hartford,2012,10439.32,136489810.0,13075.0,ncep_2011-12.pdf
156,West Haven,2012,7226.98,85082420.0,11773.0,ncep_2011-12.pdf
157,Weston,2012,2486.24,45102531.0,18141.0,ncep_2011-12.pdf
158,Westport,2012,5720.86,100895186.0,17636.0,ncep_2011-12.pdf
159,Wethersfield,2012,3857.07,52189702.0,13531.0,ncep_2011-12.pdf
160,Willington,2012,790.69,12023842.0,15207.0,ncep_2011-12.pdf
161,Wilton,2012,4309.63,71323894.0,16550.0,ncep_2011-12.pdf
162,Winchester,2012,1338.96,21473910.0,16038.0,ncep_2011-12.pdf
163,Windham,2012,3263.2,51945775.0,15919.0,ncep_2011-12.pdf
164,Windsor,2012,4073.98,63036233.0,15473.0,ncep_2011-12.pdf
165,Windsor Locks,2012,1861.37,28423892.0,15270.0,ncep_2011-12.pdf
166,Wolcott,2012,2908.38,32610645.0,11213.0,ncep_2011-12.pdf
167,Woodbridge,2012,1487.03,23410072.0,15743.0,ncep_2011-12.pdf
168,Woodbury,2012,1330.74,20248258.0,15216.0,ncep_2011-12.pdf
169,Woodstock,2012,1337.59,15628674.0,11684.0,ncep_2011-12.pdf
1,Andover,2013,588.63,7675842.0,13040.0,ncep_2012-13.pdf
2,Ansonia,2013,2628.64,35007526.0,13318.0,ncep_2012-13.pdf
3,Ashford,2013,642.8,10182792.0,15841.0,ncep_2012-13.pdf
4,Avon,2013,3472.15,47308602.0,13625.0,ncep_2012-13.pdf
5,Barkhamsted,2013,648.78,8255534.0,12725.0,ncep_2012-13.pdf
6,Beacon Falls,2013,954.22,12931282.0,13552.0,ncep_2012-13.pdf
7,Berlin,2013,3050.82,42917249.0,14067.0,ncep_2012-13.pdf
8,Bethany,2013,943.59,13940813.0,14774.0,ncep_2012-13.pdf
9,Bethel,2013,2962.07,42528785.0,14358.0,ncep_2012-13.pdf
10,Bethlehem,2013,428.22,6982322.0,16305.0,ncep_2012-13.pdf
11,Bloomfield,2013,2260.5,41692282.0,18444.0,ncep_2012-13.pdf
12,Bolton,2013,815.35,12270619.0,15050.0,ncep_2012-13.pdf
13,Bozrah,2013,342.71,5217819.0,15225.0,ncep_2012-13.pdf
14,Branford,2013,3352.78,50651551.0,15107.0,ncep_2012-13.pdf
15,Bridgeport,2013,13665.0,279926764.0,20484.53,ncep_2012-13.pdf
16,Bridgewater,2013,197.42,4575727.0,23178.0,ncep_2012-13.pdf
17,Bristol,2013,8503.36,106108616.0,12478.0,ncep_2012-13.pdf
18,Brookfield,2013,2837.39,38190932.0,13460.0,ncep_2012-13.pdf
19,Brooklyn,2013,1260.76,16039431.0,12722.0,ncep_2012-13.pdf
20,Burlington,2013,1770.2,22384470.0,12645.0,ncep_2012-13.pdf
21,Canaan,2013,117.4,2907749.0,24768.0,ncep_2012-13.pdf
22,Canterbury,2013,703.89,12208492.0,17344.0,ncep_2012-13.pdf
23,Canton,2013,1775.95,24269828.0,13666.0,ncep_2012-13.pdf
24,Chaplin,2013,298.57,5611600.0,18795.0,ncep_2012-13.pdf
25,Cheshire,2013,4654.92,61132671.0,13133.0,ncep_2012-13.pdf
26,Chester,2013,512.62,7961645.0,15531.0,ncep_2012-13.pdf
27,Clinton,2013,2034.37,29670802.0,14585.0,ncep_2012-13.pdf
28,Colchester,2013,2949.7,37737957.0,12794.0,ncep_2012-13.pdf
29,Colebrook,2013,220.85,3399482.0,15393.0,ncep_2012-13.pdf
30,Columbia,2013,722.44,10897737.0,15085.0,ncep_2012-13.pdf
31,Cornwall,2013,152.7,3927116.0,25718.0,ncep_2012-13.pdf
32,Coventry,2013,1853.0,25609663.0,13821.0,ncep_2012-13.pdf
33,Cromwell,2013,2043.44,26531835.0,12984.0,ncep_2012-13.pdf
34,Danbury,2013,10727.08,128009840.0,11933.0,ncep_2012-13.pdf
35,Darien,2013,4874.42,81497237.0,16719.0,ncep_2012-13.pdf
36,Deep River,2013,656.0,9984259.0,15220.0,ncep_2012-13.pdf
37,Derby,2013,1613.19,19830000.0,12292.0,ncep_2012-13.pdf
38,Durham,2013,1304.18,20904821.0,16029.0,ncep_2012-13.pdf
39,Eastford,2013,217.5,3695095.0,16989.0,ncep_2012-13.pdf
40,East Granby,2013,901.36,14691979.0,16300.0,ncep_2012-13.pdf
41,East Haddam,2013,1293.86,18595489.0,14372.0,ncep_2012-13.pdf
42,East Hampton,2013,1970.9,29022011.0,14725.0,ncep_2012-13.pdf
43,East Hartford,2013,8034.22,97826222.0,12176.0,ncep_2012-13.pdf
44,East Haven,2013,3644.21,48189676.0,13224.0,ncep_2012-13.pdf
45,East Lyme,2013,2734.36,38982999.0,14257.0,ncep_2012-13.pdf
46,Easton,2013,1478.84,24062947.0,16272.0,ncep_2012-13.pdf
47,East Windsor,2013,1364.33,20097508.0,14731.0,ncep_2012-13.pdf
48,Ellington,2013,2788.55,31325666.0,11234.0,ncep_2012-13.pdf
49,Enfield,2013,5766.68,74275924.0,12880.0,ncep_2012-13.pdf
50,Essex,2013,968.06,14654817.0,15138.0,ncep_2012-13.pdf
51,Fairfield,2013,10321.89,153875427.0,14908.0,ncep_2012-13.pdf
52,Farmington,2013,4079.36,58753899.0,14403.0,ncep_2012-13.pdf
53,Franklin,2013,280.58,3877617.0,13820.0,ncep_2012-13.pdf
54,Glastonbury,2013,6752.85,89961154.0,13322.0,ncep_2012-13.pdf
55,Goshen,2013,405.07,6908049.0,17054.0,ncep_2012-13.pdf
56,Granby,2013,2074.46,26883092.0,12959.0,ncep_2012-13.pdf
57,Greenwich,2013,8710.32,159375704.0,18297.0,ncep_2012-13.pdf
58,Griswold,2013,1834.88,23421324.0,12764.0,ncep_2012-13.pdf
59,Groton,2013,5091.33,74353242.0,14604.0,ncep_2012-13.pdf
60,Guilford,2013,3605.38,53128862.0,14736.0,ncep_2012-13.pdf
61,Haddam,2013,1313.55,19423818.0,14787.0,ncep_2012-13.pdf
62,Hamden,2013,6763.01,103806319.0,15349.0,ncep_2012-13.pdf
63,Hampton,2013,195.7,4098349.0,20942.0,ncep_2012-13.pdf
64,Hartford,2013,17929.0,388298796.0,21658.02,ncep_2012-13.pdf
65,Hartland,2013,300.35,4538443.0,15111.0,ncep_2012-13.pdf
66,Harwinton,2013,903.64,11426677.0,12645.0,ncep_2012-13.pdf
67,Hebron,2013,2008.17,24642138.0,12271.0,ncep_2012-13.pdf
68,Kent,2013,316.55,6303231.0,19912.0,ncep_2012-13.pdf
69,Killingly,2013,2486.58,36285804.0,14593.0,ncep_2012-13.pdf
70,Killingworth,2013,984.32,14555406.0,14787.0,ncep_2012-13.pdf
71,Lebanon,2013,1142.0,16732638.0,14652.0,ncep_2012-13.pdf
72,Ledyard,2013,2526.08,32930489.0,13036.0,ncep_2012-13.pdf
73,Lisbon,2013,625.38,9250355.0,14792.0,ncep_2012-13.pdf
74,Litchfield,2013,1060.11,16985814.0,16023.0,ncep_2012-13.pdf
75,Lyme,2013,311.19,5443771.0,17493.0,ncep_2012-13.pdf
76,Madison,2013,3379.67,48153050.0,14248.0,ncep_2012-13.pdf
77,Manchester,2013,7146.52,104387045.0,14607.0,ncep_2012-13.pdf
78,Mansfield,2013,1971.76,30412265.0,15424.0,ncep_2012-13.pdf
79,Marlborough,2013,1188.4,13422699.0,11295.0,ncep_2012-13.pdf
80,Meriden,2013,9071.07,112282449.0,12378.0,ncep_2012-13.pdf
81,Middlebury,2013,1332.07,18827647.0,14134.0,ncep_2012-13.pdf
82,Middlefield,2013,687.8,11024809.0,16029.0,ncep_2012-13.pdf
83,Middletown,2013,5215.55,73305901.0,14055.0,ncep_2012-13.pdf
84,Milford,2013,6753.6,107545972.0,15924.0,ncep_2012-13.pdf
85,Monroe,2013,3558.39,51770900.0,14549.0,ncep_2012-13.pdf
86,Montville,2013,2513.59,35120928.0,13972.0,ncep_2012-13.pdf
87,Morris,2013,335.72,5725356.0,17054.0,ncep_2012-13.pdf
88,Naugatuck,2013,4704.36,63831755.0,13569.0,ncep_2012-13.pdf
89,New Britain,2013,11186.16,132366466.0,11833.0,ncep_2012-13.pdf
90,New Canaan,2013,4220.54,75281918.0,17837.0,ncep_2012-13.pdf
91,New Fairfield,2013,2724.56,35433717.0,13005.0,ncep_2012-13.pdf
92,New Hartford,2013,1123.4,15798245.0,14063.0,ncep_2012-13.pdf
93,New Haven,2013,16805.0,309409911.0,18411.5,ncep_2012-13.pdf
94,Newington,2013,4452.04,64782734.0,14551.0,ncep_2012-13.pdf
95,New London,2013,3577.2,47694610.0,13333.0,ncep_2012-13.pdf
96,New Milford,2013,4531.27,55423910.0,12231.0,ncep_2012-13.pdf
97,Newtown,2013,5189.01,69723100.0,13437.0,ncep_2012-13.pdf
98,Norfolk,2013,221.53,4063248.0,18342.0,ncep_2012-13.pdf
99,North Branford,2013,2187.28,28569382.0,13062.0,ncep_2012-13.pdf
100,North Canaan,2013,439.1,8152714.0,18567.0,ncep_2012-13.pdf
101,North Haven,2013,3561.96,46839694.0,13150.0,ncep_2012-13.pdf
102,North Stonington,2013,780.99,11500310.0,14725.0,ncep_2012-13.pdf
103,Norwalk,2013,11240.67,175801560.0,15640.0,ncep_2012-13.pdf
104,Norwich,2013,5412.87,78766846.0,14552.0,ncep_2012-13.pdf
105,Old Lyme,2013,1166.63,20408326.0,17493.0,ncep_2012-13.pdf
106,Old Saybrook,2013,1476.66,22806469.0,15445.0,ncep_2012-13.pdf
107,Orange,2013,2438.22,36482140.0,14963.0,ncep_2012-13.pdf
108,Oxford,2013,2148.64,27550631.0,12822.0,ncep_2012-13.pdf
109,Plainfield,2013,2393.63,30388012.0,12695.0,ncep_2012-13.pdf
110,Plainville,2013,2400.73,34519431.0,14379.0,ncep_2012-13.pdf
111,Plymouth,2013,1797.46,23053007.0,12825.0,ncep_2012-13.pdf
112,Pomfret,2013,679.03,9843339.0,14496.0,ncep_2012-13.pdf
113,Portland,2013,1427.69,18715828.0,13109.0,ncep_2012-13.pdf
114,Preston,2013,608.68,10252874.0,16844.0,ncep_2012-13.pdf
115,Prospect,2013,1473.84,19973006.0,13552.0,ncep_2012-13.pdf
116,Putnam,2013,1221.89,18635959.0,15252.0,ncep_2012-13.pdf
117,Redding,2013,1662.51,31626975.0,19024.0,ncep_2012-13.pdf
118,Ridgefield,2013,5287.3,80585313.0,15241.0,ncep_2012-13.pdf
119,Rocky Hill,2013,2599.66,34660815.0,13333.0,ncep_2012-13.pdf
120,Roxbury,2013,269.1,6237099.0,23178.0,ncep_2012-13.pdf
121,Salem,2013,700.1,10209271.0,14583.0,ncep_2012-13.pdf
122,Salisbury,2013,384.9,7732455.0,20090.0,ncep_2012-13.pdf
123,Scotland,2013,211.8,4163802.0,19659.0,ncep_2012-13.pdf
124,Seymour,2013,2406.76,30834078.0,12811.0,ncep_2012-13.pdf
125,Sharon,2013,241.0,5755216.0,23881.0,ncep_2012-13.pdf
126,Shelton,2013,5246.87,65213474.0,12429.0,ncep_2012-13.pdf
127,Sherman,2013,572.91,8424847.0,14705.0,ncep_2012-13.pdf
128,Simsbury,2013,4599.96,64773843.0,14081.0,ncep_2012-13.pdf
129,Somers,2013,1569.43,20223505.0,12886.0,ncep_2012-13.pdf
130,Southbury,2013,2790.96,39447783.0,14134.0,ncep_2012-13.pdf
131,Southington,2013,6769.48,84646215.0,12504.0,ncep_2012-13.pdf
132,South Windsor,2013,4425.06,67032895.0,15148.0,ncep_2012-13.pdf
133,Sprague,2013,452.68,6034354.0,13330.0,ncep_2012-13.pdf
134,Stafford,2013,1746.47,25903525.0,14832.0,ncep_2012-13.pdf
135,Stamford,2013,15490.56,254922955.0,16457.0,ncep_2012-13.pdf
136,Sterling,2013,664.02,7866083.0,11846.0,ncep_2012-13.pdf
137,Stonington,2013,2440.75,33433716.0,13698.0,ncep_2012-13.pdf
138,Stratford,2013,7355.08,98380226.0,13376.0,ncep_2012-13.pdf
139,Suffield,2013,2384.4,31719270.0,13303.0,ncep_2012-13.pdf
140,Thomaston,2013,1163.48,15116630.0,12993.0,ncep_2012-13.pdf
141,Thompson,2013,1189.66,16759837.0,14088.0,ncep_2012-13.pdf
142,Tolland,2013,2949.6,36200905.0,12273.0,ncep_2012-13.pdf
143,Torrington,2013,4532.89,65916297.0,14542.0,ncep_2012-13.pdf
144,Trumbull,2013,6759.27,93640311.0,13854.0,ncep_2012-13.pdf
145,Union,2013,100.0,1541406.0,15414.0,ncep_2012-13.pdf
146,Vernon,2013,3709.87,49900544.0,13451.0,ncep_2012-13.pdf
147,Voluntown,2013,416.12,6204231.0,14910.0,ncep_2012-13.pdf
148,Wallingford,2013,6288.63,95142168.0,15129.0,ncep_2012-13.pdf
149,Warren,2013,171.34,2922026.0,17054.0,ncep_2012-13.pdf
150,Washington,2013,372.41,8631580.0,23178.0,ncep_2012-13.pdf
151,Waterbury,2013,14553.0,258859536.0,17787.24,ncep_2012-13.pdf
152,Waterford,2013,3014.42,44904017.0,14896.0,ncep_2012-13.pdf
153,Watertown,2013,3040.11,38709664.0,12733.0,ncep_2012-13.pdf
154,Westbrook,2013,889.17,15554363.0,17493.0,ncep_2012-13.pdf
155,West Hartford,2013,10333.58,141740300.0,13716.0,ncep_2012-13.pdf
156,West Haven,2013,7223.26,87310660.0,12087.0,ncep_2012-13.pdf
157,Weston,2013,2420.87,45818876.0,18927.0,ncep_2012-13.pdf
158,Westport,2013,5762.21,104718958.0,18173.0,ncep_2012-13.pdf
159,Wethersfield,2013,3877.95,53533421.0,13805.0,ncep_2012-13.pdf
160,Willington,2013,737.58,11496538.0,15587.0,ncep_2012-13.pdf
161,Wilton,2013,4296.63,73127893.0,17020.0,ncep_2012-13.pdf
162,Winchester,2013,1303.34,21550985.0,16535.0,ncep_2012-13.pdf
163,Windham,2013,3255.11,51074961.0,15691.0,ncep_2012-13.pdf
164,Windsor,2013,4019.78,62669715.0,15590.0,ncep_2012-13.pdf
165,Windsor Locks,2013,1834.61,30418729.0,16580.0,ncep_2012-13.pdf
166,Wolcott,2013,2811.56,32522777.0,11568.0,ncep_2012-13.pdf
167,Woodbridge,2013,1463.84,23580928.0,16109.0,ncep_2012-13.pdf
168,Woodbury,2013,1267.5,20667165.0,16305.0,ncep_2012-13.pdf
169,Woodstock,2013,1312.5,15582718.0,11873.0,ncep_2012-13.pdf
1,Andover,2014,569.02,7988081.0,14038.0,ncep_2013-14.pdf
2,Ansonia,2014,2527.6,32831653.0,12989.0,ncep_2013-14.pdf
3,Ashford,2014,615.78,10347089.0,16803.0,ncep_2013-14.pdf
4,Avon,2014,3420.67,49053907.0,14340.0,ncep_2013-14.pdf
5,Barkhamsted,2014,602.45,8444166.0,14016.0,ncep_2013-14.pdf
6,Beacon Falls,2014,940.2,13172829.0,14011.0,ncep_2013-14.pdf
7,Berlin,2014,3063.18,45211024.0,14760.0,ncep_2013-14.pdf
8,Bethany,2014,914.19,14483933.0,15843.0,ncep_2013-14.pdf
9,Bethel,2014,2946.04,43991013.0,14932.0,ncep_2013-14.pdf
10,Bethlehem,2014,404.16,7054761.0,17455.0,ncep_2013-14.pdf
11,Bloomfield,2014,2187.57,43850655.0,20045.0,ncep_2013-14.pdf
12,Bolton,2014,803.26,12771874.0,15900.0,ncep_2013-14.pdf
13,Bozrah,2014,345.04,5307799.0,15383.0,ncep_2013-14.pdf
14,Branford,2014,3315.73,51758292.0,15610.0,ncep_2013-14.pdf
15,Bridgeport,2014,13879.0,291559821.0,21008.02,ncep_2013-14.pdf
16,Bridgewater,2014,169.75,4436792.0,26137.0,ncep_2013-14.pdf
17,Bristol,2014,8490.99,111139538.0,13089.0,ncep_2013-14.pdf
18,Brookfield,2014,2826.29,38575698.0,13649.0,ncep_2013-14.pdf
19,Brooklyn,2014,1239.0,16362268.0,13206.0,ncep_2013-14.pdf
20,Burlington,2014,1721.02,22615097.0,13141.0,ncep_2013-14.pdf
21,Canaan,2014,115.88,2866346.0,24735.0,ncep_2013-14.pdf
22,Canterbury,2014,659.64,11264900.0,17077.0,ncep_2013-14.pdf
23,Canton,2014,1726.71,24734544.0,14325.0,ncep_2013-14.pdf
24,Chaplin,2014,303.73,5780793.0,19033.0,ncep_2013-14.pdf
25,Cheshire,2014,4601.12,62415416.0,13565.0,ncep_2013-14.pdf
26,Chester,2014,480.22,8108158.0,16884.0,ncep_2013-14.pdf
27,Clinton,2014,2016.25,30392286.0,15074.0,ncep_2013-14.pdf
28,Colchester,2014,2847.2,39256262.0,13788.0,ncep_2013-14.pdf
29,Colebrook,2014,216.39,3510764.0,16224.0,ncep_2013-14.pdf
30,Columbia,2014,705.44,12059169.0,17095.0,ncep_2013-14.pdf
31,Cornwall,2014,144.15,3704417.0,25698.0,ncep_2013-14.pdf
32,Coventry,2014,1820.3,26642587.0,14636.0,ncep_2013-14.pdf
33,Cromwell,2014,2061.85,27348250.0,13264.0,ncep_2013-14.pdf
34,Danbury,2014,10577.42,134149420.0,12683.0,ncep_2013-14.pdf
35,Darien,2014,4930.9,86342390.0,17510.0,ncep_2013-14.pdf
36,Deep River,2014,644.6,10585359.0,16422.0,ncep_2013-14.pdf
37,Derby,2014,1632.89,21210429.0,12990.0,ncep_2013-14.pdf
38,Durham,2014,1241.41,21322869.0,17176.0,ncep_2013-14.pdf
39,Eastford,2014,203.74,3622256.0,17779.0,ncep_2013-14.pdf
40,East Granby,2014,921.4,15168938.0,16463.0,ncep_2013-14.pdf
41,East Haddam,2014,1230.29,19237684.0,15637.0,ncep_2013-14.pdf
42,East Hampton,2014,1987.41,28033214.0,14105.0,ncep_2013-14.pdf
43,East Hartford,2014,8165.15,104386322.0,12784.0,ncep_2013-14.pdf
44,East Haven,2014,3478.83,50301448.0,14459.0,ncep_2013-14.pdf
45,East Lyme,2014,2690.14,40322449.0,14989.0,ncep_2013-14.pdf
46,Easton,2014,1448.78,24851077.0,17153.0,ncep_2013-14.pdf
47,East Windsor,2014,1305.46,20686194.0,15846.0,ncep_2013-14.pdf
48,Ellington,2014,2765.82,33720770.0,12192.0,ncep_2013-14.pdf
49,Enfield,2014,5597.19,75962536.0,13572.0,ncep_2013-14.pdf
50,Essex,2014,935.02,14921318.0,15958.0,ncep_2013-14.pdf
51,Fairfield,2014,10303.84,156479820.0,15187.0,ncep_2013-14.pdf
52,Farmington,2014,4033.41,61034184.0,15132.0,ncep_2013-14.pdf
53,Franklin,2014,266.51,3918056.0,14701.0,ncep_2013-14.pdf
54,Glastonbury,2014,6581.6,93678035.0,14233.0,ncep_2013-14.pdf
55,Goshen,2014,378.22,6810441.0,18007.0,ncep_2013-14.pdf
56,Granby,2014,2023.62,26850286.0,13268.0,ncep_2013-14.pdf
57,Greenwich,2014,8660.63,179678763.0,20747.0,ncep_2013-14.pdf
58,Griswold,2014,1845.23,24095305.0,13058.0,ncep_2013-14.pdf
59,Groton,2014,5014.19,73700498.0,14698.0,ncep_2013-14.pdf
60,Guilford,2014,3559.04,54661702.0,15359.0,ncep_2013-14.pdf
61,Haddam,2014,1339.07,20179556.0,15070.0,ncep_2013-14.pdf
62,Hamden,2014,6707.09,108955798.0,16245.0,ncep_2013-14.pdf
63,Hampton,2014,190.8,3905849.0,20471.0,ncep_2013-14.pdf
64,Hartford,2014,18732.0,408047467.0,21783.51,ncep_2013-14.pdf
65,Hartland,2014,286.95,5235043.0,18244.0,ncep_2013-14.pdf
66,Harwinton,2014,903.14,11867729.0,13141.0,ncep_2013-14.pdf
67,Hebron,2014,1895.8,25179882.0,13282.0,ncep_2013-14.pdf
68,Kent,2014,315.15,6369935.0,20212.0,ncep_2013-14.pdf
69,Killingly,2014,2420.81,38340493.0,15838.0,ncep_2013-14.pdf
70,Killingworth,2014,962.18,14499888.0,15070.0,ncep_2013-14.pdf
71,Lebanon,2014,1136.03,18197752.0,16019.0,ncep_2013-14.pdf
72,Ledyard,2014,2508.66,33495080.0,13352.0,ncep_2013-14.pdf
73,Lisbon,2014,619.27,9332493.0,15070.0,ncep_2013-14.pdf
74,Litchfield,2014,1004.3,16788741.0,16717.0,ncep_2013-14.pdf
75,Lyme,2014,298.36,5401472.0,18104.0,ncep_2013-14.pdf
76,Madison,2014,3291.21,49297770.0,14979.0,ncep_2013-14.pdf
77,Manchester,2014,7283.55,108564875.0,14905.0,ncep_2013-14.pdf
78,Mansfield,2014,1868.22,30397166.0,16271.0,ncep_2013-14.pdf
79,Marlborough,2014,1172.64,14156651.0,12072.0,ncep_2013-14.pdf
80,Meriden,2014,9001.54,117478772.0,13051.0,ncep_2013-14.pdf
81,Middlebury,2014,1280.27,18749283.0,14645.0,ncep_2013-14.pdf
82,Middlefield,2014,668.15,11476365.0,17176.0,ncep_2013-14.pdf
83,Middletown,2014,5129.58,76948244.0,15001.0,ncep_2013-14.pdf
84,Milford,2014,6558.49,111256636.0,16964.0,ncep_2013-14.pdf
85,Monroe,2014,3425.24,51603026.0,15066.0,ncep_2013-14.pdf
86,Montville,2014,2496.14,35507059.0,14225.0,ncep_2013-14.pdf
87,Morris,2014,326.4,5877341.0,18007.0,ncep_2013-14.pdf
88,Naugatuck,2014,4593.28,64668538.0,14079.0,ncep_2013-14.pdf
89,New Britain,2014,11002.51,142127868.0,12918.0,ncep_2013-14.pdf
90,New Canaan,2014,4228.01,76927657.0,18195.0,ncep_2013-14.pdf
91,New Fairfield,2014,2642.89,35463502.0,13418.0,ncep_2013-14.pdf
92,New Hartford,2014,1104.33,16127100.0,14604.0,ncep_2013-14.pdf
93,New Haven,2014,17059.0,319678728.0,18739.35,ncep_2013-14.pdf
94,Newington,2014,4382.7,66019687.0,15064.0,ncep_2013-14.pdf
95,New London,2014,3532.73,52425715.0,14840.0,ncep_2013-14.pdf
96,New Milford,2014,4424.4,57465380.0,12988.0,ncep_2013-14.pdf
97,Newtown,2014,5019.93,74893975.0,14919.0,ncep_2013-14.pdf
98,Norfolk,2014,218.09,4277342.0,19613.0,ncep_2013-14.pdf
99,North Branford,2014,2115.54,28399646.0,13424.0,ncep_2013-14.pdf
100,North Canaan,2014,432.3,8343749.0,19301.0,ncep_2013-14.pdf
101,North Haven,2014,3449.01,48419790.0,14039.0,ncep_2013-14.pdf
102,North Stonington,2014,785.69,12069303.0,15361.0,ncep_2013-14.pdf
103,Norwalk,2014,11290.18,186643560.0,16531.0,ncep_2013-14.pdf
104,Norwich,2014,5380.28,81006263.0,15056.0,ncep_2013-14.pdf
105,Old Lyme,2014,1141.17,20659599.0,18104.0,ncep_2013-14.pdf
106,Old Saybrook,2014,1417.35,23764585.0,16767.0,ncep_2013-14.pdf
107,Orange,2014,2373.02,37387459.0,15755.0,ncep_2013-14.pdf
108,Oxford,2014,2101.89,28212871.0,13423.0,ncep_2013-14.pdf
109,Plainfield,2014,2349.97,31452576.0,13384.0,ncep_2013-14.pdf
110,Plainville,2014,2367.88,35571526.0,15023.0,ncep_2013-14.pdf
111,Plymouth,2014,1755.8,23369002.0,13310.0,ncep_2013-14.pdf
112,Pomfret,2014,633.26,10181961.0,16079.0,ncep_2013-14.pdf
113,Portland,2014,1435.54,19284738.0,13434.0,ncep_2013-14.pdf
114,Preston,2014,617.14,10558405.0,17109.0,ncep_2013-14.pdf
115,Prospect,2014,1431.2,20052066.0,14011.0,ncep_2013-14.pdf
116,Putnam,2014,1226.36,19557316.0,15947.0,ncep_2013-14.pdf
117,Redding,2014,1608.61,31490619.0,19576.0,ncep_2013-14.pdf
118,Ridgefield,2014,5259.8,82889928.0,15759.0,ncep_2013-14.pdf
119,Rocky Hill,2014,2588.76,36999768.0,14292.0,ncep_2013-14.pdf
120,Roxbury,2014,247.1,6458505.0,26137.0,ncep_2013-14.pdf
121,Salem,2014,674.99,11596135.0,17180.0,ncep_2013-14.pdf
122,Salisbury,2014,347.22,7654198.0,22044.0,ncep_2013-14.pdf
123,Scotland,2014,225.38,4527267.0,20087.0,ncep_2013-14.pdf
124,Seymour,2014,2431.97,31851506.0,13097.0,ncep_2013-14.pdf
125,Sharon,2014,238.7,6179069.0,25886.0,ncep_2013-14.pdf
126,Shelton,2014,5150.45,66646361.0,12940.0,ncep_2013-14.pdf
127,Sherman,2014,563.72,8595380.0,15248.0,ncep_2013-14.pdf
128,Simsbury,2014,4445.53,67063574.0,15086.0,ncep_2013-14.pdf
129,Somers,2014,1518.63,20854073.0,13732.0,ncep_2013-14.pdf
130,Southbury,2014,2755.56,40354593.0,14645.0,ncep_2013-14.pdf
131,Southington,2014,6751.35,87514340.0,12962.0,ncep_2013-14.pdf
132,South Windsor,2014,4463.44,69986455.0,15680.0,ncep_2013-14.pdf
133,Sprague,2014,445.21,6078081.0,13652.0,ncep_2013-14.pdf
134,Stafford,2014,1652.12,27203996.0,16466.0,ncep_2013-14.pdf
135,Stamford,2014,15623.6,267773814.0,17139.0,ncep_2013-14.pdf
136,Sterling,2014,632.7,8015940.0,12669.0,ncep_2013-14.pdf
137,Stonington,2014,2387.67,34507696.0,14452.0,ncep_2013-14.pdf
138,Stratford,2014,7474.67,98592434.0,13190.0,ncep_2013-14.pdf
139,Suffield,2014,2314.15,32770896.0,14161.0,ncep_2013-14.pdf
140,Thomaston,2014,1096.62,16496852.0,15043.0,ncep_2013-14.pdf
141,Thompson,2014,1108.0,16485842.0,14879.0,ncep_2013-14.pdf
142,Tolland,2014,2865.64,37335519.0,13029.0,ncep_2013-14.pdf
143,Torrington,2014,4460.38,69808160.0,15651.0,ncep_2013-14.pdf
144,Trumbull,2014,6667.87,96710259.0,14504.0,ncep_2013-14.pdf
145,Union,2014,110.0,1756571.0,15969.0,ncep_2013-14.pdf
146,Vernon,2014,3661.13,52320181.0,14291.0,ncep_2013-14.pdf
147,Voluntown,2014,401.11,6349428.0,15830.0,ncep_2013-14.pdf
148,Wallingford,2014,6121.14,103956082.0,16983.0,ncep_2013-14.pdf
149,Warren,2014,166.42,2996652.0,18007.0,ncep_2013-14.pdf
150,Washington,2014,345.54,9031452.0,26137.0,ncep_2013-14.pdf
151,Waterbury,2014,14801.0,265986099.0,17970.4,ncep_2013-14.pdf
152,Waterford,2014,2974.65,45074496.0,15153.0,ncep_2013-14.pdf
153,Watertown,2014,2940.43,38875820.0,13221.0,ncep_2013-14.pdf
154,Westbrook,2014,851.5,16370988.0,19226.0,ncep_2013-14.pdf
155,West Hartford,2014,10296.6,143859999.0,13972.0,ncep_2013-14.pdf
156,West Haven,2014,7194.95,89606619.0,12454.0,ncep_2013-14.pdf
157,Weston,2014,2405.33,46697846.0,19414.0,ncep_2013-14.pdf
158,Westport,2014,5745.72,108385246.0,18864.0,ncep_2013-14.pdf
159,Wethersfield,2014,3921.26,55742122.0,14215.0,ncep_2013-14.pdf
160,Willington,2014,709.91,11845650.0,16686.0,ncep_2013-14.pdf
161,Wilton,2014,4311.66,75766762.0,17573.0,ncep_2013-14.pdf
162,Winchester,2014,1262.85,21487999.0,17015.0,ncep_2013-14.pdf
163,Windham,2014,3260.8,54952302.0,16852.0,ncep_2013-14.pdf
164,Windsor,2014,3936.24,64727140.0,16444.0,ncep_2013-14.pdf
165,Windsor Locks,2014,1783.42,31579505.0,17707.0,ncep_2013-14.pdf
166,Wolcott,2014,2720.2,32726480.0,12031.0,ncep_2013-14.pdf
167,Woodbridge,2014,1483.64,24431654.0,16467.0,ncep_2013-14.pdf
168,Woodbury,2014,1240.52,21653731.0,17455.0,ncep_2013-14.pdf
169,Woodstock,2014,1319.62,16125312.0,12220.0,ncep_2013-14.pdf
1,Andover,2016,502.26,8056311.0,16040.0,ncep_2015-16.pdf
2,Ansonia,2016,2524.46,35346938.0,14002.0,ncep_2015-16.pdf
3,Ashford,2016,562.82,10743894.0,19089.0,ncep_2015-16.pdf
4,Avon,2016,3292.45,51777946.0,15726.0,ncep_2015-16.pdf
5,Barkhamsted,2016,564.73,9477322.0,16782.0,ncep_2015-16.pdf
7,Berlin,2016,2938.43,46355300.0,15776.0,ncep_2015-16.pdf
8,Bethany,2016,840.69,14651504.0,17428.0,ncep_2015-16.pdf
9,Bethel,2016,2930.31,46224952.0,15775.0,ncep_2015-16.pdf
11,Bloomfield,2016,2238.29,47362809.0,21160.0,ncep_2015-16.pdf
12,Bolton,2016,759.18,13279903.0,17492.0,ncep_2015-16.pdf
13,Bozrah,2016,307.7,5390717.0,17519.0,ncep_2015-16.pdf
14,Branford,2016,3121.52,53794400.0,17233.0,ncep_2015-16.pdf
15,Bridgeport,2016,14343.0,300448040.0,20947.53,ncep_2015-16.pdf
17,Bristol,2016,8392.78,116607029.0,13894.0,ncep_2015-16.pdf
18,Brookfield,2016,2731.36,38579527.0,14125.0,ncep_2015-16.pdf
19,Brooklyn,2016,1225.4,17747641.0,14483.0,ncep_2015-16.pdf
21,Canaan,2016,111.45,3226113.0,28947.0,ncep_2015-16.pdf
22,Canterbury,2016,648.58,11366359.0,17525.0,ncep_2015-16.pdf
23,Canton,2016,1638.21,25383223.0,15494.0,ncep_2015-16.pdf
24,Chaplin,2016,287.63,5789396.0,20128.0,ncep_2015-16.pdf
25,Cheshire,2016,4401.39,67062890.0,15237.0,ncep_2015-16.pdf
26,Chester,2016,444.2,8111637.0,18261.0,ncep_2015-16.pdf
27,Clinton,2016,1865.94,31282843.0,16765.0,ncep_2015-16.pdf
28,Colchester,2016,2705.29,39810264.0,14716.0,ncep_2015-16.pdf
29,Colebrook,2016,195.34,3580866.0,18331.0,ncep_2015-16.pdf
30,Columbia,2016,697.64,12083538.0,17321.0,ncep_2015-16.pdf
31,Cornwall,2016,128.41,3877111.0,30193.0,ncep_2015-16.pdf
32,Coventry,2016,1736.74,26922603.0,15502.0,ncep_2015-16.pdf
33,Cromwell,2016,2104.38,29308826.0,13928.0,ncep_2015-16.pdf
34,Danbury,2016,10870.82,139082742.0,12794.0,ncep_2015-16.pdf
35,Darien,2016,4858.94,93864094.0,19318.0,ncep_2015-16.pdf
36,Deep River,2016,624.4,11032430.0,17669.0,ncep_2015-16.pdf
37,Derby,2016,1547.01,23749687.0,15352.0,ncep_2015-16.pdf
39,Eastford,2016,178.5,3684857.0,20643.0,ncep_2015-16.pdf
40,East Granby,2016,906.8,17157963.0,18921.0,ncep_2015-16.pdf
41,East Haddam,2016,1107.85,19820608.0,17891.0,ncep_2015-16.pdf
42,East Hampton,2016,1984.02,28626873.0,14429.0,ncep_2015-16.pdf
43,East Hartford,2016,8092.09,108731623.0,13437.0,ncep_2015-16.pdf
44,East Haven,2016,3414.38,54113741.0,15849.0,ncep_2015-16.pdf
45,East Lyme,2016,2615.95,40890719.0,15631.0,ncep_2015-16.pdf
46,Easton,2016,1393.9,26808201.0,19233.0,ncep_2015-16.pdf
47,East Windsor,2016,1203.41,22388752.0,18604.0,ncep_2015-16.pdf
48,Ellington,2016,2732.71,35482640.0,12984.0,ncep_2015-16.pdf
49,Enfield,2016,5552.78,77153048.0,13894.0,ncep_2015-16.pdf
50,Essex,2016,815.42,15518337.0,19031.0,ncep_2015-16.pdf
51,Fairfield,2016,10125.97,167691944.0,16561.0,ncep_2015-16.pdf
52,Farmington,2016,4048.47,65735108.0,16237.0,ncep_2015-16.pdf
53,Franklin,2016,255.14,3908489.0,15319.0,ncep_2015-16.pdf
54,Glastonbury,2016,6212.51,97713997.0,15729.0,ncep_2015-16.pdf
56,Granby,2016,1920.62,27939908.0,14547.0,ncep_2015-16.pdf
57,Greenwich,2016,8643.67,184378009.0,21331.0,ncep_2015-16.pdf
58,Griswold,2016,1787.02,24835316.0,13898.0,ncep_2015-16.pdf
59,Groton,2016,4903.74,76147673.0,15528.0,ncep_2015-16.pdf
60,Guilford,2016,3451.22,58135365.0,16845.0,ncep_2015-16.pdf
62,Hamden,2016,6434.02,118167847.0,18366.0,ncep_2015-16.pdf
63,Hampton,2016,174.78,3831072.0,21919.0,ncep_2015-16.pdf
64,Hartford,2016,19313.0,415702580.0,21523.95,ncep_2015-16.pdf
65,Hartland,2016,275.35,5088334.0,18480.0,ncep_2015-16.pdf
67,Hebron,2016,1663.57,25512645.0,15336.0,ncep_2015-16.pdf
68,Kent,2016,291.88,6885176.0,23589.0,ncep_2015-16.pdf
69,Killingly,2016,2412.35,40362948.0,16732.0,ncep_2015-16.pdf
71,Lebanon,2016,1027.06,18185115.0,17706.0,ncep_2015-16.pdf
72,Ledyard,2016,2365.84,35833707.0,15146.0,ncep_2015-16.pdf
73,Lisbon,2016,569.62,9707550.0,17042.0,ncep_2015-16.pdf
74,Litchfield,2016,977.0,18099874.0,18526.0,ncep_2015-16.pdf
76,Madison,2016,3029.35,51363568.0,16955.0,ncep_2015-16.pdf
77,Manchester,2016,7279.66,118302213.0,16251.0,ncep_2015-16.pdf
78,Mansfield,2016,1862.7,32621198.0,17513.0,ncep_2015-16.pdf
79,Marlborough,2016,1105.79,15069729.0,13628.0,ncep_2015-16.pdf
80,Meriden,2016,8811.5,122962491.0,13955.0,ncep_2015-16.pdf
83,Middletown,2016,5018.6,82536932.0,16446.0,ncep_2015-16.pdf
84,Milford,2016,6231.64,114857197.0,18431.0,ncep_2015-16.pdf
85,Monroe,2016,3249.48,53196952.0,16371.0,ncep_2015-16.pdf
86,Montville,2016,2389.18,36601295.0,15320.0,ncep_2015-16.pdf
88,Naugatuck,2016,4495.58,67741593.0,15068.0,ncep_2015-16.pdf
89,New Britain,2016,11355.38,149844738.0,13196.0,ncep_2015-16.pdf
90,New Canaan,2016,4262.56,83444134.0,19576.0,ncep_2015-16.pdf
91,New Fairfield,2016,2425.67,36592235.0,15085.0,ncep_2015-16.pdf
92,New Hartford,2016,1030.53,16976221.0,16473.0,ncep_2015-16.pdf
93,New Haven,2016,18248.0,347925837.0,19066.83,ncep_2015-16.pdf
94,Newington,2016,4238.39,69058461.0,16294.0,ncep_2015-16.pdf
95,New London,2016,3605.2,60316122.0,16730.0,ncep_2015-16.pdf
96,New Milford,2016,4153.42,58336628.0,14045.0,ncep_2015-16.pdf
97,Newtown,2016,4677.36,72693059.0,15541.0,ncep_2015-16.pdf
98,Norfolk,2016,205.41,4264962.0,20763.0,ncep_2015-16.pdf
99,North Branford,2016,1958.51,29527440.0,15076.0,ncep_2015-16.pdf
100,North Canaan,2016,389.6,8663246.0,22236.0,ncep_2015-16.pdf
101,North Haven,2016,3245.53,49802816.0,15345.0,ncep_2015-16.pdf
102,North Stonington,2016,751.92,12050901.0,16027.0,ncep_2015-16.pdf
103,Norwalk,2016,11540.75,197260681.0,17093.0,ncep_2015-16.pdf
104,Norwich,2016,5267.78,85653767.0,16260.0,ncep_2015-16.pdf
106,Old Saybrook,2016,1338.24,25450112.0,19018.0,ncep_2015-16.pdf
107,Orange,2016,2303.5,39771191.0,17266.0,ncep_2015-16.pdf
108,Oxford,2016,2037.13,28282446.0,13883.0,ncep_2015-16.pdf
109,Plainfield,2016,2293.81,33066321.0,14415.0,ncep_2015-16.pdf
110,Plainville,2016,2415.16,35885400.0,14858.0,ncep_2015-16.pdf
111,Plymouth,2016,1678.37,24118800.0,14370.0,ncep_2015-16.pdf
112,Pomfret,2016,602.47,10182883.0,16902.0,ncep_2015-16.pdf
113,Portland,2016,1400.51,20362563.0,14539.0,ncep_2015-16.pdf
114,Preston,2016,648.09,10766852.0,16613.0,ncep_2015-16.pdf
116,Putnam,2016,1165.89,19716541.0,16911.0,ncep_2015-16.pdf
117,Redding,2016,1488.05,31596149.0,21233.0,ncep_2015-16.pdf
118,Ridgefield,2016,5014.77,85314912.0,17013.0,ncep_2015-16.pdf
119,Rocky Hill,2016,2762.32,40114405.0,14522.0,ncep_2015-16.pdf
121,Salem,2016,630.45,10853077.0,17215.0,ncep_2015-16.pdf
122,Salisbury,2016,341.87,8057287.0,23568.0,ncep_2015-16.pdf
123,Scotland,2016,209.09,4756561.0,22749.0,ncep_2015-16.pdf
124,Seymour,2016,2323.49,33422579.0,14385.0,ncep_2015-16.pdf
125,Sharon,2016,230.4,6591331.0,28608.0,ncep_2015-16.pdf
126,Shelton,2016,5178.7,69398843.0,13401.0,ncep_2015-16.pdf
127,Sherman,2016,502.18,8649652.0,17224.0,ncep_2015-16.pdf
128,Simsbury,2016,4253.47,68210159.0,16036.0,ncep_2015-16.pdf
129,Somers,2016,1441.14,21792537.0,15122.0,ncep_2015-16.pdf
131,Southington,2016,6648.04,91816447.0,13811.0,ncep_2015-16.pdf
132,South Windsor,2016,4320.88,72742189.0,16835.0,ncep_2015-16.pdf
133,Sprague,2016,461.89,6260984.0,13555.0,ncep_2015-16.pdf
134,Stafford,2016,1596.49,27479671.0,17213.0,ncep_2015-16.pdf
135,Stamford,2016,15642.22,282552423.0,18063.0,ncep_2015-16.pdf
136,Sterling,2016,581.75,7965013.0,13691.0,ncep_2015-16.pdf
137,Stonington,2016,2250.44,36294671.0,16128.0,ncep_2015-16.pdf
138,Stratford,2016,7245.55,106007763.0,14631.0,ncep_2015-16.pdf
139,Suffield,2016,2261.12,35495522.0,15698.0,ncep_2015-16.pdf
140,Thomaston,2016,1013.79,15163808.0,14958.0,ncep_2015-16.pdf
141,Thompson,2016,1043.0,17373385.0,16657.0,ncep_2015-16.pdf
142,Tolland,2016,2710.44,39286792.0,14495.0,ncep_2015-16.pdf
143,Torrington,2016,4465.63,73062857.0,16361.0,ncep_2015-16.pdf
144,Trumbull,2016,6615.64,101993621.0,15417.0,ncep_2015-16.pdf
145,Union,2016,113.0,1945447.0,17216.0,ncep_2015-16.pdf
146,Vernon,2016,3512.44,54597539.0,15544.0,ncep_2015-16.pdf
147,Voluntown,2016,388.41,7550648.0,19440.0,ncep_2015-16.pdf
148,Wallingford,2016,6135.01,103255762.0,16831.0,ncep_2015-16.pdf
151,Waterbury,2016,15219.0,279775313.0,18382.83,ncep_2015-16.pdf
152,Waterford,2016,2903.54,46050351.0,15860.0,ncep_2015-16.pdf
153,Watertown,2016,2830.26,40331163.0,14250.0,ncep_2015-16.pdf
154,Westbrook,2016,782.98,17687763.0,22590.0,ncep_2015-16.pdf
155,West Hartford,2016,10132.47,152214085.0,15022.0,ncep_2015-16.pdf
156,West Haven,2016,7017.43,97013068.0,13825.0,ncep_2015-16.pdf
157,Weston,2016,2383.27,49474824.0,20759.0,ncep_2015-16.pdf
158,Westport,2016,5717.08,113195476.0,19800.0,ncep_2015-16.pdf
159,Wethersfield,2016,3971.05,59951146.0,15097.0,ncep_2015-16.pdf
160,Willington,2016,672.93,12124171.0,18017.0,ncep_2015-16.pdf
161,Wilton,2016,4155.3,80352936.0,19337.0,ncep_2015-16.pdf
162,Winchester,2016,1185.51,21746201.0,18343.0,ncep_2015-16.pdf
163,Windham,2016,3207.1,60860490.0,18977.0,ncep_2015-16.pdf
164,Windsor,2016,3936.72,68048297.0,17286.0,ncep_2015-16.pdf
165,Windsor Locks,2016,1703.28,32383928.0,19013.0,ncep_2015-16.pdf
166,Wolcott,2016,2546.62,34067207.0,13377.0,ncep_2015-16.pdf
167,Woodbridge,2016,1487.72,26386565.0,17736.0,ncep_2015-16.pdf
169,Woodstock,2016,1264.53,17294592.0,13677.0,ncep_2015-16.pdf
201,District No. 1,2016,420.0,10560186.0,25143.0,ncep_2015-16.pdf
204,District No. 4,2016,953.0,16659713.0,17481.0,ncep_2015-16.pdf
205,District No. 5,2016,2284.38,39839339.0,17440.0,ncep_2015-16.pdf
206,District No. 6,2016,828.92,16317611.0,19685.0,ncep_2015-16.pdf
207,District No. 7,2016,1020.64,17321021.0,16971.0,ncep_2015-16.pdf
208,District No. 8,2016,1703.0,24865105.0,14601.0,ncep_2015-16.pdf
209,District No. 9,2016,1050.74,20755826.0,19754.0,ncep_2015-16.pdf
210,District No. 10,2016,2463.92,35579507.0,14440.0,ncep_2015-16.pdf
211,District No. 11,2016,286.07,6212197.0,21716.0,ncep_2015-16.pdf
212,District No. 12,2016,677.12,19773046.0,29202.0,ncep_2015-16.pdf
213,District No. 13,2016,1771.35,34476017.0,19463.0,ncep_2015-16.pdf
214,District No. 14,2016,1501.24,29428559.0,19603.0,ncep_2015-16.pdf
215,District No. 15,2016,3804.09,63221073.0,16619.0,ncep_2015-16.pdf
216,District No. 16,2016,2290.89,35259320.0,15391.0,ncep_2015-16.pdf
217,District No. 17,2016,2164.57,37154769.0,17165.0,ncep_2015-16.pdf
218,District No. 18,2016,1374.06,26958256.0,19619.0,ncep_2015-16.pdf
219,District No. 19,2016,974.0,17559240.0,18028.0,ncep_2015-16.pdf
1,Andover,2017,460.3,8667925.0,18831.0,ncep_2016-17.pdf
2,Ansonia,2017,2562.91,36537912.0,14256.0,ncep_2016-17.pdf
3,Ashford,2017,551.78,10599380.0,19209.0,ncep_2016-17.pdf
4,Avon,2017,3311.1,53770390.0,16239.0,ncep_2016-17.pdf
5,Barkhamsted,2017,528.37,9100931.0,17225.0,ncep_2016-17.pdf
7,Berlin,2017,2870.26,47147379.0,16426.0,ncep_2016-17.pdf
8,Bethany,2017,792.99,14625985.0,18444.0,ncep_2016-17.pdf
9,Bethel,2017,2969.97,46600408.0,15691.0,ncep_2016-17.pdf
11,Bloomfield,2017,2308.65,48286562.0,20915.0,ncep_2016-17.pdf
12,Bolton,2017,752.75,13251740.0,17604.0,ncep_2016-17.pdf
13,Bozrah,2017,312.16,5357578.0,17163.0,ncep_2016-17.pdf
14,Branford,2017,3032.72,54523335.0,17978.0,ncep_2016-17.pdf
15,Bridgeport,2017,14164.0,298683833.0,21087.04,ncep_2016-17.pdf
17,Bristol,2017,8331.11,116998506.0,14044.0,ncep_2016-17.pdf
18,Brookfield,2017,2722.25,39536654.0,14524.0,ncep_2016-17.pdf
19,Brooklyn,2017,1211.69,17585620.0,14513.0,ncep_2016-17.pdf
21,Canaan,2017,109.3,2985218.0,27312.0,ncep_2016-17.pdf
22,Canterbury,2017,642.55,11364582.0,17687.0,ncep_2016-17.pdf
23,Canton,2017,1639.75,26006059.0,15860.0,ncep_2016-17.pdf
24,Chaplin,2017,269.27,5946222.0,22083.0,ncep_2016-17.pdf
25,Cheshire,2017,4339.03,67679529.0,15598.0,ncep_2016-17.pdf
26,Chester,2017,431.79,8194678.0,18978.0,ncep_2016-17.pdf
27,Clinton,2017,1808.26,31796628.0,17584.0,ncep_2016-17.pdf
28,Colchester,2017,2623.52,39456938.0,15040.0,ncep_2016-17.pdf
29,Colebrook,2017,183.93,3644485.0,19815.0,ncep_2016-17.pdf
30,Columbia,2017,700.24,12351151.0,17638.0,ncep_2016-17.pdf
31,Cornwall,2017,115.62,4182658.0,36176.0,ncep_2016-17.pdf
32,Coventry,2017,1703.53,27784269.0,16310.0,ncep_2016-17.pdf
33,Cromwell,2017,2075.76,30046016.0,14475.0,ncep_2016-17.pdf
34,Danbury,2017,11117.86,141668530.0,12742.0,ncep_2016-17.pdf
35,Darien,2017,4797.17,96696641.0,20157.0,ncep_2016-17.pdf
36,Deep River,2017,613.78,11595557.0,18892.0,ncep_2016-17.pdf
37,Derby,2017,1534.92,25166215.0,16396.0,ncep_2016-17.pdf
39,Eastford,2017,186.13,3861558.0,20747.0,ncep_2016-17.pdf
40,East Granby,2017,890.23,17255008.0,19383.0,ncep_2016-17.pdf
41,East Haddam,2017,1064.33,20354897.0,19125.0,ncep_2016-17.pdf
42,East Hampton,2017,1973.11,29539841.0,14971.0,ncep_2016-17.pdf
43,East Hartford,2017,7967.32,113754764.0,14278.0,ncep_2016-17.pdf
44,East Haven,2017,3420.43,53345441.0,15596.0,ncep_2016-17.pdf
45,East Lyme,2017,2628.01,42889960.0,16320.0,ncep_2016-17.pdf
46,Easton,2017,1337.09,25796474.0,19293.0,ncep_2016-17.pdf
47,East Windsor,2017,1143.65,24369031.0,21308.0,ncep_2016-17.pdf
48,Ellington,2017,2728.68,36328078.0,13313.0,ncep_2016-17.pdf
49,Enfield,2017,5572.55,79899989.0,14338.0,ncep_2016-17.pdf
50,Essex,2017,779.38,15631675.0,20057.0,ncep_2016-17.pdf
51,Fairfield,2017,10033.92,170624563.0,17005.0,ncep_2016-17.pdf
52,Farmington,2017,4035.1,66456323.0,16470.0,ncep_2016-17.pdf
53,Franklin,2017,248.72,3897584.0,15671.0,ncep_2016-17.pdf
54,Glastonbury,2017,6128.41,98574366.0,16085.0,ncep_2016-17.pdf
56,Granby,2017,1836.08,28004055.0,15252.0,ncep_2016-17.pdf
57,Greenwich,2017,8822.46,187066991.0,21203.0,ncep_2016-17.pdf
58,Griswold,2017,1734.87,25486301.0,14691.0,ncep_2016-17.pdf
59,Groton,2017,4822.85,76262598.0,15813.0,ncep_2016-17.pdf
60,Guilford,2017,3436.25,63151464.0,18378.0,ncep_2016-17.pdf
62,Hamden,2017,6345.3,119200496.0,18786.0,ncep_2016-17.pdf
63,Hampton,2017,173.68,3861642.0,22234.0,ncep_2016-17.pdf
64,Hartford,2017,19140.0,408368253.0,21336.37,ncep_2016-17.pdf
65,Hartland,2017,268.79,4950925.0,18419.0,ncep_2016-17.pdf
67,Hebron,2017,1588.55,25406915.0,15994.0,ncep_2016-17.pdf
68,Kent,2017,289.28,6974828.0,24111.0,ncep_2016-17.pdf
69,Killingly,2017,2351.11,41211050.0,17528.0,ncep_2016-17.pdf
71,Lebanon,2017,976.23,18213196.0,18657.0,ncep_2016-17.pdf
72,Ledyard,2017,2315.39,36112040.0,15597.0,ncep_2016-17.pdf
73,Lisbon,2017,561.6,9503668.0,16922.0,ncep_2016-17.pdf
74,Litchfield,2017,935.16,18233233.0,19497.0,ncep_2016-17.pdf
76,Madison,2017,2929.85,53012460.0,18094.0,ncep_2016-17.pdf
77,Manchester,2017,7466.08,118229382.0,15836.0,ncep_2016-17.pdf
78,Mansfield,2017,1800.42,34117138.0,18950.0,ncep_2016-17.pdf
79,Marlborough,2017,1080.77,15217402.0,14080.0,ncep_2016-17.pdf
80,Meriden,2017,8799.79,123352741.0,14018.0,ncep_2016-17.pdf
83,Middletown,2017,4983.04,83189918.0,16695.0,ncep_2016-17.pdf
84,Milford,2017,5998.23,115530792.0,19261.0,ncep_2016-17.pdf
85,Monroe,2017,3246.31,54454603.0,16774.0,ncep_2016-17.pdf
86,Montville,2017,2372.88,36781110.0,15501.0,ncep_2016-17.pdf
88,Naugatuck,2017,4529.53,66657716.0,14716.0,ncep_2016-17.pdf
89,New Britain,2017,11341.26,151870927.0,13391.0,ncep_2016-17.pdf
90,New Canaan,2017,4303.35,86765576.0,20162.0,ncep_2016-17.pdf
91,New Fairfield,2017,2319.56,37083673.0,15987.0,ncep_2016-17.pdf
92,New Hartford,2017,1002.87,17069514.0,17021.0,ncep_2016-17.pdf
93,New Haven,2017,18091.0,349939875.0,19343.38,ncep_2016-17.pdf
94,Newington,2017,4225.81,69708081.0,16496.0,ncep_2016-17.pdf
95,New London,2017,3669.54,61475916.0,16753.0,ncep_2016-17.pdf
96,New Milford,2017,4130.82,58894534.0,14257.0,ncep_2016-17.pdf
97,Newtown,2017,4535.46,75064447.0,16551.0,ncep_2016-17.pdf
98,Norfolk,2017,190.36,4161492.0,21861.0,ncep_2016-17.pdf
99,North Branford,2017,1895.09,29568115.0,15602.0,ncep_2016-17.pdf
100,North Canaan,2017,397.2,8681939.0,21858.0,ncep_2016-17.pdf
101,North Haven,2017,3212.6,51210916.0,15941.0,ncep_2016-17.pdf
102,North Stonington,2017,766.18,12101031.0,15794.0,ncep_2016-17.pdf
103,Norwalk,2017,11699.07,198752037.0,16989.0,ncep_2016-17.pdf
104,Norwich,2017,5274.88,87676821.0,16622.0,ncep_2016-17.pdf
106,Old Saybrook,2017,1310.49,24942467.0,19033.0,ncep_2016-17.pdf
107,Orange,2017,2280.59,40986594.0,17972.0,ncep_2016-17.pdf
108,Oxford,2017,2022.07,29440053.0,14559.0,ncep_2016-17.pdf
109,Plainfield,2017,2276.74,33351267.0,14649.0,ncep_2016-17.pdf
110,Plainville,2017,2383.17,36313490.0,15237.0,ncep_2016-17.pdf
111,Plymouth,2017,1647.33,23929683.0,14526.0,ncep_2016-17.pdf
112,Pomfret,2017,600.82,10111956.0,16830.0,ncep_2016-17.pdf
113,Portland,2017,1384.84,20534746.0,14828.0,ncep_2016-17.pdf
114,Preston,2017,645.24,10800575.0,16739.0,ncep_2016-17.pdf
116,Putnam,2017,1142.07,20047100.0,17553.0,ncep_2016-17.pdf
117,Redding,2017,1429.92,31077455.0,21734.0,ncep_2016-17.pdf
118,Ridgefield,2017,4962.27,89129309.0,17961.0,ncep_2016-17.pdf
119,Rocky Hill,2017,2766.38,41601979.0,15038.0,ncep_2016-17.pdf
121,Salem,2017,628.95,10519074.0,16725.0,ncep_2016-17.pdf
122,Salisbury,2017,342.11,8517803.0,24898.0,ncep_2016-17.pdf
123,Scotland,2017,198.85,4345371.0,21853.0,ncep_2016-17.pdf
124,Seymour,2017,2261.47,33412939.0,14775.0,ncep_2016-17.pdf
125,Sharon,2017,211.6,6498897.0,30713.0,ncep_2016-17.pdf
126,Shelton,2017,5060.86,70266391.0,13884.0,ncep_2016-17.pdf
127,Sherman,2017,476.49,8642480.0,18138.0,ncep_2016-17.pdf
128,Simsbury,2017,4192.95,69678169.0,16618.0,ncep_2016-17.pdf
129,Somers,2017,1432.57,22576938.0,15760.0,ncep_2016-17.pdf
131,Southington,2017,6619.34,94191685.0,14230.0,ncep_2016-17.pdf
132,South Windsor,2017,4318.09,73667294.0,17060.0,ncep_2016-17.pdf
133,Sprague,2017,454.93,6535058.0,14365.0,ncep_2016-17.pdf
134,Stafford,2017,1572.28,27204985.0,17303.0,ncep_2016-17.pdf
135,Stamford,2017,15768.63,292818138.0,18570.0,ncep_2016-17.pdf
136,Sterling,2017,557.22,8003435.0,14363.0,ncep_2016-17.pdf
137,Stonington,2017,2190.92,37214882.0,16986.0,ncep_2016-17.pdf
138,Stratford,2017,7146.91,114243729.0,15985.0,ncep_2016-17.pdf
139,Suffield,2017,2201.59,35333424.0,16049.0,ncep_2016-17.pdf
140,Thomaston,2017,1003.03,15053734.0,15008.0,ncep_2016-17.pdf
141,Thompson,2017,1044.0,17985778.0,17228.0,ncep_2016-17.pdf
142,Tolland,2017,2594.4,39493846.0,15223.0,ncep_2016-17.pdf
143,Torrington,2017,4429.44,73557317.0,16606.0,ncep_2016-17.pdf
144,Trumbull,2017,6549.97,104665887.0,15980.0,ncep_2016-17.pdf
145,Union,2017,100.0,1939676.0,19397.0,ncep_2016-17.pdf
146,Vernon,2017,3535.19,54740216.0,15484.0,ncep_2016-17.pdf
147,Voluntown,2017,378.92,6746708.0,17805.0,ncep_2016-17.pdf
148,Wallingford,2017,6021.65,102789860.0,17070.0,ncep_2016-17.pdf
151,Waterbury,2017,15461.0,286466260.0,18528.86,ncep_2016-17.pdf
152,Waterford,2017,2920.08,46597261.0,15958.0,ncep_2016-17.pdf
153,Watertown,2017,2800.84,43117613.0,15395.0,ncep_2016-17.pdf
154,Westbrook,2017,775.29,17663443.0,22783.0,ncep_2016-17.pdf
155,West Hartford,2017,10056.28,158494162.0,15761.0,ncep_2016-17.pdf
156,West Haven,2017,6970.52,96911577.0,13903.0,ncep_2016-17.pdf
157,Weston,2017,2342.71,48939363.0,20890.0,ncep_2016-17.pdf
158,Westport,2017,5629.33,114764300.0,20387.0,ncep_2016-17.pdf
159,Wethersfield,2017,3882.86,60293661.0,15528.0,ncep_2016-17.pdf
160,Willington,2017,654.27,12172059.0,18604.0,ncep_2016-17.pdf
161,Wilton,2017,4077.33,80997171.0,19865.0,ncep_2016-17.pdf
162,Winchester,2017,1154.49,23210485.0,20105.0,ncep_2016-17.pdf
163,Windham,2017,3279.22,60244328.0,18372.0,ncep_2016-17.pdf
164,Windsor,2017,3915.4,69340210.0,17710.0,ncep_2016-17.pdf
165,Windsor Locks,2017,1650.44,31739975.0,19231.0,ncep_2016-17.pdf
166,Wolcott,2017,2488.21,34490807.0,13862.0,ncep_2016-17.pdf
167,Woodbridge,2017,1478.02,26087644.0,17650.0,ncep_2016-17.pdf
169,Woodstock,2017,1262.53,17642861.0,13974.0,ncep_2016-17.pdf
201,District No. 1,2017,411.0,10832755.0,26357.0,ncep_2016-17.pdf
204,District No. 4,2017,969.0,17145850.0,17694.0,ncep_2016-17.pdf
205,District No. 5,2017,2275.07,40668113.0,17876.0,ncep_2016-17.pdf
206,District No. 6,2017,820.25,16593009.0,20229.0,ncep_2016-17.pdf
207,District No. 7,2017,1010.58,17585726.0,17402.0,ncep_2016-17.pdf
208,District No. 8,2017,1662.16,25679810.0,15450.0,ncep_2016-17.pdf
209,District No. 9,2017,993.0,21485759.0,21637.0,ncep_2016-17.pdf
210,District No. 10,2017,2404.36,35592538.0,14803.0,ncep_2016-17.pdf
211,District No. 11,2017,283.19,6024731.0,21275.0,ncep_2016-17.pdf
212,District No. 12,2017,644.91,19013041.0,29482.0,ncep_2016-17.pdf
213,District No. 13,2017,1770.42,33560437.0,18956.0,ncep_2016-17.pdf
214,District No. 14,2017,1525.9,29266474.0,19180.0,ncep_2016-17.pdf
215,District No. 15,2017,3746.34,64604524.0,17245.0,ncep_2016-17.pdf
216,District No. 16,2017,2251.89,34482427.0,15313.0,ncep_2016-17.pdf
217,District No. 17,2017,2131.91,37438286.0,17561.0,ncep_2016-17.pdf
218,District No. 18,2017,1338.47,27242855.0,20354.0,ncep_2016-17.pdf
219,District No. 19,2017,937.0,17507140.0,18684.0,ncep_2016-17.pdf
1,Andover,2018,430.02,8287756.0,19272.96,ncep_2017-18.pdf
2,Ansonia,2018,2457.74,37994510.0,15459.13,ncep_2017-18.pdf
3,Ashford,2018,557.82,10989108.0,19700.1,ncep_2017-18.pdf
4,Avon,2018,3237.15,55627079.0,17183.97,ncep_2017-18.pdf
5,Barkhamsted,2018,533.58,9547200.0,17892.72,ncep_2017-18.pdf
7,Berlin,2018,2867.11,47083079.0,16421.79,ncep_2017-18.pdf
8,Bethany,2018,784.78,14515843.0,18496.7,ncep_2017-18.pdf
9,Bethel,2018,3017.04,46899972.0,15545.03,ncep_2017-18.pdf
11,Bloomfield,2018,2266.74,49161756.0,21688.31,ncep_2017-18.pdf
12,Bolton,2018,740.92,13288261.0,17934.81,ncep_2017-18.pdf
13,Bozrah,2018,296.52,5679161.0,19152.71,ncep_2017-18.pdf
14,Branford,2018,2949.75,55508338.0,18817.98,ncep_2017-18.pdf
15,Bridgeport,2018,14240.84,295360089.0,20740.36,ncep_2017-18.pdf
17,Bristol,2018,8214.41,123603144.0,15047.11,ncep_2017-18.pdf
18,Brookfield,2018,2674.17,40599515.0,15182.1,ncep_2017-18.pdf
19,Brooklyn,2018,1196.75,19276904.0,16107.71,ncep_2017-18.pdf
21,Canaan,2018,104.45,3032733.0,29035.26,ncep_2017-18.pdf
22,Canterbury,2018,638.06,11116459.0,17422.28,ncep_2017-18.pdf
23,Canton,2018,1620.6,27322699.0,16859.62,ncep_2017-18.pdf
24,Chaplin,2018,259.02,5887766.0,22730.93,ncep_2017-18.pdf
25,Cheshire,2018,4249.97,68136096.0,16032.14,ncep_2017-18.pdf
26,Chester,2018,432.2,8641853.0,19995.03,ncep_2017-18.pdf
27,Clinton,2018,1771.55,31691281.0,17889.01,ncep_2017-18.pdf
28,Colchester,2018,2533.05,39168797.0,15463.1,ncep_2017-18.pdf
29,Colebrook,2018,192.25,3774687.0,19634.26,ncep_2017-18.pdf
30,Columbia,2018,693.99,12475718.0,17976.8,ncep_2017-18.pdf
31,Cornwall,2018,118.8,4176411.0,35154.98,ncep_2017-18.pdf
32,Coventry,2018,1696.61,27321346.0,16103.49,ncep_2017-18.pdf
33,Cromwell,2018,2005.36,29941514.0,14930.74,ncep_2017-18.pdf
34,Danbury,2018,11265.22,144508899.0,12827.88,ncep_2017-18.pdf
35,Darien,2018,4783.28,101034197.0,21122.37,ncep_2017-18.pdf
36,Deep River,2018,610.41,10933087.0,17911.06,ncep_2017-18.pdf
37,Derby,2018,1502.79,25698442.0,17100.49,ncep_2017-18.pdf
39,Eastford,2018,185.1,3774291.0,20390.55,ncep_2017-18.pdf
40,East Granby,2018,877.54,17514448.0,19958.58,ncep_2017-18.pdf
41,East Haddam,2018,1058.08,20428903.0,19307.52,ncep_2017-18.pdf
42,East Hampton,2018,1965.12,31848075.0,16206.68,ncep_2017-18.pdf
43,East Hartford,2018,8095.94,111213789.0,13736.98,ncep_2017-18.pdf
44,East Haven,2018,3281.7,54428553.0,16585.48,ncep_2017-18.pdf
45,East Lyme,2018,2604.36,42938561.0,16487.18,ncep_2017-18.pdf
46,Easton,2018,1297.33,26169873.0,20172.1,ncep_2017-18.pdf
47,East Windsor,2018,1160.71,25789086.0,22218.37,ncep_2017-18.pdf
48,Ellington,2018,2724.02,37405663.0,13731.79,ncep_2017-18.pdf
49,Enfield,2018,5546.06,79979417.0,14420.94,ncep_2017-18.pdf
50,Essex,2018,727.8,15099835.0,20747.23,ncep_2017-18.pdf
51,Fairfield,2018,9979.01,174919498.0,17528.74,ncep_2017-18.pdf
52,Farmington,2018,4106.73,68072860.0,16575.93,ncep_2017-18.pdf
53,Franklin,2018,244.73,3926790.0,16045.4,ncep_2017-18.pdf
54,Glastonbury,2018,6041.48,104435323.0,17286.38,ncep_2017-18.pdf
56,Granby,2018,1827.28,28240688.0,15455.04,ncep_2017-18.pdf
57,Greenwich,2018,8828.97,190785079.0,21608.98,ncep_2017-18.pdf
58,Griswold,2018,1669.14,26171189.0,15679.44,ncep_2017-18.pdf
59,Groton,2018,4768.27,77281750.0,16207.5,ncep_2017-18.pdf
60,Guilford,2018,3411.4,59486218.0,17437.48,ncep_2017-18.pdf
62,Hamden,2018,6333.78,120250619.0,18985.6,ncep_2017-18.pdf
63,Hampton,2018,147.75,3697694.0,25026.69,ncep_2017-18.pdf
64,Hartford,2018,19616.47,402143249.0,20500.29,ncep_2017-18.pdf
65,Hartland,2018,255.74,5235232.0,20470.92,ncep_2017-18.pdf
67,Hebron,2018,1501.57,24856644.0,16553.77,ncep_2017-18.pdf
68,Kent,2018,274.56,7171674.0,26120.61,ncep_2017-18.pdf
69,Killingly,2018,2280.83,42923342.0,18819.18,ncep_2017-18.pdf
71,Lebanon,2018,965.23,19109776.0,19798.16,ncep_2017-18.pdf
72,Ledyard,2018,2395.55,35055850.0,14633.74,ncep_2017-18.pdf
73,Lisbon,2018,551.38,9680668.0,17557.16,ncep_2017-18.pdf
74,Litchfield,2018,897.07,18348998.0,20454.37,ncep_2017-18.pdf
76,Madison,2018,2831.95,54365595.0,19197.23,ncep_2017-18.pdf
77,Manchester,2018,7428.01,121494910.0,16356.32,ncep_2017-18.pdf
78,Mansfield,2018,1705.72,34685625.0,20334.89,ncep_2017-18.pdf
79,Marlborough,2018,1025.59,15737166.0,15344.5,ncep_2017-18.pdf
80,Meriden,2018,8780.7,121401647.0,13825.96,ncep_2017-18.pdf
83,Middletown,2018,4854.64,84164413.0,17336.9,ncep_2017-18.pdf
84,Milford,2018,5821.32,114767333.0,19715.0,ncep_2017-18.pdf
85,Monroe,2018,3179.55,54991504.0,17295.37,ncep_2017-18.pdf
86,Montville,2018,2363.61,35908899.0,15192.4,ncep_2017-18.pdf
88,Naugatuck,2018,4505.12,67999868.0,15093.91,ncep_2017-18.pdf
89,New Britain,2018,11424.06,149212261.0,13061.23,ncep_2017-18.pdf
90,New Canaan,2018,4254.36,87538907.0,20576.28,ncep_2017-18.pdf
91,New Fairfield,2018,2249.0,37884998.0,16845.26,ncep_2017-18.pdf
92,New Hartford,2018,988.52,17091534.0,17290.02,ncep_2017-18.pdf
93,New Haven,2018,18380.95,348532015.0,18961.59,ncep_2017-18.pdf
94,Newington,2018,4213.4,73456220.0,17433.95,ncep_2017-18.pdf
95,New London,2018,3687.73,60936121.0,16524.02,ncep_2017-18.pdf
96,New Milford,2018,4048.42,60400142.0,14919.44,ncep_2017-18.pdf
97,Newtown,2018,4389.8,74996235.0,17084.2,ncep_2017-18.pdf
98,Norfolk,2018,186.53,4287250.0,22984.24,ncep_2017-18.pdf
99,North Branford,2018,1834.28,29470712.0,16066.64,ncep_2017-18.pdf
100,North Canaan,2018,381.8,8738876.0,22888.62,ncep_2017-18.pdf
101,North Haven,2018,3201.67,53069871.0,16575.68,ncep_2017-18.pdf
102,North Stonington,2018,771.58,12122449.0,15711.2,ncep_2017-18.pdf
103,Norwalk,2018,11916.07,209908093.0,17615.55,ncep_2017-18.pdf
104,Norwich,2018,5295.98,87734369.0,16566.22,ncep_2017-18.pdf
106,Old Saybrook,2018,1250.27,25364288.0,20287.05,ncep_2017-18.pdf
107,Orange,2018,2279.84,41039760.0,18001.16,ncep_2017-18.pdf
108,Oxford,2018,1905.02,29741294.0,15612.06,ncep_2017-18.pdf
109,Plainfield,2018,2232.29,32152119.0,14403.2,ncep_2017-18.pdf
110,Plainville,2018,2294.31,37457980.0,16326.47,ncep_2017-18.pdf
111,Plymouth,2018,1617.66,23399087.0,14464.77,ncep_2017-18.pdf
112,Pomfret,2018,576.63,10370126.0,17984.02,ncep_2017-18.pdf
113,Portland,2018,1367.89,21131926.0,15448.56,ncep_2017-18.pdf
114,Preston,2018,665.37,10940517.0,16442.76,ncep_2017-18.pdf
116,Putnam,2018,1139.49,19863441.0,17431.87,ncep_2017-18.pdf
117,Redding,2018,1393.42,31903911.0,22896.12,ncep_2017-18.pdf
118,Ridgefield,2018,4899.83,91042568.0,18580.76,ncep_2017-18.pdf
119,Rocky Hill,2018,2838.72,43214885.0,15223.37,ncep_2017-18.pdf
121,Salem,2018,612.11,10174785.0,16622.48,ncep_2017-18.pdf
122,Salisbury,2018,352.58,8457941.0,23988.71,ncep_2017-18.pdf
123,Scotland,2018,205.13,4562899.0,22243.94,ncep_2017-18.pdf
124,Seymour,2018,2251.68,33536073.0,14893.8,ncep_2017-18.pdf
125,Sharon,2018,197.0,6571807.0,33359.43,ncep_2017-18.pdf
126,Shelton,2018,4940.48,73437413.0,14864.43,ncep_2017-18.pdf
127,Sherman,2018,441.86,8587329.0,19434.5,ncep_2017-18.pdf
128,Simsbury,2018,4114.97,70554479.0,17145.81,ncep_2017-18.pdf
129,Somers,2018,1439.85,22828730.0,15854.94,ncep_2017-18.pdf
131,Southington,2018,6527.49,94069711.0,14411.31,ncep_2017-18.pdf
132,South Windsor,2018,4386.48,73147788.0,16675.74,ncep_2017-18.pdf
133,Sprague,2018,456.0,6848332.0,15018.27,ncep_2017-18.pdf
134,Stafford,2018,1556.67,26597749.0,17086.31,ncep_2017-18.pdf
135,Stamford,2018,15502.33,293524261.0,18934.2,ncep_2017-18.pdf
136,Sterling,2018,528.66,8084998.0,15293.38,ncep_2017-18.pdf
137,Stonington,2018,2191.51,38196536.0,17429.32,ncep_2017-18.pdf
138,Stratford,2018,7089.74,112029127.0,15801.58,ncep_2017-18.pdf
139,Suffield,2018,2135.35,35501948.0,16625.82,ncep_2017-18.pdf
140,Thomaston,2018,990.34,15287767.0,15436.89,ncep_2017-18.pdf
141,Thompson,2018,1042.82,18652239.0,17886.35,ncep_2017-18.pdf
142,Tolland,2018,2554.0,38369879.0,15023.45,ncep_2017-18.pdf
143,Torrington,2018,4446.8,75155242.0,16900.97,ncep_2017-18.pdf
144,Trumbull,2018,6542.09,105414477.0,16113.27,ncep_2017-18.pdf
145,Union,2018,90.0,1969638.0,21884.87,ncep_2017-18.pdf
146,Vernon,2018,3411.33,56531167.0,16571.59,ncep_2017-18.pdf
147,Voluntown,2018,362.62,6793671.0,18734.96,ncep_2017-18.pdf
148,Wallingford,2018,5817.41,104664140.0,17991.54,ncep_2017-18.pdf
151,Waterbury,2018,15546.66,286123676.0,18404.19,ncep_2017-18.pdf
152,Waterford,2018,2793.85,47920007.0,17151.96,ncep_2017-18.pdf
153,Watertown,2018,2805.18,44544113.0,15879.24,ncep_2017-18.pdf
154,Westbrook,2018,738.72,17810914.0,24110.51,ncep_2017-18.pdf
155,West Hartford,2018,9954.05,163695266.0,16445.09,ncep_2017-18.pdf
156,West Haven,2018,6952.01,99239934.0,14275.0,ncep_2017-18.pdf
157,Weston,2018,2310.86,51702796.0,22373.83,ncep_2017-18.pdf
158,Westport,2018,5525.6,117742246.0,21308.5,ncep_2017-18.pdf
159,Wethersfield,2018,3870.71,60509737.0,15632.72,ncep_2017-18.pdf
160,Willington,2018,655.4,12228158.0,18657.55,ncep_2017-18.pdf
161,Wilton,2018,4013.51,81786457.0,20377.79,ncep_2017-18.pdf
162,Winchester,2018,1148.91,22809878.0,19853.49,ncep_2017-18.pdf
163,Windham,2018,3311.16,62474212.0,18867.77,ncep_2017-18.pdf
164,Windsor,2018,3915.54,72520026.0,18521.08,ncep_2017-18.pdf
165,Windsor Locks,2018,1612.21,31456394.0,19511.35,ncep_2017-18.pdf
166,Wolcott,2018,2469.97,34838593.0,14104.86,ncep_2017-18.pdf
167,Woodbridge,2018,1522.05,26705779.0,17545.93,ncep_2017-18.pdf
169,Woodstock,2018,1307.21,17871320.0,13671.35,ncep_2017-18.pdf
201,District No. 1,2018,375.0,10902850.0,29074.27,ncep_2017-18.pdf
204,District No. 4,2018,945.0,17702116.0,18732.4,ncep_2017-18.pdf
205,District No. 5,2018,2232.37,40775954.0,18265.77,ncep_2017-18.pdf
206,District No. 6,2018,750.52,18526396.0,24684.75,ncep_2017-18.pdf
207,District No. 7,2018,991.94,18634747.0,18786.16,ncep_2017-18.pdf
208,District No. 8,2018,1599.0,25961327.0,16235.98,ncep_2017-18.pdf
209,District No. 9,2018,932.0,21642721.0,23221.8,ncep_2017-18.pdf
210,District No. 10,2018,2405.18,36304377.0,15094.25,ncep_2017-18.pdf
211,District No. 11,2018,269.98,6108306.0,22625.03,ncep_2017-18.pdf
212,District No. 12,2018,604.26,18455577.0,30542.44,ncep_2017-18.pdf
213,District No. 13,2018,1687.94,33161264.0,19646.0,ncep_2017-18.pdf
214,District No. 14,2018,1477.46,29892499.0,20232.36,ncep_2017-18.pdf
215,District No. 15,2018,3655.58,64952313.0,17767.99,ncep_2017-18.pdf
216,District No. 16,2018,2229.53,34961730.0,15681.21,ncep_2017-18.pdf
217,District No. 17,2018,2101.91,37425353.0,17805.4,ncep_2017-18.pdf
218,District No. 18,2018,1292.83,27911538.0,21589.49,ncep_2017-18.pdf
219,District No. 19,2018,945.0,17915944.0,18958.67,ncep_2017-18.pdf
1,Andover,2019,416.34,8562477.0,20566.0,ncep_2018-19.pdf
2,Ansonia,2019,2477.07,38784126.0,15657.0,ncep_2018-19.pdf
3,Ashford,2019,567.77,11059231.0,19478.0,ncep_2018-19.pdf
4,Avon,2019,3170.02,55526439.0,17516.0,ncep_2018-19.pdf
5,Barkhamsted,2019,522.43,9778176.0,18717.0,ncep_2018-19.pdf
7,Berlin,2019,2847.08,48653725.0,17089.0,ncep_2018-19.pdf
8,Bethany,2019,768.85,14282895.0,18577.0,ncep_2018-19.pdf
9,Bethel,2019,3071.96,48507956.0,15791.0,ncep_2018-19.pdf
11,Bloomfield,2019,2333.46,50193800.0,21510.0,ncep_2018-19.pdf
12,Bolton,2019,717.18,13580225.0,18936.0,ncep_2018-19.pdf
13,Bozrah,2019,281.53,6676545.0,23715.0,ncep_2018-19.pdf
14,Branford,2019,2890.68,56953210.0,19702.0,ncep_2018-19.pdf
15,Bridgeport,2019,14703.0,299012302.0,20336.96,ncep_2018-19.pdf
17,Bristol,2019,8205.97,123358368.0,15033.0,ncep_2018-19.pdf
18,Brookfield,2019,2691.01,42073305.0,15635.0,ncep_2018-19.pdf
19,Brooklyn,2019,1233.75,18747824.0,15196.0,ncep_2018-19.pdf
21,Canaan,2019,105.2,3380844.0,32137.0,ncep_2018-19.pdf
22,Canterbury,2019,658.06,11877228.0,18049.0,ncep_2018-19.pdf
23,Canton,2019,1568.18,26774595.0,17074.0,ncep_2018-19.pdf
24,Chaplin,2019,252.46,5995319.0,23748.0,ncep_2018-19.pdf
25,Cheshire,2019,4236.68,69913264.0,16502.0,ncep_2018-19.pdf
26,Chester,2019,417.63,9754707.0,23357.0,ncep_2018-19.pdf
27,Clinton,2019,1750.87,33036539.0,18869.0,ncep_2018-19.pdf
28,Colchester,2019,2403.91,39981397.0,16632.0,ncep_2018-19.pdf
29,Colebrook,2019,184.65,3748926.0,20303.0,ncep_2018-19.pdf
30,Columbia,2019,651.0,12333304.0,18945.0,ncep_2018-19.pdf
31,Cornwall,2019,121.76,3789081.0,31119.0,ncep_2018-19.pdf
32,Coventry,2019,1660.77,28029258.0,16877.0,ncep_2018-19.pdf
33,Cromwell,2019,2019.38,31078726.0,15390.0,ncep_2018-19.pdf
34,Danbury,2019,11317.93,150523350.0,13300.0,ncep_2018-19.pdf
35,Darien,2019,4718.56,102995538.0,21828.0,ncep_2018-19.pdf
36,Deep River,2019,589.29,11902365.0,20198.0,ncep_2018-19.pdf
37,Derby,2019,1439.65,25450085.0,17678.0,ncep_2018-19.pdf
39,Eastford,2019,199.9,3958053.0,19800.0,ncep_2018-19.pdf
40,East Granby,2019,880.48,17491036.0,19865.0,ncep_2018-19.pdf
41,East Haddam,2019,1040.64,20731675.0,19922.0,ncep_2018-19.pdf
42,East Hampton,2019,1947.0,31515536.0,16187.0,ncep_2018-19.pdf
43,East Hartford,2019,8095.96,112283709.0,13869.0,ncep_2018-19.pdf
44,East Haven,2019,3289.21,52667875.0,16012.0,ncep_2018-19.pdf
45,East Lyme,2019,2587.04,45252614.0,17492.0,ncep_2018-19.pdf
46,Easton,2019,1259.31,25986895.0,20636.0,ncep_2018-19.pdf
47,East Windsor,2019,1160.6,25106250.0,21632.0,ncep_2018-19.pdf
48,Ellington,2019,2748.98,38342651.0,13948.0,ncep_2018-19.pdf
49,Enfield,2019,5455.58,83137221.0,15239.0,ncep_2018-19.pdf
50,Essex,2019,679.3,14849801.0,21860.0,ncep_2018-19.pdf
51,Fairfield,2019,9833.25,182169532.0,18526.0,ncep_2018-19.pdf
52,Farmington,2019,4069.37,69930280.0,17185.0,ncep_2018-19.pdf
53,Franklin,2019,225.07,4023425.0,17876.0,ncep_2018-19.pdf
54,Glastonbury,2019,6024.15,103878185.0,17244.0,ncep_2018-19.pdf
56,Granby,2019,1832.75,29758109.0,16237.0,ncep_2018-19.pdf
57,Greenwich,2019,8884.21,197427369.0,22222.0,ncep_2018-19.pdf
58,Griswold,2019,1672.41,26026487.0,15562.0,ncep_2018-19.pdf
59,Groton,2019,4719.92,76955082.0,16304.0,ncep_2018-19.pdf
60,Guilford,2019,3337.69,59649641.0,17872.0,ncep_2018-19.pdf
62,Hamden,2019,6303.49,125843942.0,19964.0,ncep_2018-19.pdf
63,Hampton,2019,140.37,3599153.0,25640.0,ncep_2018-19.pdf
64,Hartford,2019,19808.0,405980557.0,20496.3,ncep_2018-19.pdf
65,Hartland,2019,244.91,5272543.0,21528.0,ncep_2018-19.pdf
67,Hebron,2019,1407.94,24836082.0,17640.0,ncep_2018-19.pdf
68,Kent,2019,260.05,7199896.0,27687.0,ncep_2018-19.pdf
69,Killingly,2019,2264.8,42632813.0,18824.0,ncep_2018-19.pdf
71,Lebanon,2019,972.24,19049508.0,19593.0,ncep_2018-19.pdf
72,Ledyard,2019,2375.75,34717352.0,14613.0,ncep_2018-19.pdf
73,Lisbon,2019,562.5,9689618.0,17226.0,ncep_2018-19.pdf
74,Litchfield,2019,891.1,18406487.0,20656.0,ncep_2018-19.pdf
76,Madison,2019,2734.55,55821713.0,20413.0,ncep_2018-19.pdf
77,Manchester,2019,7558.11,123645083.0,16359.0,ncep_2018-19.pdf
78,Mansfield,2019,1694.95,33723812.0,19897.0,ncep_2018-19.pdf
79,Marlborough,2019,997.59,16252141.0,16291.0,ncep_2018-19.pdf
80,Meriden,2019,8753.32,121204975.0,13847.0,ncep_2018-19.pdf
83,Middletown,2019,4850.84,87241084.0,17985.0,ncep_2018-19.pdf
84,Milford,2019,5662.46,116355851.0,20549.0,ncep_2018-19.pdf
85,Monroe,2019,3174.73,56809996.0,17894.0,ncep_2018-19.pdf
86,Montville,2019,2284.39,37462150.0,16399.0,ncep_2018-19.pdf
88,Naugatuck,2019,4552.88,69184303.0,15196.0,ncep_2018-19.pdf
89,New Britain,2019,11484.47,153694099.0,13383.0,ncep_2018-19.pdf
90,New Canaan,2019,4188.99,90650636.0,21640.0,ncep_2018-19.pdf
91,New Fairfield,2019,2182.33,40614495.0,18611.0,ncep_2018-19.pdf
92,New Hartford,2019,935.11,16919404.0,18093.0,ncep_2018-19.pdf
93,New Haven,2019,18074.0,340151735.0,18820.42,ncep_2018-19.pdf
94,Newington,2019,4196.78,72801464.0,17347.0,ncep_2018-19.pdf
95,New London,2019,3598.66,60306441.0,16758.0,ncep_2018-19.pdf
96,New Milford,2019,3929.81,61200667.0,15573.0,ncep_2018-19.pdf
97,Newtown,2019,4324.33,76925693.0,17789.0,ncep_2018-19.pdf
98,Norfolk,2019,191.45,4344859.0,22694.0,ncep_2018-19.pdf
99,North Branford,2019,1790.73,31258182.0,17456.0,ncep_2018-19.pdf
100,North Canaan,2019,361.4,8723828.0,24139.0,ncep_2018-19.pdf
101,North Haven,2019,3212.49,54941339.0,17102.0,ncep_2018-19.pdf
102,North Stonington,2019,755.61,12770805.0,16901.0,ncep_2018-19.pdf
103,Norwalk,2019,11859.58,213909333.0,18037.0,ncep_2018-19.pdf
104,Norwich,2019,5342.46,92318061.0,17280.0,ncep_2018-19.pdf
106,Old Saybrook,2019,1201.0,25858313.0,21531.0,ncep_2018-19.pdf
107,Orange,2019,2303.43,41606722.0,18063.0,ncep_2018-19.pdf
108,Oxford,2019,1852.69,31192390.0,16836.0,ncep_2018-19.pdf
109,Plainfield,2019,2164.94,32979306.0,15233.0,ncep_2018-19.pdf
110,Plainville,2019,2296.28,39845075.0,17352.0,ncep_2018-19.pdf
111,Plymouth,2019,1577.19,23960567.0,15192.0,ncep_2018-19.pdf
112,Pomfret,2019,576.17,9989566.0,17338.0,ncep_2018-19.pdf
113,Portland,2019,1367.34,22004172.0,16093.0,ncep_2018-19.pdf
114,Preston,2019,657.98,11017246.0,16744.0,ncep_2018-19.pdf
116,Putnam,2019,1179.74,19483310.0,16515.0,ncep_2018-19.pdf
117,Redding,2019,1345.93,32525148.0,24166.0,ncep_2018-19.pdf
118,Ridgefield,2019,4843.9,94010064.0,19408.0,ncep_2018-19.pdf
119,Rocky Hill,2019,2876.87,44809660.0,15576.0,ncep_2018-19.pdf
121,Salem,2019,605.34,10313937.0,17038.0,ncep_2018-19.pdf
122,Salisbury,2019,343.73,8803923.0,25613.0,ncep_2018-19.pdf
123,Scotland,2019,204.32,4847542.0,23725.0,ncep_2018-19.pdf
124,Seymour,2019,2278.24,34783266.0,15268.0,ncep_2018-19.pdf
125,Sharon,2019,177.4,6526394.0,36789.0,ncep_2018-19.pdf
126,Shelton,2019,4911.58,73898842.0,15046.0,ncep_2018-19.pdf
127,Sherman,2019,411.78,8822128.0,21424.0,ncep_2018-19.pdf
128,Simsbury,2019,4110.13,71723421.0,17450.0,ncep_2018-19.pdf
129,Somers,2019,1377.02,23029520.0,16724.0,ncep_2018-19.pdf
131,Southington,2019,6397.01,97113914.0,15181.0,ncep_2018-19.pdf
132,South Windsor,2019,4523.88,75223313.0,16628.0,ncep_2018-19.pdf
133,Sprague,2019,434.36,6269895.0,14435.0,ncep_2018-19.pdf
134,Stafford,2019,1543.22,27206580.0,17630.0,ncep_2018-19.pdf
135,Stamford,2019,15588.19,300341777.0,19267.0,ncep_2018-19.pdf
136,Sterling,2019,502.92,7888638.0,15686.0,ncep_2018-19.pdf
137,Stonington,2019,2135.32,39730549.0,18606.0,ncep_2018-19.pdf
138,Stratford,2019,7140.51,118214256.0,16555.0,ncep_2018-19.pdf
139,Suffield,2019,2075.24,36147139.0,17418.0,ncep_2018-19.pdf
140,Thomaston,2019,969.29,15509046.0,16000.0,ncep_2018-19.pdf
141,Thompson,2019,1020.91,18516689.0,18137.0,ncep_2018-19.pdf
142,Tolland,2019,2472.46,39943063.0,16155.0,ncep_2018-19.pdf
143,Torrington,2019,4299.18,75941886.0,17664.0,ncep_2018-19.pdf
144,Trumbull,2019,6582.26,109658533.0,16660.0,ncep_2018-19.pdf
145,Union,2019,91.0,1972588.0,21677.0,ncep_2018-19.pdf
146,Vernon,2019,3428.97,57067404.0,16643.0,ncep_2018-19.pdf
147,Voluntown,2019,329.42,6840730.0,20766.0,ncep_2018-19.pdf
148,Wallingford,2019,5808.93,105862093.0,18224.0,ncep_2018-19.pdf
151,Waterbury,2019,16025.0,291964763.0,18219.77,ncep_2018-19.pdf
152,Waterford,2019,2727.42,49223055.0,18047.0,ncep_2018-19.pdf
153,Watertown,2019,2789.99,44986141.0,16124.0,ncep_2018-19.pdf
154,Westbrook,2019,683.63,17846741.0,26106.0,ncep_2018-19.pdf
155,West Hartford,2019,9891.41,168160443.0,17001.0,ncep_2018-19.pdf
156,West Haven,2019,6980.38,100693235.0,14425.0,ncep_2018-19.pdf
157,Weston,2019,2294.14,52281940.0,22789.0,ncep_2018-19.pdf
158,Westport,2019,5520.49,121734802.0,22051.0,ncep_2018-19.pdf
159,Wethersfield,2019,3858.03,62385635.0,16170.0,ncep_2018-19.pdf
160,Willington,2019,634.9,12417977.0,19559.0,ncep_2018-19.pdf
161,Wilton,2019,3926.7,83395409.0,21238.0,ncep_2018-19.pdf
162,Winchester,2019,1121.02,22893215.0,20422.0,ncep_2018-19.pdf
163,Windham,2019,3329.75,62287035.0,18706.0,ncep_2018-19.pdf
164,Windsor,2019,3898.8,72969892.0,18716.0,ncep_2018-19.pdf
165,Windsor Locks,2019,1626.02,32172536.0,19786.0,ncep_2018-19.pdf
166,Wolcott,2019,2456.47,36132215.0,14709.0,ncep_2018-19.pdf
167,Woodbridge,2019,1547.56,27521472.0,17784.0,ncep_2018-19.pdf
169,Woodstock,2019,1307.19,18561401.0,14199.0,ncep_2018-19.pdf
201,District No. 1,2019,379.0,11159080.0,29443.0,ncep_2018-19.pdf
204,District No. 4,2019,914.68,17855336.0,19521.0,ncep_2018-19.pdf
205,District No. 5,2019,2213.89,41161905.0,18593.0,ncep_2018-19.pdf
206,District No. 6,2019,722.18,17532891.0,24278.0,ncep_2018-19.pdf
207,District No. 7,2019,972.84,18720406.0,19243.0,ncep_2018-19.pdf
208,District No. 8,2019,1548.0,26578297.0,17169.0,ncep_2018-19.pdf
209,District No. 9,2019,913.5,21652782.0,23703.0,ncep_2018-19.pdf
210,District No. 10,2019,2340.2,36590413.0,15636.0,ncep_2018-19.pdf
211,District No. 11,2019,261.98,6336671.0,24188.0,ncep_2018-19.pdf
212,District No. 12,2019,588.79,19383503.0,32921.0,ncep_2018-19.pdf
213,District No. 13,2019,1638.18,33599499.0,20510.0,ncep_2018-19.pdf
214,District No. 14,2019,1432.72,30442092.0,21248.0,ncep_2018-19.pdf
215,District No. 15,2019,3663.75,67255512.0,18357.0,ncep_2018-19.pdf
216,District No. 16,2019,2192.16,35430300.0,16162.0,ncep_2018-19.pdf
217,District No. 17,2019,2040.82,37725713.0,18486.0,ncep_2018-19.pdf
218,District No. 18,2019,1272.92,28858694.0,22671.0,ncep_2018-19.pdf
219,District No. 19,2019,913.0,18082612.0,19806.0,ncep_2018-19.pdf
1,Andover,2020,421.05,8874682.0,21077.5,ncep_2019-20.pdf
2,Ansonia,2020,2442.85,38271130.0,15666.59,ncep_2019-20.pdf
3,Ashford,2020,544.82,11250076.0,20649.16,ncep_2019-20.pdf
4,Avon,2020,3184.37,56015972.0,17590.91,ncep_2019-20.pdf
5,Barkhamsted,2020,489.58,9681110.0,19774.32,ncep_2019-20.pdf
7,Berlin,2020,2784.11,50128437.0,18005.19,ncep_2019-20.pdf
8,Bethany,2020,760.9,14414293.0,18943.74,ncep_2019-20.pdf
9,Bethel,2020,3102.29,49309187.0,15894.45,ncep_2019-20.pdf
11,Bloomfield,2020,2335.7,50391849.0,21574.62,ncep_2019-20.pdf
12,Bolton,2020,715.56,13732255.0,19190.92,ncep_2019-20.pdf
13,Bozrah,2020,266.63,5731737.0,21496.97,ncep_2019-20.pdf
14,Branford,2020,2831.3,56858690.0,20082.18,ncep_2019-20.pdf
15,Bridgeport,2020,15331.62,304779848.0,19879.17,ncep_2019-20.pdf
17,Bristol,2020,8163.83,129001687.0,15801.61,ncep_2019-20.pdf
18,Brookfield,2020,2650.13,43610587.0,16456.02,ncep_2019-20.pdf
19,Brooklyn,2020,1242.47,19040165.0,15324.45,ncep_2019-20.pdf
21,Canaan,2020,108.4,3580242.0,33028.06,ncep_2019-20.pdf
22,Canterbury,2020,648.02,11568449.0,17851.99,ncep_2019-20.pdf
23,Canton,2020,1545.63,27058187.0,17506.25,ncep_2019-20.pdf
24,Chaplin,2020,237.07,5962656.0,25151.46,ncep_2019-20.pdf
25,Cheshire,2020,4152.08,70941147.0,17085.69,ncep_2019-20.pdf
26,Chester,2020,405.43,9036086.0,22287.66,ncep_2019-20.pdf
27,Clinton,2020,1660.78,32045294.0,19295.33,ncep_2019-20.pdf
28,Colchester,2020,2373.49,41070174.0,17303.71,ncep_2019-20.pdf
29,Colebrook,2020,169.68,3755730.0,22134.19,ncep_2019-20.pdf
30,Columbia,2020,620.05,11781377.0,19000.69,ncep_2019-20.pdf
31,Cornwall,2020,108.0,3830153.0,35464.38,ncep_2019-20.pdf
32,Coventry,2020,1673.21,27779678.0,16602.62,ncep_2019-20.pdf
33,Cromwell,2020,2030.27,31723457.0,15625.24,ncep_2019-20.pdf
34,Danbury,2020,11737.6,149909020.0,12771.69,ncep_2019-20.pdf
35,Darien,2020,4729.12,101410626.0,21443.87,ncep_2019-20.pdf
36,Deep River,2020,560.55,11623962.0,20736.71,ncep_2019-20.pdf
37,Derby,2020,1418.07,25495523.0,17979.03,ncep_2019-20.pdf
39,Eastford,2020,186.0,4032323.0,21679.16,ncep_2019-20.pdf
40,East Granby,2020,856.78,17919203.0,20914.59,ncep_2019-20.pdf
41,East Haddam,2020,1024.98,20818125.0,20310.76,ncep_2019-20.pdf
42,East Hampton,2020,1884.16,31817615.0,16886.9,ncep_2019-20.pdf
43,East Hartford,2020,8118.19,111982871.0,13794.07,ncep_2019-20.pdf
44,East Haven,2020,3225.8,52227182.0,16190.46,ncep_2019-20.pdf
45,East Lyme,2020,2562.08,46178221.0,18023.72,ncep_2019-20.pdf
46,Easton,2020,1274.17,25401507.0,19935.73,ncep_2019-20.pdf
47,East Windsor,2020,1129.03,24582852.0,21773.43,ncep_2019-20.pdf
48,Ellington,2020,2686.1,39241253.0,14609.01,ncep_2019-20.pdf
49,Enfield,2020,5338.06,82998955.0,15548.52,ncep_2019-20.pdf
50,Essex,2020,659.97,14188810.0,21499.17,ncep_2019-20.pdf
51,Fairfield,2020,9668.85,185092761.0,19143.2,ncep_2019-20.pdf
52,Farmington,2020,4096.68,70860862.0,17297.14,ncep_2019-20.pdf
53,Franklin,2020,220.36,4217812.0,19140.55,ncep_2019-20.pdf
54,Glastonbury,2020,5940.12,105910761.0,17829.73,ncep_2019-20.pdf
56,Granby,2020,1757.74,30002561.0,17068.83,ncep_2019-20.pdf
57,Greenwich,2020,8821.44,200093771.0,22682.67,ncep_2019-20.pdf
58,Griswold,2020,1633.99,25643132.0,15693.57,ncep_2019-20.pdf
59,Groton,2020,4682.0,77144585.0,16476.84,ncep_2019-20.pdf
60,Guilford,2020,3284.0,60683367.0,18478.49,ncep_2019-20.pdf
62,Hamden,2020,6360.32,127153472.0,19991.68,ncep_2019-20.pdf
63,Hampton,2020,134.07,3576039.0,26672.92,ncep_2019-20.pdf
64,Hartford,2020,19783.31,402726175.0,20356.87,ncep_2019-20.pdf
65,Hartland,2020,233.07,5251159.0,22530.39,ncep_2019-20.pdf
67,Hebron,2020,1330.44,24253759.0,18229.88,ncep_2019-20.pdf
68,Kent,2020,241.56,6952735.0,28782.64,ncep_2019-20.pdf
69,Killingly,2020,2210.37,40317975.0,18240.37,ncep_2019-20.pdf
71,Lebanon,2020,952.01,19117134.0,20080.81,ncep_2019-20.pdf
72,Ledyard,2020,2374.22,36691851.0,15454.28,ncep_2019-20.pdf
73,Lisbon,2020,569.81,9510984.0,16691.5,ncep_2019-20.pdf
74,Litchfield,2020,883.11,18621446.0,21086.21,ncep_2019-20.pdf
76,Madison,2020,2625.47,55494593.0,21137.01,ncep_2019-20.pdf
77,Manchester,2020,7582.23,127648689.0,16835.24,ncep_2019-20.pdf
78,Mansfield,2020,1679.67,34757873.0,20693.27,ncep_2019-20.pdf
79,Marlborough,2020,972.71,16787156.0,17258.13,ncep_2019-20.pdf
80,Meriden,2020,8950.79,122749032.0,13713.77,ncep_2019-20.pdf
83,Middletown,2020,4822.67,91589594.0,18991.47,ncep_2019-20.pdf
84,Milford,2020,5596.12,118380921.0,21154.11,ncep_2019-20.pdf
85,Monroe,2020,3167.37,56719277.0,17907.37,ncep_2019-20.pdf
86,Montville,2020,2248.54,38037089.0,16916.35,ncep_2019-20.pdf
88,Naugatuck,2020,4615.78,70420321.0,15256.43,ncep_2019-20.pdf
89,New Britain,2020,11391.83,158028728.0,13872.11,ncep_2019-20.pdf
90,New Canaan,2020,4222.67,89214481.0,21127.5,ncep_2019-20.pdf
91,New Fairfield,2020,2116.0,39460618.0,18648.69,ncep_2019-20.pdf
92,New Hartford,2020,935.0,17920044.0,19165.82,ncep_2019-20.pdf
93,New Haven,2020,18138.38,335758753.0,18510.96,ncep_2019-20.pdf
94,Newington,2020,4137.09,73408370.0,17743.96,ncep_2019-20.pdf
95,New London,2020,3512.61,61233462.0,17432.47,ncep_2019-20.pdf
96,New Milford,2020,3885.87,60108018.0,15468.36,ncep_2019-20.pdf
97,Newtown,2020,4163.13,78205539.0,18785.27,ncep_2019-20.pdf
98,Norfolk,2020,155.02,4026071.0,25971.3,ncep_2019-20.pdf
99,North Branford,2020,1749.57,31902106.0,18234.26,ncep_2019-20.pdf
100,North Canaan,2020,347.63,8503748.0,24462.07,ncep_2019-20.pdf
101,North Haven,2020,3208.6,55286419.0,17230.7,ncep_2019-20.pdf
102,North Stonington,2020,761.46,13048329.0,17135.93,ncep_2019-20.pdf
103,Norwalk,2020,12102.7,223581117.0,18473.66,ncep_2019-20.pdf
104,Norwich,2020,5265.48,94866999.0,18016.78,ncep_2019-20.pdf
106,Old Saybrook,2020,1169.93,24685387.0,21099.88,ncep_2019-20.pdf
107,Orange,2020,2329.44,42039362.0,18046.98,ncep_2019-20.pdf
108,Oxford,2020,1784.31,31180662.0,17474.91,ncep_2019-20.pdf
109,Plainfield,2020,2151.4,33069557.0,15371.18,ncep_2019-20.pdf
110,Plainville,2020,2304.15,39918002.0,17324.39,ncep_2019-20.pdf
111,Plymouth,2020,1495.6,24533353.0,16403.69,ncep_2019-20.pdf
112,Pomfret,2020,571.65,10111154.0,17687.67,ncep_2019-20.pdf
113,Portland,2020,1329.91,22447244.0,16878.77,ncep_2019-20.pdf
114,Preston,2020,633.67,11336581.0,17890.35,ncep_2019-20.pdf
116,Putnam,2020,1124.41,20102335.0,17878.12,ncep_2019-20.pdf
117,Redding,2020,1287.21,31323084.0,24334.09,ncep_2019-20.pdf
118,Ridgefield,2020,4685.64,96038576.0,20496.36,ncep_2019-20.pdf
119,Rocky Hill,2020,2814.83,45731289.0,16246.55,ncep_2019-20.pdf
121,Salem,2020,631.52,10346745.0,16383.88,ncep_2019-20.pdf
122,Salisbury,2020,336.27,9000056.0,26764.37,ncep_2019-20.pdf
123,Scotland,2020,184.01,4410132.0,23966.81,ncep_2019-20.pdf
124,Seymour,2020,2252.94,34926951.0,15502.83,ncep_2019-20.pdf
125,Sharon,2020,151.22,6350708.0,41996.48,ncep_2019-20.pdf
126,Shelton,2020,4839.54,73137004.0,15112.39,ncep_2019-20.pdf
127,Sherman,2020,391.73,8682551.0,22164.63,ncep_2019-20.pdf
128,Simsbury,2020,4105.94,74110051.0,18049.47,ncep_2019-20.pdf
129,Somers,2020,1341.46,24054965.0,17931.93,ncep_2019-20.pdf
131,Southington,2020,6277.62,97606256.0,15548.29,ncep_2019-20.pdf
132,South Windsor,2020,4639.9,76117172.0,16404.92,ncep_2019-20.pdf
133,Sprague,2020,382.01,6403572.0,16762.84,ncep_2019-20.pdf
134,Stafford,2020,1484.86,27727221.0,18673.29,ncep_2019-20.pdf
135,Stamford,2020,16114.14,304351267.0,18887.22,ncep_2019-20.pdf
136,Sterling,2020,503.21,7937499.0,15773.73,ncep_2019-20.pdf
137,Stonington,2020,2057.95,39262972.0,19078.68,ncep_2019-20.pdf
138,Stratford,2020,7103.22,119944071.0,16885.87,ncep_2019-20.pdf
139,Suffield,2020,2033.02,35842107.0,17629.98,ncep_2019-20.pdf
140,Thomaston,2020,967.43,15714011.0,16243.05,ncep_2019-20.pdf
141,Thompson,2020,1004.0,19624337.0,19546.15,ncep_2019-20.pdf
142,Tolland,2020,2403.5,39748956.0,16537.95,ncep_2019-20.pdf
143,Torrington,2020,4230.29,75898310.0,17941.63,ncep_2019-20.pdf
144,Trumbull,2020,6615.36,112977335.0,17078.03,ncep_2019-20.pdf
145,Union,2020,82.21,1970930.0,23974.33,ncep_2019-20.pdf
146,Vernon,2020,3370.23,58017252.0,17214.63,ncep_2019-20.pdf
147,Voluntown,2020,324.85,6691472.0,20598.65,ncep_2019-20.pdf
148,Wallingford,2020,5644.11,105937721.0,18769.61,ncep_2019-20.pdf
151,Waterbury,2020,15567.01,282771464.0,18164.79,ncep_2019-20.pdf
152,Waterford,2020,2655.59,49962587.0,18814.12,ncep_2019-20.pdf
153,Watertown,2020,2755.24,46503911.0,16878.35,ncep_2019-20.pdf
154,Westbrook,2020,678.15,17796499.0,26242.72,ncep_2019-20.pdf
155,West Hartford,2020,9639.31,171599108.0,17802.01,ncep_2019-20.pdf
156,West Haven,2020,6851.76,102129663.0,14905.61,ncep_2019-20.pdf
157,Weston,2020,2258.58,52573027.0,23277.03,ncep_2019-20.pdf
158,Westport,2020,5264.19,117806112.0,22378.77,ncep_2019-20.pdf
159,Wethersfield,2020,3805.44,63932036.0,16800.17,ncep_2019-20.pdf
160,Willington,2020,615.64,12147557.0,19731.59,ncep_2019-20.pdf
161,Wilton,2020,3826.45,83238091.0,21753.35,ncep_2019-20.pdf
162,Winchester,2020,1104.66,22948410.0,20774.18,ncep_2019-20.pdf
163,Windham,2020,3299.23,60483330.0,18332.56,ncep_2019-20.pdf
164,Windsor,2020,3915.95,69892495.0,17848.16,ncep_2019-20.pdf
165,Windsor Locks,2020,1626.17,32980806.0,20281.28,ncep_2019-20.pdf
166,Wolcott,2020,2348.32,35271818.0,15020.02,ncep_2019-20.pdf
167,Woodbridge,2020,1548.82,28016689.0,18089.05,ncep_2019-20.pdf
169,Woodstock,2020,1287.57,19477555.0,15127.38,ncep_2019-20.pdf
201,District No. 1,2020,356.0,10703646.0,30066.42,ncep_2019-20.pdf
204,District No. 4,2020,874.91,17908098.0,20468.5,ncep_2019-20.pdf
205,District No. 5,2020,2199.5,41368345.0,18808.07,ncep_2019-20.pdf
206,District No. 6,2020,713.11,16410793.0,23012.99,ncep_2019-20.pdf
207,District No. 7,2020,930.0,19006111.0,20436.68,ncep_2019-20.pdf
208,District No. 8,2020,1490.0,26442665.0,17746.76,ncep_2019-20.pdf
209,District No. 9,2020,888.5,19801166.0,22286.06,ncep_2019-20.pdf
210,District No. 10,2020,2314.68,37433061.0,16172.02,ncep_2019-20.pdf
211,District No. 11,2020,246.14,5857617.0,23797.91,ncep_2019-20.pdf
212,District No. 12,2020,562.17,17998550.0,32016.21,ncep_2019-20.pdf
213,District No. 13,2020,1526.06,33681235.0,22070.71,ncep_2019-20.pdf
214,District No. 14,2020,1370.24,31239533.0,22798.58,ncep_2019-20.pdf
215,District No. 15,2020,3704.06,70132978.0,18934.08,ncep_2019-20.pdf
216,District No. 16,2020,2116.26,35533072.0,16790.5,ncep_2019-20.pdf
217,District No. 17,2020,1976.95,38393678.0,19420.66,ncep_2019-20.pdf
218,District No. 18,2020,1289.18,28677741.0,22244.95,ncep_2019-20.pdf
219,District No. 19,2020,878.0,18127094.0,20645.89,ncep_2019-20.pdf
1,Andover,2022,381.32,8603717.0,22563.0,ncep_2021-22.pdf
2,Ansonia,2022,2379.46,43758925.0,18390.0,ncep_2021-22.pdf
3,Ashford,2022,508.87,11230092.0,22069.0,ncep_2021-22.pdf
4,Avon,2022,3128.84,60151805.0,19225.0,ncep_2021-22.pdf
5,Barkhamsted,2022,452.5,10574941.0,23370.0,ncep_2021-22.pdf
7,Berlin,2022,2682.06,54503713.0,20322.0,ncep_2021-22.pdf
8,Bethany,2022,755.51,14794681.0,19582.0,ncep_2021-22.pdf
9,Bethel,2022,3125.93,54726736.0,17507.0,ncep_2021-22.pdf
11,Bloomfield,2022,2292.91,56267855.0,24540.0,ncep_2021-22.pdf
12,Bolton,2022,711.21,14260258.0,20051.0,ncep_2021-22.pdf
13,Bozrah,2022,273.59,6342112.0,23181.0,ncep_2021-22.pdf
14,Branford,2022,2709.4,60100934.0,22182.0,ncep_2021-22.pdf
15,Bridgeport,2022,18757.0,355762192.0,18967.18,ncep_2021-22.pdf
17,Bristol,2022,7965.84,146242676.0,18359.0,ncep_2021-22.pdf
18,Brookfield,2022,2652.28,48292846.0,18208.0,ncep_2021-22.pdf
19,Brooklyn,2022,1191.87,20379281.0,17099.0,ncep_2021-22.pdf
21,Canaan,2022,103.12,3672309.0,35612.0,ncep_2021-22.pdf
22,Canterbury,2022,603.58,11425453.0,18929.0,ncep_2021-22.pdf
23,Canton,2022,1513.01,29617439.0,19575.0,ncep_2021-22.pdf
24,Chaplin,2022,269.76,6961442.0,25806.0,ncep_2021-22.pdf
25,Cheshire,2022,4137.05,77998376.0,18854.0,ncep_2021-22.pdf
26,Chester,2022,410.0,9548582.0,23289.0,ncep_2021-22.pdf
27,Clinton,2022,1547.18,33570549.0,21698.0,ncep_2021-22.pdf
28,Colchester,2022,2238.67,42189124.0,18846.0,ncep_2021-22.pdf
29,Colebrook,2022,165.73,4236680.0,25564.0,ncep_2021-22.pdf
30,Columbia,2022,636.29,12577732.0,19767.0,ncep_2021-22.pdf
31,Cornwall,2022,128.16,4013512.0,31316.0,ncep_2021-22.pdf
32,Coventry,2022,1626.8,29179132.0,17937.0,ncep_2021-22.pdf
33,Cromwell,2022,1999.03,36255023.0,18136.0,ncep_2021-22.pdf
34,Danbury,2022,11756.11,181642700.0,15451.0,ncep_2021-22.pdf
35,Darien,2022,4708.37,109141718.0,23180.0,ncep_2021-22.pdf
36,Deep River,2022,502.4,12303256.0,24489.0,ncep_2021-22.pdf
37,Derby,2022,1413.94,30243262.0,21389.0,ncep_2021-22.pdf
39,Eastford,2022,180.8,4345054.0,24032.0,ncep_2021-22.pdf
40,East Granby,2022,845.3,18294070.0,21642.0,ncep_2021-22.pdf
41,East Haddam,2022,974.28,21804897.0,22381.0,ncep_2021-22.pdf
42,East Hampton,2022,1814.99,34749368.0,19146.0,ncep_2021-22.pdf
43,East Hartford,2022,7852.95,126723272.0,16137.0,ncep_2021-22.pdf
44,East Haven,2022,3144.87,58233548.0,18517.0,ncep_2021-22.pdf
45,East Lyme,2022,2501.99,50600413.0,20224.0,ncep_2021-22.pdf
46,Easton,2022,1302.98,28586772.0,21940.0,ncep_2021-22.pdf
47,East Windsor,2022,1098.92,26076127.0,23729.0,ncep_2021-22.pdf
48,Ellington,2022,2618.08,42298020.0,16156.0,ncep_2021-22.pdf
49,Enfield,2022,5080.9,90821612.0,17875.0,ncep_2021-22.pdf
50,Essex,2022,627.8,15729827.0,25055.0,ncep_2021-22.pdf
51,Fairfield,2022,9358.25,201983937.0,21584.0,ncep_2021-22.pdf
52,Farmington,2022,4091.55,77122693.0,18849.0,ncep_2021-22.pdf
53,Franklin,2022,234.72,4998730.0,21297.0,ncep_2021-22.pdf
54,Glastonbury,2022,5747.61,112991309.0,19659.0,ncep_2021-22.pdf
56,Granby,2022,1724.68,32591162.0,18897.0,ncep_2021-22.pdf
57,Greenwich,2022,8379.15,220438196.0,26308.0,ncep_2021-22.pdf
58,Griswold,2022,1572.61,27616556.0,17561.0,ncep_2021-22.pdf
59,Groton,2022,4431.18,81159707.0,18316.0,ncep_2021-22.pdf
60,Guilford,2022,3148.23,62318028.0,19795.0,ncep_2021-22.pdf
62,Hamden,2022,6377.03,139127966.0,21817.0,ncep_2021-22.pdf
63,Hampton,2022,129.99,3662139.0,28172.0,ncep_2021-22.pdf
64,Hartford,2022,18686.5,444533167.0,23789.0,ncep_2021-22.pdf
65,Hartland,2022,225.02,5381601.0,23916.0,ncep_2021-22.pdf
67,Hebron,2022,1244.54,25369441.0,20385.0,ncep_2021-22.pdf
68,Kent,2022,233.7,7014427.0,30015.0,ncep_2021-22.pdf
69,Killingly,2022,2169.05,41332881.0,19056.0,ncep_2021-22.pdf
71,Lebanon,2022,871.33,19277323.0,22124.0,ncep_2021-22.pdf
72,Ledyard,2022,2411.25,40216692.0,16679.0,ncep_2021-22.pdf
73,Lisbon,2022,560.19,10338767.0,18456.0,ncep_2021-22.pdf
74,Litchfield,2022,836.56,18749860.0,22413.0,ncep_2021-22.pdf
76,Madison,2022,2486.77,56526626.0,22731.0,ncep_2021-22.pdf
77,Manchester,2022,7513.03,148419687.0,19755.0,ncep_2021-22.pdf
78,Mansfield,2022,1576.08,35865322.0,22756.0,ncep_2021-22.pdf
79,Marlborough,2022,907.85,17858904.0,19672.0,ncep_2021-22.pdf
80,Meriden,2022,8912.08,139739537.0,15680.0,ncep_2021-22.pdf
83,Middletown,2022,4535.8,98483714.0,21713.0,ncep_2021-22.pdf
84,Milford,2022,5410.67,122257172.0,22596.0,ncep_2021-22.pdf
85,Monroe,2022,3376.92,60234550.0,17837.0,ncep_2021-22.pdf
86,Montville,2022,2166.65,40796689.0,18829.0,ncep_2021-22.pdf
88,Naugatuck,2022,4603.55,77529143.0,16841.0,ncep_2021-22.pdf
89,New Britain,2022,11202.14,196298811.0,17523.0,ncep_2021-22.pdf
90,New Canaan,2022,4152.58,92061582.0,22170.0,ncep_2021-22.pdf
91,New Fairfield,2022,2081.41,44289223.0,21278.0,ncep_2021-22.pdf
92,New Hartford,2022,853.7,18782795.0,22002.0,ncep_2021-22.pdf
93,New Haven,2022,17494.08,364567478.0,20839.0,ncep_2021-22.pdf
94,Newington,2022,3972.06,79027756.0,19896.0,ncep_2021-22.pdf
95,New London,2022,3284.42,66500649.0,20247.0,ncep_2021-22.pdf
96,New Milford,2022,3645.57,61885205.0,16975.0,ncep_2021-22.pdf
97,Newtown,2022,4073.32,81609835.0,20035.0,ncep_2021-22.pdf
98,Norfolk,2022,137.4,4184056.0,30452.0,ncep_2021-22.pdf
99,North Branford,2022,1630.69,32019908.0,19636.0,ncep_2021-22.pdf
100,North Canaan,2022,355.19,9709610.0,27336.0,ncep_2021-22.pdf
101,North Haven,2022,3204.91,61315913.0,19132.0,ncep_2021-22.pdf
102,North Stonington,2022,773.99,13497991.0,17439.0,ncep_2021-22.pdf
103,Norwalk,2022,11879.93,251376467.0,21160.0,ncep_2021-22.pdf
104,Norwich,2022,4961.0,104866115.0,21138.0,ncep_2021-22.pdf
106,Old Saybrook,2022,1033.68,26629218.0,25762.0,ncep_2021-22.pdf
107,Orange,2022,2324.84,44510072.0,19145.0,ncep_2021-22.pdf
108,Oxford,2022,1762.08,32766159.0,18595.0,ncep_2021-22.pdf
109,Plainfield,2022,2009.48,37371763.0,18598.0,ncep_2021-22.pdf
110,Plainville,2022,2305.94,44558900.0,19324.0,ncep_2021-22.pdf
111,Plymouth,2022,1424.79,25812702.0,18117.0,ncep_2021-22.pdf
112,Pomfret,2022,563.93,10346321.0,18347.0,ncep_2021-22.pdf
113,Portland,2022,1244.11,23893643.0,19205.0,ncep_2021-22.pdf
114,Preston,2022,609.91,12233126.0,20057.0,ncep_2021-22.pdf
116,Putnam,2022,1076.69,21851842.0,20295.0,ncep_2021-22.pdf
117,Redding,2022,1214.91,33165558.0,27299.0,ncep_2021-22.pdf
118,Ridgefield,2022,4563.99,100282683.0,21973.0,ncep_2021-22.pdf
119,Rocky Hill,2022,2666.62,49839734.0,18690.0,ncep_2021-22.pdf
121,Salem,2022,571.9,10959221.0,19163.0,ncep_2021-22.pdf
122,Salisbury,2022,349.54,9732218.0,27843.0,ncep_2021-22.pdf
123,Scotland,2022,166.95,4493115.0,26913.0,ncep_2021-22.pdf
124,Seymour,2022,2153.63,37865065.0,17582.0,ncep_2021-22.pdf
125,Sharon,2022,128.09,6816536.0,53217.0,ncep_2021-22.pdf
126,Shelton,2022,4613.03,80195447.0,17385.0,ncep_2021-22.pdf
127,Sherman,2022,368.0,9323297.0,25335.0,ncep_2021-22.pdf
128,Simsbury,2022,4093.61,78285920.0,19124.0,ncep_2021-22.pdf
129,Somers,2022,1360.1,25774138.0,18950.0,ncep_2021-22.pdf
131,Southington,2022,6149.04,105158439.0,17102.0,ncep_2021-22.pdf
132,South Windsor,2022,4894.42,80382998.0,16423.0,ncep_2021-22.pdf
133,Sprague,2022,376.16,7032972.0,18697.0,ncep_2021-22.pdf
134,Stafford,2022,1397.62,30089726.0,21529.0,ncep_2021-22.pdf
135,Stamford,2022,16026.65,331230480.0,20667.0,ncep_2021-22.pdf
136,Sterling,2022,432.54,7910504.0,18288.0,ncep_2021-22.pdf
137,Stonington,2022,1881.97,39928032.0,21216.0,ncep_2021-22.pdf
138,Stratford,2022,7067.02,131797284.0,18650.0,ncep_2021-22.pdf
139,Suffield,2022,1998.86,37767896.0,18895.0,ncep_2021-22.pdf
140,Thomaston,2022,943.27,16430869.0,17419.0,ncep_2021-22.pdf
141,Thompson,2022,957.91,20799503.0,21713.0,ncep_2021-22.pdf
142,Tolland,2022,2283.63,41717234.0,18268.0,ncep_2021-22.pdf
143,Torrington,2022,4180.67,86140533.0,20604.0,ncep_2021-22.pdf
144,Trumbull,2022,6773.6,119176780.0,17594.0,ncep_2021-22.pdf
145,Union,2022,69.0,1848607.0,26791.0,ncep_2021-22.pdf
146,Vernon,2022,3379.74,60694572.0,17958.0,ncep_2021-22.pdf
147,Voluntown,2022,318.18,6922096.0,21755.0,ncep_2021-22.pdf
148,Wallingford,2022,5432.4,113528869.0,20898.0,ncep_2021-22.pdf
151,Waterbury,2022,16783.0,308020570.0,18353.27,ncep_2021-22.pdf
152,Waterford,2022,2536.93,53239069.0,20986.0,ncep_2021-22.pdf
153,Watertown,2022,2687.9,51400886.0,19123.0,ncep_2021-22.pdf
154,Westbrook,2022,646.7,19159007.0,29626.0,ncep_2021-22.pdf
155,West Hartford,2022,9374.12,186638664.0,19910.0,ncep_2021-22.pdf
156,West Haven,2022,6726.48,116139178.0,17266.0,ncep_2021-22.pdf
157,Weston,2022,2203.33,53616344.0,24334.0,ncep_2021-22.pdf
158,Westport,2022,5278.03,127466131.0,24150.0,ncep_2021-22.pdf
159,Wethersfield,2022,3803.1,67936832.0,17864.0,ncep_2021-22.pdf
160,Willington,2022,586.93,13261905.0,22595.0,ncep_2021-22.pdf
161,Wilton,2022,3714.53,85378366.0,22985.0,ncep_2021-22.pdf
162,Winchester,2022,1073.36,23556978.0,21947.0,ncep_2021-22.pdf
163,Windham,2022,3121.25,66072318.0,21169.0,ncep_2021-22.pdf
164,Windsor,2022,3885.44,80478188.0,20713.0,ncep_2021-22.pdf
165,Windsor Locks,2022,1555.5,35911775.0,23087.0,ncep_2021-22.pdf
166,Wolcott,2022,2361.38,37058539.0,15694.0,ncep_2021-22.pdf
167,Woodbridge,2022,1564.61,30053067.0,19208.0,ncep_2021-22.pdf
169,Woodstock,2022,1246.86,20603942.0,16525.0,ncep_2021-22.pdf
201,District No. 1,2022,342.78,10976348.0,32022.0,ncep_2021-22.pdf
204,District No. 4,2022,828.0,19303382.0,23313.0,ncep_2021-22.pdf
205,District No. 5,2022,2175.32,43988598.0,20222.0,ncep_2021-22.pdf
206,District No. 6,2022,688.02,18364256.0,26691.0,ncep_2021-22.pdf
207,District No. 7,2022,820.08,19977392.0,24360.0,ncep_2021-22.pdf
208,District No. 8,2022,1276.65,26945785.0,21107.0,ncep_2021-22.pdf
209,District No. 9,2022,851.62,22427960.0,26336.0,ncep_2021-22.pdf
210,District No. 10,2022,2206.01,39080625.0,17716.0,ncep_2021-22.pdf
211,District No. 11,2022,246.64,6512397.0,26404.0,ncep_2021-22.pdf
212,District No. 12,2022,567.93,20010945.0,35235.0,ncep_2021-22.pdf
213,District No. 13,2022,1383.23,35441180.0,25622.0,ncep_2021-22.pdf
214,District No. 14,2022,1361.46,33211306.0,24394.0,ncep_2021-22.pdf
215,District No. 15,2022,3573.12,74314825.0,20798.0,ncep_2021-22.pdf
216,District No. 16,2022,2031.12,37818721.0,18620.0,ncep_2021-22.pdf
217,District No. 17,2022,1796.61,40154117.0,22350.0,ncep_2021-22.pdf
218,District No. 18,2022,1311.17,30150270.0,22995.0,ncep_2021-22.pdf
219,District No. 19,2022,899.0,18493867.0,20572.0,ncep_2021-22.pdf
1,Andover,2023,360.0,8213691.0,22816.0,ncep_2022-23.pdf
2,Ansonia,2023,2431.17,42967697.0,17674.0,ncep_2022-23.pdf
3,Ashford,2023,496.87,11620694.0,23388.0,ncep_2022-23.pdf
4,Avon,2023,3117.08,61230766.0,19644.0,ncep_2022-23.pdf
5,Barkhamsted,2023,443.27,10628736.0,23978.0,ncep_2022-23.pdf
7,Berlin,2023,2691.46,55617235.0,20664.0,ncep_2022-23.pdf
8,Bethany,2023,792.22,15010824.0,18948.0,ncep_2022-23.pdf
9,Bethel,2023,3174.37,56341920.0,17749.0,ncep_2022-23.pdf
11,Bloomfield,2023,2382.54,55750563.0,23400.0,ncep_2022-23.pdf
12,Bolton,2023,712.29,14729190.0,20679.0,ncep_2022-23.pdf
13,Bozrah,2023,271.39,6693261.0,24663.0,ncep_2022-23.pdf
14,Branford,2023,2688.96,60920589.0,22656.0,ncep_2022-23.pdf
15,Bridgeport,2023,16506.0,315082886.0,19089.17,ncep_2022-23.pdf
17,Bristol,2023,7974.56,147700737.0,18521.0,ncep_2022-23.pdf
18,Brookfield,2023,2604.63,49818406.0,19127.0,ncep_2022-23.pdf
19,Brooklyn,2023,1232.28,20370903.0,16531.0,ncep_2022-23.pdf
21,Canaan,2023,100.82,3646531.0,36169.0,ncep_2022-23.pdf
22,Canterbury,2023,618.03,11343267.0,18354.0,ncep_2022-23.pdf
23,Canton,2023,1518.57,30291423.0,19947.0,ncep_2022-23.pdf
24,Chaplin,2023,266.82,7119479.0,26683.0,ncep_2022-23.pdf
25,Cheshire,2023,4151.45,79654544.0,19187.0,ncep_2022-23.pdf
26,Chester,2023,401.0,9936072.0,24778.0,ncep_2022-23.pdf
27,Clinton,2023,1495.03,34542058.0,23105.0,ncep_2022-23.pdf
28,Colchester,2023,2201.51,41540616.0,18869.0,ncep_2022-23.pdf
29,Colebrook,2023,161.45,4431616.0,27449.0,ncep_2022-23.pdf
30,Columbia,2023,638.29,12408904.0,19441.0,ncep_2022-23.pdf
31,Cornwall,2023,120.7,4468151.0,37019.0,ncep_2022-23.pdf
32,Coventry,2023,1625.42,29146921.0,17932.0,ncep_2022-23.pdf
33,Cromwell,2023,2001.96,36691503.0,18328.0,ncep_2022-23.pdf
34,Danbury,2023,11990.87,175631729.0,14647.0,ncep_2022-23.pdf
35,Darien,2023,4653.67,111989698.0,24065.0,ncep_2022-23.pdf
36,Deep River,2023,483.4,13039260.0,26974.0,ncep_2022-23.pdf
37,Derby,2023,1449.95,29937367.0,20647.0,ncep_2022-23.pdf
39,Eastford,2023,194.88,4373118.0,22440.0,ncep_2022-23.pdf
40,East Granby,2023,886.29,19209957.0,21675.0,ncep_2022-23.pdf
41,East Haddam,2023,981.75,23054907.0,23483.0,ncep_2022-23.pdf
42,East Hampton,2023,1788.46,36122813.0,20198.0,ncep_2022-23.pdf
43,East Hartford,2023,7962.89,126105090.0,15837.0,ncep_2022-23.pdf
44,East Haven,2023,3101.42,53505213.0,17252.0,ncep_2022-23.pdf
45,East Lyme,2023,2479.33,51294209.0,20689.0,ncep_2022-23.pdf
46,Easton,2023,1298.85,29797080.0,22941.0,ncep_2022-23.pdf
47,East Windsor,2023,1086.11,26541685.0,24437.0,ncep_2022-23.pdf
48,Ellington,2023,2582.84,44118278.0,17081.0,ncep_2022-23.pdf
49,Enfield,2023,5091.49,85268574.0,16747.0,ncep_2022-23.pdf
50,Essex,2023,583.2,16282646.0,27919.0,ncep_2022-23.pdf
51,Fairfield,2023,9355.1,210044162.0,22452.0,ncep_2022-23.pdf
52,Farmington,2023,4103.58,79787441.0,19443.0,ncep_2022-23.pdf
53,Franklin,2023,237.27,4598472.0,19381.0,ncep_2022-23.pdf
54,Glastonbury,2023,5705.66,114385660.0,20048.0,ncep_2022-23.pdf
56,Granby,2023,1689.97,33733843.0,19961.0,ncep_2022-23.pdf
57,Greenwich,2023,8287.34,222199735.0,26812.0,ncep_2022-23.pdf
58,Griswold,2023,1584.33,26800203.0,16916.0,ncep_2022-23.pdf
59,Groton,2023,4432.44,79414662.0,17917.0,ncep_2022-23.pdf
60,Guilford,2023,3154.33,65279657.0,20695.0,ncep_2022-23.pdf
62,Hamden,2023,6258.06,136414631.0,21798.0,ncep_2022-23.pdf
63,Hampton,2023,119.84,3407960.0,28438.0,ncep_2022-23.pdf
64,Hartford,2023,18595.93,409796798.0,22037.0,ncep_2022-23.pdf
65,Hartland,2023,194.67,5361712.0,27543.0,ncep_2022-23.pdf
67,Hebron,2023,1266.85,26215349.0,20693.0,ncep_2022-23.pdf
68,Kent,2023,200.41,7145029.0,35652.0,ncep_2022-23.pdf
69,Killingly,2023,2204.21,41436346.0,18799.0,ncep_2022-23.pdf
71,Lebanon,2023,865.0,19877885.0,22980.0,ncep_2022-23.pdf
72,Ledyard,2023,2374.38,40669756.0,17129.0,ncep_2022-23.pdf
73,Lisbon,2023,575.12,10293003.0,17897.0,ncep_2022-23.pdf
74,Litchfield,2023,810.88,18663486.0,23016.0,ncep_2022-23.pdf
76,Madison,2023,2448.31,57672949.0,23556.0,ncep_2022-23.pdf
77,Manchester,2023,7505.77,138363314.0,18434.0,ncep_2022-23.pdf
78,Mansfield,2023,1614.4,36231696.0,22443.0,ncep_2022-23.pdf
79,Marlborough,2023,911.22,17933799.0,19681.0,ncep_2022-23.pdf
80,Meriden,2023,8912.84,133623271.0,14992.0,ncep_2022-23.pdf
83,Middletown,2023,4528.24,101727504.0,22465.0,ncep_2022-23.pdf
84,Milford,2023,5361.73,127294557.0,23741.0,ncep_2022-23.pdf
85,Monroe,2023,3416.28,63037832.0,18452.0,ncep_2022-23.pdf
86,Montville,2023,2187.63,41038713.0,18759.0,ncep_2022-23.pdf
88,Naugatuck,2023,4668.37,73451432.0,15734.0,ncep_2022-23.pdf
89,New Britain,2023,11054.36,174354944.0,15773.0,ncep_2022-23.pdf
90,New Canaan,2023,4208.76,97106973.0,23073.0,ncep_2022-23.pdf
91,New Fairfield,2023,2097.11,44735250.0,21332.0,ncep_2022-23.pdf
92,New Hartford,2023,857.22,19515115.0,22766.0,ncep_2022-23.pdf
93,New Haven,2023,17304.97,335808257.0,19405.0,ncep_2022-23.pdf
94,Newington,2023,4016.56,80581985.0,20062.0,ncep_2022-23.pdf
95,New London,2023,3164.24,63998968.0,20226.0,ncep_2022-23.pdf
96,New Milford,2023,3662.74,66664173.0,18201.0,ncep_2022-23.pdf
97,Newtown,2023,4021.49,83357684.0,20728.0,ncep_2022-23.pdf
98,Norfolk,2023,134.14,4251007.0,31691.0,ncep_2022-23.pdf
99,North Branford,2023,1580.04,32936239.0,20845.0,ncep_2022-23.pdf
100,North Canaan,2023,351.27,10155512.0,28911.0,ncep_2022-23.pdf
101,North Haven,2023,3207.57,60794050.0,18953.0,ncep_2022-23.pdf
102,North Stonington,2023,752.72,13421753.0,17831.0,ncep_2022-23.pdf
103,Norwalk,2023,11917.98,242552958.0,20352.0,ncep_2022-23.pdf
104,Norwich,2023,4960.21,103396405.0,20845.0,ncep_2022-23.pdf
106,Old Saybrook,2023,1053.0,27130615.0,25765.0,ncep_2022-23.pdf
107,Orange,2023,2268.51,44661854.0,19688.0,ncep_2022-23.pdf
108,Oxford,2023,1774.86,33823533.0,19057.0,ncep_2022-23.pdf
109,Plainfield,2023,2002.1,34215037.0,17090.0,ncep_2022-23.pdf
110,Plainville,2023,2303.75,43806455.0,19015.0,ncep_2022-23.pdf
111,Plymouth,2023,1426.28,26745152.0,18752.0,ncep_2022-23.pdf
112,Pomfret,2023,555.06,10696572.0,19271.0,ncep_2022-23.pdf
113,Portland,2023,1231.99,25268318.0,20510.0,ncep_2022-23.pdf
114,Preston,2023,640.1,12651786.0,19765.0,ncep_2022-23.pdf
116,Putnam,2023,1120.96,20568549.0,18349.0,ncep_2022-23.pdf
117,Redding,2023,1175.85,33678953.0,28642.0,ncep_2022-23.pdf
118,Ridgefield,2023,4570.53,103823245.0,22716.0,ncep_2022-23.pdf
119,Rocky Hill,2023,2678.98,51314903.0,19155.0,ncep_2022-23.pdf
121,Salem,2023,578.62,11096516.0,19178.0,ncep_2022-23.pdf
122,Salisbury,2023,341.93,10411950.0,30451.0,ncep_2022-23.pdf
123,Scotland,2023,165.88,4418460.0,26636.0,ncep_2022-23.pdf
124,Seymour,2023,2208.49,37791047.0,17112.0,ncep_2022-23.pdf
125,Sharon,2023,122.8,5897008.0,48021.0,ncep_2022-23.pdf
126,Shelton,2023,4667.45,80226650.0,17189.0,ncep_2022-23.pdf
127,Sherman,2023,368.28,9144250.0,24830.0,ncep_2022-23.pdf
128,Simsbury,2023,4132.72,80620153.0,19508.0,ncep_2022-23.pdf
129,Somers,2023,1335.5,26860848.0,20113.0,ncep_2022-23.pdf
131,Southington,2023,6186.17,107958840.0,17452.0,ncep_2022-23.pdf
132,South Windsor,2023,5019.03,84468945.0,16830.0,ncep_2022-23.pdf
133,Sprague,2023,367.2,6766170.0,18426.0,ncep_2022-23.pdf
134,Stafford,2023,1418.35,29458223.0,20769.0,ncep_2022-23.pdf
135,Stamford,2023,15820.56,332575413.0,21022.0,ncep_2022-23.pdf
136,Sterling,2023,439.19,8155873.0,18570.0,ncep_2022-23.pdf
137,Stonington,2023,1849.58,39924510.0,21586.0,ncep_2022-23.pdf
138,Stratford,2023,6965.57,130916936.0,18795.0,ncep_2022-23.pdf
139,Suffield,2023,1989.9,37943644.0,19068.0,ncep_2022-23.pdf
140,Thomaston,2023,924.22,17095333.0,18497.0,ncep_2022-23.pdf
141,Thompson,2023,933.96,19969844.0,21382.0,ncep_2022-23.pdf
142,Tolland,2023,2338.37,41819269.0,17884.0,ncep_2022-23.pdf
143,Torrington,2023,4185.26,82573882.0,19730.0,ncep_2022-23.pdf
144,Trumbull,2023,6768.28,123923976.0,18310.0,ncep_2022-23.pdf
145,Union,2023,75.0,1691367.0,22552.0,ncep_2022-23.pdf
146,Vernon,2023,3323.69,60692685.0,18261.0,ncep_2022-23.pdf
147,Voluntown,2023,306.21,6798675.0,22203.0,ncep_2022-23.pdf
148,Wallingford,2023,5395.33,116729703.0,21635.0,ncep_2022-23.pdf
151,Waterbury,2023,16499.0,304375244.0,18447.55,ncep_2022-23.pdf
152,Waterford,2023,2505.24,53425173.0,21325.0,ncep_2022-23.pdf
153,Watertown,2023,2701.84,53745464.0,19892.0,ncep_2022-23.pdf
154,Westbrook,2023,624.82,18752005.0,30012.0,ncep_2022-23.pdf
155,West Hartford,2023,9457.05,186749263.0,19747.0,ncep_2022-23.pdf
156,West Haven,2023,6813.0,108457405.0,15919.0,ncep_2022-23.pdf
157,Weston,2023,2156.78,55172743.0,25581.0,ncep_2022-23.pdf
158,Westport,2023,5356.8,132651529.0,24763.0,ncep_2022-23.pdf
159,Wethersfield,2023,3865.09,69483133.0,17977.0,ncep_2022-23.pdf
160,Willington,2023,589.75,13216457.0,22410.0,ncep_2022-23.pdf
161,Wilton,2023,3736.32,86912517.0,23262.0,ncep_2022-23.pdf
162,Winchester,2023,1073.37,21715484.0,20231.0,ncep_2022-23.pdf
163,Windham,2023,3194.37,62814829.0,19664.0,ncep_2022-23.pdf
164,Windsor,2023,3905.43,79698680.0,20407.0,ncep_2022-23.pdf
165,Windsor Locks,2023,1578.12,34032274.0,21565.0,ncep_2022-23.pdf
166,Wolcott,2023,2281.1,38104771.0,16705.0,ncep_2022-23.pdf
167,Woodbridge,2023,1558.2,31329430.0,20106.0,ncep_2022-23.pdf
169,Woodstock,2023,1221.83,20311100.0,16624.0,ncep_2022-23.pdf
201,District No. 1,2023,319.0,12001941.0,37624.0,ncep_2022-23.pdf
204,District No. 4,2023,755.0,19958824.0,26436.0,ncep_2022-23.pdf
205,District No. 5,2023,2087.39,44580313.0,21357.0,ncep_2022-23.pdf
206,District No. 6,2023,647.3,17879990.0,27622.0,ncep_2022-23.pdf
207,District No. 7,2023,813.05,20694654.0,25453.0,ncep_2022-23.pdf
208,District No. 8,2023,1256.0,27204071.0,21659.0,ncep_2022-23.pdf
209,District No. 9,2023,798.78,23149596.0,28981.0,ncep_2022-23.pdf
210,District No. 10,2023,2186.59,40199073.0,18384.0,ncep_2022-23.pdf
211,District No. 11,2023,253.64,6507423.0,25656.0,ncep_2022-23.pdf
212,District No. 12,2023,564.04,20030840.0,35513.0,ncep_2022-23.pdf
213,District No. 13,2023,1370.98,35992761.0,26253.0,ncep_2022-23.pdf
214,District No. 14,2023,1368.8,33546023.0,24508.0,ncep_2022-23.pdf
215,District No. 15,2023,3512.45,77197370.0,21978.0,ncep_2022-23.pdf
216,District No. 16,2023,2019.44,38333222.0,18982.0,ncep_2022-23.pdf
217,District No. 17,2023,1818.25,41531347.0,22841.0,ncep_2022-23.pdf
218,District No. 18,2023,1301.5,30087656.0,23118.0,ncep_2022-23.pdf
219,District No. 19,2023,891.0,19220710.0,21572.0,ncep_2022-23.pdf
1,Andover,2024,344.02,8063643.0,23439.0,ncep_2023-24.pdf
2,Ansonia,2024,2482.23,46024885.0,18542.0,ncep_2023-24.pdf
3,Ashford,2024,477.92,12026942.0,25165.0,ncep_2023-24.pdf
4,Avon,2024,3101.22,63877326.0,20597.0,ncep_2023-24.pdf
5,Barkhamsted,2024,427.35,10283569.0,24064.0,ncep_2023-24.pdf
7,Berlin,2024,2649.93,57659539.0,21759.0,ncep_2023-24.pdf
8,Bethany,2024,782.97,15587956.0,19909.0,ncep_2023-24.pdf
9,Bethel,2024,3217.57,57825859.0,17972.0,ncep_2023-24.pdf
11,Bloomfield,2024,2288.44,61960851.0,27076.0,ncep_2023-24.pdf
12,Bolton,2024,688.8,15429392.0,22400.0,ncep_2023-24.pdf
13,Bozrah,2024,256.01,6792570.0,26532.0,ncep_2023-24.pdf
14,Branford,2024,2663.56,61867087.0,23227.0,ncep_2023-24.pdf
15,Bridgeport,2024,16778.0,324882916.0,19364.2,ncep_2023-24.pdf
17,Bristol,2024,7990.3,157506199.0,19712.0,ncep_2023-24.pdf
18,Brookfield,2024,2605.04,51663245.0,19832.0,ncep_2023-24.pdf
19,Brooklyn,2024,1173.67,21607884.0,18411.0,ncep_2023-24.pdf
21,Canaan,2024,100.0,3617429.0,36174.0,ncep_2023-24.pdf
22,Canterbury,2024,604.02,12193770.0,20188.0,ncep_2023-24.pdf
23,Canton,2024,1500.63,33515355.0,22334.0,ncep_2023-24.pdf
24,Chaplin,2024,274.71,7472913.0,27203.0,ncep_2023-24.pdf
25,Cheshire,2024,4159.28,83815220.0,20151.0,ncep_2023-24.pdf
26,Chester,2024,385.8,10699712.0,27734.0,ncep_2023-24.pdf
27,Clinton,2024,1449.96,34774518.0,23983.0,ncep_2023-24.pdf
28,Colchester,2024,2119.42,44023973.0,20772.0,ncep_2023-24.pdf
29,Colebrook,2024,151.71,4410860.0,29074.0,ncep_2023-24.pdf
30,Columbia,2024,613.31,13525709.0,22054.0,ncep_2023-24.pdf
31,Cornwall,2024,126.7,4575589.0,36114.0,ncep_2023-24.pdf
32,Coventry,2024,1609.79,30172335.0,18743.0,ncep_2023-24.pdf
33,Cromwell,2024,1930.4,39045439.0,20227.0,ncep_2023-24.pdf
34,Danbury,2024,11995.86,187942250.0,15667.0,ncep_2023-24.pdf
35,Darien,2024,4632.86,118137616.0,25500.0,ncep_2023-24.pdf
36,Deep River,2024,471.6,13439461.0,28498.0,ncep_2023-24.pdf
37,Derby,2024,1461.7,31014200.0,21218.0,ncep_2023-24.pdf
39,Eastford,2024,205.98,4611355.0,22387.0,ncep_2023-24.pdf
40,East Granby,2024,851.26,19978026.0,23469.0,ncep_2023-24.pdf
41,East Haddam,2024,987.52,23698427.0,23998.0,ncep_2023-24.pdf
42,East Hampton,2024,1770.24,38361747.0,21670.0,ncep_2023-24.pdf
43,East Hartford,2024,7945.65,128560748.0,16180.0,ncep_2023-24.pdf
44,East Haven,2024,3072.38,56846450.0,18502.0,ncep_2023-24.pdf
45,East Lyme,2024,2385.87,55432965.0,23234.0,ncep_2023-24.pdf
46,Easton,2024,1280.54,31293564.0,24438.0,ncep_2023-24.pdf
47,East Windsor,2024,1088.28,28184947.0,25899.0,ncep_2023-24.pdf
48,Ellington,2024,2535.8,45815359.0,18067.0,ncep_2023-24.pdf
49,Enfield,2024,4985.64,88776422.0,17806.0,ncep_2023-24.pdf
50,Essex,2024,568.0,16408885.0,28889.0,ncep_2023-24.pdf
51,Fairfield,2024,9314.82,220134550.0,23633.0,ncep_2023-24.pdf
52,Farmington,2024,4144.07,80748656.0,19485.0,ncep_2023-24.pdf
53,Franklin,2024,254.88,4814469.0,18889.0,ncep_2023-24.pdf
54,Glastonbury,2024,5662.37,119123486.0,21038.0,ncep_2023-24.pdf
56,Granby,2024,1691.65,35060090.0,20725.0,ncep_2023-24.pdf
57,Greenwich,2024,8333.19,230499990.0,27660.0,ncep_2023-24.pdf
58,Griswold,2024,1595.76,28249325.0,17703.0,ncep_2023-24.pdf
59,Groton,2024,4395.61,82471428.0,18762.0,ncep_2023-24.pdf
60,Guilford,2024,3127.14,67937359.0,21725.0,ncep_2023-24.pdf
62,Hamden,2024,6270.71,146095494.0,23298.0,ncep_2023-24.pdf
63,Hampton,2024,125.93,3767857.0,29920.0,ncep_2023-24.pdf
64,Hartford,2024,18576.79,420466622.0,22634.0,ncep_2023-24.pdf
65,Hartland,2024,178.92,5431213.0,30356.0,ncep_2023-24.pdf
67,Hebron,2024,1249.06,28057322.0,22463.0,ncep_2023-24.pdf
68,Kent,2024,199.36,7044651.0,35336.0,ncep_2023-24.pdf
69,Killingly,2024,2203.29,45557011.0,20677.0,ncep_2023-24.pdf
71,Lebanon,2024,856.0,21051643.0,24593.0,ncep_2023-24.pdf
72,Ledyard,2024,2398.46,42883981.0,17880.0,ncep_2023-24.pdf
73,Lisbon,2024,566.3,10801358.0,19074.0,ncep_2023-24.pdf
76,Madison,2024,2438.34,60550186.0,24833.0,ncep_2023-24.pdf
77,Manchester,2024,7482.98,143315844.0,19152.0,ncep_2023-24.pdf
78,Mansfield,2024,1567.45,37699884.0,24052.0,ncep_2023-24.pdf
79,Marlborough,2024,888.7,19342153.0,21765.0,ncep_2023-24.pdf
80,Meriden,2024,9021.9,138042499.0,15301.0,ncep_2023-24.pdf
83,Middletown,2024,4495.63,108751595.0,24191.0,ncep_2023-24.pdf
84,Milford,2024,5312.9,134912176.0,25393.0,ncep_2023-24.pdf
85,Monroe,2024,3497.66,65957433.0,18858.0,ncep_2023-24.pdf
86,Montville,2024,2193.33,43351212.0,19765.0,ncep_2023-24.pdf
88,Naugatuck,2024,4642.09,79403872.0,17105.0,ncep_2023-24.pdf
89,New Britain,2024,11260.02,189544752.0,16833.0,ncep_2023-24.pdf
90,New Canaan,2024,4152.39,101636306.0,24477.0,ncep_2023-24.pdf
91,New Fairfield,2024,2093.33,45648011.0,21806.0,ncep_2023-24.pdf
92,New Hartford,2024,852.41,19962213.0,23419.0,ncep_2023-24.pdf
93,New Haven,2024,17200.36,349228182.0,20304.0,ncep_2023-24.pdf
94,Newington,2024,3945.13,83876025.0,21261.0,ncep_2023-24.pdf
95,New London,2024,3125.96,65948174.0,21097.0,ncep_2023-24.pdf
96,New Milford,2024,3579.12,68966367.0,19269.0,ncep_2023-24.pdf
97,Newtown,2024,3991.87,86273824.0,21612.0,ncep_2023-24.pdf
98,Norfolk,2024,132.24,4867525.0,36808.0,ncep_2023-24.pdf
99,North Branford,2024,1577.7,33576525.0,21282.0,ncep_2023-24.pdf
100,North Canaan,2024,340.42,9835070.0,28891.0,ncep_2023-24.pdf
101,North Haven,2024,3256.26,62757254.0,19273.0,ncep_2023-24.pdf
102,North Stonington,2024,734.89,14089098.0,19172.0,ncep_2023-24.pdf
103,Norwalk,2024,11851.27,255940268.0,21596.0,ncep_2023-24.pdf
104,Norwich,2024,5009.0,110668721.0,22094.0,ncep_2023-24.pdf
106,Old Saybrook,2024,1045.0,27859827.0,26660.0,ncep_2023-24.pdf
107,Orange,2024,2287.39,46906004.0,20506.0,ncep_2023-24.pdf
108,Oxford,2024,1731.01,34501380.0,19931.0,ncep_2023-24.pdf
109,Plainfield,2024,1875.83,36865784.0,19653.0,ncep_2023-24.pdf
110,Plainville,2024,2279.59,46126487.0,20235.0,ncep_2023-24.pdf
111,Plymouth,2024,1399.99,27130235.0,19379.0,ncep_2023-24.pdf
112,Pomfret,2024,536.93,11127800.0,20725.0,ncep_2023-24.pdf
113,Portland,2024,1234.82,26425270.0,21400.0,ncep_2023-24.pdf
114,Preston,2024,634.1,13470984.0,21244.0,ncep_2023-24.pdf
116,Putnam,2024,1108.94,22370971.0,20173.0,ncep_2023-24.pdf
117,Redding,2024,1197.99,34713463.0,28976.0,ncep_2023-24.pdf
118,Ridgefield,2024,4472.49,108305584.0,24216.0,ncep_2023-24.pdf
119,Rocky Hill,2024,2656.52,53165239.0,20013.0,ncep_2023-24.pdf
121,Salem,2024,547.56,10806777.0,19736.0,ncep_2023-24.pdf
122,Salisbury,2024,347.11,10466591.0,30154.0,ncep_2023-24.pdf
123,Scotland,2024,154.54,4254638.0,27531.0,ncep_2023-24.pdf
124,Seymour,2024,2170.42,39022960.0,17979.0,ncep_2023-24.pdf
125,Sharon,2024,121.0,6025579.0,49798.0,ncep_2023-24.pdf
126,Shelton,2024,4642.67,82270714.0,17721.0,ncep_2023-24.pdf
127,Sherman,2024,359.22,9488845.0,26415.0,ncep_2023-24.pdf
128,Simsbury,2024,4145.5,85584886.0,20645.0,ncep_2023-24.pdf
129,Somers,2024,1337.6,27629503.0,20656.0,ncep_2023-24.pdf
131,Southington,2024,6142.02,114564465.0,18653.0,ncep_2023-24.pdf
132,South Windsor,2024,5062.33,91796096.0,18133.0,ncep_2023-24.pdf
133,Sprague,2024,396.0,7317469.0,18478.0,ncep_2023-24.pdf
134,Stafford,2024,1339.81,29537123.0,22046.0,ncep_2023-24.pdf
135,Stamford,2024,15976.62,348120094.0,21789.0,ncep_2023-24.pdf
136,Sterling,2024,439.18,8308487.0,18918.0,ncep_2023-24.pdf
137,Stonington,2024,1800.83,42612512.0,23663.0,ncep_2023-24.pdf
138,Stratford,2024,6908.74,135766159.0,19651.0,ncep_2023-24.pdf
139,Suffield,2024,1963.22,41191130.0,20981.0,ncep_2023-24.pdf
140,Thomaston,2024,874.18,18282790.0,20914.0,ncep_2023-24.pdf
141,Thompson,2024,886.78,20542445.0,23165.0,ncep_2023-24.pdf
142,Tolland,2024,2242.58,42760607.0,19068.0,ncep_2023-24.pdf
143,Torrington,2024,4246.36,85848920.0,20217.0,ncep_2023-24.pdf
144,Trumbull,2024,6784.04,130727041.0,19270.0,ncep_2023-24.pdf
145,Union,2024,71.63,1781864.0,24876.0,ncep_2023-24.pdf
146,Vernon,2024,3366.69,63558880.0,18879.0,ncep_2023-24.pdf
147,Voluntown,2024,288.74,6967391.0,24130.0,ncep_2023-24.pdf
148,Wallingford,2024,5311.19,119164225.0,22436.0,ncep_2023-24.pdf
151,Waterbury,2024,17704.0,328224151.0,18539.75,ncep_2023-24.pdf
152,Waterford,2024,2496.64,56630568.0,22683.0,ncep_2023-24.pdf
153,Watertown,2024,2701.35,55143496.0,20413.0,ncep_2023-24.pdf
154,Westbrook,2024,603.19,19737651.0,32722.0,ncep_2023-24.pdf
155,West Hartford,2024,9460.13,197169929.0,20842.0,ncep_2023-24.pdf
156,West Haven,2024,6870.12,110290698.0,16054.0,ncep_2023-24.pdf
157,Weston,2024,2127.02,57609885.0,27085.0,ncep_2023-24.pdf
158,Westport,2024,5304.48,137615065.0,25943.0,ncep_2023-24.pdf
159,Wethersfield,2024,3780.39,72259128.0,19114.0,ncep_2023-24.pdf
160,Willington,2024,588.4,14405171.0,24482.0,ncep_2023-24.pdf
161,Wilton,2024,3751.16,89116044.0,23757.0,ncep_2023-24.pdf
162,Winchester,2024,1110.88,24917035.0,22430.0,ncep_2023-24.pdf
163,Windham,2024,3194.7,66856483.0,20927.0,ncep_2023-24.pdf
164,Windsor,2024,3895.94,83020228.0,21309.0,ncep_2023-24.pdf
165,Windsor Locks,2024,1539.12,35197024.0,22868.0,ncep_2023-24.pdf
166,Wolcott,2024,2281.8,39757017.0,17424.0,ncep_2023-24.pdf
167,Woodbridge,2024,1613.2,32697147.0,20269.0,ncep_2023-24.pdf
169,Woodstock,2024,1158.38,21709773.0,18742.0,ncep_2023-24.pdf
201,District No. 1,2024,301.0,11571692.0,38444.0,ncep_2023-24.pdf
204,District No. 4,2024,727.0,20684525.0,28452.0,ncep_2023-24.pdf
205,District No. 5,2024,2124.07,46434301.0,21861.0,ncep_2023-24.pdf
207,District No. 7,2024,775.62,20981780.0,27052.0,ncep_2023-24.pdf
208,District No. 8,2024,1208.64,29527397.0,24430.0,ncep_2023-24.pdf
209,District No. 9,2024,775.5,22961907.0,29609.0,ncep_2023-24.pdf
210,District No. 10,2024,2146.72,41497977.0,19331.0,ncep_2023-24.pdf
211,District No. 11,2024,232.16,6737705.0,29022.0,ncep_2023-24.pdf
212,District No. 12,2024,550.8,21835628.0,39643.0,ncep_2023-24.pdf
213,District No. 13,2024,1349.81,36966312.0,27386.0,ncep_2023-24.pdf
214,District No. 14,2024,1324.73,35038179.0,26449.0,ncep_2023-24.pdf
215,District No. 15,2024,3499.79,81617804.0,23321.0,ncep_2023-24.pdf
216,District No. 16,2024,1998.45,39917585.0,19974.0,ncep_2023-24.pdf
217,District No. 17,2024,1773.05,43222331.0,24377.0,ncep_2023-24.pdf
218,District No. 18,2024,1297.52,30660562.0,23630.0,ncep_2023-24.pdf
219,District No. 19,2024,873.0,20402159.0,23370.0,ncep_2023-24.pdf
220,District No. 20,2024,1436.84,38473585.0,26777.0,ncep_2023-24.pdf
1,Andover,2025,332.06,8209287.0,24722.3,csde_basiccon_excel.xls
2,Ansonia,2025,2490.13,48627561.0,19528.12,csde_basiccon_excel.xls
3,Ashford,2025,483.88,12744883.0,26338.93,csde_basiccon_excel.xls
4,Avon,2025,3059.97,66207053.0,21636.5,csde_basiccon_excel.xls
5,Barkhamsted,2025,420.32,10601237.0,25221.82,csde_basiccon_excel.xls
7,Berlin,2025,2623.08,61507765.0,23448.68,csde_basiccon_excel.xls
8,Bethany,2025,772.91,16051560.0,20767.7,csde_basiccon_excel.xls
9,Bethel,2025,3189.66,59712761.0,18720.73,csde_basiccon_excel.xls
11,Bloomfield,2025,2273.58,61349993.0,26983.87,csde_basiccon_excel.xls
12,Bolton,2025,679.37,15904707.0,23410.96,csde_basiccon_excel.xls
13,Bozrah,2025,254.33,6254520.0,24592.14,csde_basiccon_excel.xls
14,Branford,2025,2591.44,66696308.0,25737.16,csde_basiccon_excel.xls
15,Bridgeport,2025,19751.77,361665718.0,18310.55,csde_basiccon_excel.xls
17,Bristol,2025,7903.53,160692065.0,20331.68,csde_basiccon_excel.xls
18,Brookfield,2025,2586.67,54042727.0,20892.78,csde_basiccon_excel.xls
19,Brooklyn,2025,1136.3,22398029.0,19711.37,csde_basiccon_excel.xls
21,Canaan,2025,92.6,3723455.0,40210.1,csde_basiccon_excel.xls
22,Canterbury,2025,636.36,12354597.0,19414.48,csde_basiccon_excel.xls
23,Canton,2025,1445.61,34823530.0,24089.16,csde_basiccon_excel.xls
24,Chaplin,2025,253.83,7500018.0,29547.41,csde_basiccon_excel.xls
25,Cheshire,2025,4238.73,88231457.0,20815.54,csde_basiccon_excel.xls
26,Chester,2025,387.43,11802164.0,30462.7,csde_basiccon_excel.xls
27,Clinton,2025,1416.62,36902910.0,26049.97,csde_basiccon_excel.xls
28,Colchester,2025,2059.41,46062182.0,22366.69,csde_basiccon_excel.xls
29,Colebrook,2025,144.68,4457906.0,30812.18,csde_basiccon_excel.xls
30,Columbia,2025,594.46,13267269.0,22318.19,csde_basiccon_excel.xls
31,Cornwall,2025,118.04,4840747.0,41009.38,csde_basiccon_excel.xls
32,Coventry,2025,1586.87,30926977.0,19489.29,csde_basiccon_excel.xls
33,Cromwell,2025,1879.61,40608355.0,21604.67,csde_basiccon_excel.xls
34,Danbury,2025,11855.68,206716583.0,17436.08,csde_basiccon_excel.xls
35,Darien,2025,4642.89,121822654.0,26238.54,csde_basiccon_excel.xls
36,Deep River,2025,442.53,13631922.0,30804.51,csde_basiccon_excel.xls
37,Derby,2025,1419.56,34217917.0,24104.59,csde_basiccon_excel.xls
39,Eastford,2025,205.07,4739882.0,23113.48,csde_basiccon_excel.xls
40,East Granby,2025,880.21,20619391.0,23425.54,csde_basiccon_excel.xls
41,East Haddam,2025,943.99,23725577.0,25133.29,csde_basiccon_excel.xls
42,East Hampton,2025,1703.03,39590690.0,23247.21,csde_basiccon_excel.xls
43,East Hartford,2025,7964.72,143102962.0,17967.11,csde_basiccon_excel.xls
44,East Haven,2025,3022.14,59721394.0,19761.29,csde_basiccon_excel.xls
45,East Lyme,2025,2369.14,57354936.0,24209.18,csde_basiccon_excel.xls
46,Easton,2025,1248.57,32136037.0,25738.27,csde_basiccon_excel.xls
47,East Windsor,2025,1078.75,29515071.0,27360.44,csde_basiccon_excel.xls
48,Ellington,2025,2493.41,47509423.0,19054.0,csde_basiccon_excel.xls
49,Enfield,2025,4853.21,90095858.0,18564.18,csde_basiccon_excel.xls
50,Essex,2025,515.57,16872206.0,32725.34,csde_basiccon_excel.xls
51,Fairfield,2025,9095.28,226874646.0,24944.22,csde_basiccon_excel.xls
52,Farmington,2025,4141.59,85839424.0,20726.2,csde_basiccon_excel.xls
53,Franklin,2025,241.44,5505682.0,22803.52,csde_basiccon_excel.xls
54,Glastonbury,2025,5673.0,124440178.0,21935.52,csde_basiccon_excel.xls
56,Granby,2025,1652.18,35931575.0,21747.98,csde_basiccon_excel.xls
57,Greenwich,2025,8227.02,238340908.0,28970.5,csde_basiccon_excel.xls
58,Griswold,2025,1603.2,30059614.0,18749.76,csde_basiccon_excel.xls
59,Groton,2025,4316.03,89058648.0,20634.39,csde_basiccon_excel.xls
60,Guilford,2025,3063.46,70713747.0,23082.97,csde_basiccon_excel.xls
62,Hamden,2025,6318.09,152645903.0,24160.13,csde_basiccon_excel.xls
63,Hampton,2025,123.96,3781955.0,30509.48,csde_basiccon_excel.xls
64,Hartford,2025,18417.52,438220699.0,23793.69,csde_basiccon_excel.xls
65,Hartland,2025,183.63,5570785.0,30337.01,csde_basiccon_excel.xls
67,Hebron,2025,1209.29,30001237.0,24808.97,csde_basiccon_excel.xls
68,Kent,2025,191.95,7399665.0,38549.96,csde_basiccon_excel.xls
69,Killingly,2025,2019.51,47361007.0,23451.73,csde_basiccon_excel.xls
71,Lebanon,2025,840.0,22651218.0,26965.74,csde_basiccon_excel.xls
72,Ledyard,2025,2296.38,45144188.0,19658.85,csde_basiccon_excel.xls
73,Lisbon,2025,547.42,11258041.0,20565.64,csde_basiccon_excel.xls
76,Madison,2025,2464.3,62119039.0,25207.58,csde_basiccon_excel.xls
77,Manchester,2025,7451.34,151460278.0,20326.58,csde_basiccon_excel.xls
78,Mansfield,2025,1505.93,38865052.0,25808.01,csde_basiccon_excel.xls
79,Marlborough,2025,849.66,19239692.0,22643.99,csde_basiccon_excel.xls
80,Meriden,2025,8923.98,145914833.0,16350.87,csde_basiccon_excel.xls
83,Middletown,2025,4506.93,112989363.0,25070.14,csde_basiccon_excel.xls
84,Milford,2025,5213.75,135523239.0,25993.43,csde_basiccon_excel.xls
85,Monroe,2025,3473.73,71275157.0,20518.34,csde_basiccon_excel.xls
86,Montville,2025,2173.06,45052377.0,20732.23,csde_basiccon_excel.xls
88,Naugatuck,2025,4521.99,81775637.0,18083.99,csde_basiccon_excel.xls
89,New Britain,2025,11285.15,197703397.0,17518.9,csde_basiccon_excel.xls
90,New Canaan,2025,4100.73,108033365.0,26344.91,csde_basiccon_excel.xls
91,New Fairfield,2025,2069.44,49055083.0,23704.52,csde_basiccon_excel.xls
92,New Hartford,2025,831.18,22159213.0,26659.94,csde_basiccon_excel.xls
93,New Haven,2025,16938.0,371385643.0,21926.18,csde_basiccon_excel.xls
94,Newington,2025,3869.0,88232840.0,22805.08,csde_basiccon_excel.xls
95,New London,2025,3095.76,68230320.0,22039.93,csde_basiccon_excel.xls
96,New Milford,2025,3526.99,74534366.0,21132.57,csde_basiccon_excel.xls
97,Newtown,2025,3957.3,88483316.0,22359.52,csde_basiccon_excel.xls
98,Norfolk,2025,124.42,4757345.0,38236.18,csde_basiccon_excel.xls
99,North Branford,2025,1582.16,33399393.0,21110.0,csde_basiccon_excel.xls
100,North Canaan,2025,347.8,10148259.0,29178.43,csde_basiccon_excel.xls
101,North Haven,2025,3242.26,66090628.0,20384.12,csde_basiccon_excel.xls
102,North Stonington,2025,707.27,14130896.0,19979.49,csde_basiccon_excel.xls
103,Norwalk,2025,11808.17,268066522.0,22701.78,csde_basiccon_excel.xls
104,Norwich,2025,4924.0,116573969.0,23674.65,csde_basiccon_excel.xls
106,Old Saybrook,2025,1051.0,29574068.0,28138.98,csde_basiccon_excel.xls
107,Orange,2025,2250.49,48451470.0,21529.3,csde_basiccon_excel.xls
108,Oxford,2025,1688.0,35965378.0,21306.5,csde_basiccon_excel.xls
109,Plainfield,2025,1843.3,37762053.0,20486.11,csde_basiccon_excel.xls
110,Plainville,2025,2233.77,48698437.0,21801.01,csde_basiccon_excel.xls
111,Plymouth,2025,1355.7,27856516.0,20547.7,csde_basiccon_excel.xls
112,Pomfret,2025,512.33,11451916.0,22352.62,csde_basiccon_excel.xls
113,Portland,2025,1246.77,26851253.0,21536.65,csde_basiccon_excel.xls
114,Preston,2025,620.52,14493767.0,23357.45,csde_basiccon_excel.xls
116,Putnam,2025,1117.85,23370629.0,20906.77,csde_basiccon_excel.xls
117,Redding,2025,1175.67,36021570.0,30639.18,csde_basiccon_excel.xls
118,Ridgefield,2025,4470.53,113248754.0,25332.29,csde_basiccon_excel.xls
119,Rocky Hill,2025,2687.96,55513808.0,20652.77,csde_basiccon_excel.xls
121,Salem,2025,551.52,11477632.0,20810.91,csde_basiccon_excel.xls
122,Salisbury,2025,344.93,11226954.0,32548.5,csde_basiccon_excel.xls
123,Scotland,2025,134.48,4160057.0,30934.39,csde_basiccon_excel.xls
124,Seymour,2025,2176.48,41456372.0,19047.44,csde_basiccon_excel.xls
125,Sharon,2025,127.39,5934737.0,46587.15,csde_basiccon_excel.xls
126,Shelton,2025,4614.22,89191239.0,19329.65,csde_basiccon_excel.xls
127,Sherman,2025,333.33,9739310.0,29218.22,csde_basiccon_excel.xls
128,Simsbury,2025,4118.37,89578003.0,21750.84,csde_basiccon_excel.xls
129,Somers,2025,1324.3,28759450.0,21716.72,csde_basiccon_excel.xls
131,Southington,2025,6028.88,120157717.0,19930.35,csde_basiccon_excel.xls
132,South Windsor,2025,5167.73,96126028.0,18601.21,csde_basiccon_excel.xls
133,Sprague,2025,362.0,7616889.0,21041.13,csde_basiccon_excel.xls
134,Stafford,2025,1292.86,31029627.0,24000.76,csde_basiccon_excel.xls
135,Stamford,2025,15740.78,372126030.0,23640.89,csde_basiccon_excel.xls
136,Sterling,2025,426.12,8359235.0,19617.09,csde_basiccon_excel.xls
137,Stonington,2025,1745.13,44355865.0,25416.94,csde_basiccon_excel.xls
138,Stratford,2025,6781.1,145372548.0,21437.9,csde_basiccon_excel.xls
139,Suffield,2025,1922.64,40691320.0,21164.29,csde_basiccon_excel.xls
140,Thomaston,2025,866.28,18666838.0,21548.27,csde_basiccon_excel.xls
141,Thompson,2025,826.77,21889211.0,26475.57,csde_basiccon_excel.xls
142,Tolland,2025,2180.68,42953050.0,19697.09,csde_basiccon_excel.xls
143,Torrington,2025,4213.1,86644799.0,20565.57,csde_basiccon_excel.xls
144,Trumbull,2025,6780.83,135098207.0,19923.55,csde_basiccon_excel.xls
145,Union,2025,71.68,1799264.0,25101.34,csde_basiccon_excel.xls
146,Vernon,2025,3373.62,66031253.0,19572.82,csde_basiccon_excel.xls
147,Voluntown,2025,280.88,7239063.0,25772.8,csde_basiccon_excel.xls
148,Wallingford,2025,5246.8,123822888.0,23599.7,csde_basiccon_excel.xls
151,Waterbury,2025,18522.7,341997700.0,18463.71,csde_basiccon_excel.xls
152,Waterford,2025,2438.33,61885088.0,25380.11,csde_basiccon_excel.xls
153,Watertown,2025,2660.72,58737373.0,22075.74,csde_basiccon_excel.xls
154,Westbrook,2025,600.66,20546998.0,34207.37,csde_basiccon_excel.xls
155,West Hartford,2025,9323.98,209252319.0,22442.38,csde_basiccon_excel.xls
156,West Haven,2025,6874.5,115650229.0,16823.07,csde_basiccon_excel.xls
157,Weston,2025,2052.2,59517370.0,29001.74,csde_basiccon_excel.xls
158,Westport,2025,5247.86,145442922.0,27714.71,csde_basiccon_excel.xls
159,Wethersfield,2025,3652.95,76185122.0,20855.78,csde_basiccon_excel.xls
160,Willington,2025,569.59,15386492.0,27013.28,csde_basiccon_excel.xls
161,Wilton,2025,3736.1,93352968.0,24986.74,csde_basiccon_excel.xls
162,Winchester,2025,1101.34,25085569.0,22777.32,csde_basiccon_excel.xls
163,Windham,2025,3076.37,73104409.0,23763.2,csde_basiccon_excel.xls
164,Windsor,2025,3771.24,87056794.0,23084.4,csde_basiccon_excel.xls
165,Windsor Locks,2025,1507.68,36634579.0,24298.64,csde_basiccon_excel.xls
166,Wolcott,2025,2241.25,41363661.0,18455.62,csde_basiccon_excel.xls
167,Woodbridge,2025,1636.3,34920842.0,21341.34,csde_basiccon_excel.xls
169,Woodstock,2025,1126.82,22205739.0,19706.55,csde_basiccon_excel.xls
201,District No. 1,2025,336.0,11940286.0,35536.57,csde_basiccon_excel.xls
204,District No. 4,2025,655.0,21740921.0,33192.25,csde_basiccon_excel.xls
205,District No. 5,2025,2156.16,49106787.0,22775.11,csde_basiccon_excel.xls
207,District No. 7,2025,753.92,22362635.0,29661.81,csde_basiccon_excel.xls
208,District No. 8,2025,1118.18,30393191.0,27180.95,csde_basiccon_excel.xls
209,District No. 9,2025,738.0,23827933.0,32287.17,csde_basiccon_excel.xls
210,District No. 10,2025,2158.24,43328078.0,20075.65,csde_basiccon_excel.xls
211,District No. 11,2025,204.08,6692547.0,32793.74,csde_basiccon_excel.xls
212,District No. 12,2025,529.76,23142145.0,43684.21,csde_basiccon_excel.xls
213,District No. 13,2025,1339.89,39539941.0,29509.84,csde_basiccon_excel.xls
214,District No. 14,2025,1287.88,37322543.0,28979.83,csde_basiccon_excel.xls
215,District No. 15,2025,3432.92,85265906.0,24837.72,csde_basiccon_excel.xls
216,District No. 16,2025,1960.43,40864360.0,20844.59,csde_basiccon_excel.xls
217,District No. 17,2025,1720.85,45713371.0,26564.41,csde_basiccon_excel.xls
218,District No. 18,2025,1288.31,32390222.0,25141.64,csde_basiccon_excel.xls
219,District No. 19,2025,853.0,21706448.0,25447.18,csde_basiccon_excel.xls
220,District No. 20,2025,1400.63,39929818.0,28508.47,csde_basiccon_excel.xls
