"Special Education Expenditures, 2017-18"
"All Districts"

"District","District Code","Description","Amount"
"Achievement First Bridgeport Academy District","=""2850013""","Teacher Salaries","$433,205"
"Achievement First Bridgeport Academy District","=""2850013""","Instructional Aide Salaries","$0"
"Achievement First Bridgeport Academy District","=""2850013""","Other Salaries","$0"
"Achievement First Bridgeport Academy District","=""2850013""","Employee Benefits","$82,003"
"Achievement First Bridgeport Academy District","=""2850013""","Purchased Services Other Than Transportation","$117,532"
"Achievement First Bridgeport Academy District","=""2850013""","Special Education Tuition","$0"
"Achievement First Bridgeport Academy District","=""2850013""","Supplies","$5,421"
"Achievement First Bridgeport Academy District","=""2850013""","Property Services","$0"
"Achievement First Bridgeport Academy District","=""2850013""","Purchased Services For Transportation","$0"
"Achievement First Bridgeport Academy District","=""2850013""","Equipment","$7,461"
"Achievement First Bridgeport Academy District","=""2850013""","All Other Expenditures","$979"
"Achievement First Bridgeport Academy District","=""2850013""","Total","$646,601"
"Achievement First Hartford Academy District","=""2880013""","Teacher Salaries","$1,295,929"
"Achievement First Hartford Academy District","=""2880013""","Instructional Aide Salaries","$0"
"Achievement First Hartford Academy District","=""2880013""","Other Salaries","$0"
"Achievement First Hartford Academy District","=""2880013""","Employee Benefits","$232,777"
"Achievement First Hartford Academy District","=""2880013""","Purchased Services Other Than Transportation","$512,107"
"Achievement First Hartford Academy District","=""2880013""","Special Education Tuition","$0"
"Achievement First Hartford Academy District","=""2880013""","Supplies","$22,008"
"Achievement First Hartford Academy District","=""2880013""","Property Services","$0"
"Achievement First Hartford Academy District","=""2880013""","Purchased Services For Transportation","$0"
"Achievement First Hartford Academy District","=""2880013""","Equipment","$28,711"
"Achievement First Hartford Academy District","=""2880013""","All Other Expenditures","$2,447"
"Achievement First Hartford Academy District","=""2880013""","Total","$2,093,980"
"Amistad Academy District","=""2790013""","Teacher Salaries","$886,813"
"Amistad Academy District","=""2790013""","Instructional Aide Salaries","$0"
"Amistad Academy District","=""2790013""","Other Salaries","$0"
"Amistad Academy District","=""2790013""","Employee Benefits","$175,257"
"Amistad Academy District","=""2790013""","Purchased Services Other Than Transportation","$218,801"
"Amistad Academy District","=""2790013""","Special Education Tuition","$0"
"Amistad Academy District","=""2790013""","Supplies","$12,729"
"Amistad Academy District","=""2790013""","Property Services","$0"
"Amistad Academy District","=""2790013""","Purchased Services For Transportation","$0"
"Amistad Academy District","=""2790013""","Equipment","$13,733"
"Amistad Academy District","=""2790013""","All Other Expenditures","$2,775"
"Amistad Academy District","=""2790013""","Total","$1,310,109"
"Andover School District","=""0010011""","Teacher Salaries","$221,711"
"Andover School District","=""0010011""","Instructional Aide Salaries","$93,919"
"Andover School District","=""0010011""","Other Salaries","$42,012"
"Andover School District","=""0010011""","Employee Benefits","$160,338"
"Andover School District","=""0010011""","Purchased Services Other Than Transportation","$28,924"
"Andover School District","=""0010011""","Special Education Tuition","$16,782"
"Andover School District","=""0010011""","Supplies","$13,331"
"Andover School District","=""0010011""","Property Services","$0"
"Andover School District","=""0010011""","Purchased Services For Transportation","$1,820"
"Andover School District","=""0010011""","Equipment","$0"
"Andover School District","=""0010011""","All Other Expenditures","$0"
"Andover School District","=""0010011""","Total","$578,836"
"Ansonia School District","=""0020011""","Teacher Salaries","$2,107,417"
"Ansonia School District","=""0020011""","Instructional Aide Salaries","$406,985"
"Ansonia School District","=""0020011""","Other Salaries","$817,659"
"Ansonia School District","=""0020011""","Employee Benefits","$592,838"
"Ansonia School District","=""0020011""","Purchased Services Other Than Transportation","$1,500,435"
"Ansonia School District","=""0020011""","Special Education Tuition","$5,422,770"
"Ansonia School District","=""0020011""","Supplies","$40,223"
"Ansonia School District","=""0020011""","Property Services","$3,588"
"Ansonia School District","=""0020011""","Purchased Services For Transportation","$1,378,068"
"Ansonia School District","=""0020011""","Equipment","$4,210"
"Ansonia School District","=""0020011""","All Other Expenditures","$1,576"
"Ansonia School District","=""0020011""","Total","$12,275,771"
"Area Cooperative Educational Services","=""2440014""","Teacher Salaries","$10,035,911"
"Area Cooperative Educational Services","=""2440014""","Instructional Aide Salaries","$6,643,288"
"Area Cooperative Educational Services","=""2440014""","Other Salaries","$10,882,924"
"Area Cooperative Educational Services","=""2440014""","Employee Benefits","$6,194,041"
"Area Cooperative Educational Services","=""2440014""","Purchased Services Other Than Transportation","$1,901,524"
"Area Cooperative Educational Services","=""2440014""","Special Education Tuition","$0"
"Area Cooperative Educational Services","=""2440014""","Supplies","$1,166,153"
"Area Cooperative Educational Services","=""2440014""","Property Services","$2,148,925"
"Area Cooperative Educational Services","=""2440014""","Purchased Services For Transportation","$292,619"
"Area Cooperative Educational Services","=""2440014""","Equipment","$52,954"
"Area Cooperative Educational Services","=""2440014""","All Other Expenditures","$6,702"
"Area Cooperative Educational Services","=""2440014""","Total","$39,325,041"
"Ashford School District","=""0030011""","Teacher Salaries","$478,371"
"Ashford School District","=""0030011""","Instructional Aide Salaries","$413,063"
"Ashford School District","=""0030011""","Other Salaries","$341,605"
"Ashford School District","=""0030011""","Employee Benefits","$405,799"
"Ashford School District","=""0030011""","Purchased Services Other Than Transportation","$186,604"
"Ashford School District","=""0030011""","Special Education Tuition","$298,267"
"Ashford School District","=""0030011""","Supplies","$59,572"
"Ashford School District","=""0030011""","Property Services","$0"
"Ashford School District","=""0030011""","Purchased Services For Transportation","$0"
"Ashford School District","=""0030011""","Equipment","$8,812"
"Ashford School District","=""0030011""","All Other Expenditures","$1,248"
"Ashford School District","=""0030011""","Total","$2,193,341"
"Avon School District","=""0040011""","Teacher Salaries","$3,984,461"
"Avon School District","=""0040011""","Instructional Aide Salaries","$1,447,416"
"Avon School District","=""0040011""","Other Salaries","$565,930"
"Avon School District","=""0040011""","Employee Benefits","$1,756,875"
"Avon School District","=""0040011""","Purchased Services Other Than Transportation","$312,858"
"Avon School District","=""0040011""","Special Education Tuition","$2,930,549"
"Avon School District","=""0040011""","Supplies","$50,219"
"Avon School District","=""0040011""","Property Services","$0"
"Avon School District","=""0040011""","Purchased Services For Transportation","$848,746"
"Avon School District","=""0040011""","Equipment","$18,538"
"Avon School District","=""0040011""","All Other Expenditures","$1,034"
"Avon School District","=""0040011""","Total","$11,916,626"
"Barkhamsted School District","=""0050011""","Teacher Salaries","$88,838"
"Barkhamsted School District","=""0050011""","Instructional Aide Salaries","$17,852"
"Barkhamsted School District","=""0050011""","Other Salaries","$90"
"Barkhamsted School District","=""0050011""","Employee Benefits","$0"
"Barkhamsted School District","=""0050011""","Purchased Services Other Than Transportation","$667,714"
"Barkhamsted School District","=""0050011""","Special Education Tuition","$101,349"
"Barkhamsted School District","=""0050011""","Supplies","$741"
"Barkhamsted School District","=""0050011""","Property Services","$0"
"Barkhamsted School District","=""0050011""","Purchased Services For Transportation","$29,659"
"Barkhamsted School District","=""0050011""","Equipment","$808"
"Barkhamsted School District","=""0050011""","All Other Expenditures","$155"
"Barkhamsted School District","=""0050011""","Total","$907,206"
"Berlin School District","=""0070011""","Teacher Salaries","$3,970,614"
"Berlin School District","=""0070011""","Instructional Aide Salaries","$1,186,856"
"Berlin School District","=""0070011""","Other Salaries","$836,045"
"Berlin School District","=""0070011""","Employee Benefits","$713,116"
"Berlin School District","=""0070011""","Purchased Services Other Than Transportation","$596,448"
"Berlin School District","=""0070011""","Special Education Tuition","$2,235,988"
"Berlin School District","=""0070011""","Supplies","$51,214"
"Berlin School District","=""0070011""","Property Services","$0"
"Berlin School District","=""0070011""","Purchased Services For Transportation","$1,155,113"
"Berlin School District","=""0070011""","Equipment","$2,368"
"Berlin School District","=""0070011""","All Other Expenditures","$6,100"
"Berlin School District","=""0070011""","Total","$10,753,862"
"Bethany School District","=""0080011""","Teacher Salaries","$615,137"
"Bethany School District","=""0080011""","Instructional Aide Salaries","$163,444"
"Bethany School District","=""0080011""","Other Salaries","$310,092"
"Bethany School District","=""0080011""","Employee Benefits","$166,819"
"Bethany School District","=""0080011""","Purchased Services Other Than Transportation","$163,674"
"Bethany School District","=""0080011""","Special Education Tuition","$146,199"
"Bethany School District","=""0080011""","Supplies","$8,880"
"Bethany School District","=""0080011""","Property Services","$0"
"Bethany School District","=""0080011""","Purchased Services For Transportation","$0"
"Bethany School District","=""0080011""","Equipment","$87,604"
"Bethany School District","=""0080011""","All Other Expenditures","$144,005"
"Bethany School District","=""0080011""","Total","$1,805,854"
"Bethel School District","=""0090011""","Teacher Salaries","$3,140,545"
"Bethel School District","=""0090011""","Instructional Aide Salaries","$1,196,097"
"Bethel School District","=""0090011""","Other Salaries","$2,209,192"
"Bethel School District","=""0090011""","Employee Benefits","$1,806,752"
"Bethel School District","=""0090011""","Purchased Services Other Than Transportation","$353,840"
"Bethel School District","=""0090011""","Special Education Tuition","$1,328,735"
"Bethel School District","=""0090011""","Supplies","$39,146"
"Bethel School District","=""0090011""","Property Services","$140"
"Bethel School District","=""0090011""","Purchased Services For Transportation","$948,501"
"Bethel School District","=""0090011""","Equipment","$118,551"
"Bethel School District","=""0090011""","All Other Expenditures","$1,232"
"Bethel School District","=""0090011""","Total","$11,142,730"
"Bloomfield School District","=""0110011""","Teacher Salaries","$2,413,886"
"Bloomfield School District","=""0110011""","Instructional Aide Salaries","$821,150"
"Bloomfield School District","=""0110011""","Other Salaries","$836,870"
"Bloomfield School District","=""0110011""","Employee Benefits","$1,189,936"
"Bloomfield School District","=""0110011""","Purchased Services Other Than Transportation","$229,695"
"Bloomfield School District","=""0110011""","Special Education Tuition","$2,828,085"
"Bloomfield School District","=""0110011""","Supplies","$11,205"
"Bloomfield School District","=""0110011""","Property Services","$0"
"Bloomfield School District","=""0110011""","Purchased Services For Transportation","$727,769"
"Bloomfield School District","=""0110011""","Equipment","$4,597"
"Bloomfield School District","=""0110011""","All Other Expenditures","$266"
"Bloomfield School District","=""0110011""","Total","$9,063,459"
"Bolton School District","=""0120011""","Teacher Salaries","$933,690"
"Bolton School District","=""0120011""","Instructional Aide Salaries","$406,984"
"Bolton School District","=""0120011""","Other Salaries","$304,206"
"Bolton School District","=""0120011""","Employee Benefits","$509,189"
"Bolton School District","=""0120011""","Purchased Services Other Than Transportation","$150,232"
"Bolton School District","=""0120011""","Special Education Tuition","$545,043"
"Bolton School District","=""0120011""","Supplies","$40,437"
"Bolton School District","=""0120011""","Property Services","$0"
"Bolton School District","=""0120011""","Purchased Services For Transportation","$178,723"
"Bolton School District","=""0120011""","Equipment","$0"
"Bolton School District","=""0120011""","All Other Expenditures","$175"
"Bolton School District","=""0120011""","Total","$3,068,679"
"Booker T. Washington Academy District","=""2950013""","Teacher Salaries","$50,287"
"Booker T. Washington Academy District","=""2950013""","Instructional Aide Salaries","$0"
"Booker T. Washington Academy District","=""2950013""","Other Salaries","$0"
"Booker T. Washington Academy District","=""2950013""","Employee Benefits","$3,308"
"Booker T. Washington Academy District","=""2950013""","Purchased Services Other Than Transportation","$0"
"Booker T. Washington Academy District","=""2950013""","Special Education Tuition","$0"
"Booker T. Washington Academy District","=""2950013""","Supplies","$0"
"Booker T. Washington Academy District","=""2950013""","Property Services","$0"
"Booker T. Washington Academy District","=""2950013""","Purchased Services For Transportation","$0"
"Booker T. Washington Academy District","=""2950013""","Equipment","$0"
"Booker T. Washington Academy District","=""2950013""","All Other Expenditures","$0"
"Booker T. Washington Academy District","=""2950013""","Total","$53,595"
"Bozrah School District","=""0130011""","Teacher Salaries","$285,640"
"Bozrah School District","=""0130011""","Instructional Aide Salaries","$211,916"
"Bozrah School District","=""0130011""","Other Salaries","$213,187"
"Bozrah School District","=""0130011""","Employee Benefits","$113,617"
"Bozrah School District","=""0130011""","Purchased Services Other Than Transportation","$82,929"
"Bozrah School District","=""0130011""","Special Education Tuition","$367,030"
"Bozrah School District","=""0130011""","Supplies","$4,314"
"Bozrah School District","=""0130011""","Property Services","$0"
"Bozrah School District","=""0130011""","Purchased Services For Transportation","$93,142"
"Bozrah School District","=""0130011""","Equipment","$5,138"
"Bozrah School District","=""0130011""","All Other Expenditures","$40"
"Bozrah School District","=""0130011""","Total","$1,376,953"
"Branford School District","=""0140011""","Teacher Salaries","$3,947,324"
"Branford School District","=""0140011""","Instructional Aide Salaries","$1,625,570"
"Branford School District","=""0140011""","Other Salaries","$390,752"
"Branford School District","=""0140011""","Employee Benefits","$2,001,717"
"Branford School District","=""0140011""","Purchased Services Other Than Transportation","$575,214"
"Branford School District","=""0140011""","Special Education Tuition","$2,291,967"
"Branford School District","=""0140011""","Supplies","$91,132"
"Branford School District","=""0140011""","Property Services","$0"
"Branford School District","=""0140011""","Purchased Services For Transportation","$660,290"
"Branford School District","=""0140011""","Equipment","$6,837"
"Branford School District","=""0140011""","All Other Expenditures","$379"
"Branford School District","=""0140011""","Total","$11,591,181"
"Brass City Charter School District","=""2900013""","Teacher Salaries","$26,648"
"Brass City Charter School District","=""2900013""","Instructional Aide Salaries","$17,614"
"Brass City Charter School District","=""2900013""","Other Salaries","$30,964"
"Brass City Charter School District","=""2900013""","Employee Benefits","$22,567"
"Brass City Charter School District","=""2900013""","Purchased Services Other Than Transportation","$0"
"Brass City Charter School District","=""2900013""","Special Education Tuition","$0"
"Brass City Charter School District","=""2900013""","Supplies","$0"
"Brass City Charter School District","=""2900013""","Property Services","$0"
"Brass City Charter School District","=""2900013""","Purchased Services For Transportation","$0"
"Brass City Charter School District","=""2900013""","Equipment","$0"
"Brass City Charter School District","=""2900013""","All Other Expenditures","$0"
"Brass City Charter School District","=""2900013""","Total","$97,793"
"Bridgeport School District","=""0150011""","Teacher Salaries","$22,932,194"
"Bridgeport School District","=""0150011""","Instructional Aide Salaries","$10,831,666"
"Bridgeport School District","=""0150011""","Other Salaries","$3,188,836"
"Bridgeport School District","=""0150011""","Employee Benefits","$10,846,498"
"Bridgeport School District","=""0150011""","Purchased Services Other Than Transportation","$2,724,286"
"Bridgeport School District","=""0150011""","Special Education Tuition","$24,303,947"
"Bridgeport School District","=""0150011""","Supplies","$110,429"
"Bridgeport School District","=""0150011""","Property Services","$155,251"
"Bridgeport School District","=""0150011""","Purchased Services For Transportation","$11,766,029"
"Bridgeport School District","=""0150011""","Equipment","$350"
"Bridgeport School District","=""0150011""","All Other Expenditures","$0"
"Bridgeport School District","=""0150011""","Total","$86,859,486"
"Bristol School District","=""0170011""","Teacher Salaries","$11,542,845"
"Bristol School District","=""0170011""","Instructional Aide Salaries","$2,587,098"
"Bristol School District","=""0170011""","Other Salaries","$815,575"
"Bristol School District","=""0170011""","Employee Benefits","$2,772,883"
"Bristol School District","=""0170011""","Purchased Services Other Than Transportation","$1,393,118"
"Bristol School District","=""0170011""","Special Education Tuition","$11,378,980"
"Bristol School District","=""0170011""","Supplies","$70,904"
"Bristol School District","=""0170011""","Property Services","$17,224"
"Bristol School District","=""0170011""","Purchased Services For Transportation","$5,567,752"
"Bristol School District","=""0170011""","Equipment","$38,023"
"Bristol School District","=""0170011""","All Other Expenditures","$1,148"
"Bristol School District","=""0170011""","Total","$36,185,550"
"Brookfield School District","=""0180011""","Teacher Salaries","$3,355,543"
"Brookfield School District","=""0180011""","Instructional Aide Salaries","$1,233,100"
"Brookfield School District","=""0180011""","Other Salaries","$580,817"
"Brookfield School District","=""0180011""","Employee Benefits","$1,235,437"
"Brookfield School District","=""0180011""","Purchased Services Other Than Transportation","$1,074,215"
"Brookfield School District","=""0180011""","Special Education Tuition","$1,863,259"
"Brookfield School District","=""0180011""","Supplies","$34,202"
"Brookfield School District","=""0180011""","Property Services","$3,367"
"Brookfield School District","=""0180011""","Purchased Services For Transportation","$655,697"
"Brookfield School District","=""0180011""","Equipment","$1,844"
"Brookfield School District","=""0180011""","All Other Expenditures","$1,021"
"Brookfield School District","=""0180011""","Total","$10,038,502"
"Brooklyn School District","=""0190011""","Teacher Salaries","$944,672"
"Brooklyn School District","=""0190011""","Instructional Aide Salaries","$694,659"
"Brooklyn School District","=""0190011""","Other Salaries","$238,438"
"Brooklyn School District","=""0190011""","Employee Benefits","$469,026"
"Brooklyn School District","=""0190011""","Purchased Services Other Than Transportation","$501,787"
"Brooklyn School District","=""0190011""","Special Education Tuition","$1,913,587"
"Brooklyn School District","=""0190011""","Supplies","$10,261"
"Brooklyn School District","=""0190011""","Property Services","$0"
"Brooklyn School District","=""0190011""","Purchased Services For Transportation","$330,323"
"Brooklyn School District","=""0190011""","Equipment","$39,763"
"Brooklyn School District","=""0190011""","All Other Expenditures","$805"
"Brooklyn School District","=""0190011""","Total","$5,143,321"
"Canaan School District","=""0210011""","Teacher Salaries","$150,139"
"Canaan School District","=""0210011""","Instructional Aide Salaries","$2,689"
"Canaan School District","=""0210011""","Other Salaries","$58,983"
"Canaan School District","=""0210011""","Employee Benefits","$73,159"
"Canaan School District","=""0210011""","Purchased Services Other Than Transportation","$4,415"
"Canaan School District","=""0210011""","Special Education Tuition","$7,065"
"Canaan School District","=""0210011""","Supplies","$1,111"
"Canaan School District","=""0210011""","Property Services","$7,325"
"Canaan School District","=""0210011""","Purchased Services For Transportation","$22,618"
"Canaan School District","=""0210011""","Equipment","$1,284"
"Canaan School District","=""0210011""","All Other Expenditures","$0"
"Canaan School District","=""0210011""","Total","$328,788"
"Canterbury School District","=""0220011""","Teacher Salaries","$191,976"
"Canterbury School District","=""0220011""","Instructional Aide Salaries","$470,625"
"Canterbury School District","=""0220011""","Other Salaries","$183,188"
"Canterbury School District","=""0220011""","Employee Benefits","$225,372"
"Canterbury School District","=""0220011""","Purchased Services Other Than Transportation","$520,656"
"Canterbury School District","=""0220011""","Special Education Tuition","$661,791"
"Canterbury School District","=""0220011""","Supplies","$340,494"
"Canterbury School District","=""0220011""","Property Services","$0"
"Canterbury School District","=""0220011""","Purchased Services For Transportation","$0"
"Canterbury School District","=""0220011""","Equipment","$14,348"
"Canterbury School District","=""0220011""","All Other Expenditures","$519"
"Canterbury School District","=""0220011""","Total","$2,608,968"
"Canton School District","=""0230011""","Teacher Salaries","$1,405,326"
"Canton School District","=""0230011""","Instructional Aide Salaries","$859,289"
"Canton School District","=""0230011""","Other Salaries","$860,888"
"Canton School District","=""0230011""","Employee Benefits","$886,123"
"Canton School District","=""0230011""","Purchased Services Other Than Transportation","$337,550"
"Canton School District","=""0230011""","Special Education Tuition","$998,798"
"Canton School District","=""0230011""","Supplies","$14,635"
"Canton School District","=""0230011""","Property Services","$0"
"Canton School District","=""0230011""","Purchased Services For Transportation","$585,133"
"Canton School District","=""0230011""","Equipment","$168"
"Canton School District","=""0230011""","All Other Expenditures","$1,721"
"Canton School District","=""0230011""","Total","$5,949,631"
"Capital Preparatory Harbor School District","=""2970013""","Teacher Salaries","$113,594"
"Capital Preparatory Harbor School District","=""2970013""","Instructional Aide Salaries","$0"
"Capital Preparatory Harbor School District","=""2970013""","Other Salaries","$0"
"Capital Preparatory Harbor School District","=""2970013""","Employee Benefits","$28,728"
"Capital Preparatory Harbor School District","=""2970013""","Purchased Services Other Than Transportation","$0"
"Capital Preparatory Harbor School District","=""2970013""","Special Education Tuition","$0"
"Capital Preparatory Harbor School District","=""2970013""","Supplies","$1,283"
"Capital Preparatory Harbor School District","=""2970013""","Property Services","$0"
"Capital Preparatory Harbor School District","=""2970013""","Purchased Services For Transportation","$54,000"
"Capital Preparatory Harbor School District","=""2970013""","Equipment","$0"
"Capital Preparatory Harbor School District","=""2970013""","All Other Expenditures","$0"
"Capital Preparatory Harbor School District","=""2970013""","Total","$197,604"
"Capitol Region Education Council","=""2410014""","Teacher Salaries","$17,976,134"
"Capitol Region Education Council","=""2410014""","Instructional Aide Salaries","$8,351,801"
"Capitol Region Education Council","=""2410014""","Other Salaries","$10,930,244"
"Capitol Region Education Council","=""2410014""","Employee Benefits","$9,083,423"
"Capitol Region Education Council","=""2410014""","Purchased Services Other Than Transportation","$5,210,127"
"Capitol Region Education Council","=""2410014""","Special Education Tuition","$0"
"Capitol Region Education Council","=""2410014""","Supplies","$1,210,350"
"Capitol Region Education Council","=""2410014""","Property Services","$1,049,003"
"Capitol Region Education Council","=""2410014""","Purchased Services For Transportation","$0"
"Capitol Region Education Council","=""2410014""","Equipment","$66,091"
"Capitol Region Education Council","=""2410014""","All Other Expenditures","$52,918"
"Capitol Region Education Council","=""2410014""","Total","$53,930,092"
"Chaplin School District","=""0240011""","Teacher Salaries","$299,112"
"Chaplin School District","=""0240011""","Instructional Aide Salaries","$119,993"
"Chaplin School District","=""0240011""","Other Salaries","$0"
"Chaplin School District","=""0240011""","Employee Benefits","$106,010"
"Chaplin School District","=""0240011""","Purchased Services Other Than Transportation","$117,022"
"Chaplin School District","=""0240011""","Special Education Tuition","$165,076"
"Chaplin School District","=""0240011""","Supplies","$2,027"
"Chaplin School District","=""0240011""","Property Services","$0"
"Chaplin School District","=""0240011""","Purchased Services For Transportation","$62,152"
"Chaplin School District","=""0240011""","Equipment","$238"
"Chaplin School District","=""0240011""","All Other Expenditures","$0"
"Chaplin School District","=""0240011""","Total","$871,631"
"Cheshire School District","=""0250011""","Teacher Salaries","$6,272,225"
"Cheshire School District","=""0250011""","Instructional Aide Salaries","$2,556,115"
"Cheshire School District","=""0250011""","Other Salaries","$1,980,388"
"Cheshire School District","=""0250011""","Employee Benefits","$2,358,111"
"Cheshire School District","=""0250011""","Purchased Services Other Than Transportation","$904,046"
"Cheshire School District","=""0250011""","Special Education Tuition","$2,104,922"
"Cheshire School District","=""0250011""","Supplies","$219,841"
"Cheshire School District","=""0250011""","Property Services","$45,265"
"Cheshire School District","=""0250011""","Purchased Services For Transportation","$866,416"
"Cheshire School District","=""0250011""","Equipment","$0"
"Cheshire School District","=""0250011""","All Other Expenditures","$0"
"Cheshire School District","=""0250011""","Total","$17,307,328"
"Chester School District","=""0260011""","Teacher Salaries","$435,100"
"Chester School District","=""0260011""","Instructional Aide Salaries","$197,972"
"Chester School District","=""0260011""","Other Salaries","$46,355"
"Chester School District","=""0260011""","Employee Benefits","$87,356"
"Chester School District","=""0260011""","Purchased Services Other Than Transportation","$31,710"
"Chester School District","=""0260011""","Special Education Tuition","$13,296"
"Chester School District","=""0260011""","Supplies","$8,051"
"Chester School District","=""0260011""","Property Services","$328"
"Chester School District","=""0260011""","Purchased Services For Transportation","$0"
"Chester School District","=""0260011""","Equipment","$0"
"Chester School District","=""0260011""","All Other Expenditures","$0"
"Chester School District","=""0260011""","Total","$820,168"
"Clinton School District","=""0270011""","Teacher Salaries","$3,081,544"
"Clinton School District","=""0270011""","Instructional Aide Salaries","$1,194,482"
"Clinton School District","=""0270011""","Other Salaries","$333,252"
"Clinton School District","=""0270011""","Employee Benefits","$1,223,051"
"Clinton School District","=""0270011""","Purchased Services Other Than Transportation","$257,703"
"Clinton School District","=""0270011""","Special Education Tuition","$849,989"
"Clinton School District","=""0270011""","Supplies","$29,829"
"Clinton School District","=""0270011""","Property Services","$0"
"Clinton School District","=""0270011""","Purchased Services For Transportation","$596,744"
"Clinton School District","=""0270011""","Equipment","$0"
"Clinton School District","=""0270011""","All Other Expenditures","$830"
"Clinton School District","=""0270011""","Total","$7,567,424"
"Colchester School District","=""0280011""","Teacher Salaries","$3,492,066"
"Colchester School District","=""0280011""","Instructional Aide Salaries","$1,412,767"
"Colchester School District","=""0280011""","Other Salaries","$354,855"
"Colchester School District","=""0280011""","Employee Benefits","$1,389,972"
"Colchester School District","=""0280011""","Purchased Services Other Than Transportation","$132,384"
"Colchester School District","=""0280011""","Special Education Tuition","$2,210,195"
"Colchester School District","=""0280011""","Supplies","$78,625"
"Colchester School District","=""0280011""","Property Services","$0"
"Colchester School District","=""0280011""","Purchased Services For Transportation","$974,736"
"Colchester School District","=""0280011""","Equipment","$0"
"Colchester School District","=""0280011""","All Other Expenditures","$0"
"Colchester School District","=""0280011""","Total","$10,045,600"
"Colebrook School District","=""0290011""","Teacher Salaries","$57,779"
"Colebrook School District","=""0290011""","Instructional Aide Salaries","$36,929"
"Colebrook School District","=""0290011""","Other Salaries","$1,244"
"Colebrook School District","=""0290011""","Employee Benefits","$12,025"
"Colebrook School District","=""0290011""","Purchased Services Other Than Transportation","$155,934"
"Colebrook School District","=""0290011""","Special Education Tuition","$104,133"
"Colebrook School District","=""0290011""","Supplies","$274"
"Colebrook School District","=""0290011""","Property Services","$0"
"Colebrook School District","=""0290011""","Purchased Services For Transportation","$31,058"
"Colebrook School District","=""0290011""","Equipment","$0"
"Colebrook School District","=""0290011""","All Other Expenditures","$25,294"
"Colebrook School District","=""0290011""","Total","$424,671"
"Columbia School District","=""0300011""","Teacher Salaries","$753,101"
"Columbia School District","=""0300011""","Instructional Aide Salaries","$317,841"
"Columbia School District","=""0300011""","Other Salaries","$223,517"
"Columbia School District","=""0300011""","Employee Benefits","$396,475"
"Columbia School District","=""0300011""","Purchased Services Other Than Transportation","$128,179"
"Columbia School District","=""0300011""","Special Education Tuition","$1,435,115"
"Columbia School District","=""0300011""","Supplies","$13,311"
"Columbia School District","=""0300011""","Property Services","$0"
"Columbia School District","=""0300011""","Purchased Services For Transportation","$367,478"
"Columbia School District","=""0300011""","Equipment","$19,920"
"Columbia School District","=""0300011""","All Other Expenditures","$0"
"Columbia School District","=""0300011""","Total","$3,654,938"
"Common Ground High School District","=""2680013""","Teacher Salaries","$163,475"
"Common Ground High School District","=""2680013""","Instructional Aide Salaries","$18,469"
"Common Ground High School District","=""2680013""","Other Salaries","$7,299"
"Common Ground High School District","=""2680013""","Employee Benefits","$49,056"
"Common Ground High School District","=""2680013""","Purchased Services Other Than Transportation","$25,728"
"Common Ground High School District","=""2680013""","Special Education Tuition","$0"
"Common Ground High School District","=""2680013""","Supplies","$11,560"
"Common Ground High School District","=""2680013""","Property Services","$0"
"Common Ground High School District","=""2680013""","Purchased Services For Transportation","$0"
"Common Ground High School District","=""2680013""","Equipment","$0"
"Common Ground High School District","=""2680013""","All Other Expenditures","$0"
"Common Ground High School District","=""2680013""","Total","$275,588"
"Connecticut Technical Education and Career System","=""9000016""","Teacher Salaries","$0"
"Connecticut Technical Education and Career System","=""9000016""","Instructional Aide Salaries","$0"
"Connecticut Technical Education and Career System","=""9000016""","Other Salaries","$0"
"Connecticut Technical Education and Career System","=""9000016""","Employee Benefits","$0"
"Connecticut Technical Education and Career System","=""9000016""","Purchased Services Other Than Transportation","$0"
"Connecticut Technical Education and Career System","=""9000016""","Special Education Tuition","$0"
"Connecticut Technical Education and Career System","=""9000016""","Supplies","$0"
"Connecticut Technical Education and Career System","=""9000016""","Property Services","$0"
"Connecticut Technical Education and Career System","=""9000016""","Purchased Services For Transportation","$0"
"Connecticut Technical Education and Career System","=""9000016""","Equipment","$0"
"Connecticut Technical Education and Career System","=""9000016""","All Other Expenditures","$0"
"Connecticut Technical Education and Career System","=""9000016""","Total","$0"
"Cooperative Educational Services","=""2430014""","Teacher Salaries","$6,398,689"
"Cooperative Educational Services","=""2430014""","Instructional Aide Salaries","$2,901,655"
"Cooperative Educational Services","=""2430014""","Other Salaries","$3,971,343"
"Cooperative Educational Services","=""2430014""","Employee Benefits","$3,630,144"
"Cooperative Educational Services","=""2430014""","Purchased Services Other Than Transportation","$2,072,689"
"Cooperative Educational Services","=""2430014""","Special Education Tuition","$0"
"Cooperative Educational Services","=""2430014""","Supplies","$492,525"
"Cooperative Educational Services","=""2430014""","Property Services","$1,113,991"
"Cooperative Educational Services","=""2430014""","Purchased Services For Transportation","$0"
"Cooperative Educational Services","=""2430014""","Equipment","$195,859"
"Cooperative Educational Services","=""2430014""","All Other Expenditures","$22,125"
"Cooperative Educational Services","=""2430014""","Total","$20,799,020"
"Cornwall School District","=""0310011""","Teacher Salaries","$188,200"
"Cornwall School District","=""0310011""","Instructional Aide Salaries","$1,716"
"Cornwall School District","=""0310011""","Other Salaries","$59,332"
"Cornwall School District","=""0310011""","Employee Benefits","$73,840"
"Cornwall School District","=""0310011""","Purchased Services Other Than Transportation","$4,412"
"Cornwall School District","=""0310011""","Special Education Tuition","$3,363"
"Cornwall School District","=""0310011""","Supplies","$1,121"
"Cornwall School District","=""0310011""","Property Services","$0"
"Cornwall School District","=""0310011""","Purchased Services For Transportation","$30,226"
"Cornwall School District","=""0310011""","Equipment","$1,296"
"Cornwall School District","=""0310011""","All Other Expenditures","$39,203"
"Cornwall School District","=""0310011""","Total","$402,709"
"Coventry School District","=""0320011""","Teacher Salaries","$1,926,999"
"Coventry School District","=""0320011""","Instructional Aide Salaries","$867,405"
"Coventry School District","=""0320011""","Other Salaries","$1,375,057"
"Coventry School District","=""0320011""","Employee Benefits","$638,379"
"Coventry School District","=""0320011""","Purchased Services Other Than Transportation","$193,514"
"Coventry School District","=""0320011""","Special Education Tuition","$1,257,432"
"Coventry School District","=""0320011""","Supplies","$29,225"
"Coventry School District","=""0320011""","Property Services","$23,384"
"Coventry School District","=""0320011""","Purchased Services For Transportation","$705,427"
"Coventry School District","=""0320011""","Equipment","$4,088"
"Coventry School District","=""0320011""","All Other Expenditures","$5,651"
"Coventry School District","=""0320011""","Total","$7,026,561"
"Cromwell School District","=""0330011""","Teacher Salaries","$2,149,756"
"Cromwell School District","=""0330011""","Instructional Aide Salaries","$1,042,641"
"Cromwell School District","=""0330011""","Other Salaries","$149,898"
"Cromwell School District","=""0330011""","Employee Benefits","$784,328"
"Cromwell School District","=""0330011""","Purchased Services Other Than Transportation","$349,261"
"Cromwell School District","=""0330011""","Special Education Tuition","$2,007,541"
"Cromwell School District","=""0330011""","Supplies","$45,887"
"Cromwell School District","=""0330011""","Property Services","$117"
"Cromwell School District","=""0330011""","Purchased Services For Transportation","$297,943"
"Cromwell School District","=""0330011""","Equipment","$2,265"
"Cromwell School District","=""0330011""","All Other Expenditures","$700"
"Cromwell School District","=""0330011""","Total","$6,830,337"
"Danbury School District","=""0340011""","Teacher Salaries","$13,208,829"
"Danbury School District","=""0340011""","Instructional Aide Salaries","$4,562,189"
"Danbury School District","=""0340011""","Other Salaries","$1,776,913"
"Danbury School District","=""0340011""","Employee Benefits","$3,309,752"
"Danbury School District","=""0340011""","Purchased Services Other Than Transportation","$423,072"
"Danbury School District","=""0340011""","Special Education Tuition","$3,262,610"
"Danbury School District","=""0340011""","Supplies","$185,415"
"Danbury School District","=""0340011""","Property Services","$48,831"
"Danbury School District","=""0340011""","Purchased Services For Transportation","$3,275,185"
"Danbury School District","=""0340011""","Equipment","$45,843"
"Danbury School District","=""0340011""","All Other Expenditures","$0"
"Danbury School District","=""0340011""","Total","$30,098,639"
"Darien School District","=""0350011""","Teacher Salaries","$6,074,709"
"Darien School District","=""0350011""","Instructional Aide Salaries","$3,338,553"
"Darien School District","=""0350011""","Other Salaries","$6,873,929"
"Darien School District","=""0350011""","Employee Benefits","$3,987,531"
"Darien School District","=""0350011""","Purchased Services Other Than Transportation","$3,768,936"
"Darien School District","=""0350011""","Special Education Tuition","$6,669,302"
"Darien School District","=""0350011""","Supplies","$270,150"
"Darien School District","=""0350011""","Property Services","$0"
"Darien School District","=""0350011""","Purchased Services For Transportation","$1,144,132"
"Darien School District","=""0350011""","Equipment","$42,125"
"Darien School District","=""0350011""","All Other Expenditures","$0"
"Darien School District","=""0350011""","Total","$32,169,368"
"Deep River School District","=""0360011""","Teacher Salaries","$49,224"
"Deep River School District","=""0360011""","Instructional Aide Salaries","$197,103"
"Deep River School District","=""0360011""","Other Salaries","$9,948"
"Deep River School District","=""0360011""","Employee Benefits","$17,337"
"Deep River School District","=""0360011""","Purchased Services Other Than Transportation","$33,924"
"Deep River School District","=""0360011""","Special Education Tuition","$85,009"
"Deep River School District","=""0360011""","Supplies","$5,475"
"Deep River School District","=""0360011""","Property Services","$0"
"Deep River School District","=""0360011""","Purchased Services For Transportation","$39,816"
"Deep River School District","=""0360011""","Equipment","$0"
"Deep River School District","=""0360011""","All Other Expenditures","$0"
"Deep River School District","=""0360011""","Total","$437,836"
"Derby School District","=""0370011""","Teacher Salaries","$1,045,663"
"Derby School District","=""0370011""","Instructional Aide Salaries","$896,065"
"Derby School District","=""0370011""","Other Salaries","$426,390"
"Derby School District","=""0370011""","Employee Benefits","$653,045"
"Derby School District","=""0370011""","Purchased Services Other Than Transportation","$284,619"
"Derby School District","=""0370011""","Special Education Tuition","$2,249,716"
"Derby School District","=""0370011""","Supplies","$11,840"
"Derby School District","=""0370011""","Property Services","$170"
"Derby School District","=""0370011""","Purchased Services For Transportation","$516,055"
"Derby School District","=""0370011""","Equipment","$3,208"
"Derby School District","=""0370011""","All Other Expenditures","$1,079"
"Derby School District","=""0370011""","Total","$6,087,851"
"East Granby School District","=""0400011""","Teacher Salaries","$1,095,533"
"East Granby School District","=""0400011""","Instructional Aide Salaries","$465,866"
"East Granby School District","=""0400011""","Other Salaries","$118,645"
"East Granby School District","=""0400011""","Employee Benefits","$466,606"
"East Granby School District","=""0400011""","Purchased Services Other Than Transportation","$189,535"
"East Granby School District","=""0400011""","Special Education Tuition","$1,249,368"
"East Granby School District","=""0400011""","Supplies","$22,253"
"East Granby School District","=""0400011""","Property Services","$0"
"East Granby School District","=""0400011""","Purchased Services For Transportation","$262,727"
"East Granby School District","=""0400011""","Equipment","$13,953"
"East Granby School District","=""0400011""","All Other Expenditures","$14,818"
"East Granby School District","=""0400011""","Total","$3,899,304"
"East Haddam School District","=""0410011""","Teacher Salaries","$1,579,414"
"East Haddam School District","=""0410011""","Instructional Aide Salaries","$654,210"
"East Haddam School District","=""0410011""","Other Salaries","$184,745"
"East Haddam School District","=""0410011""","Employee Benefits","$671,428"
"East Haddam School District","=""0410011""","Purchased Services Other Than Transportation","$205,434"
"East Haddam School District","=""0410011""","Special Education Tuition","$832,610"
"East Haddam School District","=""0410011""","Supplies","$61,451"
"East Haddam School District","=""0410011""","Property Services","$0"
"East Haddam School District","=""0410011""","Purchased Services For Transportation","$342,297"
"East Haddam School District","=""0410011""","Equipment","$6,400"
"East Haddam School District","=""0410011""","All Other Expenditures","$4,004"
"East Haddam School District","=""0410011""","Total","$4,541,993"
"East Hampton School District","=""0420011""","Teacher Salaries","$2,895,699"
"East Hampton School District","=""0420011""","Instructional Aide Salaries","$1,326,615"
"East Hampton School District","=""0420011""","Other Salaries","$305,399"
"East Hampton School District","=""0420011""","Employee Benefits","$1,091,768"
"East Hampton School District","=""0420011""","Purchased Services Other Than Transportation","$869,671"
"East Hampton School District","=""0420011""","Special Education Tuition","$1,234,075"
"East Hampton School District","=""0420011""","Supplies","$60,496"
"East Hampton School District","=""0420011""","Property Services","$300"
"East Hampton School District","=""0420011""","Purchased Services For Transportation","$510,231"
"East Hampton School District","=""0420011""","Equipment","$0"
"East Hampton School District","=""0420011""","All Other Expenditures","$450"
"East Hampton School District","=""0420011""","Total","$8,294,704"
"East Hartford School District","=""0430011""","Teacher Salaries","$9,693,834"
"East Hartford School District","=""0430011""","Instructional Aide Salaries","$2,491,990"
"East Hartford School District","=""0430011""","Other Salaries","$3,722,326"
"East Hartford School District","=""0430011""","Employee Benefits","$2,395,583"
"East Hartford School District","=""0430011""","Purchased Services Other Than Transportation","$191,666"
"East Hartford School District","=""0430011""","Special Education Tuition","$4,061,635"
"East Hartford School District","=""0430011""","Supplies","$149,806"
"East Hartford School District","=""0430011""","Property Services","$25,994"
"East Hartford School District","=""0430011""","Purchased Services For Transportation","$2,270,017"
"East Hartford School District","=""0430011""","Equipment","$59,084"
"East Hartford School District","=""0430011""","All Other Expenditures","$889"
"East Hartford School District","=""0430011""","Total","$25,062,822"
"East Haven School District","=""0440011""","Teacher Salaries","$3,113,825"
"East Haven School District","=""0440011""","Instructional Aide Salaries","$1,330,086"
"East Haven School District","=""0440011""","Other Salaries","$482,385"
"East Haven School District","=""0440011""","Employee Benefits","$2,162,100"
"East Haven School District","=""0440011""","Purchased Services Other Than Transportation","$545,459"
"East Haven School District","=""0440011""","Special Education Tuition","$4,950,456"
"East Haven School District","=""0440011""","Supplies","$6,085"
"East Haven School District","=""0440011""","Property Services","$0"
"East Haven School District","=""0440011""","Purchased Services For Transportation","$1,247,276"
"East Haven School District","=""0440011""","Equipment","$15,413"
"East Haven School District","=""0440011""","All Other Expenditures","$0"
"East Haven School District","=""0440011""","Total","$13,853,085"
"East Lyme School District","=""0450011""","Teacher Salaries","$4,220,992"
"East Lyme School District","=""0450011""","Instructional Aide Salaries","$2,145,060"
"East Lyme School District","=""0450011""","Other Salaries","$969,562"
"East Lyme School District","=""0450011""","Employee Benefits","$1,493,103"
"East Lyme School District","=""0450011""","Purchased Services Other Than Transportation","$933,147"
"East Lyme School District","=""0450011""","Special Education Tuition","$1,160,830"
"East Lyme School District","=""0450011""","Supplies","$69,450"
"East Lyme School District","=""0450011""","Property Services","$0"
"East Lyme School District","=""0450011""","Purchased Services For Transportation","$802,130"
"East Lyme School District","=""0450011""","Equipment","$13,408"
"East Lyme School District","=""0450011""","All Other Expenditures","$3,116"
"East Lyme School District","=""0450011""","Total","$11,810,797"
"East Windsor School District","=""0470011""","Teacher Salaries","$2,724,856"
"East Windsor School District","=""0470011""","Instructional Aide Salaries","$1,546,593"
"East Windsor School District","=""0470011""","Other Salaries","$260,146"
"East Windsor School District","=""0470011""","Employee Benefits","$540,122"
"East Windsor School District","=""0470011""","Purchased Services Other Than Transportation","$108,295"
"East Windsor School District","=""0470011""","Special Education Tuition","$1,314,164"
"East Windsor School District","=""0470011""","Supplies","$6,342"
"East Windsor School District","=""0470011""","Property Services","$0"
"East Windsor School District","=""0470011""","Purchased Services For Transportation","$653,303"
"East Windsor School District","=""0470011""","Equipment","$7,740"
"East Windsor School District","=""0470011""","All Other Expenditures","$2,760"
"East Windsor School District","=""0470011""","Total","$7,164,321"
"Eastern Connecticut Regional Educational Service Center (EASTCONN)","=""2530014""","Teacher Salaries","$3,512,847"
"Eastern Connecticut Regional Educational Service Center (EASTCONN)","=""2530014""","Instructional Aide Salaries","$656,255"
"Eastern Connecticut Regional Educational Service Center (EASTCONN)","=""2530014""","Other Salaries","$2,586,603"
"Eastern Connecticut Regional Educational Service Center (EASTCONN)","=""2530014""","Employee Benefits","$1,735,845"
"Eastern Connecticut Regional Educational Service Center (EASTCONN)","=""2530014""","Purchased Services Other Than Transportation","$1,235,029"
"Eastern Connecticut Regional Educational Service Center (EASTCONN)","=""2530014""","Special Education Tuition","$0"
"Eastern Connecticut Regional Educational Service Center (EASTCONN)","=""2530014""","Supplies","$225,569"
"Eastern Connecticut Regional Educational Service Center (EASTCONN)","=""2530014""","Property Services","$894,766"
"Eastern Connecticut Regional Educational Service Center (EASTCONN)","=""2530014""","Purchased Services For Transportation","$0"
"Eastern Connecticut Regional Educational Service Center (EASTCONN)","=""2530014""","Equipment","$45,583"
"Eastern Connecticut Regional Educational Service Center (EASTCONN)","=""2530014""","All Other Expenditures","$207"
"Eastern Connecticut Regional Educational Service Center (EASTCONN)","=""2530014""","Total","$10,892,703"
"Eastford School District","=""0390011""","Teacher Salaries","$233,910"
"Eastford School District","=""0390011""","Instructional Aide Salaries","$216,231"
"Eastford School District","=""0390011""","Other Salaries","$0"
"Eastford School District","=""0390011""","Employee Benefits","$71,262"
"Eastford School District","=""0390011""","Purchased Services Other Than Transportation","$85,715"
"Eastford School District","=""0390011""","Special Education Tuition","$176,676"
"Eastford School District","=""0390011""","Supplies","$863"
"Eastford School District","=""0390011""","Property Services","$205"
"Eastford School District","=""0390011""","Purchased Services For Transportation","$73,560"
"Eastford School District","=""0390011""","Equipment","$1,525"
"Eastford School District","=""0390011""","All Other Expenditures","$200"
"Eastford School District","=""0390011""","Total","$860,146"
"Easton School District","=""0460011""","Teacher Salaries","$1,809,661"
"Easton School District","=""0460011""","Instructional Aide Salaries","$740,712"
"Easton School District","=""0460011""","Other Salaries","$0"
"Easton School District","=""0460011""","Employee Benefits","$694,112"
"Easton School District","=""0460011""","Purchased Services Other Than Transportation","$381,804"
"Easton School District","=""0460011""","Special Education Tuition","$399,599"
"Easton School District","=""0460011""","Supplies","$13,028"
"Easton School District","=""0460011""","Property Services","$685"
"Easton School District","=""0460011""","Purchased Services For Transportation","$253,837"
"Easton School District","=""0460011""","Equipment","$10,699"
"Easton School District","=""0460011""","All Other Expenditures","$0"
"Easton School District","=""0460011""","Total","$4,304,136"
"EdAdvance","=""2420014""","Teacher Salaries","$722,186"
"EdAdvance","=""2420014""","Instructional Aide Salaries","$163,372"
"EdAdvance","=""2420014""","Other Salaries","$725,023"
"EdAdvance","=""2420014""","Employee Benefits","$616,255"
"EdAdvance","=""2420014""","Purchased Services Other Than Transportation","$269,123"
"EdAdvance","=""2420014""","Special Education Tuition","$0"
"EdAdvance","=""2420014""","Supplies","$87,550"
"EdAdvance","=""2420014""","Property Services","$144,504"
"EdAdvance","=""2420014""","Purchased Services For Transportation","$0"
"EdAdvance","=""2420014""","Equipment","$10,890"
"EdAdvance","=""2420014""","All Other Expenditures","$195,677"
"EdAdvance","=""2420014""","Total","$2,934,580"
"Ellington School District","=""0480011""","Teacher Salaries","$2,894,208"
"Ellington School District","=""0480011""","Instructional Aide Salaries","$1,287,117"
"Ellington School District","=""0480011""","Other Salaries","$533,719"
"Ellington School District","=""0480011""","Employee Benefits","$1,272,089"
"Ellington School District","=""0480011""","Purchased Services Other Than Transportation","$806,696"
"Ellington School District","=""0480011""","Special Education Tuition","$1,608,724"
"Ellington School District","=""0480011""","Supplies","$81,427"
"Ellington School District","=""0480011""","Property Services","$0"
"Ellington School District","=""0480011""","Purchased Services For Transportation","$413,380"
"Ellington School District","=""0480011""","Equipment","$17,057"
"Ellington School District","=""0480011""","All Other Expenditures","$4,739"
"Ellington School District","=""0480011""","Total","$8,919,155"
"Elm City College Preparatory School District","=""2890013""","Teacher Salaries","$153,574"
"Elm City College Preparatory School District","=""2890013""","Instructional Aide Salaries","$0"
"Elm City College Preparatory School District","=""2890013""","Other Salaries","$0"
"Elm City College Preparatory School District","=""2890013""","Employee Benefits","$27,946"
"Elm City College Preparatory School District","=""2890013""","Purchased Services Other Than Transportation","$60,844"
"Elm City College Preparatory School District","=""2890013""","Special Education Tuition","$0"
"Elm City College Preparatory School District","=""2890013""","Supplies","$1,872"
"Elm City College Preparatory School District","=""2890013""","Property Services","$0"
"Elm City College Preparatory School District","=""2890013""","Purchased Services For Transportation","$0"
"Elm City College Preparatory School District","=""2890013""","Equipment","$3,143"
"Elm City College Preparatory School District","=""2890013""","All Other Expenditures","$286"
"Elm City College Preparatory School District","=""2890013""","Total","$247,666"
"Elm City Montessori School District","=""2910013""","Teacher Salaries","$83,894"
"Elm City Montessori School District","=""2910013""","Instructional Aide Salaries","$0"
"Elm City Montessori School District","=""2910013""","Other Salaries","$0"
"Elm City Montessori School District","=""2910013""","Employee Benefits","$0"
"Elm City Montessori School District","=""2910013""","Purchased Services Other Than Transportation","$0"
"Elm City Montessori School District","=""2910013""","Special Education Tuition","$0"
"Elm City Montessori School District","=""2910013""","Supplies","$0"
"Elm City Montessori School District","=""2910013""","Property Services","$0"
"Elm City Montessori School District","=""2910013""","Purchased Services For Transportation","$0"
"Elm City Montessori School District","=""2910013""","Equipment","$0"
"Elm City Montessori School District","=""2910013""","All Other Expenditures","$0"
"Elm City Montessori School District","=""2910013""","Total","$83,894"
"Enfield School District","=""0490011""","Teacher Salaries","$6,044,370"
"Enfield School District","=""0490011""","Instructional Aide Salaries","$2,094,125"
"Enfield School District","=""0490011""","Other Salaries","$1,094,253"
"Enfield School District","=""0490011""","Employee Benefits","$2,254,128"
"Enfield School District","=""0490011""","Purchased Services Other Than Transportation","$979,617"
"Enfield School District","=""0490011""","Special Education Tuition","$4,373,685"
"Enfield School District","=""0490011""","Supplies","$170,065"
"Enfield School District","=""0490011""","Property Services","$0"
"Enfield School District","=""0490011""","Purchased Services For Transportation","$1,936,592"
"Enfield School District","=""0490011""","Equipment","$14,908"
"Enfield School District","=""0490011""","All Other Expenditures","$0"
"Enfield School District","=""0490011""","Total","$18,961,744"
"Essex School District","=""0500011""","Teacher Salaries","$80,133"
"Essex School District","=""0500011""","Instructional Aide Salaries","$437,561"
"Essex School District","=""0500011""","Other Salaries","$16,194"
"Essex School District","=""0500011""","Employee Benefits","$10,763"
"Essex School District","=""0500011""","Purchased Services Other Than Transportation","$89,256"
"Essex School District","=""0500011""","Special Education Tuition","$0"
"Essex School District","=""0500011""","Supplies","$11,354"
"Essex School District","=""0500011""","Property Services","$0"
"Essex School District","=""0500011""","Purchased Services For Transportation","$65,715"
"Essex School District","=""0500011""","Equipment","$1,869"
"Essex School District","=""0500011""","All Other Expenditures","$0"
"Essex School District","=""0500011""","Total","$712,845"
"Explorations District","=""2720013""","Teacher Salaries","$263,161"
"Explorations District","=""2720013""","Instructional Aide Salaries","$0"
"Explorations District","=""2720013""","Other Salaries","$118,224"
"Explorations District","=""2720013""","Employee Benefits","$37,454"
"Explorations District","=""2720013""","Purchased Services Other Than Transportation","$15,518"
"Explorations District","=""2720013""","Special Education Tuition","$0"
"Explorations District","=""2720013""","Supplies","$3,649"
"Explorations District","=""2720013""","Property Services","$15,071"
"Explorations District","=""2720013""","Purchased Services For Transportation","$0"
"Explorations District","=""2720013""","Equipment","$6,699"
"Explorations District","=""2720013""","All Other Expenditures","$0"
"Explorations District","=""2720013""","Total","$459,776"
"Fairfield School District","=""0510011""","Teacher Salaries","$14,242,699"
"Fairfield School District","=""0510011""","Instructional Aide Salaries","$3,182,708"
"Fairfield School District","=""0510011""","Other Salaries","$6,434,785"
"Fairfield School District","=""0510011""","Employee Benefits","$8,185,016"
"Fairfield School District","=""0510011""","Purchased Services Other Than Transportation","$4,953,032"
"Fairfield School District","=""0510011""","Special Education Tuition","$8,967,075"
"Fairfield School District","=""0510011""","Supplies","$259,655"
"Fairfield School District","=""0510011""","Property Services","$49,635"
"Fairfield School District","=""0510011""","Purchased Services For Transportation","$3,554,189"
"Fairfield School District","=""0510011""","Equipment","$72,031"
"Fairfield School District","=""0510011""","All Other Expenditures","$714"
"Fairfield School District","=""0510011""","Total","$49,901,539"
"Farmington School District","=""0520011""","Teacher Salaries","$4,476,743"
"Farmington School District","=""0520011""","Instructional Aide Salaries","$2,019,802"
"Farmington School District","=""0520011""","Other Salaries","$950,267"
"Farmington School District","=""0520011""","Employee Benefits","$1,259,536"
"Farmington School District","=""0520011""","Purchased Services Other Than Transportation","$1,102,699"
"Farmington School District","=""0520011""","Special Education Tuition","$2,209,594"
"Farmington School District","=""0520011""","Supplies","$52,015"
"Farmington School District","=""0520011""","Property Services","$6,544"
"Farmington School District","=""0520011""","Purchased Services For Transportation","$1,293,975"
"Farmington School District","=""0520011""","Equipment","$22,306"
"Farmington School District","=""0520011""","All Other Expenditures","$1,000"
"Farmington School District","=""0520011""","Total","$13,394,480"
"Franklin School District","=""0530011""","Teacher Salaries","$208,354"
"Franklin School District","=""0530011""","Instructional Aide Salaries","$82,542"
"Franklin School District","=""0530011""","Other Salaries","$0"
"Franklin School District","=""0530011""","Employee Benefits","$44,252"
"Franklin School District","=""0530011""","Purchased Services Other Than Transportation","$47,213"
"Franklin School District","=""0530011""","Special Education Tuition","$218,011"
"Franklin School District","=""0530011""","Supplies","$11,680"
"Franklin School District","=""0530011""","Property Services","$0"
"Franklin School District","=""0530011""","Purchased Services For Transportation","$27,918"
"Franklin School District","=""0530011""","Equipment","$0"
"Franklin School District","=""0530011""","All Other Expenditures","$0"
"Franklin School District","=""0530011""","Total","$639,970"
"Glastonbury School District","=""0540011""","Teacher Salaries","$6,391,170"
"Glastonbury School District","=""0540011""","Instructional Aide Salaries","$2,430,320"
"Glastonbury School District","=""0540011""","Other Salaries","$3,999,694"
"Glastonbury School District","=""0540011""","Employee Benefits","$1,408,009"
"Glastonbury School District","=""0540011""","Purchased Services Other Than Transportation","$565,977"
"Glastonbury School District","=""0540011""","Special Education Tuition","$4,026,924"
"Glastonbury School District","=""0540011""","Supplies","$93,107"
"Glastonbury School District","=""0540011""","Property Services","$178,049"
"Glastonbury School District","=""0540011""","Purchased Services For Transportation","$168,730"
"Glastonbury School District","=""0540011""","Equipment","$2,367"
"Glastonbury School District","=""0540011""","All Other Expenditures","$1,961"
"Glastonbury School District","=""0540011""","Total","$19,266,309"
"Granby School District","=""0560011""","Teacher Salaries","$2,474,951"
"Granby School District","=""0560011""","Instructional Aide Salaries","$837,652"
"Granby School District","=""0560011""","Other Salaries","$80,814"
"Granby School District","=""0560011""","Employee Benefits","$771,331"
"Granby School District","=""0560011""","Purchased Services Other Than Transportation","$96,256"
"Granby School District","=""0560011""","Special Education Tuition","$1,571,504"
"Granby School District","=""0560011""","Supplies","$21,789"
"Granby School District","=""0560011""","Property Services","$0"
"Granby School District","=""0560011""","Purchased Services For Transportation","$374,017"
"Granby School District","=""0560011""","Equipment","$21,695"
"Granby School District","=""0560011""","All Other Expenditures","$1,854"
"Granby School District","=""0560011""","Total","$6,251,862"
"Great Oaks Charter School District","=""2940013""","Teacher Salaries","$223,912"
"Great Oaks Charter School District","=""2940013""","Instructional Aide Salaries","$0"
"Great Oaks Charter School District","=""2940013""","Other Salaries","$0"
"Great Oaks Charter School District","=""2940013""","Employee Benefits","$46,165"
"Great Oaks Charter School District","=""2940013""","Purchased Services Other Than Transportation","$28,134"
"Great Oaks Charter School District","=""2940013""","Special Education Tuition","$0"
"Great Oaks Charter School District","=""2940013""","Supplies","$34,218"
"Great Oaks Charter School District","=""2940013""","Property Services","$0"
"Great Oaks Charter School District","=""2940013""","Purchased Services For Transportation","$0"
"Great Oaks Charter School District","=""2940013""","Equipment","$0"
"Great Oaks Charter School District","=""2940013""","All Other Expenditures","$20,787"
"Great Oaks Charter School District","=""2940013""","Total","$353,216"
"Greenwich School District","=""0570011""","Teacher Salaries","$19,013,472"
"Greenwich School District","=""0570011""","Instructional Aide Salaries","$0"
"Greenwich School District","=""0570011""","Other Salaries","$6,407,307"
"Greenwich School District","=""0570011""","Employee Benefits","$6,196,810"
"Greenwich School District","=""0570011""","Purchased Services Other Than Transportation","$-879,271"
"Greenwich School District","=""0570011""","Special Education Tuition","$5,452,781"
"Greenwich School District","=""0570011""","Supplies","$118,663"
"Greenwich School District","=""0570011""","Property Services","$320,294"
"Greenwich School District","=""0570011""","Purchased Services For Transportation","$2,398,674"
"Greenwich School District","=""0570011""","Equipment","$120,299"
"Greenwich School District","=""0570011""","All Other Expenditures","$121,173"
"Greenwich School District","=""0570011""","Total","$39,270,202"
"Griswold School District","=""0580011""","Teacher Salaries","$2,083,187"
"Griswold School District","=""0580011""","Instructional Aide Salaries","$1,310,653"
"Griswold School District","=""0580011""","Other Salaries","$860,410"
"Griswold School District","=""0580011""","Employee Benefits","$698,665"
"Griswold School District","=""0580011""","Purchased Services Other Than Transportation","$316,258"
"Griswold School District","=""0580011""","Special Education Tuition","$1,255,532"
"Griswold School District","=""0580011""","Supplies","$12,037"
"Griswold School District","=""0580011""","Property Services","$9,178"
"Griswold School District","=""0580011""","Purchased Services For Transportation","$659,872"
"Griswold School District","=""0580011""","Equipment","$16,160"
"Griswold School District","=""0580011""","All Other Expenditures","$2,012"
"Griswold School District","=""0580011""","Total","$7,223,963"
"Groton School District","=""0590011""","Teacher Salaries","$8,034,573"
"Groton School District","=""0590011""","Instructional Aide Salaries","$3,150,716"
"Groton School District","=""0590011""","Other Salaries","$514,367"
"Groton School District","=""0590011""","Employee Benefits","$2,220,509"
"Groton School District","=""0590011""","Purchased Services Other Than Transportation","$1,406,730"
"Groton School District","=""0590011""","Special Education Tuition","$4,060,081"
"Groton School District","=""0590011""","Supplies","$200,074"
"Groton School District","=""0590011""","Property Services","$965"
"Groton School District","=""0590011""","Purchased Services For Transportation","$1,838,316"
"Groton School District","=""0590011""","Equipment","$805"
"Groton School District","=""0590011""","All Other Expenditures","$2,710"
"Groton School District","=""0590011""","Total","$21,429,846"
"Guilford School District","=""0600011""","Teacher Salaries","$5,222,929"
"Guilford School District","=""0600011""","Instructional Aide Salaries","$1,988,519"
"Guilford School District","=""0600011""","Other Salaries","$243,694"
"Guilford School District","=""0600011""","Employee Benefits","$2,476,348"
"Guilford School District","=""0600011""","Purchased Services Other Than Transportation","$1,176,267"
"Guilford School District","=""0600011""","Special Education Tuition","$4,222,965"
"Guilford School District","=""0600011""","Supplies","$66,895"
"Guilford School District","=""0600011""","Property Services","$0"
"Guilford School District","=""0600011""","Purchased Services For Transportation","$1,394,197"
"Guilford School District","=""0600011""","Equipment","$0"
"Guilford School District","=""0600011""","All Other Expenditures","$0"
"Guilford School District","=""0600011""","Total","$16,791,814"
"Hamden School District","=""0620011""","Teacher Salaries","$10,944,718"
"Hamden School District","=""0620011""","Instructional Aide Salaries","$0"
"Hamden School District","=""0620011""","Other Salaries","$2,813,328"
"Hamden School District","=""0620011""","Employee Benefits","$6,879,023"
"Hamden School District","=""0620011""","Purchased Services Other Than Transportation","$937,720"
"Hamden School District","=""0620011""","Special Education Tuition","$11,614,815"
"Hamden School District","=""0620011""","Supplies","$63,844"
"Hamden School District","=""0620011""","Property Services","$228"
"Hamden School District","=""0620011""","Purchased Services For Transportation","$3,135,041"
"Hamden School District","=""0620011""","Equipment","$0"
"Hamden School District","=""0620011""","All Other Expenditures","$0"
"Hamden School District","=""0620011""","Total","$36,388,717"
"Hampton School District","=""0630011""","Teacher Salaries","$237,119"
"Hampton School District","=""0630011""","Instructional Aide Salaries","$20,226"
"Hampton School District","=""0630011""","Other Salaries","$27,022"
"Hampton School District","=""0630011""","Employee Benefits","$59,352"
"Hampton School District","=""0630011""","Purchased Services Other Than Transportation","$69,502"
"Hampton School District","=""0630011""","Special Education Tuition","$0"
"Hampton School District","=""0630011""","Supplies","$1,021"
"Hampton School District","=""0630011""","Property Services","$0"
"Hampton School District","=""0630011""","Purchased Services For Transportation","$2,100"
"Hampton School District","=""0630011""","Equipment","$0"
"Hampton School District","=""0630011""","All Other Expenditures","$0"
"Hampton School District","=""0630011""","Total","$416,342"
"Hartford School District","=""0640011""","Teacher Salaries","$20,571,877"
"Hartford School District","=""0640011""","Instructional Aide Salaries","$648,633"
"Hartford School District","=""0640011""","Other Salaries","$17,964,763"
"Hartford School District","=""0640011""","Employee Benefits","$11,583,381"
"Hartford School District","=""0640011""","Purchased Services Other Than Transportation","$1,835,911"
"Hartford School District","=""0640011""","Special Education Tuition","$61,856,148"
"Hartford School District","=""0640011""","Supplies","$63,407"
"Hartford School District","=""0640011""","Property Services","$13,707"
"Hartford School District","=""0640011""","Purchased Services For Transportation","$13,176,858"
"Hartford School District","=""0640011""","Equipment","$33,737"
"Hartford School District","=""0640011""","All Other Expenditures","$596"
"Hartford School District","=""0640011""","Total","$127,749,017"
"Hartland School District","=""0650011""","Teacher Salaries","$0"
"Hartland School District","=""0650011""","Instructional Aide Salaries","$22,684"
"Hartland School District","=""0650011""","Other Salaries","$0"
"Hartland School District","=""0650011""","Employee Benefits","$1,735"
"Hartland School District","=""0650011""","Purchased Services Other Than Transportation","$437,767"
"Hartland School District","=""0650011""","Special Education Tuition","$304,939"
"Hartland School District","=""0650011""","Supplies","$3,238"
"Hartland School District","=""0650011""","Property Services","$0"
"Hartland School District","=""0650011""","Purchased Services For Transportation","$53,601"
"Hartland School District","=""0650011""","Equipment","$0"
"Hartland School District","=""0650011""","All Other Expenditures","$0"
"Hartland School District","=""0650011""","Total","$823,964"
"Hebron School District","=""0670011""","Teacher Salaries","$895,147"
"Hebron School District","=""0670011""","Instructional Aide Salaries","$415,466"
"Hebron School District","=""0670011""","Other Salaries","$319,961"
"Hebron School District","=""0670011""","Employee Benefits","$584,405"
"Hebron School District","=""0670011""","Purchased Services Other Than Transportation","$278,688"
"Hebron School District","=""0670011""","Special Education Tuition","$126,428"
"Hebron School District","=""0670011""","Supplies","$15,667"
"Hebron School District","=""0670011""","Property Services","$0"
"Hebron School District","=""0670011""","Purchased Services For Transportation","$66,340"
"Hebron School District","=""0670011""","Equipment","$7,895"
"Hebron School District","=""0670011""","All Other Expenditures","$0"
"Hebron School District","=""0670011""","Total","$2,709,997"
"Highville Charter School District","=""2860013""","Teacher Salaries","$76,863"
"Highville Charter School District","=""2860013""","Instructional Aide Salaries","$0"
"Highville Charter School District","=""2860013""","Other Salaries","$0"
"Highville Charter School District","=""2860013""","Employee Benefits","$0"
"Highville Charter School District","=""2860013""","Purchased Services Other Than Transportation","$0"
"Highville Charter School District","=""2860013""","Special Education Tuition","$0"
"Highville Charter School District","=""2860013""","Supplies","$0"
"Highville Charter School District","=""2860013""","Property Services","$0"
"Highville Charter School District","=""2860013""","Purchased Services For Transportation","$0"
"Highville Charter School District","=""2860013""","Equipment","$0"
"Highville Charter School District","=""2860013""","All Other Expenditures","$0"
"Highville Charter School District","=""2860013""","Total","$76,863"
"Integrated Day Charter School District","=""2640013""","Teacher Salaries","$149,737"
"Integrated Day Charter School District","=""2640013""","Instructional Aide Salaries","$89,659"
"Integrated Day Charter School District","=""2640013""","Other Salaries","$58,894"
"Integrated Day Charter School District","=""2640013""","Employee Benefits","$43,419"
"Integrated Day Charter School District","=""2640013""","Purchased Services Other Than Transportation","$36,720"
"Integrated Day Charter School District","=""2640013""","Special Education Tuition","$0"
"Integrated Day Charter School District","=""2640013""","Supplies","$40"
"Integrated Day Charter School District","=""2640013""","Property Services","$0"
"Integrated Day Charter School District","=""2640013""","Purchased Services For Transportation","$0"
"Integrated Day Charter School District","=""2640013""","Equipment","$0"
"Integrated Day Charter School District","=""2640013""","All Other Expenditures","$0"
"Integrated Day Charter School District","=""2640013""","Total","$378,469"
"Interdistrict School for Arts and Comm District","=""2650013""","Teacher Salaries","$275,668"
"Interdistrict School for Arts and Comm District","=""2650013""","Instructional Aide Salaries","$17,911"
"Interdistrict School for Arts and Comm District","=""2650013""","Other Salaries","$122,720"
"Interdistrict School for Arts and Comm District","=""2650013""","Employee Benefits","$68,078"
"Interdistrict School for Arts and Comm District","=""2650013""","Purchased Services Other Than Transportation","$5,189"
"Interdistrict School for Arts and Comm District","=""2650013""","Special Education Tuition","$0"
"Interdistrict School for Arts and Comm District","=""2650013""","Supplies","$7,395"
"Interdistrict School for Arts and Comm District","=""2650013""","Property Services","$0"
"Interdistrict School for Arts and Comm District","=""2650013""","Purchased Services For Transportation","$0"
"Interdistrict School for Arts and Comm District","=""2650013""","Equipment","$5,000"
"Interdistrict School for Arts and Comm District","=""2650013""","All Other Expenditures","$40"
"Interdistrict School for Arts and Comm District","=""2650013""","Total","$502,001"
"Jumoke Academy District","=""2610013""","Teacher Salaries","$183,209"
"Jumoke Academy District","=""2610013""","Instructional Aide Salaries","$61,361"
"Jumoke Academy District","=""2610013""","Other Salaries","$80,576"
"Jumoke Academy District","=""2610013""","Employee Benefits","$68,900"
"Jumoke Academy District","=""2610013""","Purchased Services Other Than Transportation","$189,114"
"Jumoke Academy District","=""2610013""","Special Education Tuition","$0"
"Jumoke Academy District","=""2610013""","Supplies","$1,277"
"Jumoke Academy District","=""2610013""","Property Services","$0"
"Jumoke Academy District","=""2610013""","Purchased Services For Transportation","$0"
"Jumoke Academy District","=""2610013""","Equipment","$76"
"Jumoke Academy District","=""2610013""","All Other Expenditures","$0"
"Jumoke Academy District","=""2610013""","Total","$584,513"
"Kent School District","=""0680011""","Teacher Salaries","$475,924"
"Kent School District","=""0680011""","Instructional Aide Salaries","$5,361"
"Kent School District","=""0680011""","Other Salaries","$185,275"
"Kent School District","=""0680011""","Employee Benefits","$230,505"
"Kent School District","=""0680011""","Purchased Services Other Than Transportation","$13,784"
"Kent School District","=""0680011""","Special Education Tuition","$103,775"
"Kent School District","=""0680011""","Supplies","$3,499"
"Kent School District","=""0680011""","Property Services","$0"
"Kent School District","=""0680011""","Purchased Services For Transportation","$94,353"
"Kent School District","=""0680011""","Equipment","$4,045"
"Kent School District","=""0680011""","All Other Expenditures","$0"
"Kent School District","=""0680011""","Total","$1,116,521"
"Killingly School District","=""0690011""","Teacher Salaries","$2,637,062"
"Killingly School District","=""0690011""","Instructional Aide Salaries","$1,518,941"
"Killingly School District","=""0690011""","Other Salaries","$888,514"
"Killingly School District","=""0690011""","Employee Benefits","$1,751,692"
"Killingly School District","=""0690011""","Purchased Services Other Than Transportation","$476,562"
"Killingly School District","=""0690011""","Special Education Tuition","$6,110,904"
"Killingly School District","=""0690011""","Supplies","$91,873"
"Killingly School District","=""0690011""","Property Services","$62,021"
"Killingly School District","=""0690011""","Purchased Services For Transportation","$597,019"
"Killingly School District","=""0690011""","Equipment","$254,466"
"Killingly School District","=""0690011""","All Other Expenditures","$468"
"Killingly School District","=""0690011""","Total","$14,389,521"
"Learn","=""2450014""","Teacher Salaries","$1,825,233"
"Learn","=""2450014""","Instructional Aide Salaries","$1,316,001"
"Learn","=""2450014""","Other Salaries","$4,554,252"
"Learn","=""2450014""","Employee Benefits","$2,356,306"
"Learn","=""2450014""","Purchased Services Other Than Transportation","$1,280,247"
"Learn","=""2450014""","Special Education Tuition","$0"
"Learn","=""2450014""","Supplies","$-8,462"
"Learn","=""2450014""","Property Services","$332,971"
"Learn","=""2450014""","Purchased Services For Transportation","$52,777"
"Learn","=""2450014""","Equipment","$63,958"
"Learn","=""2450014""","All Other Expenditures","$84,963"
"Learn","=""2450014""","Total","$11,858,246"
"Lebanon School District","=""0710011""","Teacher Salaries","$1,019,393"
"Lebanon School District","=""0710011""","Instructional Aide Salaries","$750,641"
"Lebanon School District","=""0710011""","Other Salaries","$715,384"
"Lebanon School District","=""0710011""","Employee Benefits","$659,933"
"Lebanon School District","=""0710011""","Purchased Services Other Than Transportation","$335,347"
"Lebanon School District","=""0710011""","Special Education Tuition","$1,804,994"
"Lebanon School District","=""0710011""","Supplies","$27,561"
"Lebanon School District","=""0710011""","Property Services","$7,946"
"Lebanon School District","=""0710011""","Purchased Services For Transportation","$648,335"
"Lebanon School District","=""0710011""","Equipment","$8,179"
"Lebanon School District","=""0710011""","All Other Expenditures","$10"
"Lebanon School District","=""0710011""","Total","$5,977,724"
"Ledyard School District","=""0720011""","Teacher Salaries","$4,050,573"
"Ledyard School District","=""0720011""","Instructional Aide Salaries","$738,282"
"Ledyard School District","=""0720011""","Other Salaries","$251,600"
"Ledyard School District","=""0720011""","Employee Benefits","$628,756"
"Ledyard School District","=""0720011""","Purchased Services Other Than Transportation","$649,925"
"Ledyard School District","=""0720011""","Special Education Tuition","$2,574,314"
"Ledyard School District","=""0720011""","Supplies","$59,285"
"Ledyard School District","=""0720011""","Property Services","$2,369"
"Ledyard School District","=""0720011""","Purchased Services For Transportation","$902,071"
"Ledyard School District","=""0720011""","Equipment","$8,086"
"Ledyard School District","=""0720011""","All Other Expenditures","$845"
"Ledyard School District","=""0720011""","Total","$9,866,106"
"Lisbon School District","=""0730011""","Teacher Salaries","$867,021"
"Lisbon School District","=""0730011""","Instructional Aide Salaries","$0"
"Lisbon School District","=""0730011""","Other Salaries","$106,534"
"Lisbon School District","=""0730011""","Employee Benefits","$191,199"
"Lisbon School District","=""0730011""","Purchased Services Other Than Transportation","$229,215"
"Lisbon School District","=""0730011""","Special Education Tuition","$1,205,123"
"Lisbon School District","=""0730011""","Supplies","$3,068"
"Lisbon School District","=""0730011""","Property Services","$0"
"Lisbon School District","=""0730011""","Purchased Services For Transportation","$320,349"
"Lisbon School District","=""0730011""","Equipment","$3,264"
"Lisbon School District","=""0730011""","All Other Expenditures","$500"
"Lisbon School District","=""0730011""","Total","$2,926,273"
"Litchfield School District","=""0740011""","Teacher Salaries","$979,795"
"Litchfield School District","=""0740011""","Instructional Aide Salaries","$716,862"
"Litchfield School District","=""0740011""","Other Salaries","$77,056"
"Litchfield School District","=""0740011""","Employee Benefits","$530,347"
"Litchfield School District","=""0740011""","Purchased Services Other Than Transportation","$145,256"
"Litchfield School District","=""0740011""","Special Education Tuition","$651,479"
"Litchfield School District","=""0740011""","Supplies","$32,317"
"Litchfield School District","=""0740011""","Property Services","$0"
"Litchfield School District","=""0740011""","Purchased Services For Transportation","$177,879"
"Litchfield School District","=""0740011""","Equipment","$2,904"
"Litchfield School District","=""0740011""","All Other Expenditures","$1,223"
"Litchfield School District","=""0740011""","Total","$3,315,118"
"Madison School District","=""0760011""","Teacher Salaries","$4,675,388"
"Madison School District","=""0760011""","Instructional Aide Salaries","$0"
"Madison School District","=""0760011""","Other Salaries","$1,807,836"
"Madison School District","=""0760011""","Employee Benefits","$1,875,229"
"Madison School District","=""0760011""","Purchased Services Other Than Transportation","$684,872"
"Madison School District","=""0760011""","Special Education Tuition","$2,264,365"
"Madison School District","=""0760011""","Supplies","$71,197"
"Madison School District","=""0760011""","Property Services","$0"
"Madison School District","=""0760011""","Purchased Services For Transportation","$1,384,871"
"Madison School District","=""0760011""","Equipment","$15,055"
"Madison School District","=""0760011""","All Other Expenditures","$0"
"Madison School District","=""0760011""","Total","$12,778,813"
"Manchester School District","=""0770011""","Teacher Salaries","$9,703,049"
"Manchester School District","=""0770011""","Instructional Aide Salaries","$3,340,662"
"Manchester School District","=""0770011""","Other Salaries","$2,534,767"
"Manchester School District","=""0770011""","Employee Benefits","$4,047,185"
"Manchester School District","=""0770011""","Purchased Services Other Than Transportation","$1,029,976"
"Manchester School District","=""0770011""","Special Education Tuition","$6,386,166"
"Manchester School District","=""0770011""","Supplies","$369,644"
"Manchester School District","=""0770011""","Property Services","$33,116"
"Manchester School District","=""0770011""","Purchased Services For Transportation","$2,611,482"
"Manchester School District","=""0770011""","Equipment","$10,808"
"Manchester School District","=""0770011""","All Other Expenditures","$4,154"
"Manchester School District","=""0770011""","Total","$30,071,008"
"Mansfield School District","=""0780011""","Teacher Salaries","$1,458,769"
"Mansfield School District","=""0780011""","Instructional Aide Salaries","$616,999"
"Mansfield School District","=""0780011""","Other Salaries","$247,719"
"Mansfield School District","=""0780011""","Employee Benefits","$811,597"
"Mansfield School District","=""0780011""","Purchased Services Other Than Transportation","$328,501"
"Mansfield School District","=""0780011""","Special Education Tuition","$524,552"
"Mansfield School District","=""0780011""","Supplies","$30,983"
"Mansfield School District","=""0780011""","Property Services","$0"
"Mansfield School District","=""0780011""","Purchased Services For Transportation","$177,052"
"Mansfield School District","=""0780011""","Equipment","$105"
"Mansfield School District","=""0780011""","All Other Expenditures","$0"
"Mansfield School District","=""0780011""","Total","$4,196,277"
"Marlborough School District","=""0790011""","Teacher Salaries","$624,251"
"Marlborough School District","=""0790011""","Instructional Aide Salaries","$199,265"
"Marlborough School District","=""0790011""","Other Salaries","$34,605"
"Marlborough School District","=""0790011""","Employee Benefits","$162,535"
"Marlborough School District","=""0790011""","Purchased Services Other Than Transportation","$91,568"
"Marlborough School District","=""0790011""","Special Education Tuition","$87,499"
"Marlborough School District","=""0790011""","Supplies","$8,756"
"Marlborough School District","=""0790011""","Property Services","$0"
"Marlborough School District","=""0790011""","Purchased Services For Transportation","$72,484"
"Marlborough School District","=""0790011""","Equipment","$8,459"
"Marlborough School District","=""0790011""","All Other Expenditures","$3,540"
"Marlborough School District","=""0790011""","Total","$1,292,962"
"Meriden School District","=""0800011""","Teacher Salaries","$6,978,841"
"Meriden School District","=""0800011""","Instructional Aide Salaries","$2,624,552"
"Meriden School District","=""0800011""","Other Salaries","$5,901,428"
"Meriden School District","=""0800011""","Employee Benefits","$3,161,534"
"Meriden School District","=""0800011""","Purchased Services Other Than Transportation","$527,836"
"Meriden School District","=""0800011""","Special Education Tuition","$7,340,105"
"Meriden School District","=""0800011""","Supplies","$143,145"
"Meriden School District","=""0800011""","Property Services","$180,840"
"Meriden School District","=""0800011""","Purchased Services For Transportation","$3,122,132"
"Meriden School District","=""0800011""","Equipment","$0"
"Meriden School District","=""0800011""","All Other Expenditures","$450"
"Meriden School District","=""0800011""","Total","$29,980,863"
"Middletown School District","=""0830011""","Teacher Salaries","$5,468,072"
"Middletown School District","=""0830011""","Instructional Aide Salaries","$3,445,046"
"Middletown School District","=""0830011""","Other Salaries","$1,519,768"
"Middletown School District","=""0830011""","Employee Benefits","$1,947,656"
"Middletown School District","=""0830011""","Purchased Services Other Than Transportation","$1,189,312"
"Middletown School District","=""0830011""","Special Education Tuition","$5,470,549"
"Middletown School District","=""0830011""","Supplies","$59,592"
"Middletown School District","=""0830011""","Property Services","$34,500"
"Middletown School District","=""0830011""","Purchased Services For Transportation","$2,613,813"
"Middletown School District","=""0830011""","Equipment","$4,511"
"Middletown School District","=""0830011""","All Other Expenditures","$0"
"Middletown School District","=""0830011""","Total","$21,752,820"
"Milford School District","=""0840011""","Teacher Salaries","$10,042,337"
"Milford School District","=""0840011""","Instructional Aide Salaries","$3,008,329"
"Milford School District","=""0840011""","Other Salaries","$1,854,865"
"Milford School District","=""0840011""","Employee Benefits","$5,303,589"
"Milford School District","=""0840011""","Purchased Services Other Than Transportation","$438,451"
"Milford School District","=""0840011""","Special Education Tuition","$4,801,004"
"Milford School District","=""0840011""","Supplies","$100,728"
"Milford School District","=""0840011""","Property Services","$10,060"
"Milford School District","=""0840011""","Purchased Services For Transportation","$2,101,881"
"Milford School District","=""0840011""","Equipment","$91,068"
"Milford School District","=""0840011""","All Other Expenditures","$46,052"
"Milford School District","=""0840011""","Total","$27,798,364"
"Monroe School District","=""0850011""","Teacher Salaries","$4,599,162"
"Monroe School District","=""0850011""","Instructional Aide Salaries","$36,329"
"Monroe School District","=""0850011""","Other Salaries","$1,724,714"
"Monroe School District","=""0850011""","Employee Benefits","$1,535,100"
"Monroe School District","=""0850011""","Purchased Services Other Than Transportation","$1,141,988"
"Monroe School District","=""0850011""","Special Education Tuition","$2,149,548"
"Monroe School District","=""0850011""","Supplies","$5,048"
"Monroe School District","=""0850011""","Property Services","$4,114"
"Monroe School District","=""0850011""","Purchased Services For Transportation","$1,304,926"
"Monroe School District","=""0850011""","Equipment","$3,850"
"Monroe School District","=""0850011""","All Other Expenditures","$1,548"
"Monroe School District","=""0850011""","Total","$12,506,326"
"Montville School District","=""0860011""","Teacher Salaries","$3,666,530"
"Montville School District","=""0860011""","Instructional Aide Salaries","$1,370,620"
"Montville School District","=""0860011""","Other Salaries","$858,454"
"Montville School District","=""0860011""","Employee Benefits","$1,096,741"
"Montville School District","=""0860011""","Purchased Services Other Than Transportation","$346,248"
"Montville School District","=""0860011""","Special Education Tuition","$1,553,525"
"Montville School District","=""0860011""","Supplies","$79,128"
"Montville School District","=""0860011""","Property Services","$5,182"
"Montville School District","=""0860011""","Purchased Services For Transportation","$383,117"
"Montville School District","=""0860011""","Equipment","$14,688"
"Montville School District","=""0860011""","All Other Expenditures","$0"
"Montville School District","=""0860011""","Total","$9,374,234"
"Naugatuck School District","=""0880011""","Teacher Salaries","$6,621,843"
"Naugatuck School District","=""0880011""","Instructional Aide Salaries","$1,907,291"
"Naugatuck School District","=""0880011""","Other Salaries","$202,224"
"Naugatuck School District","=""0880011""","Employee Benefits","$3,341,367"
"Naugatuck School District","=""0880011""","Purchased Services Other Than Transportation","$425,692"
"Naugatuck School District","=""0880011""","Special Education Tuition","$2,011,024"
"Naugatuck School District","=""0880011""","Supplies","$204,173"
"Naugatuck School District","=""0880011""","Property Services","$0"
"Naugatuck School District","=""0880011""","Purchased Services For Transportation","$762,031"
"Naugatuck School District","=""0880011""","Equipment","$2,996"
"Naugatuck School District","=""0880011""","All Other Expenditures","$200"
"Naugatuck School District","=""0880011""","Total","$15,478,841"
"New Beginnings Inc Family Academy District","=""2800013""","Teacher Salaries","$116,225"
"New Beginnings Inc Family Academy District","=""2800013""","Instructional Aide Salaries","$0"
"New Beginnings Inc Family Academy District","=""2800013""","Other Salaries","$0"
"New Beginnings Inc Family Academy District","=""2800013""","Employee Benefits","$13,775"
"New Beginnings Inc Family Academy District","=""2800013""","Purchased Services Other Than Transportation","$95,307"
"New Beginnings Inc Family Academy District","=""2800013""","Special Education Tuition","$0"
"New Beginnings Inc Family Academy District","=""2800013""","Supplies","$0"
"New Beginnings Inc Family Academy District","=""2800013""","Property Services","$0"
"New Beginnings Inc Family Academy District","=""2800013""","Purchased Services For Transportation","$0"
"New Beginnings Inc Family Academy District","=""2800013""","Equipment","$0"
"New Beginnings Inc Family Academy District","=""2800013""","All Other Expenditures","$0"
"New Beginnings Inc Family Academy District","=""2800013""","Total","$225,307"
"New Britain School District","=""0890011""","Teacher Salaries","$14,995,979"
"New Britain School District","=""0890011""","Instructional Aide Salaries","$5,744,777"
"New Britain School District","=""0890011""","Other Salaries","$3,156,747"
"New Britain School District","=""0890011""","Employee Benefits","$5,563,282"
"New Britain School District","=""0890011""","Purchased Services Other Than Transportation","$1,191,681"
"New Britain School District","=""0890011""","Special Education Tuition","$9,652,754"
"New Britain School District","=""0890011""","Supplies","$114,874"
"New Britain School District","=""0890011""","Property Services","$0"
"New Britain School District","=""0890011""","Purchased Services For Transportation","$5,039,394"
"New Britain School District","=""0890011""","Equipment","$39,431"
"New Britain School District","=""0890011""","All Other Expenditures","$22,256"
"New Britain School District","=""0890011""","Total","$45,521,175"
"New Canaan School District","=""0900011""","Teacher Salaries","$6,892,595"
"New Canaan School District","=""0900011""","Instructional Aide Salaries","$2,536,411"
"New Canaan School District","=""0900011""","Other Salaries","$2,066,865"
"New Canaan School District","=""0900011""","Employee Benefits","$2,622,427"
"New Canaan School District","=""0900011""","Purchased Services Other Than Transportation","$1,110,502"
"New Canaan School District","=""0900011""","Special Education Tuition","$3,977,214"
"New Canaan School District","=""0900011""","Supplies","$99,455"
"New Canaan School District","=""0900011""","Property Services","$0"
"New Canaan School District","=""0900011""","Purchased Services For Transportation","$153,442"
"New Canaan School District","=""0900011""","Equipment","$56,622"
"New Canaan School District","=""0900011""","All Other Expenditures","$2,744"
"New Canaan School District","=""0900011""","Total","$19,518,279"
"New Fairfield School District","=""0910011""","Teacher Salaries","$3,163,576"
"New Fairfield School District","=""0910011""","Instructional Aide Salaries","$1,271,839"
"New Fairfield School District","=""0910011""","Other Salaries","$957,191"
"New Fairfield School District","=""0910011""","Employee Benefits","$1,322,422"
"New Fairfield School District","=""0910011""","Purchased Services Other Than Transportation","$264,123"
"New Fairfield School District","=""0910011""","Special Education Tuition","$1,027,611"
"New Fairfield School District","=""0910011""","Supplies","$70,036"
"New Fairfield School District","=""0910011""","Property Services","$710"
"New Fairfield School District","=""0910011""","Purchased Services For Transportation","$656,963"
"New Fairfield School District","=""0910011""","Equipment","$20,902"
"New Fairfield School District","=""0910011""","All Other Expenditures","$53,015"
"New Fairfield School District","=""0910011""","Total","$8,808,387"
"New Hartford School District","=""0920011""","Teacher Salaries","$805,307"
"New Hartford School District","=""0920011""","Instructional Aide Salaries","$384,031"
"New Hartford School District","=""0920011""","Other Salaries","$40,729"
"New Hartford School District","=""0920011""","Employee Benefits","$263,536"
"New Hartford School District","=""0920011""","Purchased Services Other Than Transportation","$104,960"
"New Hartford School District","=""0920011""","Special Education Tuition","$127,724"
"New Hartford School District","=""0920011""","Supplies","$6,633"
"New Hartford School District","=""0920011""","Property Services","$0"
"New Hartford School District","=""0920011""","Purchased Services For Transportation","$68,787"
"New Hartford School District","=""0920011""","Equipment","$1,650"
"New Hartford School District","=""0920011""","All Other Expenditures","$380"
"New Hartford School District","=""0920011""","Total","$1,803,737"
"New Haven School District","=""0930011""","Teacher Salaries","$22,502,339"
"New Haven School District","=""0930011""","Instructional Aide Salaries","$1,289,190"
"New Haven School District","=""0930011""","Other Salaries","$4,272,640"
"New Haven School District","=""0930011""","Employee Benefits","$12,713,699"
"New Haven School District","=""0930011""","Purchased Services Other Than Transportation","$3,303,879"
"New Haven School District","=""0930011""","Special Education Tuition","$20,577,961"
"New Haven School District","=""0930011""","Supplies","$185,153"
"New Haven School District","=""0930011""","Property Services","$65,480"
"New Haven School District","=""0930011""","Purchased Services For Transportation","$8,458,013"
"New Haven School District","=""0930011""","Equipment","$53,494"
"New Haven School District","=""0930011""","All Other Expenditures","$401,765"
"New Haven School District","=""0930011""","Total","$73,823,615"
"New London School District","=""0950011""","Teacher Salaries","$3,527,519"
"New London School District","=""0950011""","Instructional Aide Salaries","$1,518,215"
"New London School District","=""0950011""","Other Salaries","$913,935"
"New London School District","=""0950011""","Employee Benefits","$1,580,952"
"New London School District","=""0950011""","Purchased Services Other Than Transportation","$1,171,693"
"New London School District","=""0950011""","Special Education Tuition","$5,554,766"
"New London School District","=""0950011""","Supplies","$67,319"
"New London School District","=""0950011""","Property Services","$0"
"New London School District","=""0950011""","Purchased Services For Transportation","$1,605,963"
"New London School District","=""0950011""","Equipment","$21,147"
"New London School District","=""0950011""","All Other Expenditures","$0"
"New London School District","=""0950011""","Total","$15,961,510"
"New Milford School District","=""0960011""","Teacher Salaries","$5,823,754"
"New Milford School District","=""0960011""","Instructional Aide Salaries","$2,279,492"
"New Milford School District","=""0960011""","Other Salaries","$35,305"
"New Milford School District","=""0960011""","Employee Benefits","$1,651,292"
"New Milford School District","=""0960011""","Purchased Services Other Than Transportation","$2,515,202"
"New Milford School District","=""0960011""","Special Education Tuition","$1,866,839"
"New Milford School District","=""0960011""","Supplies","$88,665"
"New Milford School District","=""0960011""","Property Services","$17,300"
"New Milford School District","=""0960011""","Purchased Services For Transportation","$775,865"
"New Milford School District","=""0960011""","Equipment","$19,775"
"New Milford School District","=""0960011""","All Other Expenditures","$1,575"
"New Milford School District","=""0960011""","Total","$15,075,064"
"Newington School District","=""0940011""","Teacher Salaries","$4,593,256"
"Newington School District","=""0940011""","Instructional Aide Salaries","$2,489,696"
"Newington School District","=""0940011""","Other Salaries","$604,958"
"Newington School District","=""0940011""","Employee Benefits","$1,346,761"
"Newington School District","=""0940011""","Purchased Services Other Than Transportation","$138,979"
"Newington School District","=""0940011""","Special Education Tuition","$2,917,291"
"Newington School District","=""0940011""","Supplies","$123,689"
"Newington School District","=""0940011""","Property Services","$184,550"
"Newington School District","=""0940011""","Purchased Services For Transportation","$625,801"
"Newington School District","=""0940011""","Equipment","$7,323"
"Newington School District","=""0940011""","All Other Expenditures","$1,182"
"Newington School District","=""0940011""","Total","$13,033,486"
"Newtown School District","=""0970011""","Teacher Salaries","$5,220,485"
"Newtown School District","=""0970011""","Instructional Aide Salaries","$1,727,405"
"Newtown School District","=""0970011""","Other Salaries","$2,019,525"
"Newtown School District","=""0970011""","Employee Benefits","$2,150,723"
"Newtown School District","=""0970011""","Purchased Services Other Than Transportation","$463,292"
"Newtown School District","=""0970011""","Special Education Tuition","$4,366,434"
"Newtown School District","=""0970011""","Supplies","$97,039"
"Newtown School District","=""0970011""","Property Services","$34,901"
"Newtown School District","=""0970011""","Purchased Services For Transportation","$1,539,596"
"Newtown School District","=""0970011""","Equipment","$41,641"
"Newtown School District","=""0970011""","All Other Expenditures","$1,522"
"Newtown School District","=""0970011""","Total","$17,662,564"
"Norfolk School District","=""0980011""","Teacher Salaries","$66,498"
"Norfolk School District","=""0980011""","Instructional Aide Salaries","$36,660"
"Norfolk School District","=""0980011""","Other Salaries","$212"
"Norfolk School District","=""0980011""","Employee Benefits","$0"
"Norfolk School District","=""0980011""","Purchased Services Other Than Transportation","$302,961"
"Norfolk School District","=""0980011""","Special Education Tuition","$66,228"
"Norfolk School District","=""0980011""","Supplies","$239"
"Norfolk School District","=""0980011""","Property Services","$0"
"Norfolk School District","=""0980011""","Purchased Services For Transportation","$37,129"
"Norfolk School District","=""0980011""","Equipment","$0"
"Norfolk School District","=""0980011""","All Other Expenditures","$0"
"Norfolk School District","=""0980011""","Total","$509,927"
"North Branford School District","=""0990011""","Teacher Salaries","$2,197,054"
"North Branford School District","=""0990011""","Instructional Aide Salaries","$834,520"
"North Branford School District","=""0990011""","Other Salaries","$597,177"
"North Branford School District","=""0990011""","Employee Benefits","$675,070"
"North Branford School District","=""0990011""","Purchased Services Other Than Transportation","$320,314"
"North Branford School District","=""0990011""","Special Education Tuition","$1,104,215"
"North Branford School District","=""0990011""","Supplies","$37,476"
"North Branford School District","=""0990011""","Property Services","$3,193"
"North Branford School District","=""0990011""","Purchased Services For Transportation","$530,611"
"North Branford School District","=""0990011""","Equipment","$10,515"
"North Branford School District","=""0990011""","All Other Expenditures","$918"
"North Branford School District","=""0990011""","Total","$6,311,064"
"North Canaan School District","=""1000011""","Teacher Salaries","$562,190"
"North Canaan School District","=""1000011""","Instructional Aide Salaries","$6,432"
"North Canaan School District","=""1000011""","Other Salaries","$220,986"
"North Canaan School District","=""1000011""","Employee Benefits","$273,992"
"North Canaan School District","=""1000011""","Purchased Services Other Than Transportation","$16,538"
"North Canaan School District","=""1000011""","Special Education Tuition","$42,825"
"North Canaan School District","=""1000011""","Supplies","$4,162"
"North Canaan School District","=""1000011""","Property Services","$27,432"
"North Canaan School District","=""1000011""","Purchased Services For Transportation","$84,706"
"North Canaan School District","=""1000011""","Equipment","$4,807"
"North Canaan School District","=""1000011""","All Other Expenditures","$0"
"North Canaan School District","=""1000011""","Total","$1,244,070"
"North Haven School District","=""1010011""","Teacher Salaries","$3,957,343"
"North Haven School District","=""1010011""","Instructional Aide Salaries","$1,269,699"
"North Haven School District","=""1010011""","Other Salaries","$87,911"
"North Haven School District","=""1010011""","Employee Benefits","$1,241,187"
"North Haven School District","=""1010011""","Purchased Services Other Than Transportation","$487,762"
"North Haven School District","=""1010011""","Special Education Tuition","$3,486,809"
"North Haven School District","=""1010011""","Supplies","$36,834"
"North Haven School District","=""1010011""","Property Services","$0"
"North Haven School District","=""1010011""","Purchased Services For Transportation","$1,712,644"
"North Haven School District","=""1010011""","Equipment","$826"
"North Haven School District","=""1010011""","All Other Expenditures","$12,347"
"North Haven School District","=""1010011""","Total","$12,293,362"
"North Stonington School District","=""1020011""","Teacher Salaries","$1,092,004"
"North Stonington School District","=""1020011""","Instructional Aide Salaries","$0"
"North Stonington School District","=""1020011""","Other Salaries","$316,575"
"North Stonington School District","=""1020011""","Employee Benefits","$438,865"
"North Stonington School District","=""1020011""","Purchased Services Other Than Transportation","$136,753"
"North Stonington School District","=""1020011""","Special Education Tuition","$15,668"
"North Stonington School District","=""1020011""","Supplies","$21,325"
"North Stonington School District","=""1020011""","Property Services","$0"
"North Stonington School District","=""1020011""","Purchased Services For Transportation","$19,485"
"North Stonington School District","=""1020011""","Equipment","$5,132"
"North Stonington School District","=""1020011""","All Other Expenditures","$1,193"
"North Stonington School District","=""1020011""","Total","$2,046,999"
"Norwalk School District","=""1030011""","Teacher Salaries","$10,113,195"
"Norwalk School District","=""1030011""","Instructional Aide Salaries","$5,495,229"
"Norwalk School District","=""1030011""","Other Salaries","$6,836,834"
"Norwalk School District","=""1030011""","Employee Benefits","$6,616,762"
"Norwalk School District","=""1030011""","Purchased Services Other Than Transportation","$6,909,552"
"Norwalk School District","=""1030011""","Special Education Tuition","$10,467,002"
"Norwalk School District","=""1030011""","Supplies","$440,634"
"Norwalk School District","=""1030011""","Property Services","$10,393"
"Norwalk School District","=""1030011""","Purchased Services For Transportation","$4,124,080"
"Norwalk School District","=""1030011""","Equipment","$792,557"
"Norwalk School District","=""1030011""","All Other Expenditures","$2,374"
"Norwalk School District","=""1030011""","Total","$51,808,612"
"Norwich School District","=""1040011""","Teacher Salaries","$5,418,915"
"Norwich School District","=""1040011""","Instructional Aide Salaries","$0"
"Norwich School District","=""1040011""","Other Salaries","$2,592,302"
"Norwich School District","=""1040011""","Employee Benefits","$1,759,577"
"Norwich School District","=""1040011""","Purchased Services Other Than Transportation","$2,489,860"
"Norwich School District","=""1040011""","Special Education Tuition","$13,982,043"
"Norwich School District","=""1040011""","Supplies","$58,749"
"Norwich School District","=""1040011""","Property Services","$26,242"
"Norwich School District","=""1040011""","Purchased Services For Transportation","$3,447,582"
"Norwich School District","=""1040011""","Equipment","$7,463"
"Norwich School District","=""1040011""","All Other Expenditures","$135"
"Norwich School District","=""1040011""","Total","$29,782,869"
"Odyssey Community School District","=""2630013""","Teacher Salaries","$204,346"
"Odyssey Community School District","=""2630013""","Instructional Aide Salaries","$83,812"
"Odyssey Community School District","=""2630013""","Other Salaries","$0"
"Odyssey Community School District","=""2630013""","Employee Benefits","$52,540"
"Odyssey Community School District","=""2630013""","Purchased Services Other Than Transportation","$0"
"Odyssey Community School District","=""2630013""","Special Education Tuition","$0"
"Odyssey Community School District","=""2630013""","Supplies","$2,617"
"Odyssey Community School District","=""2630013""","Property Services","$0"
"Odyssey Community School District","=""2630013""","Purchased Services For Transportation","$0"
"Odyssey Community School District","=""2630013""","Equipment","$0"
"Odyssey Community School District","=""2630013""","All Other Expenditures","$0"
"Odyssey Community School District","=""2630013""","Total","$343,315"
"Old Saybrook School District","=""1060011""","Teacher Salaries","$2,273,290"
"Old Saybrook School District","=""1060011""","Instructional Aide Salaries","$1,151,687"
"Old Saybrook School District","=""1060011""","Other Salaries","$68,085"
"Old Saybrook School District","=""1060011""","Employee Benefits","$530,470"
"Old Saybrook School District","=""1060011""","Purchased Services Other Than Transportation","$142,873"
"Old Saybrook School District","=""1060011""","Special Education Tuition","$1,095,738"
"Old Saybrook School District","=""1060011""","Supplies","$42,126"
"Old Saybrook School District","=""1060011""","Property Services","$0"
"Old Saybrook School District","=""1060011""","Purchased Services For Transportation","$537,483"
"Old Saybrook School District","=""1060011""","Equipment","$21,183"
"Old Saybrook School District","=""1060011""","All Other Expenditures","$2,326"
"Old Saybrook School District","=""1060011""","Total","$5,865,260"
"Orange School District","=""1070011""","Teacher Salaries","$1,721,192"
"Orange School District","=""1070011""","Instructional Aide Salaries","$0"
"Orange School District","=""1070011""","Other Salaries","$954,748"
"Orange School District","=""1070011""","Employee Benefits","$644,783"
"Orange School District","=""1070011""","Purchased Services Other Than Transportation","$204,200"
"Orange School District","=""1070011""","Special Education Tuition","$671,127"
"Orange School District","=""1070011""","Supplies","$8,923"
"Orange School District","=""1070011""","Property Services","$0"
"Orange School District","=""1070011""","Purchased Services For Transportation","$351,348"
"Orange School District","=""1070011""","Equipment","$15,977"
"Orange School District","=""1070011""","All Other Expenditures","$6,843"
"Orange School District","=""1070011""","Total","$4,579,141"
"Oxford School District","=""1080011""","Teacher Salaries","$2,361,693"
"Oxford School District","=""1080011""","Instructional Aide Salaries","$897,744"
"Oxford School District","=""1080011""","Other Salaries","$747,855"
"Oxford School District","=""1080011""","Employee Benefits","$1,062,282"
"Oxford School District","=""1080011""","Purchased Services Other Than Transportation","$373,883"
"Oxford School District","=""1080011""","Special Education Tuition","$1,739,189"
"Oxford School District","=""1080011""","Supplies","$11,055"
"Oxford School District","=""1080011""","Property Services","$13,204"
"Oxford School District","=""1080011""","Purchased Services For Transportation","$747,741"
"Oxford School District","=""1080011""","Equipment","$16,871"
"Oxford School District","=""1080011""","All Other Expenditures","$633"
"Oxford School District","=""1080011""","Total","$7,972,149"
"Park City Prep Charter School District","=""2830013""","Teacher Salaries","$123,406"
"Park City Prep Charter School District","=""2830013""","Instructional Aide Salaries","$0"
"Park City Prep Charter School District","=""2830013""","Other Salaries","$0"
"Park City Prep Charter School District","=""2830013""","Employee Benefits","$20,421"
"Park City Prep Charter School District","=""2830013""","Purchased Services Other Than Transportation","$0"
"Park City Prep Charter School District","=""2830013""","Special Education Tuition","$0"
"Park City Prep Charter School District","=""2830013""","Supplies","$3,656"
"Park City Prep Charter School District","=""2830013""","Property Services","$0"
"Park City Prep Charter School District","=""2830013""","Purchased Services For Transportation","$0"
"Park City Prep Charter School District","=""2830013""","Equipment","$0"
"Park City Prep Charter School District","=""2830013""","All Other Expenditures","$0"
"Park City Prep Charter School District","=""2830013""","Total","$147,483"
"Path Academy District","=""2930013""","Teacher Salaries","$180,725"
"Path Academy District","=""2930013""","Instructional Aide Salaries","$0"
"Path Academy District","=""2930013""","Other Salaries","$0"
"Path Academy District","=""2930013""","Employee Benefits","$38,075"
"Path Academy District","=""2930013""","Purchased Services Other Than Transportation","$3,804"
"Path Academy District","=""2930013""","Special Education Tuition","$0"
"Path Academy District","=""2930013""","Supplies","$741"
"Path Academy District","=""2930013""","Property Services","$37,439"
"Path Academy District","=""2930013""","Purchased Services For Transportation","$0"
"Path Academy District","=""2930013""","Equipment","$0"
"Path Academy District","=""2930013""","All Other Expenditures","$0"
"Path Academy District","=""2930013""","Total","$260,785"
"Plainfield School District","=""1090011""","Teacher Salaries","$2,032,692"
"Plainfield School District","=""1090011""","Instructional Aide Salaries","$0"
"Plainfield School District","=""1090011""","Other Salaries","$2,126,724"
"Plainfield School District","=""1090011""","Employee Benefits","$1,163,225"
"Plainfield School District","=""1090011""","Purchased Services Other Than Transportation","$316,263"
"Plainfield School District","=""1090011""","Special Education Tuition","$2,465,908"
"Plainfield School District","=""1090011""","Supplies","$85,537"
"Plainfield School District","=""1090011""","Property Services","$1,826"
"Plainfield School District","=""1090011""","Purchased Services For Transportation","$1,059,088"
"Plainfield School District","=""1090011""","Equipment","$0"
"Plainfield School District","=""1090011""","All Other Expenditures","$20"
"Plainfield School District","=""1090011""","Total","$9,251,285"
"Plainville School District","=""1100011""","Teacher Salaries","$3,041,033"
"Plainville School District","=""1100011""","Instructional Aide Salaries","$1,193,201"
"Plainville School District","=""1100011""","Other Salaries","$911,996"
"Plainville School District","=""1100011""","Employee Benefits","$1,110,598"
"Plainville School District","=""1100011""","Purchased Services Other Than Transportation","$127,806"
"Plainville School District","=""1100011""","Special Education Tuition","$1,183,103"
"Plainville School District","=""1100011""","Supplies","$36,089"
"Plainville School District","=""1100011""","Property Services","$690"
"Plainville School District","=""1100011""","Purchased Services For Transportation","$528,333"
"Plainville School District","=""1100011""","Equipment","$6,450"
"Plainville School District","=""1100011""","All Other Expenditures","$500"
"Plainville School District","=""1100011""","Total","$8,139,799"
"Plymouth School District","=""1110011""","Teacher Salaries","$2,137,407"
"Plymouth School District","=""1110011""","Instructional Aide Salaries","$530,041"
"Plymouth School District","=""1110011""","Other Salaries","$625,126"
"Plymouth School District","=""1110011""","Employee Benefits","$869,867"
"Plymouth School District","=""1110011""","Purchased Services Other Than Transportation","$353,393"
"Plymouth School District","=""1110011""","Special Education Tuition","$1,649,966"
"Plymouth School District","=""1110011""","Supplies","$29,744"
"Plymouth School District","=""1110011""","Property Services","$0"
"Plymouth School District","=""1110011""","Purchased Services For Transportation","$595,403"
"Plymouth School District","=""1110011""","Equipment","$3,500"
"Plymouth School District","=""1110011""","All Other Expenditures","$180"
"Plymouth School District","=""1110011""","Total","$6,794,628"
"Pomfret School District","=""1120011""","Teacher Salaries","$417,924"
"Pomfret School District","=""1120011""","Instructional Aide Salaries","$268,922"
"Pomfret School District","=""1120011""","Other Salaries","$361,932"
"Pomfret School District","=""1120011""","Employee Benefits","$245,411"
"Pomfret School District","=""1120011""","Purchased Services Other Than Transportation","$80,847"
"Pomfret School District","=""1120011""","Special Education Tuition","$1,442,917"
"Pomfret School District","=""1120011""","Supplies","$36,599"
"Pomfret School District","=""1120011""","Property Services","$0"
"Pomfret School District","=""1120011""","Purchased Services For Transportation","$291,076"
"Pomfret School District","=""1120011""","Equipment","$1,862"
"Pomfret School District","=""1120011""","All Other Expenditures","$500"
"Pomfret School District","=""1120011""","Total","$3,147,989"
"Portland School District","=""1130011""","Teacher Salaries","$1,410,181"
"Portland School District","=""1130011""","Instructional Aide Salaries","$391,790"
"Portland School District","=""1130011""","Other Salaries","$456,723"
"Portland School District","=""1130011""","Employee Benefits","$731,513"
"Portland School District","=""1130011""","Purchased Services Other Than Transportation","$219,990"
"Portland School District","=""1130011""","Special Education Tuition","$1,109,153"
"Portland School District","=""1130011""","Supplies","$40,684"
"Portland School District","=""1130011""","Property Services","$2,629"
"Portland School District","=""1130011""","Purchased Services For Transportation","$355,119"
"Portland School District","=""1130011""","Equipment","$15,441"
"Portland School District","=""1130011""","All Other Expenditures","$0"
"Portland School District","=""1130011""","Total","$4,733,223"
"Preston School District","=""1140011""","Teacher Salaries","$842,224"
"Preston School District","=""1140011""","Instructional Aide Salaries","$3,632"
"Preston School District","=""1140011""","Other Salaries","$260,498"
"Preston School District","=""1140011""","Employee Benefits","$287,837"
"Preston School District","=""1140011""","Purchased Services Other Than Transportation","$116,497"
"Preston School District","=""1140011""","Special Education Tuition","$1,455,789"
"Preston School District","=""1140011""","Supplies","$6,023"
"Preston School District","=""1140011""","Property Services","$0"
"Preston School District","=""1140011""","Purchased Services For Transportation","$121,358"
"Preston School District","=""1140011""","Equipment","$1,524"
"Preston School District","=""1140011""","All Other Expenditures","$0"
"Preston School District","=""1140011""","Total","$3,095,382"
"Putnam School District","=""1160011""","Teacher Salaries","$1,730,818"
"Putnam School District","=""1160011""","Instructional Aide Salaries","$536,205"
"Putnam School District","=""1160011""","Other Salaries","$228,491"
"Putnam School District","=""1160011""","Employee Benefits","$507,131"
"Putnam School District","=""1160011""","Purchased Services Other Than Transportation","$205,386"
"Putnam School District","=""1160011""","Special Education Tuition","$1,442,849"
"Putnam School District","=""1160011""","Supplies","$48,080"
"Putnam School District","=""1160011""","Property Services","$257"
"Putnam School District","=""1160011""","Purchased Services For Transportation","$38,713"
"Putnam School District","=""1160011""","Equipment","$0"
"Putnam School District","=""1160011""","All Other Expenditures","$2,943"
"Putnam School District","=""1160011""","Total","$4,740,871"
"Redding School District","=""1170011""","Teacher Salaries","$2,958,112"
"Redding School District","=""1170011""","Instructional Aide Salaries","$1,120,223"
"Redding School District","=""1170011""","Other Salaries","$0"
"Redding School District","=""1170011""","Employee Benefits","$1,055,129"
"Redding School District","=""1170011""","Purchased Services Other Than Transportation","$441,401"
"Redding School District","=""1170011""","Special Education Tuition","$140,606"
"Redding School District","=""1170011""","Supplies","$24,221"
"Redding School District","=""1170011""","Property Services","$9,956"
"Redding School District","=""1170011""","Purchased Services For Transportation","$207,848"
"Redding School District","=""1170011""","Equipment","$6,564"
"Redding School District","=""1170011""","All Other Expenditures","$0"
"Redding School District","=""1170011""","Total","$5,964,060"
"Regional School District 01","=""2010012""","Teacher Salaries","$918,567"
"Regional School District 01","=""2010012""","Instructional Aide Salaries","$0"
"Regional School District 01","=""2010012""","Other Salaries","$216,988"
"Regional School District 01","=""2010012""","Employee Benefits","$395,437"
"Regional School District 01","=""2010012""","Purchased Services Other Than Transportation","$23,869"
"Regional School District 01","=""2010012""","Special Education Tuition","$858,710"
"Regional School District 01","=""2010012""","Supplies","$6,005"
"Regional School District 01","=""2010012""","Property Services","$39,591"
"Regional School District 01","=""2010012""","Purchased Services For Transportation","$122,250"
"Regional School District 01","=""2010012""","Equipment","$6,938"
"Regional School District 01","=""2010012""","All Other Expenditures","$0"
"Regional School District 01","=""2010012""","Total","$2,588,355"
"Regional School District 04","=""2040012""","Teacher Salaries","$785,500"
"Regional School District 04","=""2040012""","Instructional Aide Salaries","$586,745"
"Regional School District 04","=""2040012""","Other Salaries","$16,611"
"Regional School District 04","=""2040012""","Employee Benefits","$61,889"
"Regional School District 04","=""2040012""","Purchased Services Other Than Transportation","$325,077"
"Regional School District 04","=""2040012""","Special Education Tuition","$0"
"Regional School District 04","=""2040012""","Supplies","$12,637"
"Regional School District 04","=""2040012""","Property Services","$0"
"Regional School District 04","=""2040012""","Purchased Services For Transportation","$288,927"
"Regional School District 04","=""2040012""","Equipment","$0"
"Regional School District 04","=""2040012""","All Other Expenditures","$320"
"Regional School District 04","=""2040012""","Total","$2,077,706"
"Regional School District 05","=""2050012""","Teacher Salaries","$2,779,236"
"Regional School District 05","=""2050012""","Instructional Aide Salaries","$0"
"Regional School District 05","=""2050012""","Other Salaries","$681,366"
"Regional School District 05","=""2050012""","Employee Benefits","$769,862"
"Regional School District 05","=""2050012""","Purchased Services Other Than Transportation","$343,585"
"Regional School District 05","=""2050012""","Special Education Tuition","$2,587,650"
"Regional School District 05","=""2050012""","Supplies","$23,516"
"Regional School District 05","=""2050012""","Property Services","$0"
"Regional School District 05","=""2050012""","Purchased Services For Transportation","$763,266"
"Regional School District 05","=""2050012""","Equipment","$4,907"
"Regional School District 05","=""2050012""","All Other Expenditures","$1,483"
"Regional School District 05","=""2050012""","Total","$7,954,870"
"Regional School District 06","=""2060012""","Teacher Salaries","$1,382,735"
"Regional School District 06","=""2060012""","Instructional Aide Salaries","$0"
"Regional School District 06","=""2060012""","Other Salaries","$762,495"
"Regional School District 06","=""2060012""","Employee Benefits","$507,643"
"Regional School District 06","=""2060012""","Purchased Services Other Than Transportation","$747,052"
"Regional School District 06","=""2060012""","Special Education Tuition","$344,739"
"Regional School District 06","=""2060012""","Supplies","$19,849"
"Regional School District 06","=""2060012""","Property Services","$0"
"Regional School District 06","=""2060012""","Purchased Services For Transportation","$136,133"
"Regional School District 06","=""2060012""","Equipment","$0"
"Regional School District 06","=""2060012""","All Other Expenditures","$32,600"
"Regional School District 06","=""2060012""","Total","$3,933,247"
"Regional School District 07","=""2070012""","Teacher Salaries","$955,594"
"Regional School District 07","=""2070012""","Instructional Aide Salaries","$173,968"
"Regional School District 07","=""2070012""","Other Salaries","$6,362"
"Regional School District 07","=""2070012""","Employee Benefits","$262,346"
"Regional School District 07","=""2070012""","Purchased Services Other Than Transportation","$1,635,624"
"Regional School District 07","=""2070012""","Special Education Tuition","$1,472,632"
"Regional School District 07","=""2070012""","Supplies","$4,900"
"Regional School District 07","=""2070012""","Property Services","$1,012"
"Regional School District 07","=""2070012""","Purchased Services For Transportation","$485,906"
"Regional School District 07","=""2070012""","Equipment","$19,511"
"Regional School District 07","=""2070012""","All Other Expenditures","$0"
"Regional School District 07","=""2070012""","Total","$5,017,855"
"Regional School District 08","=""2080012""","Teacher Salaries","$1,590,052"
"Regional School District 08","=""2080012""","Instructional Aide Salaries","$683,410"
"Regional School District 08","=""2080012""","Other Salaries","$346,598"
"Regional School District 08","=""2080012""","Employee Benefits","$576,407"
"Regional School District 08","=""2080012""","Purchased Services Other Than Transportation","$1,014,543"
"Regional School District 08","=""2080012""","Special Education Tuition","$1,944,946"
"Regional School District 08","=""2080012""","Supplies","$21,987"
"Regional School District 08","=""2080012""","Property Services","$99"
"Regional School District 08","=""2080012""","Purchased Services For Transportation","$930,440"
"Regional School District 08","=""2080012""","Equipment","$2,883"
"Regional School District 08","=""2080012""","All Other Expenditures","$40"
"Regional School District 08","=""2080012""","Total","$7,111,405"
"Regional School District 09","=""2090012""","Teacher Salaries","$1,392,137"
"Regional School District 09","=""2090012""","Instructional Aide Salaries","$661,909"
"Regional School District 09","=""2090012""","Other Salaries","$0"
"Regional School District 09","=""2090012""","Employee Benefits","$540,271"
"Regional School District 09","=""2090012""","Purchased Services Other Than Transportation","$318,444"
"Regional School District 09","=""2090012""","Special Education Tuition","$3,002,430"
"Regional School District 09","=""2090012""","Supplies","$9,091"
"Regional School District 09","=""2090012""","Property Services","$212"
"Regional School District 09","=""2090012""","Purchased Services For Transportation","$599,317"
"Regional School District 09","=""2090012""","Equipment","$9,403"
"Regional School District 09","=""2090012""","All Other Expenditures","$945"
"Regional School District 09","=""2090012""","Total","$6,534,159"
"Regional School District 10","=""2100012""","Teacher Salaries","$3,241,095"
"Regional School District 10","=""2100012""","Instructional Aide Salaries","$847,862"
"Regional School District 10","=""2100012""","Other Salaries","$529,416"
"Regional School District 10","=""2100012""","Employee Benefits","$972,452"
"Regional School District 10","=""2100012""","Purchased Services Other Than Transportation","$432,842"
"Regional School District 10","=""2100012""","Special Education Tuition","$1,889,452"
"Regional School District 10","=""2100012""","Supplies","$31,140"
"Regional School District 10","=""2100012""","Property Services","$19,764"
"Regional School District 10","=""2100012""","Purchased Services For Transportation","$560,952"
"Regional School District 10","=""2100012""","Equipment","$0"
"Regional School District 10","=""2100012""","All Other Expenditures","$641"
"Regional School District 10","=""2100012""","Total","$8,525,615"
"Regional School District 11","=""2110012""","Teacher Salaries","$334,613"
"Regional School District 11","=""2110012""","Instructional Aide Salaries","$153,212"
"Regional School District 11","=""2110012""","Other Salaries","$0"
"Regional School District 11","=""2110012""","Employee Benefits","$108,911"
"Regional School District 11","=""2110012""","Purchased Services Other Than Transportation","$178,679"
"Regional School District 11","=""2110012""","Special Education Tuition","$421,273"
"Regional School District 11","=""2110012""","Supplies","$2,812"
"Regional School District 11","=""2110012""","Property Services","$0"
"Regional School District 11","=""2110012""","Purchased Services For Transportation","$115,745"
"Regional School District 11","=""2110012""","Equipment","$0"
"Regional School District 11","=""2110012""","All Other Expenditures","$0"
"Regional School District 11","=""2110012""","Total","$1,315,245"
"Regional School District 12","=""2120012""","Teacher Salaries","$1,469,408"
"Regional School District 12","=""2120012""","Instructional Aide Salaries","$569,538"
"Regional School District 12","=""2120012""","Other Salaries","$520,698"
"Regional School District 12","=""2120012""","Employee Benefits","$495,042"
"Regional School District 12","=""2120012""","Purchased Services Other Than Transportation","$534,709"
"Regional School District 12","=""2120012""","Special Education Tuition","$354,980"
"Regional School District 12","=""2120012""","Supplies","$37,938"
"Regional School District 12","=""2120012""","Property Services","$0"
"Regional School District 12","=""2120012""","Purchased Services For Transportation","$220,806"
"Regional School District 12","=""2120012""","Equipment","$9,230"
"Regional School District 12","=""2120012""","All Other Expenditures","$944"
"Regional School District 12","=""2120012""","Total","$4,213,294"
"Regional School District 13","=""2130012""","Teacher Salaries","$1,598,361"
"Regional School District 13","=""2130012""","Instructional Aide Salaries","$1,397,696"
"Regional School District 13","=""2130012""","Other Salaries","$1,238,011"
"Regional School District 13","=""2130012""","Employee Benefits","$1,247,350"
"Regional School District 13","=""2130012""","Purchased Services Other Than Transportation","$276,936"
"Regional School District 13","=""2130012""","Special Education Tuition","$992,793"
"Regional School District 13","=""2130012""","Supplies","$113,239"
"Regional School District 13","=""2130012""","Property Services","$84,326"
"Regional School District 13","=""2130012""","Purchased Services For Transportation","$379,069"
"Regional School District 13","=""2130012""","Equipment","$48,975"
"Regional School District 13","=""2130012""","All Other Expenditures","$4,702"
"Regional School District 13","=""2130012""","Total","$7,381,459"
"Regional School District 14","=""2140012""","Teacher Salaries","$3,233,825"
"Regional School District 14","=""2140012""","Instructional Aide Salaries","$957,519"
"Regional School District 14","=""2140012""","Other Salaries","$300,784"
"Regional School District 14","=""2140012""","Employee Benefits","$912,995"
"Regional School District 14","=""2140012""","Purchased Services Other Than Transportation","$396,794"
"Regional School District 14","=""2140012""","Special Education Tuition","$1,262,440"
"Regional School District 14","=""2140012""","Supplies","$52,776"
"Regional School District 14","=""2140012""","Property Services","$0"
"Regional School District 14","=""2140012""","Purchased Services For Transportation","$695,444"
"Regional School District 14","=""2140012""","Equipment","$1,398"
"Regional School District 14","=""2140012""","All Other Expenditures","$680"
"Regional School District 14","=""2140012""","Total","$7,814,655"
"Regional School District 15","=""2150012""","Teacher Salaries","$5,146,303"
"Regional School District 15","=""2150012""","Instructional Aide Salaries","$2,356,440"
"Regional School District 15","=""2150012""","Other Salaries","$1,271,751"
"Regional School District 15","=""2150012""","Employee Benefits","$2,060,229"
"Regional School District 15","=""2150012""","Purchased Services Other Than Transportation","$799,238"
"Regional School District 15","=""2150012""","Special Education Tuition","$3,428,113"
"Regional School District 15","=""2150012""","Supplies","$85,225"
"Regional School District 15","=""2150012""","Property Services","$120,081"
"Regional School District 15","=""2150012""","Purchased Services For Transportation","$1,595,303"
"Regional School District 15","=""2150012""","Equipment","$4,728"
"Regional School District 15","=""2150012""","All Other Expenditures","$1,220"
"Regional School District 15","=""2150012""","Total","$16,868,631"
"Regional School District 16","=""2160012""","Teacher Salaries","$2,144,212"
"Regional School District 16","=""2160012""","Instructional Aide Salaries","$972,161"
"Regional School District 16","=""2160012""","Other Salaries","$665,432"
"Regional School District 16","=""2160012""","Employee Benefits","$1,047,418"
"Regional School District 16","=""2160012""","Purchased Services Other Than Transportation","$861,664"
"Regional School District 16","=""2160012""","Special Education Tuition","$1,210,815"
"Regional School District 16","=""2160012""","Supplies","$76,373"
"Regional School District 16","=""2160012""","Property Services","$0"
"Regional School District 16","=""2160012""","Purchased Services For Transportation","$912,122"
"Regional School District 16","=""2160012""","Equipment","$2,323"
"Regional School District 16","=""2160012""","All Other Expenditures","$0"
"Regional School District 16","=""2160012""","Total","$7,892,519"
"Regional School District 17","=""2170012""","Teacher Salaries","$2,657,346"
"Regional School District 17","=""2170012""","Instructional Aide Salaries","$1,169,550"
"Regional School District 17","=""2170012""","Other Salaries","$265,208"
"Regional School District 17","=""2170012""","Employee Benefits","$1,140,422"
"Regional School District 17","=""2170012""","Purchased Services Other Than Transportation","$459,998"
"Regional School District 17","=""2170012""","Special Education Tuition","$1,503,154"
"Regional School District 17","=""2170012""","Supplies","$36,766"
"Regional School District 17","=""2170012""","Property Services","$0"
"Regional School District 17","=""2170012""","Purchased Services For Transportation","$877,332"
"Regional School District 17","=""2170012""","Equipment","$16,502"
"Regional School District 17","=""2170012""","All Other Expenditures","$370"
"Regional School District 17","=""2170012""","Total","$8,126,648"
"Regional School District 18","=""2180012""","Teacher Salaries","$2,392,776"
"Regional School District 18","=""2180012""","Instructional Aide Salaries","$1,191,770"
"Regional School District 18","=""2180012""","Other Salaries","$603,575"
"Regional School District 18","=""2180012""","Employee Benefits","$841,136"
"Regional School District 18","=""2180012""","Purchased Services Other Than Transportation","$213,101"
"Regional School District 18","=""2180012""","Special Education Tuition","$908,970"
"Regional School District 18","=""2180012""","Supplies","$58,328"
"Regional School District 18","=""2180012""","Property Services","$0"
"Regional School District 18","=""2180012""","Purchased Services For Transportation","$306,574"
"Regional School District 18","=""2180012""","Equipment","$34"
"Regional School District 18","=""2180012""","All Other Expenditures","$905"
"Regional School District 18","=""2180012""","Total","$6,517,169"
"Regional School District 19","=""2190012""","Teacher Salaries","$1,392,713"
"Regional School District 19","=""2190012""","Instructional Aide Salaries","$251,925"
"Regional School District 19","=""2190012""","Other Salaries","$272,851"
"Regional School District 19","=""2190012""","Employee Benefits","$406,193"
"Regional School District 19","=""2190012""","Purchased Services Other Than Transportation","$1,046,760"
"Regional School District 19","=""2190012""","Special Education Tuition","$1,221,877"
"Regional School District 19","=""2190012""","Supplies","$29,178"
"Regional School District 19","=""2190012""","Property Services","$0"
"Regional School District 19","=""2190012""","Purchased Services For Transportation","$476,325"
"Regional School District 19","=""2190012""","Equipment","$0"
"Regional School District 19","=""2190012""","All Other Expenditures","$58"
"Regional School District 19","=""2190012""","Total","$5,097,880"
"Ridgefield School District","=""1180011""","Teacher Salaries","$5,626,423"
"Ridgefield School District","=""1180011""","Instructional Aide Salaries","$1,997,442"
"Ridgefield School District","=""1180011""","Other Salaries","$1,230,460"
"Ridgefield School District","=""1180011""","Employee Benefits","$2,919,241"
"Ridgefield School District","=""1180011""","Purchased Services Other Than Transportation","$1,976,836"
"Ridgefield School District","=""1180011""","Special Education Tuition","$3,857,361"
"Ridgefield School District","=""1180011""","Supplies","$83,391"
"Ridgefield School District","=""1180011""","Property Services","$19,392"
"Ridgefield School District","=""1180011""","Purchased Services For Transportation","$1,095,529"
"Ridgefield School District","=""1180011""","Equipment","$23,331"
"Ridgefield School District","=""1180011""","All Other Expenditures","$198"
"Ridgefield School District","=""1180011""","Total","$18,829,604"
"Rocky Hill School District","=""1190011""","Teacher Salaries","$3,303,880"
"Rocky Hill School District","=""1190011""","Instructional Aide Salaries","$985,743"
"Rocky Hill School District","=""1190011""","Other Salaries","$419,234"
"Rocky Hill School District","=""1190011""","Employee Benefits","$1,032,884"
"Rocky Hill School District","=""1190011""","Purchased Services Other Than Transportation","$302,879"
"Rocky Hill School District","=""1190011""","Special Education Tuition","$1,763,734"
"Rocky Hill School District","=""1190011""","Supplies","$29,462"
"Rocky Hill School District","=""1190011""","Property Services","$0"
"Rocky Hill School District","=""1190011""","Purchased Services For Transportation","$703,984"
"Rocky Hill School District","=""1190011""","Equipment","$43,266"
"Rocky Hill School District","=""1190011""","All Other Expenditures","$443"
"Rocky Hill School District","=""1190011""","Total","$8,585,510"
"Salem School District","=""1210011""","Teacher Salaries","$532,936"
"Salem School District","=""1210011""","Instructional Aide Salaries","$292,586"
"Salem School District","=""1210011""","Other Salaries","$0"
"Salem School District","=""1210011""","Employee Benefits","$140,592"
"Salem School District","=""1210011""","Purchased Services Other Than Transportation","$256,480"
"Salem School District","=""1210011""","Special Education Tuition","$1,442,967"
"Salem School District","=""1210011""","Supplies","$1,759"
"Salem School District","=""1210011""","Property Services","$0"
"Salem School District","=""1210011""","Purchased Services For Transportation","$212,451"
"Salem School District","=""1210011""","Equipment","$6,727"
"Salem School District","=""1210011""","All Other Expenditures","$0"
"Salem School District","=""1210011""","Total","$2,886,498"
"Salisbury School District","=""1220011""","Teacher Salaries","$571,291"
"Salisbury School District","=""1220011""","Instructional Aide Salaries","$0"
"Salisbury School District","=""1220011""","Other Salaries","$222,830"
"Salisbury School District","=""1220011""","Employee Benefits","$277,815"
"Salisbury School District","=""1220011""","Purchased Services Other Than Transportation","$102,660"
"Salisbury School District","=""1220011""","Special Education Tuition","$0"
"Salisbury School District","=""1220011""","Supplies","$4,220"
"Salisbury School District","=""1220011""","Property Services","$27,814"
"Salisbury School District","=""1220011""","Purchased Services For Transportation","$85,887"
"Salisbury School District","=""1220011""","Equipment","$4,874"
"Salisbury School District","=""1220011""","All Other Expenditures","$0"
"Salisbury School District","=""1220011""","Total","$1,297,391"
"Scotland School District","=""1230011""","Teacher Salaries","$266,809"
"Scotland School District","=""1230011""","Instructional Aide Salaries","$114,580"
"Scotland School District","=""1230011""","Other Salaries","$10,144"
"Scotland School District","=""1230011""","Employee Benefits","$55,819"
"Scotland School District","=""1230011""","Purchased Services Other Than Transportation","$43,997"
"Scotland School District","=""1230011""","Special Education Tuition","$7,788"
"Scotland School District","=""1230011""","Supplies","$3,420"
"Scotland School District","=""1230011""","Property Services","$0"
"Scotland School District","=""1230011""","Purchased Services For Transportation","$0"
"Scotland School District","=""1230011""","Equipment","$0"
"Scotland School District","=""1230011""","All Other Expenditures","$0"
"Scotland School District","=""1230011""","Total","$502,558"
"Seymour School District","=""1240011""","Teacher Salaries","$2,846,475"
"Seymour School District","=""1240011""","Instructional Aide Salaries","$953,424"
"Seymour School District","=""1240011""","Other Salaries","$241,497"
"Seymour School District","=""1240011""","Employee Benefits","$904,373"
"Seymour School District","=""1240011""","Purchased Services Other Than Transportation","$387,074"
"Seymour School District","=""1240011""","Special Education Tuition","$2,129,997"
"Seymour School District","=""1240011""","Supplies","$42,230"
"Seymour School District","=""1240011""","Property Services","$4,050"
"Seymour School District","=""1240011""","Purchased Services For Transportation","$966,874"
"Seymour School District","=""1240011""","Equipment","$1,575"
"Seymour School District","=""1240011""","All Other Expenditures","$360"
"Seymour School District","=""1240011""","Total","$8,477,929"
"Sharon School District","=""1250011""","Teacher Salaries","$314,932"
"Sharon School District","=""1250011""","Instructional Aide Salaries","$0"
"Sharon School District","=""1250011""","Other Salaries","$108,713"
"Sharon School District","=""1250011""","Employee Benefits","$174,711"
"Sharon School District","=""1250011""","Purchased Services Other Than Transportation","$19,667"
"Sharon School District","=""1250011""","Special Education Tuition","$0"
"Sharon School District","=""1250011""","Supplies","$3,153"
"Sharon School District","=""1250011""","Property Services","$0"
"Sharon School District","=""1250011""","Purchased Services For Transportation","$46,072"
"Sharon School District","=""1250011""","Equipment","$2,721"
"Sharon School District","=""1250011""","All Other Expenditures","$0"
"Sharon School District","=""1250011""","Total","$669,969"
"Shelton School District","=""1260011""","Teacher Salaries","$6,600,057"
"Shelton School District","=""1260011""","Instructional Aide Salaries","$1,312,436"
"Shelton School District","=""1260011""","Other Salaries","$1,311,007"
"Shelton School District","=""1260011""","Employee Benefits","$1,875,899"
"Shelton School District","=""1260011""","Purchased Services Other Than Transportation","$370,917"
"Shelton School District","=""1260011""","Special Education Tuition","$2,411,697"
"Shelton School District","=""1260011""","Supplies","$59,796"
"Shelton School District","=""1260011""","Property Services","$1,870"
"Shelton School District","=""1260011""","Purchased Services For Transportation","$1,404,399"
"Shelton School District","=""1260011""","Equipment","$0"
"Shelton School District","=""1260011""","All Other Expenditures","$0"
"Shelton School District","=""1260011""","Total","$15,348,079"
"Sherman School District","=""1270011""","Teacher Salaries","$437,876"
"Sherman School District","=""1270011""","Instructional Aide Salaries","$235,481"
"Sherman School District","=""1270011""","Other Salaries","$412,202"
"Sherman School District","=""1270011""","Employee Benefits","$190,888"
"Sherman School District","=""1270011""","Purchased Services Other Than Transportation","$100,385"
"Sherman School District","=""1270011""","Special Education Tuition","$449,724"
"Sherman School District","=""1270011""","Supplies","$9,028"
"Sherman School District","=""1270011""","Property Services","$0"
"Sherman School District","=""1270011""","Purchased Services For Transportation","$40,986"
"Sherman School District","=""1270011""","Equipment","$3,749"
"Sherman School District","=""1270011""","All Other Expenditures","$788"
"Sherman School District","=""1270011""","Total","$1,881,107"
"Side By Side Charter School District","=""2700013""","Teacher Salaries","$0"
"Side By Side Charter School District","=""2700013""","Instructional Aide Salaries","$0"
"Side By Side Charter School District","=""2700013""","Other Salaries","$0"
"Side By Side Charter School District","=""2700013""","Employee Benefits","$0"
"Side By Side Charter School District","=""2700013""","Purchased Services Other Than Transportation","$143,146"
"Side By Side Charter School District","=""2700013""","Special Education Tuition","$0"
"Side By Side Charter School District","=""2700013""","Supplies","$0"
"Side By Side Charter School District","=""2700013""","Property Services","$0"
"Side By Side Charter School District","=""2700013""","Purchased Services For Transportation","$0"
"Side By Side Charter School District","=""2700013""","Equipment","$0"
"Side By Side Charter School District","=""2700013""","All Other Expenditures","$0"
"Side By Side Charter School District","=""2700013""","Total","$143,146"
"Simsbury School District","=""1280011""","Teacher Salaries","$5,620,085"
"Simsbury School District","=""1280011""","Instructional Aide Salaries","$2,982,719"
"Simsbury School District","=""1280011""","Other Salaries","$566,373"
"Simsbury School District","=""1280011""","Employee Benefits","$1,655,681"
"Simsbury School District","=""1280011""","Purchased Services Other Than Transportation","$576,834"
"Simsbury School District","=""1280011""","Special Education Tuition","$2,568,475"
"Simsbury School District","=""1280011""","Supplies","$31,284"
"Simsbury School District","=""1280011""","Property Services","$0"
"Simsbury School District","=""1280011""","Purchased Services For Transportation","$1,404,513"
"Simsbury School District","=""1280011""","Equipment","$34,557"
"Simsbury School District","=""1280011""","All Other Expenditures","$0"
"Simsbury School District","=""1280011""","Total","$15,440,522"
"Somers School District","=""1290011""","Teacher Salaries","$1,578,257"
"Somers School District","=""1290011""","Instructional Aide Salaries","$777,090"
"Somers School District","=""1290011""","Other Salaries","$269,494"
"Somers School District","=""1290011""","Employee Benefits","$567,912"
"Somers School District","=""1290011""","Purchased Services Other Than Transportation","$226,653"
"Somers School District","=""1290011""","Special Education Tuition","$861,314"
"Somers School District","=""1290011""","Supplies","$40,693"
"Somers School District","=""1290011""","Property Services","$0"
"Somers School District","=""1290011""","Purchased Services For Transportation","$449,049"
"Somers School District","=""1290011""","Equipment","$16,242"
"Somers School District","=""1290011""","All Other Expenditures","$115"
"Somers School District","=""1290011""","Total","$4,786,819"
"South Windsor School District","=""1320011""","Teacher Salaries","$5,201,797"
"South Windsor School District","=""1320011""","Instructional Aide Salaries","$2,657,354"
"South Windsor School District","=""1320011""","Other Salaries","$1,042,009"
"South Windsor School District","=""1320011""","Employee Benefits","$2,239,329"
"South Windsor School District","=""1320011""","Purchased Services Other Than Transportation","$417,701"
"South Windsor School District","=""1320011""","Special Education Tuition","$4,424,516"
"South Windsor School District","=""1320011""","Supplies","$79,293"
"South Windsor School District","=""1320011""","Property Services","$73,697"
"South Windsor School District","=""1320011""","Purchased Services For Transportation","$1,598,941"
"South Windsor School District","=""1320011""","Equipment","$54,153"
"South Windsor School District","=""1320011""","All Other Expenditures","$6,981"
"South Windsor School District","=""1320011""","Total","$17,795,771"
"Southington School District","=""1310011""","Teacher Salaries","$8,202,834"
"Southington School District","=""1310011""","Instructional Aide Salaries","$5,416,832"
"Southington School District","=""1310011""","Other Salaries","$1,440,393"
"Southington School District","=""1310011""","Employee Benefits","$5,036,648"
"Southington School District","=""1310011""","Purchased Services Other Than Transportation","$658,012"
"Southington School District","=""1310011""","Special Education Tuition","$4,920,177"
"Southington School District","=""1310011""","Supplies","$72,516"
"Southington School District","=""1310011""","Property Services","$0"
"Southington School District","=""1310011""","Purchased Services For Transportation","$2,061,357"
"Southington School District","=""1310011""","Equipment","$18,339"
"Southington School District","=""1310011""","All Other Expenditures","$0"
"Southington School District","=""1310011""","Total","$27,827,108"
"Sprague School District","=""1330011""","Teacher Salaries","$262,656"
"Sprague School District","=""1330011""","Instructional Aide Salaries","$276,626"
"Sprague School District","=""1330011""","Other Salaries","$78,578"
"Sprague School District","=""1330011""","Employee Benefits","$217,952"
"Sprague School District","=""1330011""","Purchased Services Other Than Transportation","$310,021"
"Sprague School District","=""1330011""","Special Education Tuition","$590,094"
"Sprague School District","=""1330011""","Supplies","$175"
"Sprague School District","=""1330011""","Property Services","$0"
"Sprague School District","=""1330011""","Purchased Services For Transportation","$83,500"
"Sprague School District","=""1330011""","Equipment","$0"
"Sprague School District","=""1330011""","All Other Expenditures","$760"
"Sprague School District","=""1330011""","Total","$1,820,362"
"Stafford School District","=""1340011""","Teacher Salaries","$1,920,740"
"Stafford School District","=""1340011""","Instructional Aide Salaries","$976,457"
"Stafford School District","=""1340011""","Other Salaries","$196,012"
"Stafford School District","=""1340011""","Employee Benefits","$834,534"
"Stafford School District","=""1340011""","Purchased Services Other Than Transportation","$252,767"
"Stafford School District","=""1340011""","Special Education Tuition","$1,165,316"
"Stafford School District","=""1340011""","Supplies","$15,814"
"Stafford School District","=""1340011""","Property Services","$0"
"Stafford School District","=""1340011""","Purchased Services For Transportation","$596,355"
"Stafford School District","=""1340011""","Equipment","$2,563"
"Stafford School District","=""1340011""","All Other Expenditures","$11,350"
"Stafford School District","=""1340011""","Total","$5,971,908"
"Stamford Academy District","=""2820013""","Teacher Salaries","$74,972"
"Stamford Academy District","=""2820013""","Instructional Aide Salaries","$0"
"Stamford Academy District","=""2820013""","Other Salaries","$0"
"Stamford Academy District","=""2820013""","Employee Benefits","$21,367"
"Stamford Academy District","=""2820013""","Purchased Services Other Than Transportation","$0"
"Stamford Academy District","=""2820013""","Special Education Tuition","$0"
"Stamford Academy District","=""2820013""","Supplies","$0"
"Stamford Academy District","=""2820013""","Property Services","$0"
"Stamford Academy District","=""2820013""","Purchased Services For Transportation","$0"
"Stamford Academy District","=""2820013""","Equipment","$0"
"Stamford Academy District","=""2820013""","All Other Expenditures","$0"
"Stamford Academy District","=""2820013""","Total","$96,339"
"Stamford Charter School for Excellence District","=""2960013""","Teacher Salaries","$75,144"
"Stamford Charter School for Excellence District","=""2960013""","Instructional Aide Salaries","$0"
"Stamford Charter School for Excellence District","=""2960013""","Other Salaries","$0"
"Stamford Charter School for Excellence District","=""2960013""","Employee Benefits","$15,434"
"Stamford Charter School for Excellence District","=""2960013""","Purchased Services Other Than Transportation","$0"
"Stamford Charter School for Excellence District","=""2960013""","Special Education Tuition","$0"
"Stamford Charter School for Excellence District","=""2960013""","Supplies","$2,029"
"Stamford Charter School for Excellence District","=""2960013""","Property Services","$0"
"Stamford Charter School for Excellence District","=""2960013""","Purchased Services For Transportation","$0"
"Stamford Charter School for Excellence District","=""2960013""","Equipment","$0"
"Stamford Charter School for Excellence District","=""2960013""","All Other Expenditures","$0"
"Stamford Charter School for Excellence District","=""2960013""","Total","$92,607"
"Stamford School District","=""1350011""","Teacher Salaries","$16,666,158"
"Stamford School District","=""1350011""","Instructional Aide Salaries","$8,735,035"
"Stamford School District","=""1350011""","Other Salaries","$10,024,648"
"Stamford School District","=""1350011""","Employee Benefits","$10,470,966"
"Stamford School District","=""1350011""","Purchased Services Other Than Transportation","$4,994,297"
"Stamford School District","=""1350011""","Special Education Tuition","$17,549,599"
"Stamford School District","=""1350011""","Supplies","$464,511"
"Stamford School District","=""1350011""","Property Services","$0"
"Stamford School District","=""1350011""","Purchased Services For Transportation","$5,620,785"
"Stamford School District","=""1350011""","Equipment","$88,427"
"Stamford School District","=""1350011""","All Other Expenditures","$67,334"
"Stamford School District","=""1350011""","Total","$74,681,759"
"Sterling School District","=""1360011""","Teacher Salaries","$677,859"
"Sterling School District","=""1360011""","Instructional Aide Salaries","$391,894"
"Sterling School District","=""1360011""","Other Salaries","$115,512"
"Sterling School District","=""1360011""","Employee Benefits","$228,635"
"Sterling School District","=""1360011""","Purchased Services Other Than Transportation","$83,291"
"Sterling School District","=""1360011""","Special Education Tuition","$1,077,452"
"Sterling School District","=""1360011""","Supplies","$47,709"
"Sterling School District","=""1360011""","Property Services","$1,251"
"Sterling School District","=""1360011""","Purchased Services For Transportation","$48,028"
"Sterling School District","=""1360011""","Equipment","$92"
"Sterling School District","=""1360011""","All Other Expenditures","$210"
"Sterling School District","=""1360011""","Total","$2,671,931"
"Stonington School District","=""1370011""","Teacher Salaries","$3,839,511"
"Stonington School District","=""1370011""","Instructional Aide Salaries","$1,479,984"
"Stonington School District","=""1370011""","Other Salaries","$1,017,271"
"Stonington School District","=""1370011""","Employee Benefits","$1,469,694"
"Stonington School District","=""1370011""","Purchased Services Other Than Transportation","$295,434"
"Stonington School District","=""1370011""","Special Education Tuition","$2,413,852"
"Stonington School District","=""1370011""","Supplies","$92,314"
"Stonington School District","=""1370011""","Property Services","$0"
"Stonington School District","=""1370011""","Purchased Services For Transportation","$605,702"
"Stonington School District","=""1370011""","Equipment","$380"
"Stonington School District","=""1370011""","All Other Expenditures","$0"
"Stonington School District","=""1370011""","Total","$11,214,141"
"Stratford School District","=""1380011""","Teacher Salaries","$3,080,505"
"Stratford School District","=""1380011""","Instructional Aide Salaries","$0"
"Stratford School District","=""1380011""","Other Salaries","$10,230,535"
"Stratford School District","=""1380011""","Employee Benefits","$4,184,022"
"Stratford School District","=""1380011""","Purchased Services Other Than Transportation","$3,326,348"
"Stratford School District","=""1380011""","Special Education Tuition","$6,522,343"
"Stratford School District","=""1380011""","Supplies","$35,031"
"Stratford School District","=""1380011""","Property Services","$48,898"
"Stratford School District","=""1380011""","Purchased Services For Transportation","$2,084,516"
"Stratford School District","=""1380011""","Equipment","$21,601"
"Stratford School District","=""1380011""","All Other Expenditures","$200"
"Stratford School District","=""1380011""","Total","$29,534,000"
"Suffield School District","=""1390011""","Teacher Salaries","$2,431,883"
"Suffield School District","=""1390011""","Instructional Aide Salaries","$1,077,116"
"Suffield School District","=""1390011""","Other Salaries","$555,555"
"Suffield School District","=""1390011""","Employee Benefits","$976,168"
"Suffield School District","=""1390011""","Purchased Services Other Than Transportation","$828,983"
"Suffield School District","=""1390011""","Special Education Tuition","$2,286,606"
"Suffield School District","=""1390011""","Supplies","$30,425"
"Suffield School District","=""1390011""","Property Services","$0"
"Suffield School District","=""1390011""","Purchased Services For Transportation","$474,978"
"Suffield School District","=""1390011""","Equipment","$30,995"
"Suffield School District","=""1390011""","All Other Expenditures","$630"
"Suffield School District","=""1390011""","Total","$8,693,338"
"The Bridge Academy District","=""2690013""","Teacher Salaries","$447,976"
"The Bridge Academy District","=""2690013""","Instructional Aide Salaries","$0"
"The Bridge Academy District","=""2690013""","Other Salaries","$0"
"The Bridge Academy District","=""2690013""","Employee Benefits","$58,010"
"The Bridge Academy District","=""2690013""","Purchased Services Other Than Transportation","$0"
"The Bridge Academy District","=""2690013""","Special Education Tuition","$0"
"The Bridge Academy District","=""2690013""","Supplies","$0"
"The Bridge Academy District","=""2690013""","Property Services","$0"
"The Bridge Academy District","=""2690013""","Purchased Services For Transportation","$0"
"The Bridge Academy District","=""2690013""","Equipment","$0"
"The Bridge Academy District","=""2690013""","All Other Expenditures","$0"
"The Bridge Academy District","=""2690013""","Total","$505,986"
"Thomaston School District","=""1400011""","Teacher Salaries","$830,965"
"Thomaston School District","=""1400011""","Instructional Aide Salaries","$435,200"
"Thomaston School District","=""1400011""","Other Salaries","$169,722"
"Thomaston School District","=""1400011""","Employee Benefits","$355,464"
"Thomaston School District","=""1400011""","Purchased Services Other Than Transportation","$491,282"
"Thomaston School District","=""1400011""","Special Education Tuition","$1,031,229"
"Thomaston School District","=""1400011""","Supplies","$35,923"
"Thomaston School District","=""1400011""","Property Services","$470"
"Thomaston School District","=""1400011""","Purchased Services For Transportation","$430,684"
"Thomaston School District","=""1400011""","Equipment","$560"
"Thomaston School District","=""1400011""","All Other Expenditures","$2,555"
"Thomaston School District","=""1400011""","Total","$3,784,053"
"Thompson School District","=""1410011""","Teacher Salaries","$1,491,056"
"Thompson School District","=""1410011""","Instructional Aide Salaries","$564,084"
"Thompson School District","=""1410011""","Other Salaries","$473,617"
"Thompson School District","=""1410011""","Employee Benefits","$668,700"
"Thompson School District","=""1410011""","Purchased Services Other Than Transportation","$267,059"
"Thompson School District","=""1410011""","Special Education Tuition","$1,160,986"
"Thompson School District","=""1410011""","Supplies","$16,126"
"Thompson School District","=""1410011""","Property Services","$2,300"
"Thompson School District","=""1410011""","Purchased Services For Transportation","$217,725"
"Thompson School District","=""1410011""","Equipment","$2,524"
"Thompson School District","=""1410011""","All Other Expenditures","$1,400"
"Thompson School District","=""1410011""","Total","$4,865,578"
"Tolland School District","=""1420011""","Teacher Salaries","$2,733,284"
"Tolland School District","=""1420011""","Instructional Aide Salaries","$0"
"Tolland School District","=""1420011""","Other Salaries","$2,017,554"
"Tolland School District","=""1420011""","Employee Benefits","$1,476,925"
"Tolland School District","=""1420011""","Purchased Services Other Than Transportation","$488,917"
"Tolland School District","=""1420011""","Special Education Tuition","$1,973,124"
"Tolland School District","=""1420011""","Supplies","$59,386"
"Tolland School District","=""1420011""","Property Services","$0"
"Tolland School District","=""1420011""","Purchased Services For Transportation","$887,032"
"Tolland School District","=""1420011""","Equipment","$13,449"
"Tolland School District","=""1420011""","All Other Expenditures","$700"
"Tolland School District","=""1420011""","Total","$9,650,371"
"Torrington School District","=""1430011""","Teacher Salaries","$3,521,406"
"Torrington School District","=""1430011""","Instructional Aide Salaries","$1,835,854"
"Torrington School District","=""1430011""","Other Salaries","$2,911,240"
"Torrington School District","=""1430011""","Employee Benefits","$3,319,311"
"Torrington School District","=""1430011""","Purchased Services Other Than Transportation","$878,382"
"Torrington School District","=""1430011""","Special Education Tuition","$8,204,305"
"Torrington School District","=""1430011""","Supplies","$146,764"
"Torrington School District","=""1430011""","Property Services","$51,623"
"Torrington School District","=""1430011""","Purchased Services For Transportation","$1,962,946"
"Torrington School District","=""1430011""","Equipment","$70"
"Torrington School District","=""1430011""","All Other Expenditures","$5,717"
"Torrington School District","=""1430011""","Total","$22,837,618"
"Trailblazers Academy District","=""2780013""","Teacher Salaries","$83,875"
"Trailblazers Academy District","=""2780013""","Instructional Aide Salaries","$0"
"Trailblazers Academy District","=""2780013""","Other Salaries","$0"
"Trailblazers Academy District","=""2780013""","Employee Benefits","$23,904"
"Trailblazers Academy District","=""2780013""","Purchased Services Other Than Transportation","$0"
"Trailblazers Academy District","=""2780013""","Special Education Tuition","$0"
"Trailblazers Academy District","=""2780013""","Supplies","$0"
"Trailblazers Academy District","=""2780013""","Property Services","$0"
"Trailblazers Academy District","=""2780013""","Purchased Services For Transportation","$0"
"Trailblazers Academy District","=""2780013""","Equipment","$0"
"Trailblazers Academy District","=""2780013""","All Other Expenditures","$0"
"Trailblazers Academy District","=""2780013""","Total","$107,779"
"Trumbull School District","=""1440011""","Teacher Salaries","$9,963,053"
"Trumbull School District","=""1440011""","Instructional Aide Salaries","$0"
"Trumbull School District","=""1440011""","Other Salaries","$4,007,799"
"Trumbull School District","=""1440011""","Employee Benefits","$2,942,905"
"Trumbull School District","=""1440011""","Purchased Services Other Than Transportation","$547,589"
"Trumbull School District","=""1440011""","Special Education Tuition","$4,572,373"
"Trumbull School District","=""1440011""","Supplies","$71,707"
"Trumbull School District","=""1440011""","Property Services","$0"
"Trumbull School District","=""1440011""","Purchased Services For Transportation","$1,764,393"
"Trumbull School District","=""1440011""","Equipment","$16,483"
"Trumbull School District","=""1440011""","All Other Expenditures","$1,820"
"Trumbull School District","=""1440011""","Total","$23,888,122"
"Union School District","=""1450011""","Teacher Salaries","$101,869"
"Union School District","=""1450011""","Instructional Aide Salaries","$53,879"
"Union School District","=""1450011""","Other Salaries","$21,868"
"Union School District","=""1450011""","Employee Benefits","$39,353"
"Union School District","=""1450011""","Purchased Services Other Than Transportation","$112,687"
"Union School District","=""1450011""","Special Education Tuition","$23,081"
"Union School District","=""1450011""","Supplies","$4,330"
"Union School District","=""1450011""","Property Services","$0"
"Union School District","=""1450011""","Purchased Services For Transportation","$5,906"
"Union School District","=""1450011""","Equipment","$796"
"Union School District","=""1450011""","All Other Expenditures","$0"
"Union School District","=""1450011""","Total","$363,768"
"Vernon School District","=""1460011""","Teacher Salaries","$3,380,875"
"Vernon School District","=""1460011""","Instructional Aide Salaries","$2,014,197"
"Vernon School District","=""1460011""","Other Salaries","$2,343,220"
"Vernon School District","=""1460011""","Employee Benefits","$207,323"
"Vernon School District","=""1460011""","Purchased Services Other Than Transportation","$204,581"
"Vernon School District","=""1460011""","Special Education Tuition","$3,200,646"
"Vernon School District","=""1460011""","Supplies","$10,733"
"Vernon School District","=""1460011""","Property Services","$18,000"
"Vernon School District","=""1460011""","Purchased Services For Transportation","$1,858,001"
"Vernon School District","=""1460011""","Equipment","$108,841"
"Vernon School District","=""1460011""","All Other Expenditures","$0"
"Vernon School District","=""1460011""","Total","$13,346,418"
"Voluntown School District","=""1470011""","Teacher Salaries","$398,687"
"Voluntown School District","=""1470011""","Instructional Aide Salaries","$239,050"
"Voluntown School District","=""1470011""","Other Salaries","$38,840"
"Voluntown School District","=""1470011""","Employee Benefits","$124,922"
"Voluntown School District","=""1470011""","Purchased Services Other Than Transportation","$218,545"
"Voluntown School District","=""1470011""","Special Education Tuition","$949,279"
"Voluntown School District","=""1470011""","Supplies","$21,271"
"Voluntown School District","=""1470011""","Property Services","$41,563"
"Voluntown School District","=""1470011""","Purchased Services For Transportation","$18,467"
"Voluntown School District","=""1470011""","Equipment","$1,071"
"Voluntown School District","=""1470011""","All Other Expenditures","$1,171"
"Voluntown School District","=""1470011""","Total","$2,052,867"
"Wallingford School District","=""1480011""","Teacher Salaries","$9,028,621"
"Wallingford School District","=""1480011""","Instructional Aide Salaries","$2,418,859"
"Wallingford School District","=""1480011""","Other Salaries","$1,085,907"
"Wallingford School District","=""1480011""","Employee Benefits","$2,020,107"
"Wallingford School District","=""1480011""","Purchased Services Other Than Transportation","$1,885,922"
"Wallingford School District","=""1480011""","Special Education Tuition","$6,283,301"
"Wallingford School District","=""1480011""","Supplies","$110,305"
"Wallingford School District","=""1480011""","Property Services","$500"
"Wallingford School District","=""1480011""","Purchased Services For Transportation","$2,879,105"
"Wallingford School District","=""1480011""","Equipment","$15,633"
"Wallingford School District","=""1480011""","All Other Expenditures","$1,102"
"Wallingford School District","=""1480011""","Total","$25,729,361"
"Waterbury School District","=""1510011""","Teacher Salaries","$21,455,035"
"Waterbury School District","=""1510011""","Instructional Aide Salaries","$476,531"
"Waterbury School District","=""1510011""","Other Salaries","$12,385,851"
"Waterbury School District","=""1510011""","Employee Benefits","$17,138,773"
"Waterbury School District","=""1510011""","Purchased Services Other Than Transportation","$4,138,437"
"Waterbury School District","=""1510011""","Special Education Tuition","$7,420,878"
"Waterbury School District","=""1510011""","Supplies","$275,853"
"Waterbury School District","=""1510011""","Property Services","$0"
"Waterbury School District","=""1510011""","Purchased Services For Transportation","$6,088,433"
"Waterbury School District","=""1510011""","Equipment","$4,321"
"Waterbury School District","=""1510011""","All Other Expenditures","$0"
"Waterbury School District","=""1510011""","Total","$69,384,112"
"Waterford School District","=""1520011""","Teacher Salaries","$4,613,184"
"Waterford School District","=""1520011""","Instructional Aide Salaries","$1,187,279"
"Waterford School District","=""1520011""","Other Salaries","$987,096"
"Waterford School District","=""1520011""","Employee Benefits","$1,813,841"
"Waterford School District","=""1520011""","Purchased Services Other Than Transportation","$862,519"
"Waterford School District","=""1520011""","Special Education Tuition","$1,951,902"
"Waterford School District","=""1520011""","Supplies","$98,289"
"Waterford School District","=""1520011""","Property Services","$11,608"
"Waterford School District","=""1520011""","Purchased Services For Transportation","$473,279"
"Waterford School District","=""1520011""","Equipment","$31,548"
"Waterford School District","=""1520011""","All Other Expenditures","$38,764"
"Waterford School District","=""1520011""","Total","$12,069,308"
"Watertown School District","=""1530011""","Teacher Salaries","$3,546,837"
"Watertown School District","=""1530011""","Instructional Aide Salaries","$1,299,481"
"Watertown School District","=""1530011""","Other Salaries","$675,603"
"Watertown School District","=""1530011""","Employee Benefits","$1,979,052"
"Watertown School District","=""1530011""","Purchased Services Other Than Transportation","$1,529,757"
"Watertown School District","=""1530011""","Special Education Tuition","$1,862,903"
"Watertown School District","=""1530011""","Supplies","$49,477"
"Watertown School District","=""1530011""","Property Services","$5,170"
"Watertown School District","=""1530011""","Purchased Services For Transportation","$1,301,420"
"Watertown School District","=""1530011""","Equipment","$0"
"Watertown School District","=""1530011""","All Other Expenditures","$830"
"Watertown School District","=""1530011""","Total","$12,250,531"
"West Hartford School District","=""1550011""","Teacher Salaries","$15,132,337"
"West Hartford School District","=""1550011""","Instructional Aide Salaries","$4,705,352"
"West Hartford School District","=""1550011""","Other Salaries","$1,871,315"
"West Hartford School District","=""1550011""","Employee Benefits","$8,046,280"
"West Hartford School District","=""1550011""","Purchased Services Other Than Transportation","$598,586"
"West Hartford School District","=""1550011""","Special Education Tuition","$7,689,341"
"West Hartford School District","=""1550011""","Supplies","$250,355"
"West Hartford School District","=""1550011""","Property Services","$0"
"West Hartford School District","=""1550011""","Purchased Services For Transportation","$3,864,134"
"West Hartford School District","=""1550011""","Equipment","$60,649"
"West Hartford School District","=""1550011""","All Other Expenditures","$0"
"West Hartford School District","=""1550011""","Total","$42,218,349"
"West Haven School District","=""1560011""","Teacher Salaries","$8,723,426"
"West Haven School District","=""1560011""","Instructional Aide Salaries","$3,115,492"
"West Haven School District","=""1560011""","Other Salaries","$421,525"
"West Haven School District","=""1560011""","Employee Benefits","$3,384,199"
"West Haven School District","=""1560011""","Purchased Services Other Than Transportation","$523,161"
"West Haven School District","=""1560011""","Special Education Tuition","$10,793,090"
"West Haven School District","=""1560011""","Supplies","$79,685"
"West Haven School District","=""1560011""","Property Services","$0"
"West Haven School District","=""1560011""","Purchased Services For Transportation","$1,677,967"
"West Haven School District","=""1560011""","Equipment","$0"
"West Haven School District","=""1560011""","All Other Expenditures","$0"
"West Haven School District","=""1560011""","Total","$28,718,545"
"Westbrook School District","=""1540011""","Teacher Salaries","$1,776,844"
"Westbrook School District","=""1540011""","Instructional Aide Salaries","$604,831"
"Westbrook School District","=""1540011""","Other Salaries","$17,419"
"Westbrook School District","=""1540011""","Employee Benefits","$919,436"
"Westbrook School District","=""1540011""","Purchased Services Other Than Transportation","$205,261"
"Westbrook School District","=""1540011""","Special Education Tuition","$580,631"
"Westbrook School District","=""1540011""","Supplies","$16,851"
"Westbrook School District","=""1540011""","Property Services","$0"
"Westbrook School District","=""1540011""","Purchased Services For Transportation","$456,060"
"Westbrook School District","=""1540011""","Equipment","$6,145"
"Westbrook School District","=""1540011""","All Other Expenditures","$870"
"Westbrook School District","=""1540011""","Total","$4,584,349"
"Weston School District","=""1570011""","Teacher Salaries","$3,269,796"
"Weston School District","=""1570011""","Instructional Aide Salaries","$1,413,740"
"Weston School District","=""1570011""","Other Salaries","$1,990,395"
"Weston School District","=""1570011""","Employee Benefits","$1,926,871"
"Weston School District","=""1570011""","Purchased Services Other Than Transportation","$1,020,325"
"Weston School District","=""1570011""","Special Education Tuition","$3,069,632"
"Weston School District","=""1570011""","Supplies","$15,309"
"Weston School District","=""1570011""","Property Services","$0"
"Weston School District","=""1570011""","Purchased Services For Transportation","$154,353"
"Weston School District","=""1570011""","Equipment","$35,866"
"Weston School District","=""1570011""","All Other Expenditures","$0"
"Weston School District","=""1570011""","Total","$12,896,288"
"Westport School District","=""1580011""","Teacher Salaries","$9,656,683"
"Westport School District","=""1580011""","Instructional Aide Salaries","$0"
"Westport School District","=""1580011""","Other Salaries","$4,725,090"
"Westport School District","=""1580011""","Employee Benefits","$2,945,857"
"Westport School District","=""1580011""","Purchased Services Other Than Transportation","$888,540"
"Westport School District","=""1580011""","Special Education Tuition","$3,611,621"
"Westport School District","=""1580011""","Supplies","$135,537"
"Westport School District","=""1580011""","Property Services","$2,541"
"Westport School District","=""1580011""","Purchased Services For Transportation","$1,470,928"
"Westport School District","=""1580011""","Equipment","$23,002"
"Westport School District","=""1580011""","All Other Expenditures","$2,276"
"Westport School District","=""1580011""","Total","$23,462,074"
"Wethersfield School District","=""1590011""","Teacher Salaries","$2,894,473"
"Wethersfield School District","=""1590011""","Instructional Aide Salaries","$2,355,706"
"Wethersfield School District","=""1590011""","Other Salaries","$415,812"
"Wethersfield School District","=""1590011""","Employee Benefits","$1,267,590"
"Wethersfield School District","=""1590011""","Purchased Services Other Than Transportation","$403,465"
"Wethersfield School District","=""1590011""","Special Education Tuition","$6,137,008"
"Wethersfield School District","=""1590011""","Supplies","$30,472"
"Wethersfield School District","=""1590011""","Property Services","$61,750"
"Wethersfield School District","=""1590011""","Purchased Services For Transportation","$2,110,095"
"Wethersfield School District","=""1590011""","Equipment","$13,515"
"Wethersfield School District","=""1590011""","All Other Expenditures","$850"
"Wethersfield School District","=""1590011""","Total","$15,690,736"
"Willington School District","=""1600011""","Teacher Salaries","$812,798"
"Willington School District","=""1600011""","Instructional Aide Salaries","$237,534"
"Willington School District","=""1600011""","Other Salaries","$203,635"
"Willington School District","=""1600011""","Employee Benefits","$279,414"
"Willington School District","=""1600011""","Purchased Services Other Than Transportation","$580,838"
"Willington School District","=""1600011""","Special Education Tuition","$274,293"
"Willington School District","=""1600011""","Supplies","$22,430"
"Willington School District","=""1600011""","Property Services","$9,068"
"Willington School District","=""1600011""","Purchased Services For Transportation","$181,095"
"Willington School District","=""1600011""","Equipment","$2,212"
"Willington School District","=""1600011""","All Other Expenditures","$731"
"Willington School District","=""1600011""","Total","$2,604,049"
"Wilton School District","=""1610011""","Teacher Salaries","$4,217,149"
"Wilton School District","=""1610011""","Instructional Aide Salaries","$2,558,746"
"Wilton School District","=""1610011""","Other Salaries","$4,163,200"
"Wilton School District","=""1610011""","Employee Benefits","$2,497,950"
"Wilton School District","=""1610011""","Purchased Services Other Than Transportation","$1,990,975"
"Wilton School District","=""1610011""","Special Education Tuition","$5,560,767"
"Wilton School District","=""1610011""","Supplies","$62,375"
"Wilton School District","=""1610011""","Property Services","$4,977"
"Wilton School District","=""1610011""","Purchased Services For Transportation","$956,501"
"Wilton School District","=""1610011""","Equipment","$14,329"
"Wilton School District","=""1610011""","All Other Expenditures","$2,000"
"Wilton School District","=""1610011""","Total","$22,028,970"
"Winchester School District","=""1620011""","Teacher Salaries","$1,343,838"
"Winchester School District","=""1620011""","Instructional Aide Salaries","$700,723"
"Winchester School District","=""1620011""","Other Salaries","$371,401"
"Winchester School District","=""1620011""","Employee Benefits","$0"
"Winchester School District","=""1620011""","Purchased Services Other Than Transportation","$304,062"
"Winchester School District","=""1620011""","Special Education Tuition","$2,726,891"
"Winchester School District","=""1620011""","Supplies","$7,937"
"Winchester School District","=""1620011""","Property Services","$0"
"Winchester School District","=""1620011""","Purchased Services For Transportation","$832,140"
"Winchester School District","=""1620011""","Equipment","$1,368"
"Winchester School District","=""1620011""","All Other Expenditures","$0"
"Winchester School District","=""1620011""","Total","$6,288,361"
"Windham School District","=""1630011""","Teacher Salaries","$3,992,295"
"Windham School District","=""1630011""","Instructional Aide Salaries","$2,042,752"
"Windham School District","=""1630011""","Other Salaries","$541,277"
"Windham School District","=""1630011""","Employee Benefits","$1,457,678"
"Windham School District","=""1630011""","Purchased Services Other Than Transportation","$484,919"
"Windham School District","=""1630011""","Special Education Tuition","$4,768,087"
"Windham School District","=""1630011""","Supplies","$54,953"
"Windham School District","=""1630011""","Property Services","$270"
"Windham School District","=""1630011""","Purchased Services For Transportation","$1,095,603"
"Windham School District","=""1630011""","Equipment","$0"
"Windham School District","=""1630011""","All Other Expenditures","$400"
"Windham School District","=""1630011""","Total","$14,438,234"
"Windsor Locks School District","=""1650011""","Teacher Salaries","$2,726,147"
"Windsor Locks School District","=""1650011""","Instructional Aide Salaries","$1,201,122"
"Windsor Locks School District","=""1650011""","Other Salaries","$1,070,007"
"Windsor Locks School District","=""1650011""","Employee Benefits","$633,230"
"Windsor Locks School District","=""1650011""","Purchased Services Other Than Transportation","$357,022"
"Windsor Locks School District","=""1650011""","Special Education Tuition","$755,865"
"Windsor Locks School District","=""1650011""","Supplies","$83,100"
"Windsor Locks School District","=""1650011""","Property Services","$7,377"
"Windsor Locks School District","=""1650011""","Purchased Services For Transportation","$369,697"
"Windsor Locks School District","=""1650011""","Equipment","$16,197"
"Windsor Locks School District","=""1650011""","All Other Expenditures","$2,538"
"Windsor Locks School District","=""1650011""","Total","$7,222,301"
"Windsor School District","=""1640011""","Teacher Salaries","$7,224,542"
"Windsor School District","=""1640011""","Instructional Aide Salaries","$2,175,384"
"Windsor School District","=""1640011""","Other Salaries","$871,082"
"Windsor School District","=""1640011""","Employee Benefits","$10,000"
"Windsor School District","=""1640011""","Purchased Services Other Than Transportation","$364,387"
"Windsor School District","=""1640011""","Special Education Tuition","$4,911,080"
"Windsor School District","=""1640011""","Supplies","$51,531"
"Windsor School District","=""1640011""","Property Services","$55,259"
"Windsor School District","=""1640011""","Purchased Services For Transportation","$2,292,958"
"Windsor School District","=""1640011""","Equipment","$76,031"
"Windsor School District","=""1640011""","All Other Expenditures","$9,079"
"Windsor School District","=""1640011""","Total","$18,041,334"
"Wolcott School District","=""1660011""","Teacher Salaries","$2,321,492"
"Wolcott School District","=""1660011""","Instructional Aide Salaries","$815,037"
"Wolcott School District","=""1660011""","Other Salaries","$335,325"
"Wolcott School District","=""1660011""","Employee Benefits","$450,980"
"Wolcott School District","=""1660011""","Purchased Services Other Than Transportation","$951,552"
"Wolcott School District","=""1660011""","Special Education Tuition","$1,333,042"
"Wolcott School District","=""1660011""","Supplies","$37,652"
"Wolcott School District","=""1660011""","Property Services","$0"
"Wolcott School District","=""1660011""","Purchased Services For Transportation","$657,546"
"Wolcott School District","=""1660011""","Equipment","$638"
"Wolcott School District","=""1660011""","All Other Expenditures","$793"
"Wolcott School District","=""1660011""","Total","$6,904,056"
"Woodbridge School District","=""1670011""","Teacher Salaries","$1,013,307"
"Woodbridge School District","=""1670011""","Instructional Aide Salaries","$364,892"
"Woodbridge School District","=""1670011""","Other Salaries","$189,435"
"Woodbridge School District","=""1670011""","Employee Benefits","$430,649"
"Woodbridge School District","=""1670011""","Purchased Services Other Than Transportation","$213,052"
"Woodbridge School District","=""1670011""","Special Education Tuition","$759,694"
"Woodbridge School District","=""1670011""","Supplies","$22,018"
"Woodbridge School District","=""1670011""","Property Services","$0"
"Woodbridge School District","=""1670011""","Purchased Services For Transportation","$293,441"
"Woodbridge School District","=""1670011""","Equipment","$702"
"Woodbridge School District","=""1670011""","All Other Expenditures","$1,348"
"Woodbridge School District","=""1670011""","Total","$3,288,538"
"Woodstock School District","=""1690011""","Teacher Salaries","$864,075"
"Woodstock School District","=""1690011""","Instructional Aide Salaries","$713,373"
"Woodstock School District","=""1690011""","Other Salaries","$202,433"
"Woodstock School District","=""1690011""","Employee Benefits","$379,410"
"Woodstock School District","=""1690011""","Purchased Services Other Than Transportation","$124,310"
"Woodstock School District","=""1690011""","Special Education Tuition","$2,418,510"
"Woodstock School District","=""1690011""","Supplies","$20,163"
"Woodstock School District","=""1690011""","Property Services","$0"
"Woodstock School District","=""1690011""","Purchased Services For Transportation","$237,899"
"Woodstock School District","=""1690011""","Equipment","$0"
"Woodstock School District","=""1690011""","All Other Expenditures","$200"
"Woodstock School District","=""1690011""","Total","$4,960,373"

