"Special Education Expenditures, 2021-22"
"All Districts"

"District","District Code","Description","Amount"
"Achievement First Bridgeport Academy District","=""2850013""","Teacher Salaries","$641,803"
"Achievement First Bridgeport Academy District","=""2850013""","Instructional Aide Salaries","$0"
"Achievement First Bridgeport Academy District","=""2850013""","Other Salaries","$0"
"Achievement First Bridgeport Academy District","=""2850013""","Employee Benefits","$102,443"
"Achievement First Bridgeport Academy District","=""2850013""","Purchased Services Other Than Transportation","$196,555"
"Achievement First Bridgeport Academy District","=""2850013""","Special Education Tuition","$0"
"Achievement First Bridgeport Academy District","=""2850013""","Supplies","$7,355"
"Achievement First Bridgeport Academy District","=""2850013""","Property Services","$0"
"Achievement First Bridgeport Academy District","=""2850013""","Purchased Services For Transportation","$0"
"Achievement First Bridgeport Academy District","=""2850013""","Equipment","$11,695"
"Achievement First Bridgeport Academy District","=""2850013""","All Other Expenditures","$1,645"
"Achievement First Bridgeport Academy District","=""2850013""","Total","$961,497"
"Achievement First Hartford Academy District","=""2880013""","Teacher Salaries","$1,599,442"
"Achievement First Hartford Academy District","=""2880013""","Instructional Aide Salaries","$0"
"Achievement First Hartford Academy District","=""2880013""","Other Salaries","$0"
"Achievement First Hartford Academy District","=""2880013""","Employee Benefits","$283,349"
"Achievement First Hartford Academy District","=""2880013""","Purchased Services Other Than Transportation","$585,255"
"Achievement First Hartford Academy District","=""2880013""","Special Education Tuition","$0"
"Achievement First Hartford Academy District","=""2880013""","Supplies","$16,266"
"Achievement First Hartford Academy District","=""2880013""","Property Services","$0"
"Achievement First Hartford Academy District","=""2880013""","Purchased Services For Transportation","$0"
"Achievement First Hartford Academy District","=""2880013""","Equipment","$33,516"
"Achievement First Hartford Academy District","=""2880013""","All Other Expenditures","$4,145"
"Achievement First Hartford Academy District","=""2880013""","Total","$2,521,974"
"Amistad Academy District","=""2790013""","Teacher Salaries","$1,507,590"
"Amistad Academy District","=""2790013""","Instructional Aide Salaries","$0"
"Amistad Academy District","=""2790013""","Other Salaries","$0"
"Amistad Academy District","=""2790013""","Employee Benefits","$257,119"
"Amistad Academy District","=""2790013""","Purchased Services Other Than Transportation","$383,733"
"Amistad Academy District","=""2790013""","Special Education Tuition","$0"
"Amistad Academy District","=""2790013""","Supplies","$14,862"
"Amistad Academy District","=""2790013""","Property Services","$0"
"Amistad Academy District","=""2790013""","Purchased Services For Transportation","$0"
"Amistad Academy District","=""2790013""","Equipment","$71,533"
"Amistad Academy District","=""2790013""","All Other Expenditures","$3,782"
"Amistad Academy District","=""2790013""","Total","$2,238,619"
"Andover School District","=""0010011""","Teacher Salaries","$211,816"
"Andover School District","=""0010011""","Instructional Aide Salaries","$47,229"
"Andover School District","=""0010011""","Other Salaries","$48,392"
"Andover School District","=""0010011""","Employee Benefits","$111,974"
"Andover School District","=""0010011""","Purchased Services Other Than Transportation","$51,193"
"Andover School District","=""0010011""","Special Education Tuition","$209,744"
"Andover School District","=""0010011""","Supplies","$11,059"
"Andover School District","=""0010011""","Property Services","$0"
"Andover School District","=""0010011""","Purchased Services For Transportation","$17,902"
"Andover School District","=""0010011""","Equipment","$0"
"Andover School District","=""0010011""","All Other Expenditures","$0"
"Andover School District","=""0010011""","Total","$709,308"
"Ansonia School District","=""0020011""","Teacher Salaries","$1,899,619"
"Ansonia School District","=""0020011""","Instructional Aide Salaries","$649,142"
"Ansonia School District","=""0020011""","Other Salaries","$872,234"
"Ansonia School District","=""0020011""","Employee Benefits","$555,280"
"Ansonia School District","=""0020011""","Purchased Services Other Than Transportation","$797,299"
"Ansonia School District","=""0020011""","Special Education Tuition","$4,900,354"
"Ansonia School District","=""0020011""","Supplies","$106,873"
"Ansonia School District","=""0020011""","Property Services","$720,356"
"Ansonia School District","=""0020011""","Purchased Services For Transportation","$1,468,549"
"Ansonia School District","=""0020011""","Equipment","$7,029"
"Ansonia School District","=""0020011""","All Other Expenditures","$0"
"Ansonia School District","=""0020011""","Total","$11,976,735"
"Area Cooperative Educational Services","=""2440014""","Teacher Salaries","$8,591,992"
"Area Cooperative Educational Services","=""2440014""","Instructional Aide Salaries","$7,748,943"
"Area Cooperative Educational Services","=""2440014""","Other Salaries","$17,459,372"
"Area Cooperative Educational Services","=""2440014""","Employee Benefits","$12,158,812"
"Area Cooperative Educational Services","=""2440014""","Purchased Services Other Than Transportation","$607,430"
"Area Cooperative Educational Services","=""2440014""","Special Education Tuition","$0"
"Area Cooperative Educational Services","=""2440014""","Supplies","$1,797,205"
"Area Cooperative Educational Services","=""2440014""","Property Services","$2,584,479"
"Area Cooperative Educational Services","=""2440014""","Purchased Services For Transportation","$41,942"
"Area Cooperative Educational Services","=""2440014""","Equipment","$776,331"
"Area Cooperative Educational Services","=""2440014""","All Other Expenditures","$12,505"
"Area Cooperative Educational Services","=""2440014""","Total","$51,779,012"
"Ashford School District","=""0030011""","Teacher Salaries","$606,129"
"Ashford School District","=""0030011""","Instructional Aide Salaries","$393,259"
"Ashford School District","=""0030011""","Other Salaries","$206,236"
"Ashford School District","=""0030011""","Employee Benefits","$363,067"
"Ashford School District","=""0030011""","Purchased Services Other Than Transportation","$232,616"
"Ashford School District","=""0030011""","Special Education Tuition","$265,405"
"Ashford School District","=""0030011""","Supplies","$20,985"
"Ashford School District","=""0030011""","Property Services","$0"
"Ashford School District","=""0030011""","Purchased Services For Transportation","$0"
"Ashford School District","=""0030011""","Equipment","$4,365"
"Ashford School District","=""0030011""","All Other Expenditures","$450"
"Ashford School District","=""0030011""","Total","$2,092,511"
"Avon School District","=""0040011""","Teacher Salaries","$5,035,193"
"Avon School District","=""0040011""","Instructional Aide Salaries","$1,412,223"
"Avon School District","=""0040011""","Other Salaries","$656,344"
"Avon School District","=""0040011""","Employee Benefits","$1,881,150"
"Avon School District","=""0040011""","Purchased Services Other Than Transportation","$523,741"
"Avon School District","=""0040011""","Special Education Tuition","$3,614,049"
"Avon School District","=""0040011""","Supplies","$115,113"
"Avon School District","=""0040011""","Property Services","$455"
"Avon School District","=""0040011""","Purchased Services For Transportation","$864,661"
"Avon School District","=""0040011""","Equipment","$36,377"
"Avon School District","=""0040011""","All Other Expenditures","$700"
"Avon School District","=""0040011""","Total","$14,140,006"
"Barkhamsted School District","=""0050011""","Teacher Salaries","$104,864"
"Barkhamsted School District","=""0050011""","Instructional Aide Salaries","$0"
"Barkhamsted School District","=""0050011""","Other Salaries","$227"
"Barkhamsted School District","=""0050011""","Employee Benefits","$0"
"Barkhamsted School District","=""0050011""","Purchased Services Other Than Transportation","$740,841"
"Barkhamsted School District","=""0050011""","Special Education Tuition","$389,927"
"Barkhamsted School District","=""0050011""","Supplies","$706"
"Barkhamsted School District","=""0050011""","Property Services","$0"
"Barkhamsted School District","=""0050011""","Purchased Services For Transportation","$47,781"
"Barkhamsted School District","=""0050011""","Equipment","$509"
"Barkhamsted School District","=""0050011""","All Other Expenditures","$630"
"Barkhamsted School District","=""0050011""","Total","$1,285,485"
"Berlin School District","=""0070011""","Teacher Salaries","$4,551,863"
"Berlin School District","=""0070011""","Instructional Aide Salaries","$1,976,032"
"Berlin School District","=""0070011""","Other Salaries","$1,177,437"
"Berlin School District","=""0070011""","Employee Benefits","$1,502,866"
"Berlin School District","=""0070011""","Purchased Services Other Than Transportation","$666,850"
"Berlin School District","=""0070011""","Special Education Tuition","$3,275,982"
"Berlin School District","=""0070011""","Supplies","$64,244"
"Berlin School District","=""0070011""","Property Services","$0"
"Berlin School District","=""0070011""","Purchased Services For Transportation","$1,292,522"
"Berlin School District","=""0070011""","Equipment","$0"
"Berlin School District","=""0070011""","All Other Expenditures","$12,578"
"Berlin School District","=""0070011""","Total","$14,520,374"
"Bethany School District","=""0080011""","Teacher Salaries","$710,676"
"Bethany School District","=""0080011""","Instructional Aide Salaries","$409,586"
"Bethany School District","=""0080011""","Other Salaries","$219,882"
"Bethany School District","=""0080011""","Employee Benefits","$294,980"
"Bethany School District","=""0080011""","Purchased Services Other Than Transportation","$105,892"
"Bethany School District","=""0080011""","Special Education Tuition","$118,021"
"Bethany School District","=""0080011""","Supplies","$44,697"
"Bethany School District","=""0080011""","Property Services","$0"
"Bethany School District","=""0080011""","Purchased Services For Transportation","$0"
"Bethany School District","=""0080011""","Equipment","$59,534"
"Bethany School District","=""0080011""","All Other Expenditures","$138,301"
"Bethany School District","=""0080011""","Total","$2,101,569"
"Bethel School District","=""0090011""","Teacher Salaries","$3,201,986"
"Bethel School District","=""0090011""","Instructional Aide Salaries","$1,434,081"
"Bethel School District","=""0090011""","Other Salaries","$2,861,027"
"Bethel School District","=""0090011""","Employee Benefits","$2,128,393"
"Bethel School District","=""0090011""","Purchased Services Other Than Transportation","$521,814"
"Bethel School District","=""0090011""","Special Education Tuition","$1,639,365"
"Bethel School District","=""0090011""","Supplies","$58,598"
"Bethel School District","=""0090011""","Property Services","$140"
"Bethel School District","=""0090011""","Purchased Services For Transportation","$1,054,693"
"Bethel School District","=""0090011""","Equipment","$44,840"
"Bethel School District","=""0090011""","All Other Expenditures","$901"
"Bethel School District","=""0090011""","Total","$12,945,837"
"Bloomfield School District","=""0110011""","Teacher Salaries","$3,399,075"
"Bloomfield School District","=""0110011""","Instructional Aide Salaries","$1,359,899"
"Bloomfield School District","=""0110011""","Other Salaries","$1,297,098"
"Bloomfield School District","=""0110011""","Employee Benefits","$1,352,523"
"Bloomfield School District","=""0110011""","Purchased Services Other Than Transportation","$488,677"
"Bloomfield School District","=""0110011""","Special Education Tuition","$3,743,246"
"Bloomfield School District","=""0110011""","Supplies","$37,623"
"Bloomfield School District","=""0110011""","Property Services","$0"
"Bloomfield School District","=""0110011""","Purchased Services For Transportation","$1,159,055"
"Bloomfield School District","=""0110011""","Equipment","$4,651"
"Bloomfield School District","=""0110011""","All Other Expenditures","$200"
"Bloomfield School District","=""0110011""","Total","$12,842,046"
"Bolton School District","=""0120011""","Teacher Salaries","$908,296"
"Bolton School District","=""0120011""","Instructional Aide Salaries","$404,417"
"Bolton School District","=""0120011""","Other Salaries","$280,463"
"Bolton School District","=""0120011""","Employee Benefits","$520,763"
"Bolton School District","=""0120011""","Purchased Services Other Than Transportation","$126,184"
"Bolton School District","=""0120011""","Special Education Tuition","$146,530"
"Bolton School District","=""0120011""","Supplies","$64,951"
"Bolton School District","=""0120011""","Property Services","$0"
"Bolton School District","=""0120011""","Purchased Services For Transportation","$38,103"
"Bolton School District","=""0120011""","Equipment","$0"
"Bolton School District","=""0120011""","All Other Expenditures","$440"
"Bolton School District","=""0120011""","Total","$2,490,148"
"Booker T. Washington Academy District","=""2950013""","Teacher Salaries","$170,203"
"Booker T. Washington Academy District","=""2950013""","Instructional Aide Salaries","$0"
"Booker T. Washington Academy District","=""2950013""","Other Salaries","$123,360"
"Booker T. Washington Academy District","=""2950013""","Employee Benefits","$16,931"
"Booker T. Washington Academy District","=""2950013""","Purchased Services Other Than Transportation","$0"
"Booker T. Washington Academy District","=""2950013""","Special Education Tuition","$0"
"Booker T. Washington Academy District","=""2950013""","Supplies","$0"
"Booker T. Washington Academy District","=""2950013""","Property Services","$0"
"Booker T. Washington Academy District","=""2950013""","Purchased Services For Transportation","$0"
"Booker T. Washington Academy District","=""2950013""","Equipment","$0"
"Booker T. Washington Academy District","=""2950013""","All Other Expenditures","$0"
"Booker T. Washington Academy District","=""2950013""","Total","$310,493"
"Bozrah School District","=""0130011""","Teacher Salaries","$461,361"
"Bozrah School District","=""0130011""","Instructional Aide Salaries","$207,551"
"Bozrah School District","=""0130011""","Other Salaries","$237,310"
"Bozrah School District","=""0130011""","Employee Benefits","$300,093"
"Bozrah School District","=""0130011""","Purchased Services Other Than Transportation","$76,989"
"Bozrah School District","=""0130011""","Special Education Tuition","$794,128"
"Bozrah School District","=""0130011""","Supplies","$5,003"
"Bozrah School District","=""0130011""","Property Services","$12"
"Bozrah School District","=""0130011""","Purchased Services For Transportation","$99,432"
"Bozrah School District","=""0130011""","Equipment","$8,302"
"Bozrah School District","=""0130011""","All Other Expenditures","$250"
"Bozrah School District","=""0130011""","Total","$2,190,430"
"Branford School District","=""0140011""","Teacher Salaries","$4,373,803"
"Branford School District","=""0140011""","Instructional Aide Salaries","$1,612,770"
"Branford School District","=""0140011""","Other Salaries","$407,127"
"Branford School District","=""0140011""","Employee Benefits","$1,925,936"
"Branford School District","=""0140011""","Purchased Services Other Than Transportation","$678,997"
"Branford School District","=""0140011""","Special Education Tuition","$3,172,570"
"Branford School District","=""0140011""","Supplies","$125,950"
"Branford School District","=""0140011""","Property Services","$0"
"Branford School District","=""0140011""","Purchased Services For Transportation","$822,780"
"Branford School District","=""0140011""","Equipment","$49,043"
"Branford School District","=""0140011""","All Other Expenditures","$250"
"Branford School District","=""0140011""","Total","$13,169,224"
"Brass City Charter School District","=""2900013""","Teacher Salaries","$161,715"
"Brass City Charter School District","=""2900013""","Instructional Aide Salaries","$122,552"
"Brass City Charter School District","=""2900013""","Other Salaries","$0"
"Brass City Charter School District","=""2900013""","Employee Benefits","$52,021"
"Brass City Charter School District","=""2900013""","Purchased Services Other Than Transportation","$59,785"
"Brass City Charter School District","=""2900013""","Special Education Tuition","$0"
"Brass City Charter School District","=""2900013""","Supplies","$0"
"Brass City Charter School District","=""2900013""","Property Services","$0"
"Brass City Charter School District","=""2900013""","Purchased Services For Transportation","$0"
"Brass City Charter School District","=""2900013""","Equipment","$0"
"Brass City Charter School District","=""2900013""","All Other Expenditures","$0"
"Brass City Charter School District","=""2900013""","Total","$396,073"
"Bridgeport School District","=""0150011""","Teacher Salaries","$23,109,990"
"Bridgeport School District","=""0150011""","Instructional Aide Salaries","$10,015,478"
"Bridgeport School District","=""0150011""","Other Salaries","$5,314,653"
"Bridgeport School District","=""0150011""","Employee Benefits","$11,975,401"
"Bridgeport School District","=""0150011""","Purchased Services Other Than Transportation","$3,818,151"
"Bridgeport School District","=""0150011""","Special Education Tuition","$26,399,309"
"Bridgeport School District","=""0150011""","Supplies","$359,789"
"Bridgeport School District","=""0150011""","Property Services","$306,648"
"Bridgeport School District","=""0150011""","Purchased Services For Transportation","$14,508,591"
"Bridgeport School District","=""0150011""","Equipment","$2,973"
"Bridgeport School District","=""0150011""","All Other Expenditures","$0"
"Bridgeport School District","=""0150011""","Total","$95,810,983"
"Bristol School District","=""0170011""","Teacher Salaries","$10,260,362"
"Bristol School District","=""0170011""","Instructional Aide Salaries","$3,570,647"
"Bristol School District","=""0170011""","Other Salaries","$2,749,055"
"Bristol School District","=""0170011""","Employee Benefits","$5,084,623"
"Bristol School District","=""0170011""","Purchased Services Other Than Transportation","$3,595,473"
"Bristol School District","=""0170011""","Special Education Tuition","$15,315,786"
"Bristol School District","=""0170011""","Supplies","$155,548"
"Bristol School District","=""0170011""","Property Services","$32,488"
"Bristol School District","=""0170011""","Purchased Services For Transportation","$4,685,518"
"Bristol School District","=""0170011""","Equipment","$71,016"
"Bristol School District","=""0170011""","All Other Expenditures","$2,408"
"Bristol School District","=""0170011""","Total","$45,522,926"
"Brookfield School District","=""0180011""","Teacher Salaries","$3,772,079"
"Brookfield School District","=""0180011""","Instructional Aide Salaries","$1,715,101"
"Brookfield School District","=""0180011""","Other Salaries","$908,854"
"Brookfield School District","=""0180011""","Employee Benefits","$1,575,851"
"Brookfield School District","=""0180011""","Purchased Services Other Than Transportation","$594,815"
"Brookfield School District","=""0180011""","Special Education Tuition","$2,782,590"
"Brookfield School District","=""0180011""","Supplies","$60,313"
"Brookfield School District","=""0180011""","Property Services","$3,102"
"Brookfield School District","=""0180011""","Purchased Services For Transportation","$950,996"
"Brookfield School District","=""0180011""","Equipment","$29,534"
"Brookfield School District","=""0180011""","All Other Expenditures","$2,523"
"Brookfield School District","=""0180011""","Total","$12,395,757"
"Brooklyn School District","=""0190011""","Teacher Salaries","$1,550,630"
"Brooklyn School District","=""0190011""","Instructional Aide Salaries","$1,249,458"
"Brooklyn School District","=""0190011""","Other Salaries","$330,954"
"Brooklyn School District","=""0190011""","Employee Benefits","$778,836"
"Brooklyn School District","=""0190011""","Purchased Services Other Than Transportation","$223,719"
"Brooklyn School District","=""0190011""","Special Education Tuition","$1,942,315"
"Brooklyn School District","=""0190011""","Supplies","$22,069"
"Brooklyn School District","=""0190011""","Property Services","$0"
"Brooklyn School District","=""0190011""","Purchased Services For Transportation","$209,168"
"Brooklyn School District","=""0190011""","Equipment","$0"
"Brooklyn School District","=""0190011""","All Other Expenditures","$5,176"
"Brooklyn School District","=""0190011""","Total","$6,312,323"
"Canaan School District","=""0210011""","Teacher Salaries","$190,382"
"Canaan School District","=""0210011""","Instructional Aide Salaries","$0"
"Canaan School District","=""0210011""","Other Salaries","$41,483"
"Canaan School District","=""0210011""","Employee Benefits","$75,218"
"Canaan School District","=""0210011""","Purchased Services Other Than Transportation","$26,825"
"Canaan School District","=""0210011""","Special Education Tuition","$28,733"
"Canaan School District","=""0210011""","Supplies","$1,318"
"Canaan School District","=""0210011""","Property Services","$0"
"Canaan School District","=""0210011""","Purchased Services For Transportation","$28,510"
"Canaan School District","=""0210011""","Equipment","$447"
"Canaan School District","=""0210011""","All Other Expenditures","$0"
"Canaan School District","=""0210011""","Total","$392,915"
"Canterbury School District","=""0220011""","Teacher Salaries","$382,498"
"Canterbury School District","=""0220011""","Instructional Aide Salaries","$369,873"
"Canterbury School District","=""0220011""","Other Salaries","$197,132"
"Canterbury School District","=""0220011""","Employee Benefits","$219,688"
"Canterbury School District","=""0220011""","Purchased Services Other Than Transportation","$178,426"
"Canterbury School District","=""0220011""","Special Education Tuition","$774,323"
"Canterbury School District","=""0220011""","Supplies","$25,416"
"Canterbury School District","=""0220011""","Property Services","$486"
"Canterbury School District","=""0220011""","Purchased Services For Transportation","$62,544"
"Canterbury School District","=""0220011""","Equipment","$27,420"
"Canterbury School District","=""0220011""","All Other Expenditures","$258"
"Canterbury School District","=""0220011""","Total","$2,238,064"
"Canton School District","=""0230011""","Teacher Salaries","$2,534,680"
"Canton School District","=""0230011""","Instructional Aide Salaries","$879,719"
"Canton School District","=""0230011""","Other Salaries","$115,927"
"Canton School District","=""0230011""","Employee Benefits","$1,008,247"
"Canton School District","=""0230011""","Purchased Services Other Than Transportation","$644,864"
"Canton School District","=""0230011""","Special Education Tuition","$1,957,631"
"Canton School District","=""0230011""","Supplies","$24,642"
"Canton School District","=""0230011""","Property Services","$0"
"Canton School District","=""0230011""","Purchased Services For Transportation","$504,646"
"Canton School District","=""0230011""","Equipment","$0"
"Canton School District","=""0230011""","All Other Expenditures","$9,316"
"Canton School District","=""0230011""","Total","$7,679,673"
"Capital Preparatory Harbor School District","=""2970013""","Teacher Salaries","$439,938"
"Capital Preparatory Harbor School District","=""2970013""","Instructional Aide Salaries","$74,658"
"Capital Preparatory Harbor School District","=""2970013""","Other Salaries","$0"
"Capital Preparatory Harbor School District","=""2970013""","Employee Benefits","$94,029"
"Capital Preparatory Harbor School District","=""2970013""","Purchased Services Other Than Transportation","$0"
"Capital Preparatory Harbor School District","=""2970013""","Special Education Tuition","$0"
"Capital Preparatory Harbor School District","=""2970013""","Supplies","$0"
"Capital Preparatory Harbor School District","=""2970013""","Property Services","$0"
"Capital Preparatory Harbor School District","=""2970013""","Purchased Services For Transportation","$20,960"
"Capital Preparatory Harbor School District","=""2970013""","Equipment","$0"
"Capital Preparatory Harbor School District","=""2970013""","All Other Expenditures","$0"
"Capital Preparatory Harbor School District","=""2970013""","Total","$629,585"
"Capitol Region Education Council","=""2410014""","Teacher Salaries","$21,148,196"
"Capitol Region Education Council","=""2410014""","Instructional Aide Salaries","$8,097,941"
"Capitol Region Education Council","=""2410014""","Other Salaries","$9,112,647"
"Capitol Region Education Council","=""2410014""","Employee Benefits","$10,376,675"
"Capitol Region Education Council","=""2410014""","Purchased Services Other Than Transportation","$3,730,490"
"Capitol Region Education Council","=""2410014""","Special Education Tuition","$0"
"Capitol Region Education Council","=""2410014""","Supplies","$730,560"
"Capitol Region Education Council","=""2410014""","Property Services","$1,882,393"
"Capitol Region Education Council","=""2410014""","Purchased Services For Transportation","$0"
"Capitol Region Education Council","=""2410014""","Equipment","$37,495"
"Capitol Region Education Council","=""2410014""","All Other Expenditures","$6,083"
"Capitol Region Education Council","=""2410014""","Total","$55,122,481"
"Chaplin School District","=""0240011""","Teacher Salaries","$348,056"
"Chaplin School District","=""0240011""","Instructional Aide Salaries","$144,667"
"Chaplin School District","=""0240011""","Other Salaries","$0"
"Chaplin School District","=""0240011""","Employee Benefits","$65,242"
"Chaplin School District","=""0240011""","Purchased Services Other Than Transportation","$118,370"
"Chaplin School District","=""0240011""","Special Education Tuition","$135,458"
"Chaplin School District","=""0240011""","Supplies","$3,209"
"Chaplin School District","=""0240011""","Property Services","$0"
"Chaplin School District","=""0240011""","Purchased Services For Transportation","$48,894"
"Chaplin School District","=""0240011""","Equipment","$1,688"
"Chaplin School District","=""0240011""","All Other Expenditures","$150"
"Chaplin School District","=""0240011""","Total","$865,733"
"Cheshire School District","=""0250011""","Teacher Salaries","$7,143,151"
"Cheshire School District","=""0250011""","Instructional Aide Salaries","$2,830,498"
"Cheshire School District","=""0250011""","Other Salaries","$2,081,225"
"Cheshire School District","=""0250011""","Employee Benefits","$3,713,983"
"Cheshire School District","=""0250011""","Purchased Services Other Than Transportation","$836,378"
"Cheshire School District","=""0250011""","Special Education Tuition","$1,936,382"
"Cheshire School District","=""0250011""","Supplies","$270,143"
"Cheshire School District","=""0250011""","Property Services","$84,915"
"Cheshire School District","=""0250011""","Purchased Services For Transportation","$893,604"
"Cheshire School District","=""0250011""","Equipment","$0"
"Cheshire School District","=""0250011""","All Other Expenditures","$1,200"
"Cheshire School District","=""0250011""","Total","$19,791,479"
"Chester School District","=""0260011""","Teacher Salaries","$264,558"
"Chester School District","=""0260011""","Instructional Aide Salaries","$304,478"
"Chester School District","=""0260011""","Other Salaries","$64,451"
"Chester School District","=""0260011""","Employee Benefits","$223,846"
"Chester School District","=""0260011""","Purchased Services Other Than Transportation","$3,309"
"Chester School District","=""0260011""","Special Education Tuition","$0"
"Chester School District","=""0260011""","Supplies","$5,670"
"Chester School District","=""0260011""","Property Services","$736"
"Chester School District","=""0260011""","Purchased Services For Transportation","$81,546"
"Chester School District","=""0260011""","Equipment","$0"
"Chester School District","=""0260011""","All Other Expenditures","$0"
"Chester School District","=""0260011""","Total","$948,596"
"Clinton School District","=""0270011""","Teacher Salaries","$3,253,951"
"Clinton School District","=""0270011""","Instructional Aide Salaries","$1,228,459"
"Clinton School District","=""0270011""","Other Salaries","$364,322"
"Clinton School District","=""0270011""","Employee Benefits","$1,108,793"
"Clinton School District","=""0270011""","Purchased Services Other Than Transportation","$348,353"
"Clinton School District","=""0270011""","Special Education Tuition","$1,511,938"
"Clinton School District","=""0270011""","Supplies","$27,989"
"Clinton School District","=""0270011""","Property Services","$0"
"Clinton School District","=""0270011""","Purchased Services For Transportation","$745,993"
"Clinton School District","=""0270011""","Equipment","$0"
"Clinton School District","=""0270011""","All Other Expenditures","$880"
"Clinton School District","=""0270011""","Total","$8,590,678"
"Colchester School District","=""0280011""","Teacher Salaries","$3,563,411"
"Colchester School District","=""0280011""","Instructional Aide Salaries","$1,548,591"
"Colchester School District","=""0280011""","Other Salaries","$444,440"
"Colchester School District","=""0280011""","Employee Benefits","$1,229,499"
"Colchester School District","=""0280011""","Purchased Services Other Than Transportation","$438,923"
"Colchester School District","=""0280011""","Special Education Tuition","$1,564,481"
"Colchester School District","=""0280011""","Supplies","$56,860"
"Colchester School District","=""0280011""","Property Services","$0"
"Colchester School District","=""0280011""","Purchased Services For Transportation","$1,010,710"
"Colchester School District","=""0280011""","Equipment","$0"
"Colchester School District","=""0280011""","All Other Expenditures","$1,049"
"Colchester School District","=""0280011""","Total","$9,857,964"
"Colebrook School District","=""0290011""","Teacher Salaries","$63,209"
"Colebrook School District","=""0290011""","Instructional Aide Salaries","$45,347"
"Colebrook School District","=""0290011""","Other Salaries","$0"
"Colebrook School District","=""0290011""","Employee Benefits","$4,379"
"Colebrook School District","=""0290011""","Purchased Services Other Than Transportation","$261,107"
"Colebrook School District","=""0290011""","Special Education Tuition","$0"
"Colebrook School District","=""0290011""","Supplies","$942"
"Colebrook School District","=""0290011""","Property Services","$0"
"Colebrook School District","=""0290011""","Purchased Services For Transportation","$40,079"
"Colebrook School District","=""0290011""","Equipment","$0"
"Colebrook School District","=""0290011""","All Other Expenditures","$32,891"
"Colebrook School District","=""0290011""","Total","$447,953"
"Columbia School District","=""0300011""","Teacher Salaries","$929,925"
"Columbia School District","=""0300011""","Instructional Aide Salaries","$424,299"
"Columbia School District","=""0300011""","Other Salaries","$308,106"
"Columbia School District","=""0300011""","Employee Benefits","$473,706"
"Columbia School District","=""0300011""","Purchased Services Other Than Transportation","$195,580"
"Columbia School District","=""0300011""","Special Education Tuition","$630,867"
"Columbia School District","=""0300011""","Supplies","$30,620"
"Columbia School District","=""0300011""","Property Services","$0"
"Columbia School District","=""0300011""","Purchased Services For Transportation","$178,513"
"Columbia School District","=""0300011""","Equipment","$11,045"
"Columbia School District","=""0300011""","All Other Expenditures","$0"
"Columbia School District","=""0300011""","Total","$3,182,660"
"Common Ground High School District","=""2680013""","Teacher Salaries","$179,521"
"Common Ground High School District","=""2680013""","Instructional Aide Salaries","$65,791"
"Common Ground High School District","=""2680013""","Other Salaries","$183,137"
"Common Ground High School District","=""2680013""","Employee Benefits","$77,393"
"Common Ground High School District","=""2680013""","Purchased Services Other Than Transportation","$43,041"
"Common Ground High School District","=""2680013""","Special Education Tuition","$0"
"Common Ground High School District","=""2680013""","Supplies","$48,020"
"Common Ground High School District","=""2680013""","Property Services","$0"
"Common Ground High School District","=""2680013""","Purchased Services For Transportation","$0"
"Common Ground High School District","=""2680013""","Equipment","$0"
"Common Ground High School District","=""2680013""","All Other Expenditures","$0"
"Common Ground High School District","=""2680013""","Total","$596,904"
"Connecticut Technical Education and Career System","=""9000016""","Teacher Salaries","$0"
"Connecticut Technical Education and Career System","=""9000016""","Instructional Aide Salaries","$0"
"Connecticut Technical Education and Career System","=""9000016""","Other Salaries","$0"
"Connecticut Technical Education and Career System","=""9000016""","Employee Benefits","$0"
"Connecticut Technical Education and Career System","=""9000016""","Purchased Services Other Than Transportation","$0"
"Connecticut Technical Education and Career System","=""9000016""","Special Education Tuition","$0"
"Connecticut Technical Education and Career System","=""9000016""","Supplies","$0"
"Connecticut Technical Education and Career System","=""9000016""","Property Services","$0"
"Connecticut Technical Education and Career System","=""9000016""","Purchased Services For Transportation","$0"
"Connecticut Technical Education and Career System","=""9000016""","Equipment","$0"
"Connecticut Technical Education and Career System","=""9000016""","All Other Expenditures","$0"
"Connecticut Technical Education and Career System","=""9000016""","Total","$0"
"Cooperative Educational Services","=""2430014""","Teacher Salaries","$7,516,698"
"Cooperative Educational Services","=""2430014""","Instructional Aide Salaries","$4,912,329"
"Cooperative Educational Services","=""2430014""","Other Salaries","$3,652,659"
"Cooperative Educational Services","=""2430014""","Employee Benefits","$3,933,462"
"Cooperative Educational Services","=""2430014""","Purchased Services Other Than Transportation","$5,376,354"
"Cooperative Educational Services","=""2430014""","Special Education Tuition","$0"
"Cooperative Educational Services","=""2430014""","Supplies","$711,021"
"Cooperative Educational Services","=""2430014""","Property Services","$945,063"
"Cooperative Educational Services","=""2430014""","Purchased Services For Transportation","$0"
"Cooperative Educational Services","=""2430014""","Equipment","$214,655"
"Cooperative Educational Services","=""2430014""","All Other Expenditures","$18,396"
"Cooperative Educational Services","=""2430014""","Total","$27,280,637"
"Cornwall School District","=""0310011""","Teacher Salaries","$259,473"
"Cornwall School District","=""0310011""","Instructional Aide Salaries","$0"
"Cornwall School District","=""0310011""","Other Salaries","$56,229"
"Cornwall School District","=""0310011""","Employee Benefits","$102,037"
"Cornwall School District","=""0310011""","Purchased Services Other Than Transportation","$32,098"
"Cornwall School District","=""0310011""","Special Education Tuition","$10,649"
"Cornwall School District","=""0310011""","Supplies","$1,850"
"Cornwall School District","=""0310011""","Property Services","$0"
"Cornwall School District","=""0310011""","Purchased Services For Transportation","$38,644"
"Cornwall School District","=""0310011""","Equipment","$653"
"Cornwall School District","=""0310011""","All Other Expenditures","$0"
"Cornwall School District","=""0310011""","Total","$501,632"
"Coventry School District","=""0320011""","Teacher Salaries","$1,967,403"
"Coventry School District","=""0320011""","Instructional Aide Salaries","$720,233"
"Coventry School District","=""0320011""","Other Salaries","$1,416,844"
"Coventry School District","=""0320011""","Employee Benefits","$1,051,855"
"Coventry School District","=""0320011""","Purchased Services Other Than Transportation","$185,759"
"Coventry School District","=""0320011""","Special Education Tuition","$1,123,510"
"Coventry School District","=""0320011""","Supplies","$25,755"
"Coventry School District","=""0320011""","Property Services","$0"
"Coventry School District","=""0320011""","Purchased Services For Transportation","$318,412"
"Coventry School District","=""0320011""","Equipment","$6,915"
"Coventry School District","=""0320011""","All Other Expenditures","$1,658"
"Coventry School District","=""0320011""","Total","$6,818,346"
"Cromwell School District","=""0330011""","Teacher Salaries","$2,172,526"
"Cromwell School District","=""0330011""","Instructional Aide Salaries","$1,130,573"
"Cromwell School District","=""0330011""","Other Salaries","$213,779"
"Cromwell School District","=""0330011""","Employee Benefits","$1,249,624"
"Cromwell School District","=""0330011""","Purchased Services Other Than Transportation","$527,281"
"Cromwell School District","=""0330011""","Special Education Tuition","$2,998,429"
"Cromwell School District","=""0330011""","Supplies","$21,712"
"Cromwell School District","=""0330011""","Property Services","$0"
"Cromwell School District","=""0330011""","Purchased Services For Transportation","$953,088"
"Cromwell School District","=""0330011""","Equipment","$3,289"
"Cromwell School District","=""0330011""","All Other Expenditures","$559"
"Cromwell School District","=""0330011""","Total","$9,270,861"
"Danbury School District","=""0340011""","Teacher Salaries","$16,070,330"
"Danbury School District","=""0340011""","Instructional Aide Salaries","$3,418,729"
"Danbury School District","=""0340011""","Other Salaries","$7,618,911"
"Danbury School District","=""0340011""","Employee Benefits","$5,594,549"
"Danbury School District","=""0340011""","Purchased Services Other Than Transportation","$977,706"
"Danbury School District","=""0340011""","Special Education Tuition","$2,477,221"
"Danbury School District","=""0340011""","Supplies","$140,796"
"Danbury School District","=""0340011""","Property Services","$0"
"Danbury School District","=""0340011""","Purchased Services For Transportation","$4,343,403"
"Danbury School District","=""0340011""","Equipment","$82,848"
"Danbury School District","=""0340011""","All Other Expenditures","$0"
"Danbury School District","=""0340011""","Total","$40,724,494"
"Darien School District","=""0350011""","Teacher Salaries","$6,528,495"
"Darien School District","=""0350011""","Instructional Aide Salaries","$4,224,342"
"Darien School District","=""0350011""","Other Salaries","$7,064,535"
"Darien School District","=""0350011""","Employee Benefits","$4,313,978"
"Darien School District","=""0350011""","Purchased Services Other Than Transportation","$4,115,291"
"Darien School District","=""0350011""","Special Education Tuition","$6,691,882"
"Darien School District","=""0350011""","Supplies","$164,806"
"Darien School District","=""0350011""","Property Services","$0"
"Darien School District","=""0350011""","Purchased Services For Transportation","$1,293,410"
"Darien School District","=""0350011""","Equipment","$172,034"
"Darien School District","=""0350011""","All Other Expenditures","$670"
"Darien School District","=""0350011""","Total","$34,569,444"
"Deep River School District","=""0360011""","Teacher Salaries","$350,145"
"Deep River School District","=""0360011""","Instructional Aide Salaries","$198,261"
"Deep River School District","=""0360011""","Other Salaries","$68,299"
"Deep River School District","=""0360011""","Employee Benefits","$203,842"
"Deep River School District","=""0360011""","Purchased Services Other Than Transportation","$3,817"
"Deep River School District","=""0360011""","Special Education Tuition","$0"
"Deep River School District","=""0360011""","Supplies","$5,057"
"Deep River School District","=""0360011""","Property Services","$804"
"Deep River School District","=""0360011""","Purchased Services For Transportation","$56,498"
"Deep River School District","=""0360011""","Equipment","$0"
"Deep River School District","=""0360011""","All Other Expenditures","$0"
"Deep River School District","=""0360011""","Total","$886,724"
"Derby School District","=""0370011""","Teacher Salaries","$1,155,741"
"Derby School District","=""0370011""","Instructional Aide Salaries","$1,081,784"
"Derby School District","=""0370011""","Other Salaries","$610,550"
"Derby School District","=""0370011""","Employee Benefits","$716,974"
"Derby School District","=""0370011""","Purchased Services Other Than Transportation","$139,771"
"Derby School District","=""0370011""","Special Education Tuition","$2,342,159"
"Derby School District","=""0370011""","Supplies","$50,991"
"Derby School District","=""0370011""","Property Services","$470"
"Derby School District","=""0370011""","Purchased Services For Transportation","$473,987"
"Derby School District","=""0370011""","Equipment","$13,687"
"Derby School District","=""0370011""","All Other Expenditures","$0"
"Derby School District","=""0370011""","Total","$6,586,114"
"East Granby School District","=""0400011""","Teacher Salaries","$1,336,950"
"East Granby School District","=""0400011""","Instructional Aide Salaries","$666,501"
"East Granby School District","=""0400011""","Other Salaries","$301,871"
"East Granby School District","=""0400011""","Employee Benefits","$345,442"
"East Granby School District","=""0400011""","Purchased Services Other Than Transportation","$827,411"
"East Granby School District","=""0400011""","Special Education Tuition","$760,578"
"East Granby School District","=""0400011""","Supplies","$28,866"
"East Granby School District","=""0400011""","Property Services","$2,706"
"East Granby School District","=""0400011""","Purchased Services For Transportation","$484,607"
"East Granby School District","=""0400011""","Equipment","$15,068"
"East Granby School District","=""0400011""","All Other Expenditures","$0"
"East Granby School District","=""0400011""","Total","$4,770,000"
"East Haddam School District","=""0410011""","Teacher Salaries","$1,565,189"
"East Haddam School District","=""0410011""","Instructional Aide Salaries","$769,625"
"East Haddam School District","=""0410011""","Other Salaries","$206,624"
"East Haddam School District","=""0410011""","Employee Benefits","$578,858"
"East Haddam School District","=""0410011""","Purchased Services Other Than Transportation","$307,544"
"East Haddam School District","=""0410011""","Special Education Tuition","$1,205,731"
"East Haddam School District","=""0410011""","Supplies","$69,505"
"East Haddam School District","=""0410011""","Property Services","$24,945"
"East Haddam School District","=""0410011""","Purchased Services For Transportation","$415,639"
"East Haddam School District","=""0410011""","Equipment","$3,025"
"East Haddam School District","=""0410011""","All Other Expenditures","$1,720"
"East Haddam School District","=""0410011""","Total","$5,148,406"
"East Hampton School District","=""0420011""","Teacher Salaries","$4,161,118"
"East Hampton School District","=""0420011""","Instructional Aide Salaries","$2,055,848"
"East Hampton School District","=""0420011""","Other Salaries","$321,891"
"East Hampton School District","=""0420011""","Employee Benefits","$1,728,221"
"East Hampton School District","=""0420011""","Purchased Services Other Than Transportation","$754,601"
"East Hampton School District","=""0420011""","Special Education Tuition","$1,162,031"
"East Hampton School District","=""0420011""","Supplies","$138,030"
"East Hampton School District","=""0420011""","Property Services","$13,470"
"East Hampton School District","=""0420011""","Purchased Services For Transportation","$589,410"
"East Hampton School District","=""0420011""","Equipment","$0"
"East Hampton School District","=""0420011""","All Other Expenditures","$1,140"
"East Hampton School District","=""0420011""","Total","$10,925,761"
"East Hartford School District","=""0430011""","Teacher Salaries","$10,804,938"
"East Hartford School District","=""0430011""","Instructional Aide Salaries","$3,162,169"
"East Hartford School District","=""0430011""","Other Salaries","$4,319,510"
"East Hartford School District","=""0430011""","Employee Benefits","$2,767,220"
"East Hartford School District","=""0430011""","Purchased Services Other Than Transportation","$431,972"
"East Hartford School District","=""0430011""","Special Education Tuition","$7,151,977"
"East Hartford School District","=""0430011""","Supplies","$189,034"
"East Hartford School District","=""0430011""","Property Services","$2,700"
"East Hartford School District","=""0430011""","Purchased Services For Transportation","$3,059,084"
"East Hartford School District","=""0430011""","Equipment","$2,757"
"East Hartford School District","=""0430011""","All Other Expenditures","$156"
"East Hartford School District","=""0430011""","Total","$31,891,516"
"East Haven School District","=""0440011""","Teacher Salaries","$3,266,093"
"East Haven School District","=""0440011""","Instructional Aide Salaries","$1,424,122"
"East Haven School District","=""0440011""","Other Salaries","$1,174,596"
"East Haven School District","=""0440011""","Employee Benefits","$2,545,891"
"East Haven School District","=""0440011""","Purchased Services Other Than Transportation","$710,711"
"East Haven School District","=""0440011""","Special Education Tuition","$5,114,496"
"East Haven School District","=""0440011""","Supplies","$42,006"
"East Haven School District","=""0440011""","Property Services","$0"
"East Haven School District","=""0440011""","Purchased Services For Transportation","$1,804,223"
"East Haven School District","=""0440011""","Equipment","$28,506"
"East Haven School District","=""0440011""","All Other Expenditures","$0"
"East Haven School District","=""0440011""","Total","$16,110,643"
"East Lyme School District","=""0450011""","Teacher Salaries","$5,415,212"
"East Lyme School District","=""0450011""","Instructional Aide Salaries","$2,199,495"
"East Lyme School District","=""0450011""","Other Salaries","$1,374,798"
"East Lyme School District","=""0450011""","Employee Benefits","$2,758,367"
"East Lyme School District","=""0450011""","Purchased Services Other Than Transportation","$1,158,530"
"East Lyme School District","=""0450011""","Special Education Tuition","$1,304,443"
"East Lyme School District","=""0450011""","Supplies","$99,566"
"East Lyme School District","=""0450011""","Property Services","$0"
"East Lyme School District","=""0450011""","Purchased Services For Transportation","$722,393"
"East Lyme School District","=""0450011""","Equipment","$45,104"
"East Lyme School District","=""0450011""","All Other Expenditures","$3,975"
"East Lyme School District","=""0450011""","Total","$15,081,884"
"East Windsor School District","=""0470011""","Teacher Salaries","$3,130,042"
"East Windsor School District","=""0470011""","Instructional Aide Salaries","$1,755,423"
"East Windsor School District","=""0470011""","Other Salaries","$830,829"
"East Windsor School District","=""0470011""","Employee Benefits","$1,361,723"
"East Windsor School District","=""0470011""","Purchased Services Other Than Transportation","$261,281"
"East Windsor School District","=""0470011""","Special Education Tuition","$614,337"
"East Windsor School District","=""0470011""","Supplies","$17,798"
"East Windsor School District","=""0470011""","Property Services","$0"
"East Windsor School District","=""0470011""","Purchased Services For Transportation","$423,243"
"East Windsor School District","=""0470011""","Equipment","$1,359"
"East Windsor School District","=""0470011""","All Other Expenditures","$0"
"East Windsor School District","=""0470011""","Total","$8,396,035"
"Eastern Connecticut Regional Educational Service Center (EASTCONN)","=""2530014""","Teacher Salaries","$9,575,225"
"Eastern Connecticut Regional Educational Service Center (EASTCONN)","=""2530014""","Instructional Aide Salaries","$508,363"
"Eastern Connecticut Regional Educational Service Center (EASTCONN)","=""2530014""","Other Salaries","$0"
"Eastern Connecticut Regional Educational Service Center (EASTCONN)","=""2530014""","Employee Benefits","$2,303,621"
"Eastern Connecticut Regional Educational Service Center (EASTCONN)","=""2530014""","Purchased Services Other Than Transportation","$338,751"
"Eastern Connecticut Regional Educational Service Center (EASTCONN)","=""2530014""","Special Education Tuition","$0"
"Eastern Connecticut Regional Educational Service Center (EASTCONN)","=""2530014""","Supplies","$454,918"
"Eastern Connecticut Regional Educational Service Center (EASTCONN)","=""2530014""","Property Services","$0"
"Eastern Connecticut Regional Educational Service Center (EASTCONN)","=""2530014""","Purchased Services For Transportation","$0"
"Eastern Connecticut Regional Educational Service Center (EASTCONN)","=""2530014""","Equipment","$68,672"
"Eastern Connecticut Regional Educational Service Center (EASTCONN)","=""2530014""","All Other Expenditures","$374"
"Eastern Connecticut Regional Educational Service Center (EASTCONN)","=""2530014""","Total","$13,249,924"
"Eastford School District","=""0390011""","Teacher Salaries","$214,534"
"Eastford School District","=""0390011""","Instructional Aide Salaries","$246,116"
"Eastford School District","=""0390011""","Other Salaries","$0"
"Eastford School District","=""0390011""","Employee Benefits","$124,086"
"Eastford School District","=""0390011""","Purchased Services Other Than Transportation","$135,360"
"Eastford School District","=""0390011""","Special Education Tuition","$238,987"
"Eastford School District","=""0390011""","Supplies","$1,648"
"Eastford School District","=""0390011""","Property Services","$0"
"Eastford School District","=""0390011""","Purchased Services For Transportation","$50,669"
"Eastford School District","=""0390011""","Equipment","$0"
"Eastford School District","=""0390011""","All Other Expenditures","$250"
"Eastford School District","=""0390011""","Total","$1,011,650"
"Easton School District","=""0460011""","Teacher Salaries","$2,186,450"
"Easton School District","=""0460011""","Instructional Aide Salaries","$802,636"
"Easton School District","=""0460011""","Other Salaries","$0"
"Easton School District","=""0460011""","Employee Benefits","$633,797"
"Easton School District","=""0460011""","Purchased Services Other Than Transportation","$549,516"
"Easton School District","=""0460011""","Special Education Tuition","$315,484"
"Easton School District","=""0460011""","Supplies","$14,063"
"Easton School District","=""0460011""","Property Services","$6,445"
"Easton School District","=""0460011""","Purchased Services For Transportation","$237,625"
"Easton School District","=""0460011""","Equipment","$19,358"
"Easton School District","=""0460011""","All Other Expenditures","$14"
"Easton School District","=""0460011""","Total","$4,765,388"
"EdAdvance","=""2420014""","Teacher Salaries","$1,881,724"
"EdAdvance","=""2420014""","Instructional Aide Salaries","$775,021"
"EdAdvance","=""2420014""","Other Salaries","$3,101,407"
"EdAdvance","=""2420014""","Employee Benefits","$1,474,288"
"EdAdvance","=""2420014""","Purchased Services Other Than Transportation","$717,949"
"EdAdvance","=""2420014""","Special Education Tuition","$0"
"EdAdvance","=""2420014""","Supplies","$333,816"
"EdAdvance","=""2420014""","Property Services","$530,169"
"EdAdvance","=""2420014""","Purchased Services For Transportation","$34,651"
"EdAdvance","=""2420014""","Equipment","$11,140"
"EdAdvance","=""2420014""","All Other Expenditures","$1,165,533"
"EdAdvance","=""2420014""","Total","$10,025,699"
"Ellington School District","=""0480011""","Teacher Salaries","$3,962,979"
"Ellington School District","=""0480011""","Instructional Aide Salaries","$2,028,985"
"Ellington School District","=""0480011""","Other Salaries","$728,502"
"Ellington School District","=""0480011""","Employee Benefits","$1,938,889"
"Ellington School District","=""0480011""","Purchased Services Other Than Transportation","$344,171"
"Ellington School District","=""0480011""","Special Education Tuition","$1,113,998"
"Ellington School District","=""0480011""","Supplies","$93,049"
"Ellington School District","=""0480011""","Property Services","$99,248"
"Ellington School District","=""0480011""","Purchased Services For Transportation","$424,519"
"Ellington School District","=""0480011""","Equipment","$23,620"
"Ellington School District","=""0480011""","All Other Expenditures","$9,637"
"Ellington School District","=""0480011""","Total","$10,767,597"
"Elm City College Preparatory School District","=""2890013""","Teacher Salaries","$663,448"
"Elm City College Preparatory School District","=""2890013""","Instructional Aide Salaries","$0"
"Elm City College Preparatory School District","=""2890013""","Other Salaries","$0"
"Elm City College Preparatory School District","=""2890013""","Employee Benefits","$110,073"
"Elm City College Preparatory School District","=""2890013""","Purchased Services Other Than Transportation","$166,753"
"Elm City College Preparatory School District","=""2890013""","Special Education Tuition","$0"
"Elm City College Preparatory School District","=""2890013""","Supplies","$4,455"
"Elm City College Preparatory School District","=""2890013""","Property Services","$0"
"Elm City College Preparatory School District","=""2890013""","Purchased Services For Transportation","$0"
"Elm City College Preparatory School District","=""2890013""","Equipment","$11,404"
"Elm City College Preparatory School District","=""2890013""","All Other Expenditures","$1,577"
"Elm City College Preparatory School District","=""2890013""","Total","$957,709"
"Elm City Montessori School District","=""2910013""","Teacher Salaries","$91,212"
"Elm City Montessori School District","=""2910013""","Instructional Aide Salaries","$0"
"Elm City Montessori School District","=""2910013""","Other Salaries","$0"
"Elm City Montessori School District","=""2910013""","Employee Benefits","$24,328"
"Elm City Montessori School District","=""2910013""","Purchased Services Other Than Transportation","$0"
"Elm City Montessori School District","=""2910013""","Special Education Tuition","$0"
"Elm City Montessori School District","=""2910013""","Supplies","$0"
"Elm City Montessori School District","=""2910013""","Property Services","$0"
"Elm City Montessori School District","=""2910013""","Purchased Services For Transportation","$0"
"Elm City Montessori School District","=""2910013""","Equipment","$0"
"Elm City Montessori School District","=""2910013""","All Other Expenditures","$0"
"Elm City Montessori School District","=""2910013""","Total","$115,540"
"Enfield School District","=""0490011""","Teacher Salaries","$7,031,466"
"Enfield School District","=""0490011""","Instructional Aide Salaries","$1,815,816"
"Enfield School District","=""0490011""","Other Salaries","$2,020,955"
"Enfield School District","=""0490011""","Employee Benefits","$2,237,032"
"Enfield School District","=""0490011""","Purchased Services Other Than Transportation","$1,403,931"
"Enfield School District","=""0490011""","Special Education Tuition","$3,515,123"
"Enfield School District","=""0490011""","Supplies","$226,937"
"Enfield School District","=""0490011""","Property Services","$0"
"Enfield School District","=""0490011""","Purchased Services For Transportation","$1,630,850"
"Enfield School District","=""0490011""","Equipment","$5,906"
"Enfield School District","=""0490011""","All Other Expenditures","$0"
"Enfield School District","=""0490011""","Total","$19,888,016"
"Essex School District","=""0500011""","Teacher Salaries","$297,672"
"Essex School District","=""0500011""","Instructional Aide Salaries","$453,210"
"Essex School District","=""0500011""","Other Salaries","$78,576"
"Essex School District","=""0500011""","Employee Benefits","$298,209"
"Essex School District","=""0500011""","Purchased Services Other Than Transportation","$47,997"
"Essex School District","=""0500011""","Special Education Tuition","$350,881"
"Essex School District","=""0500011""","Supplies","$7,388"
"Essex School District","=""0500011""","Property Services","$3,957"
"Essex School District","=""0500011""","Purchased Services For Transportation","$70,320"
"Essex School District","=""0500011""","Equipment","$707"
"Essex School District","=""0500011""","All Other Expenditures","$0"
"Essex School District","=""0500011""","Total","$1,608,918"
"Explorations District","=""2720013""","Teacher Salaries","$193,911"
"Explorations District","=""2720013""","Instructional Aide Salaries","$0"
"Explorations District","=""2720013""","Other Salaries","$57,478"
"Explorations District","=""2720013""","Employee Benefits","$35,700"
"Explorations District","=""2720013""","Purchased Services Other Than Transportation","$0"
"Explorations District","=""2720013""","Special Education Tuition","$0"
"Explorations District","=""2720013""","Supplies","$0"
"Explorations District","=""2720013""","Property Services","$0"
"Explorations District","=""2720013""","Purchased Services For Transportation","$0"
"Explorations District","=""2720013""","Equipment","$0"
"Explorations District","=""2720013""","All Other Expenditures","$0"
"Explorations District","=""2720013""","Total","$287,089"
"Fairfield School District","=""0510011""","Teacher Salaries","$16,823,923"
"Fairfield School District","=""0510011""","Instructional Aide Salaries","$3,654,771"
"Fairfield School District","=""0510011""","Other Salaries","$8,431,788"
"Fairfield School District","=""0510011""","Employee Benefits","$8,887,128"
"Fairfield School District","=""0510011""","Purchased Services Other Than Transportation","$6,292,924"
"Fairfield School District","=""0510011""","Special Education Tuition","$11,268,670"
"Fairfield School District","=""0510011""","Supplies","$320,660"
"Fairfield School District","=""0510011""","Property Services","$20,384"
"Fairfield School District","=""0510011""","Purchased Services For Transportation","$3,605,052"
"Fairfield School District","=""0510011""","Equipment","$236,853"
"Fairfield School District","=""0510011""","All Other Expenditures","$0"
"Fairfield School District","=""0510011""","Total","$59,542,152"
"Farmington School District","=""0520011""","Teacher Salaries","$4,680,623"
"Farmington School District","=""0520011""","Instructional Aide Salaries","$2,365,745"
"Farmington School District","=""0520011""","Other Salaries","$1,452,784"
"Farmington School District","=""0520011""","Employee Benefits","$1,880,967"
"Farmington School District","=""0520011""","Purchased Services Other Than Transportation","$911,495"
"Farmington School District","=""0520011""","Special Education Tuition","$3,254,602"
"Farmington School District","=""0520011""","Supplies","$61,679"
"Farmington School District","=""0520011""","Property Services","$1,667"
"Farmington School District","=""0520011""","Purchased Services For Transportation","$1,241,657"
"Farmington School District","=""0520011""","Equipment","$21,535"
"Farmington School District","=""0520011""","All Other Expenditures","$720"
"Farmington School District","=""0520011""","Total","$15,873,474"
"Franklin School District","=""0530011""","Teacher Salaries","$257,473"
"Franklin School District","=""0530011""","Instructional Aide Salaries","$140,526"
"Franklin School District","=""0530011""","Other Salaries","$0"
"Franklin School District","=""0530011""","Employee Benefits","$63,543"
"Franklin School District","=""0530011""","Purchased Services Other Than Transportation","$100,322"
"Franklin School District","=""0530011""","Special Education Tuition","$530,014"
"Franklin School District","=""0530011""","Supplies","$3,976"
"Franklin School District","=""0530011""","Property Services","$0"
"Franklin School District","=""0530011""","Purchased Services For Transportation","$81,048"
"Franklin School District","=""0530011""","Equipment","$3,635"
"Franklin School District","=""0530011""","All Other Expenditures","$0"
"Franklin School District","=""0530011""","Total","$1,180,538"
"Glastonbury School District","=""0540011""","Teacher Salaries","$7,883,325"
"Glastonbury School District","=""0540011""","Instructional Aide Salaries","$2,691,886"
"Glastonbury School District","=""0540011""","Other Salaries","$4,744,497"
"Glastonbury School District","=""0540011""","Employee Benefits","$2,003,702"
"Glastonbury School District","=""0540011""","Purchased Services Other Than Transportation","$336,868"
"Glastonbury School District","=""0540011""","Special Education Tuition","$4,007,667"
"Glastonbury School District","=""0540011""","Supplies","$92,027"
"Glastonbury School District","=""0540011""","Property Services","$170,765"
"Glastonbury School District","=""0540011""","Purchased Services For Transportation","$231,717"
"Glastonbury School District","=""0540011""","Equipment","$13,351"
"Glastonbury School District","=""0540011""","All Other Expenditures","$1,490"
"Glastonbury School District","=""0540011""","Total","$22,177,295"
"Goodwin University Educational Services (GUES)","=""2310018""","Teacher Salaries","$497,873"
"Goodwin University Educational Services (GUES)","=""2310018""","Instructional Aide Salaries","$137,729"
"Goodwin University Educational Services (GUES)","=""2310018""","Other Salaries","$0"
"Goodwin University Educational Services (GUES)","=""2310018""","Employee Benefits","$143,247"
"Goodwin University Educational Services (GUES)","=""2310018""","Purchased Services Other Than Transportation","$0"
"Goodwin University Educational Services (GUES)","=""2310018""","Special Education Tuition","$0"
"Goodwin University Educational Services (GUES)","=""2310018""","Supplies","$0"
"Goodwin University Educational Services (GUES)","=""2310018""","Property Services","$0"
"Goodwin University Educational Services (GUES)","=""2310018""","Purchased Services For Transportation","$0"
"Goodwin University Educational Services (GUES)","=""2310018""","Equipment","$0"
"Goodwin University Educational Services (GUES)","=""2310018""","All Other Expenditures","$0"
"Goodwin University Educational Services (GUES)","=""2310018""","Total","$778,849"
"Granby School District","=""0560011""","Teacher Salaries","$2,719,250"
"Granby School District","=""0560011""","Instructional Aide Salaries","$1,160,215"
"Granby School District","=""0560011""","Other Salaries","$90,716"
"Granby School District","=""0560011""","Employee Benefits","$987,345"
"Granby School District","=""0560011""","Purchased Services Other Than Transportation","$145,530"
"Granby School District","=""0560011""","Special Education Tuition","$1,980,881"
"Granby School District","=""0560011""","Supplies","$26,865"
"Granby School District","=""0560011""","Property Services","$0"
"Granby School District","=""0560011""","Purchased Services For Transportation","$446,361"
"Granby School District","=""0560011""","Equipment","$21,924"
"Granby School District","=""0560011""","All Other Expenditures","$1,515"
"Granby School District","=""0560011""","Total","$7,580,602"
"Great Oaks Charter School District","=""2940013""","Teacher Salaries","$254,845"
"Great Oaks Charter School District","=""2940013""","Instructional Aide Salaries","$0"
"Great Oaks Charter School District","=""2940013""","Other Salaries","$39,239"
"Great Oaks Charter School District","=""2940013""","Employee Benefits","$44,651"
"Great Oaks Charter School District","=""2940013""","Purchased Services Other Than Transportation","$0"
"Great Oaks Charter School District","=""2940013""","Special Education Tuition","$0"
"Great Oaks Charter School District","=""2940013""","Supplies","$0"
"Great Oaks Charter School District","=""2940013""","Property Services","$0"
"Great Oaks Charter School District","=""2940013""","Purchased Services For Transportation","$0"
"Great Oaks Charter School District","=""2940013""","Equipment","$0"
"Great Oaks Charter School District","=""2940013""","All Other Expenditures","$0"
"Great Oaks Charter School District","=""2940013""","Total","$338,735"
"Greenwich School District","=""0570011""","Teacher Salaries","$17,275,464"
"Greenwich School District","=""0570011""","Instructional Aide Salaries","$3,559,675"
"Greenwich School District","=""0570011""","Other Salaries","$9,765,674"
"Greenwich School District","=""0570011""","Employee Benefits","$8,139,575"
"Greenwich School District","=""0570011""","Purchased Services Other Than Transportation","$2,853,708"
"Greenwich School District","=""0570011""","Special Education Tuition","$8,985,007"
"Greenwich School District","=""0570011""","Supplies","$434,628"
"Greenwich School District","=""0570011""","Property Services","$12,481"
"Greenwich School District","=""0570011""","Purchased Services For Transportation","$3,035,080"
"Greenwich School District","=""0570011""","Equipment","$470"
"Greenwich School District","=""0570011""","All Other Expenditures","$0"
"Greenwich School District","=""0570011""","Total","$54,061,761"
"Griswold School District","=""0580011""","Teacher Salaries","$3,348,083"
"Griswold School District","=""0580011""","Instructional Aide Salaries","$1,237,895"
"Griswold School District","=""0580011""","Other Salaries","$502,696"
"Griswold School District","=""0580011""","Employee Benefits","$1,276,887"
"Griswold School District","=""0580011""","Purchased Services Other Than Transportation","$626,105"
"Griswold School District","=""0580011""","Special Education Tuition","$1,296,638"
"Griswold School District","=""0580011""","Supplies","$20,505"
"Griswold School District","=""0580011""","Property Services","$0"
"Griswold School District","=""0580011""","Purchased Services For Transportation","$1,121,149"
"Griswold School District","=""0580011""","Equipment","$11,403"
"Griswold School District","=""0580011""","All Other Expenditures","$0"
"Griswold School District","=""0580011""","Total","$9,441,361"
"Groton School District","=""0590011""","Teacher Salaries","$8,511,158"
"Groton School District","=""0590011""","Instructional Aide Salaries","$3,087,479"
"Groton School District","=""0590011""","Other Salaries","$1,219,572"
"Groton School District","=""0590011""","Employee Benefits","$1,859,248"
"Groton School District","=""0590011""","Purchased Services Other Than Transportation","$1,434,158"
"Groton School District","=""0590011""","Special Education Tuition","$3,828,143"
"Groton School District","=""0590011""","Supplies","$296,488"
"Groton School District","=""0590011""","Property Services","$1,097"
"Groton School District","=""0590011""","Purchased Services For Transportation","$2,197,372"
"Groton School District","=""0590011""","Equipment","$41,098"
"Groton School District","=""0590011""","All Other Expenditures","$1,700"
"Groton School District","=""0590011""","Total","$22,477,514"
"Guilford School District","=""0600011""","Teacher Salaries","$5,686,777"
"Guilford School District","=""0600011""","Instructional Aide Salaries","$1,856,222"
"Guilford School District","=""0600011""","Other Salaries","$96,683"
"Guilford School District","=""0600011""","Employee Benefits","$2,735,070"
"Guilford School District","=""0600011""","Purchased Services Other Than Transportation","$1,195,954"
"Guilford School District","=""0600011""","Special Education Tuition","$3,411,679"
"Guilford School District","=""0600011""","Supplies","$36,612"
"Guilford School District","=""0600011""","Property Services","$0"
"Guilford School District","=""0600011""","Purchased Services For Transportation","$1,755,965"
"Guilford School District","=""0600011""","Equipment","$1,361"
"Guilford School District","=""0600011""","All Other Expenditures","$0"
"Guilford School District","=""0600011""","Total","$16,776,323"
"Hamden School District","=""0620011""","Teacher Salaries","$11,854,219"
"Hamden School District","=""0620011""","Instructional Aide Salaries","$3,308,335"
"Hamden School District","=""0620011""","Other Salaries","$1,476,496"
"Hamden School District","=""0620011""","Employee Benefits","$7,510,205"
"Hamden School District","=""0620011""","Purchased Services Other Than Transportation","$1,068,588"
"Hamden School District","=""0620011""","Special Education Tuition","$16,378,157"
"Hamden School District","=""0620011""","Supplies","$177,950"
"Hamden School District","=""0620011""","Property Services","$1,586"
"Hamden School District","=""0620011""","Purchased Services For Transportation","$4,107,031"
"Hamden School District","=""0620011""","Equipment","$4,576"
"Hamden School District","=""0620011""","All Other Expenditures","$0"
"Hamden School District","=""0620011""","Total","$45,887,143"
"Hampton School District","=""0630011""","Teacher Salaries","$170,955"
"Hampton School District","=""0630011""","Instructional Aide Salaries","$168,192"
"Hampton School District","=""0630011""","Other Salaries","$15,989"
"Hampton School District","=""0630011""","Employee Benefits","$88,589"
"Hampton School District","=""0630011""","Purchased Services Other Than Transportation","$45,340"
"Hampton School District","=""0630011""","Special Education Tuition","$78,802"
"Hampton School District","=""0630011""","Supplies","$2,576"
"Hampton School District","=""0630011""","Property Services","$0"
"Hampton School District","=""0630011""","Purchased Services For Transportation","$9,178"
"Hampton School District","=""0630011""","Equipment","$0"
"Hampton School District","=""0630011""","All Other Expenditures","$0"
"Hampton School District","=""0630011""","Total","$579,621"
"Hartford School District","=""0640011""","Teacher Salaries","$20,752,227"
"Hartford School District","=""0640011""","Instructional Aide Salaries","$9,138,723"
"Hartford School District","=""0640011""","Other Salaries","$5,749,542"
"Hartford School District","=""0640011""","Employee Benefits","$9,642,726"
"Hartford School District","=""0640011""","Purchased Services Other Than Transportation","$2,597,909"
"Hartford School District","=""0640011""","Special Education Tuition","$71,042,758"
"Hartford School District","=""0640011""","Supplies","$368,109"
"Hartford School District","=""0640011""","Property Services","$971"
"Hartford School District","=""0640011""","Purchased Services For Transportation","$19,912,833"
"Hartford School District","=""0640011""","Equipment","$47,341"
"Hartford School District","=""0640011""","All Other Expenditures","$3,300"
"Hartford School District","=""0640011""","Total","$139,256,440"
"Hartland School District","=""0650011""","Teacher Salaries","$0"
"Hartland School District","=""0650011""","Instructional Aide Salaries","$21,193"
"Hartland School District","=""0650011""","Other Salaries","$0"
"Hartland School District","=""0650011""","Employee Benefits","$1,620"
"Hartland School District","=""0650011""","Purchased Services Other Than Transportation","$507,230"
"Hartland School District","=""0650011""","Special Education Tuition","$386,684"
"Hartland School District","=""0650011""","Supplies","$2,436"
"Hartland School District","=""0650011""","Property Services","$0"
"Hartland School District","=""0650011""","Purchased Services For Transportation","$22,600"
"Hartland School District","=""0650011""","Equipment","$0"
"Hartland School District","=""0650011""","All Other Expenditures","$0"
"Hartland School District","=""0650011""","Total","$941,763"
"Hebron School District","=""0670011""","Teacher Salaries","$942,000"
"Hebron School District","=""0670011""","Instructional Aide Salaries","$628,535"
"Hebron School District","=""0670011""","Other Salaries","$270,783"
"Hebron School District","=""0670011""","Employee Benefits","$543,347"
"Hebron School District","=""0670011""","Purchased Services Other Than Transportation","$205,513"
"Hebron School District","=""0670011""","Special Education Tuition","$150,988"
"Hebron School District","=""0670011""","Supplies","$43,306"
"Hebron School District","=""0670011""","Property Services","$0"
"Hebron School District","=""0670011""","Purchased Services For Transportation","$72,550"
"Hebron School District","=""0670011""","Equipment","$9,665"
"Hebron School District","=""0670011""","All Other Expenditures","$0"
"Hebron School District","=""0670011""","Total","$2,866,688"
"Highville Charter School District","=""2860013""","Teacher Salaries","$42,141"
"Highville Charter School District","=""2860013""","Instructional Aide Salaries","$0"
"Highville Charter School District","=""2860013""","Other Salaries","$0"
"Highville Charter School District","=""2860013""","Employee Benefits","$7,655"
"Highville Charter School District","=""2860013""","Purchased Services Other Than Transportation","$37,200"
"Highville Charter School District","=""2860013""","Special Education Tuition","$0"
"Highville Charter School District","=""2860013""","Supplies","$0"
"Highville Charter School District","=""2860013""","Property Services","$0"
"Highville Charter School District","=""2860013""","Purchased Services For Transportation","$0"
"Highville Charter School District","=""2860013""","Equipment","$0"
"Highville Charter School District","=""2860013""","All Other Expenditures","$0"
"Highville Charter School District","=""2860013""","Total","$86,996"
"Integrated Day Charter School District","=""2640013""","Teacher Salaries","$114,531"
"Integrated Day Charter School District","=""2640013""","Instructional Aide Salaries","$85,174"
"Integrated Day Charter School District","=""2640013""","Other Salaries","$63,660"
"Integrated Day Charter School District","=""2640013""","Employee Benefits","$85,397"
"Integrated Day Charter School District","=""2640013""","Purchased Services Other Than Transportation","$0"
"Integrated Day Charter School District","=""2640013""","Special Education Tuition","$0"
"Integrated Day Charter School District","=""2640013""","Supplies","$0"
"Integrated Day Charter School District","=""2640013""","Property Services","$0"
"Integrated Day Charter School District","=""2640013""","Purchased Services For Transportation","$0"
"Integrated Day Charter School District","=""2640013""","Equipment","$0"
"Integrated Day Charter School District","=""2640013""","All Other Expenditures","$0"
"Integrated Day Charter School District","=""2640013""","Total","$348,762"
"Interdistrict School for Arts and Comm District","=""2650013""","Teacher Salaries","$455,111"
"Interdistrict School for Arts and Comm District","=""2650013""","Instructional Aide Salaries","$36,662"
"Interdistrict School for Arts and Comm District","=""2650013""","Other Salaries","$155,284"
"Interdistrict School for Arts and Comm District","=""2650013""","Employee Benefits","$106,980"
"Interdistrict School for Arts and Comm District","=""2650013""","Purchased Services Other Than Transportation","$43,090"
"Interdistrict School for Arts and Comm District","=""2650013""","Special Education Tuition","$0"
"Interdistrict School for Arts and Comm District","=""2650013""","Supplies","$3,296"
"Interdistrict School for Arts and Comm District","=""2650013""","Property Services","$62,901"
"Interdistrict School for Arts and Comm District","=""2650013""","Purchased Services For Transportation","$0"
"Interdistrict School for Arts and Comm District","=""2650013""","Equipment","$90"
"Interdistrict School for Arts and Comm District","=""2650013""","All Other Expenditures","$0"
"Interdistrict School for Arts and Comm District","=""2650013""","Total","$863,414"
"Jumoke Academy District","=""2610013""","Teacher Salaries","$343,308"
"Jumoke Academy District","=""2610013""","Instructional Aide Salaries","$0"
"Jumoke Academy District","=""2610013""","Other Salaries","$0"
"Jumoke Academy District","=""2610013""","Employee Benefits","$90,348"
"Jumoke Academy District","=""2610013""","Purchased Services Other Than Transportation","$217,352"
"Jumoke Academy District","=""2610013""","Special Education Tuition","$0"
"Jumoke Academy District","=""2610013""","Supplies","$4,231"
"Jumoke Academy District","=""2610013""","Property Services","$226"
"Jumoke Academy District","=""2610013""","Purchased Services For Transportation","$0"
"Jumoke Academy District","=""2610013""","Equipment","$0"
"Jumoke Academy District","=""2610013""","All Other Expenditures","$0"
"Jumoke Academy District","=""2610013""","Total","$655,465"
"Kent School District","=""0680011""","Teacher Salaries","$480,770"
"Kent School District","=""0680011""","Instructional Aide Salaries","$127,953"
"Kent School District","=""0680011""","Other Salaries","$99,433"
"Kent School District","=""0680011""","Employee Benefits","$211,338"
"Kent School District","=""0680011""","Purchased Services Other Than Transportation","$80,811"
"Kent School District","=""0680011""","Special Education Tuition","$26,546"
"Kent School District","=""0680011""","Supplies","$4,923"
"Kent School District","=""0680011""","Property Services","$0"
"Kent School District","=""0680011""","Purchased Services For Transportation","$78,572"
"Kent School District","=""0680011""","Equipment","$2,150"
"Kent School District","=""0680011""","All Other Expenditures","$0"
"Kent School District","=""0680011""","Total","$1,112,495"
"Killingly School District","=""0690011""","Teacher Salaries","$3,193,512"
"Killingly School District","=""0690011""","Instructional Aide Salaries","$1,476,022"
"Killingly School District","=""0690011""","Other Salaries","$1,061,262"
"Killingly School District","=""0690011""","Employee Benefits","$1,506,951"
"Killingly School District","=""0690011""","Purchased Services Other Than Transportation","$1,076,389"
"Killingly School District","=""0690011""","Special Education Tuition","$3,378,972"
"Killingly School District","=""0690011""","Supplies","$80,540"
"Killingly School District","=""0690011""","Property Services","$29,559"
"Killingly School District","=""0690011""","Purchased Services For Transportation","$381,511"
"Killingly School District","=""0690011""","Equipment","$12,546"
"Killingly School District","=""0690011""","All Other Expenditures","$479"
"Killingly School District","=""0690011""","Total","$12,197,743"
"Learn","=""2450014""","Teacher Salaries","$3,779,032"
"Learn","=""2450014""","Instructional Aide Salaries","$2,261,108"
"Learn","=""2450014""","Other Salaries","$2,547,539"
"Learn","=""2450014""","Employee Benefits","$2,374,804"
"Learn","=""2450014""","Purchased Services Other Than Transportation","$1,986,718"
"Learn","=""2450014""","Special Education Tuition","$0"
"Learn","=""2450014""","Supplies","$52,284"
"Learn","=""2450014""","Property Services","$386,889"
"Learn","=""2450014""","Purchased Services For Transportation","$0"
"Learn","=""2450014""","Equipment","$87,276"
"Learn","=""2450014""","All Other Expenditures","$257,744"
"Learn","=""2450014""","Total","$13,733,393"
"Lebanon School District","=""0710011""","Teacher Salaries","$1,057,440"
"Lebanon School District","=""0710011""","Instructional Aide Salaries","$869,464"
"Lebanon School District","=""0710011""","Other Salaries","$506,787"
"Lebanon School District","=""0710011""","Employee Benefits","$654,929"
"Lebanon School District","=""0710011""","Purchased Services Other Than Transportation","$318,883"
"Lebanon School District","=""0710011""","Special Education Tuition","$1,282,599"
"Lebanon School District","=""0710011""","Supplies","$32,009"
"Lebanon School District","=""0710011""","Property Services","$3,241"
"Lebanon School District","=""0710011""","Purchased Services For Transportation","$404,406"
"Lebanon School District","=""0710011""","Equipment","$5,523"
"Lebanon School District","=""0710011""","All Other Expenditures","$550"
"Lebanon School District","=""0710011""","Total","$5,135,833"
"Ledyard School District","=""0720011""","Teacher Salaries","$4,396,705"
"Ledyard School District","=""0720011""","Instructional Aide Salaries","$988,371"
"Ledyard School District","=""0720011""","Other Salaries","$619,256"
"Ledyard School District","=""0720011""","Employee Benefits","$916,714"
"Ledyard School District","=""0720011""","Purchased Services Other Than Transportation","$1,218,371"
"Ledyard School District","=""0720011""","Special Education Tuition","$2,012,029"
"Ledyard School District","=""0720011""","Supplies","$154,871"
"Ledyard School District","=""0720011""","Property Services","$23,702"
"Ledyard School District","=""0720011""","Purchased Services For Transportation","$814,115"
"Ledyard School District","=""0720011""","Equipment","$18,686"
"Ledyard School District","=""0720011""","All Other Expenditures","$900"
"Ledyard School District","=""0720011""","Total","$11,163,718"
"Lisbon School District","=""0730011""","Teacher Salaries","$846,224"
"Lisbon School District","=""0730011""","Instructional Aide Salaries","$142,205"
"Lisbon School District","=""0730011""","Other Salaries","$120,346"
"Lisbon School District","=""0730011""","Employee Benefits","$284,125"
"Lisbon School District","=""0730011""","Purchased Services Other Than Transportation","$319,693"
"Lisbon School District","=""0730011""","Special Education Tuition","$1,071,732"
"Lisbon School District","=""0730011""","Supplies","$12,594"
"Lisbon School District","=""0730011""","Property Services","$0"
"Lisbon School District","=""0730011""","Purchased Services For Transportation","$221,909"
"Lisbon School District","=""0730011""","Equipment","$5,242"
"Lisbon School District","=""0730011""","All Other Expenditures","$369"
"Lisbon School District","=""0730011""","Total","$3,024,439"
"Litchfield School District","=""0740011""","Teacher Salaries","$771,816"
"Litchfield School District","=""0740011""","Instructional Aide Salaries","$513,122"
"Litchfield School District","=""0740011""","Other Salaries","$9,880"
"Litchfield School District","=""0740011""","Employee Benefits","$472,972"
"Litchfield School District","=""0740011""","Purchased Services Other Than Transportation","$14,264"
"Litchfield School District","=""0740011""","Special Education Tuition","$541,566"
"Litchfield School District","=""0740011""","Supplies","$10,711"
"Litchfield School District","=""0740011""","Property Services","$0"
"Litchfield School District","=""0740011""","Purchased Services For Transportation","$159,614"
"Litchfield School District","=""0740011""","Equipment","$0"
"Litchfield School District","=""0740011""","All Other Expenditures","$0"
"Litchfield School District","=""0740011""","Total","$2,493,945"
"Madison School District","=""0760011""","Teacher Salaries","$4,835,263"
"Madison School District","=""0760011""","Instructional Aide Salaries","$18,308"
"Madison School District","=""0760011""","Other Salaries","$1,745,496"
"Madison School District","=""0760011""","Employee Benefits","$1,917,688"
"Madison School District","=""0760011""","Purchased Services Other Than Transportation","$913,195"
"Madison School District","=""0760011""","Special Education Tuition","$2,792,540"
"Madison School District","=""0760011""","Supplies","$67,288"
"Madison School District","=""0760011""","Property Services","$0"
"Madison School District","=""0760011""","Purchased Services For Transportation","$1,538,535"
"Madison School District","=""0760011""","Equipment","$24,253"
"Madison School District","=""0760011""","All Other Expenditures","$0"
"Madison School District","=""0760011""","Total","$13,852,566"
"Manchester School District","=""0770011""","Teacher Salaries","$8,111,839"
"Manchester School District","=""0770011""","Instructional Aide Salaries","$3,225,673"
"Manchester School District","=""0770011""","Other Salaries","$3,970,898"
"Manchester School District","=""0770011""","Employee Benefits","$2,534,172"
"Manchester School District","=""0770011""","Purchased Services Other Than Transportation","$4,069,511"
"Manchester School District","=""0770011""","Special Education Tuition","$5,502,158"
"Manchester School District","=""0770011""","Supplies","$98,189"
"Manchester School District","=""0770011""","Property Services","$46,107"
"Manchester School District","=""0770011""","Purchased Services For Transportation","$2,611,646"
"Manchester School District","=""0770011""","Equipment","$0"
"Manchester School District","=""0770011""","All Other Expenditures","$5,204"
"Manchester School District","=""0770011""","Total","$30,175,396"
"Mansfield School District","=""0780011""","Teacher Salaries","$1,526,617"
"Mansfield School District","=""0780011""","Instructional Aide Salaries","$929,187"
"Mansfield School District","=""0780011""","Other Salaries","$312,744"
"Mansfield School District","=""0780011""","Employee Benefits","$511,844"
"Mansfield School District","=""0780011""","Purchased Services Other Than Transportation","$380,053"
"Mansfield School District","=""0780011""","Special Education Tuition","$364,592"
"Mansfield School District","=""0780011""","Supplies","$41,436"
"Mansfield School District","=""0780011""","Property Services","$0"
"Mansfield School District","=""0780011""","Purchased Services For Transportation","$142,465"
"Mansfield School District","=""0780011""","Equipment","$1,502"
"Mansfield School District","=""0780011""","All Other Expenditures","$2,479"
"Mansfield School District","=""0780011""","Total","$4,212,919"
"Marlborough School District","=""0790011""","Teacher Salaries","$632,026"
"Marlborough School District","=""0790011""","Instructional Aide Salaries","$367,545"
"Marlborough School District","=""0790011""","Other Salaries","$201,761"
"Marlborough School District","=""0790011""","Employee Benefits","$99,491"
"Marlborough School District","=""0790011""","Purchased Services Other Than Transportation","$44,872"
"Marlborough School District","=""0790011""","Special Education Tuition","$343,506"
"Marlborough School District","=""0790011""","Supplies","$20,340"
"Marlborough School District","=""0790011""","Property Services","$0"
"Marlborough School District","=""0790011""","Purchased Services For Transportation","$125,219"
"Marlborough School District","=""0790011""","Equipment","$0"
"Marlborough School District","=""0790011""","All Other Expenditures","$1,143"
"Marlborough School District","=""0790011""","Total","$1,835,902"
"Meriden School District","=""0800011""","Teacher Salaries","$7,434,392"
"Meriden School District","=""0800011""","Instructional Aide Salaries","$2,779,307"
"Meriden School District","=""0800011""","Other Salaries","$6,207,261"
"Meriden School District","=""0800011""","Employee Benefits","$4,572,763"
"Meriden School District","=""0800011""","Purchased Services Other Than Transportation","$961,646"
"Meriden School District","=""0800011""","Special Education Tuition","$7,979,884"
"Meriden School District","=""0800011""","Supplies","$428,008"
"Meriden School District","=""0800011""","Property Services","$106,389"
"Meriden School District","=""0800011""","Purchased Services For Transportation","$3,375,044"
"Meriden School District","=""0800011""","Equipment","$10,831"
"Meriden School District","=""0800011""","All Other Expenditures","$1,503"
"Meriden School District","=""0800011""","Total","$33,857,029"
"Middletown School District","=""0830011""","Teacher Salaries","$7,170,070"
"Middletown School District","=""0830011""","Instructional Aide Salaries","$4,291,500"
"Middletown School District","=""0830011""","Other Salaries","$1,075,716"
"Middletown School District","=""0830011""","Employee Benefits","$3,604,322"
"Middletown School District","=""0830011""","Purchased Services Other Than Transportation","$994,389"
"Middletown School District","=""0830011""","Special Education Tuition","$5,738,528"
"Middletown School District","=""0830011""","Supplies","$160,826"
"Middletown School District","=""0830011""","Property Services","$12,817"
"Middletown School District","=""0830011""","Purchased Services For Transportation","$2,250,016"
"Middletown School District","=""0830011""","Equipment","$5,407"
"Middletown School District","=""0830011""","All Other Expenditures","$750"
"Middletown School District","=""0830011""","Total","$25,304,342"
"Milford School District","=""0840011""","Teacher Salaries","$10,029,717"
"Milford School District","=""0840011""","Instructional Aide Salaries","$3,526,400"
"Milford School District","=""0840011""","Other Salaries","$1,706,087"
"Milford School District","=""0840011""","Employee Benefits","$4,572,743"
"Milford School District","=""0840011""","Purchased Services Other Than Transportation","$506,922"
"Milford School District","=""0840011""","Special Education Tuition","$6,169,869"
"Milford School District","=""0840011""","Supplies","$218,936"
"Milford School District","=""0840011""","Property Services","$2,513"
"Milford School District","=""0840011""","Purchased Services For Transportation","$2,645,362"
"Milford School District","=""0840011""","Equipment","$119,482"
"Milford School District","=""0840011""","All Other Expenditures","$28,029"
"Milford School District","=""0840011""","Total","$29,526,060"
"Monroe School District","=""0850011""","Teacher Salaries","$5,003,527"
"Monroe School District","=""0850011""","Instructional Aide Salaries","$228,545"
"Monroe School District","=""0850011""","Other Salaries","$2,292,574"
"Monroe School District","=""0850011""","Employee Benefits","$1,637,396"
"Monroe School District","=""0850011""","Purchased Services Other Than Transportation","$1,387,970"
"Monroe School District","=""0850011""","Special Education Tuition","$1,900,797"
"Monroe School District","=""0850011""","Supplies","$125,890"
"Monroe School District","=""0850011""","Property Services","$0"
"Monroe School District","=""0850011""","Purchased Services For Transportation","$958,568"
"Monroe School District","=""0850011""","Equipment","$190,208"
"Monroe School District","=""0850011""","All Other Expenditures","$2,119"
"Monroe School District","=""0850011""","Total","$13,727,593"
"Montville School District","=""0860011""","Teacher Salaries","$3,867,687"
"Montville School District","=""0860011""","Instructional Aide Salaries","$1,476,020"
"Montville School District","=""0860011""","Other Salaries","$1,058,135"
"Montville School District","=""0860011""","Employee Benefits","$1,277,464"
"Montville School District","=""0860011""","Purchased Services Other Than Transportation","$594,991"
"Montville School District","=""0860011""","Special Education Tuition","$2,400,447"
"Montville School District","=""0860011""","Supplies","$136,337"
"Montville School District","=""0860011""","Property Services","$476,285"
"Montville School District","=""0860011""","Purchased Services For Transportation","$267"
"Montville School District","=""0860011""","Equipment","$10,446"
"Montville School District","=""0860011""","All Other Expenditures","$1,231"
"Montville School District","=""0860011""","Total","$11,299,310"
"Naugatuck School District","=""0880011""","Teacher Salaries","$6,886,646"
"Naugatuck School District","=""0880011""","Instructional Aide Salaries","$2,325,848"
"Naugatuck School District","=""0880011""","Other Salaries","$1,105,340"
"Naugatuck School District","=""0880011""","Employee Benefits","$3,741,423"
"Naugatuck School District","=""0880011""","Purchased Services Other Than Transportation","$427,468"
"Naugatuck School District","=""0880011""","Special Education Tuition","$2,940,226"
"Naugatuck School District","=""0880011""","Supplies","$90,738"
"Naugatuck School District","=""0880011""","Property Services","$0"
"Naugatuck School District","=""0880011""","Purchased Services For Transportation","$1,310,735"
"Naugatuck School District","=""0880011""","Equipment","$0"
"Naugatuck School District","=""0880011""","All Other Expenditures","$750"
"Naugatuck School District","=""0880011""","Total","$18,829,173"
"New Beginnings Inc Family Academy District","=""2800013""","Teacher Salaries","$155,992"
"New Beginnings Inc Family Academy District","=""2800013""","Instructional Aide Salaries","$64,787"
"New Beginnings Inc Family Academy District","=""2800013""","Other Salaries","$38,014"
"New Beginnings Inc Family Academy District","=""2800013""","Employee Benefits","$41,457"
"New Beginnings Inc Family Academy District","=""2800013""","Purchased Services Other Than Transportation","$73,587"
"New Beginnings Inc Family Academy District","=""2800013""","Special Education Tuition","$0"
"New Beginnings Inc Family Academy District","=""2800013""","Supplies","$0"
"New Beginnings Inc Family Academy District","=""2800013""","Property Services","$0"
"New Beginnings Inc Family Academy District","=""2800013""","Purchased Services For Transportation","$0"
"New Beginnings Inc Family Academy District","=""2800013""","Equipment","$0"
"New Beginnings Inc Family Academy District","=""2800013""","All Other Expenditures","$0"
"New Beginnings Inc Family Academy District","=""2800013""","Total","$373,837"
"New Britain School District","=""0890011""","Teacher Salaries","$18,270,838"
"New Britain School District","=""0890011""","Instructional Aide Salaries","$9,553,184"
"New Britain School District","=""0890011""","Other Salaries","$4,242,514"
"New Britain School District","=""0890011""","Employee Benefits","$4,819,113"
"New Britain School District","=""0890011""","Purchased Services Other Than Transportation","$5,600,934"
"New Britain School District","=""0890011""","Special Education Tuition","$10,002,056"
"New Britain School District","=""0890011""","Supplies","$203,864"
"New Britain School District","=""0890011""","Property Services","$0"
"New Britain School District","=""0890011""","Purchased Services For Transportation","$5,761,708"
"New Britain School District","=""0890011""","Equipment","$58,150"
"New Britain School District","=""0890011""","All Other Expenditures","$0"
"New Britain School District","=""0890011""","Total","$58,512,362"
"New Canaan School District","=""0900011""","Teacher Salaries","$7,652,057"
"New Canaan School District","=""0900011""","Instructional Aide Salaries","$2,644,859"
"New Canaan School District","=""0900011""","Other Salaries","$2,572,412"
"New Canaan School District","=""0900011""","Employee Benefits","$2,752,911"
"New Canaan School District","=""0900011""","Purchased Services Other Than Transportation","$799,684"
"New Canaan School District","=""0900011""","Special Education Tuition","$1,778,382"
"New Canaan School District","=""0900011""","Supplies","$115,987"
"New Canaan School District","=""0900011""","Property Services","$0"
"New Canaan School District","=""0900011""","Purchased Services For Transportation","$62,983"
"New Canaan School District","=""0900011""","Equipment","$31,404"
"New Canaan School District","=""0900011""","All Other Expenditures","$1,437"
"New Canaan School District","=""0900011""","Total","$18,412,116"
"New Fairfield School District","=""0910011""","Teacher Salaries","$4,688,463"
"New Fairfield School District","=""0910011""","Instructional Aide Salaries","$1,437,010"
"New Fairfield School District","=""0910011""","Other Salaries","$2,788"
"New Fairfield School District","=""0910011""","Employee Benefits","$1,556,325"
"New Fairfield School District","=""0910011""","Purchased Services Other Than Transportation","$449,497"
"New Fairfield School District","=""0910011""","Special Education Tuition","$1,628,662"
"New Fairfield School District","=""0910011""","Supplies","$130,024"
"New Fairfield School District","=""0910011""","Property Services","$19,572"
"New Fairfield School District","=""0910011""","Purchased Services For Transportation","$1,109,143"
"New Fairfield School District","=""0910011""","Equipment","$0"
"New Fairfield School District","=""0910011""","All Other Expenditures","$750"
"New Fairfield School District","=""0910011""","Total","$11,022,235"
"New Hartford School District","=""0920011""","Teacher Salaries","$947,113"
"New Hartford School District","=""0920011""","Instructional Aide Salaries","$521,357"
"New Hartford School District","=""0920011""","Other Salaries","$107,024"
"New Hartford School District","=""0920011""","Employee Benefits","$382,592"
"New Hartford School District","=""0920011""","Purchased Services Other Than Transportation","$127,172"
"New Hartford School District","=""0920011""","Special Education Tuition","$429,778"
"New Hartford School District","=""0920011""","Supplies","$6,118"
"New Hartford School District","=""0920011""","Property Services","$0"
"New Hartford School District","=""0920011""","Purchased Services For Transportation","$139,435"
"New Hartford School District","=""0920011""","Equipment","$8,124"
"New Hartford School District","=""0920011""","All Other Expenditures","$550"
"New Hartford School District","=""0920011""","Total","$2,669,263"
"New Haven School District","=""0930011""","Teacher Salaries","$23,156,295"
"New Haven School District","=""0930011""","Instructional Aide Salaries","$2,672,862"
"New Haven School District","=""0930011""","Other Salaries","$2,286,184"
"New Haven School District","=""0930011""","Employee Benefits","$12,246,822"
"New Haven School District","=""0930011""","Purchased Services Other Than Transportation","$3,060,345"
"New Haven School District","=""0930011""","Special Education Tuition","$25,073,062"
"New Haven School District","=""0930011""","Supplies","$255,743"
"New Haven School District","=""0930011""","Property Services","$0"
"New Haven School District","=""0930011""","Purchased Services For Transportation","$10,475,344"
"New Haven School District","=""0930011""","Equipment","$45,834"
"New Haven School District","=""0930011""","All Other Expenditures","$69,341"
"New Haven School District","=""0930011""","Total","$79,341,831"
"New London School District","=""0950011""","Teacher Salaries","$4,231,966"
"New London School District","=""0950011""","Instructional Aide Salaries","$1,052,466"
"New London School District","=""0950011""","Other Salaries","$2,893,413"
"New London School District","=""0950011""","Employee Benefits","$2,314,622"
"New London School District","=""0950011""","Purchased Services Other Than Transportation","$966,508"
"New London School District","=""0950011""","Special Education Tuition","$5,509,099"
"New London School District","=""0950011""","Supplies","$77,228"
"New London School District","=""0950011""","Property Services","$0"
"New London School District","=""0950011""","Purchased Services For Transportation","$1,227,566"
"New London School District","=""0950011""","Equipment","$29,599"
"New London School District","=""0950011""","All Other Expenditures","$750"
"New London School District","=""0950011""","Total","$18,303,217"
"New Milford School District","=""0960011""","Teacher Salaries","$6,175,209"
"New Milford School District","=""0960011""","Instructional Aide Salaries","$2,324,349"
"New Milford School District","=""0960011""","Other Salaries","$12,579"
"New Milford School District","=""0960011""","Employee Benefits","$1,636,346"
"New Milford School District","=""0960011""","Purchased Services Other Than Transportation","$2,312,256"
"New Milford School District","=""0960011""","Special Education Tuition","$2,526,625"
"New Milford School District","=""0960011""","Supplies","$107,352"
"New Milford School District","=""0960011""","Property Services","$0"
"New Milford School District","=""0960011""","Purchased Services For Transportation","$917,151"
"New Milford School District","=""0960011""","Equipment","$7,357"
"New Milford School District","=""0960011""","All Other Expenditures","$1,465"
"New Milford School District","=""0960011""","Total","$16,020,690"
"Newington School District","=""0940011""","Teacher Salaries","$5,229,317"
"Newington School District","=""0940011""","Instructional Aide Salaries","$2,497,720"
"Newington School District","=""0940011""","Other Salaries","$1,373,694"
"Newington School District","=""0940011""","Employee Benefits","$2,029,399"
"Newington School District","=""0940011""","Purchased Services Other Than Transportation","$1,563,817"
"Newington School District","=""0940011""","Special Education Tuition","$4,111,245"
"Newington School District","=""0940011""","Supplies","$95,807"
"Newington School District","=""0940011""","Property Services","$38,321"
"Newington School District","=""0940011""","Purchased Services For Transportation","$739,813"
"Newington School District","=""0940011""","Equipment","$67,584"
"Newington School District","=""0940011""","All Other Expenditures","$720"
"Newington School District","=""0940011""","Total","$17,747,437"
"Newtown School District","=""0970011""","Teacher Salaries","$6,578,423"
"Newtown School District","=""0970011""","Instructional Aide Salaries","$1,799,469"
"Newtown School District","=""0970011""","Other Salaries","$2,321,296"
"Newtown School District","=""0970011""","Employee Benefits","$2,337,993"
"Newtown School District","=""0970011""","Purchased Services Other Than Transportation","$424,230"
"Newtown School District","=""0970011""","Special Education Tuition","$4,253,913"
"Newtown School District","=""0970011""","Supplies","$110,701"
"Newtown School District","=""0970011""","Property Services","$32,484"
"Newtown School District","=""0970011""","Purchased Services For Transportation","$1,547,297"
"Newtown School District","=""0970011""","Equipment","$73,195"
"Newtown School District","=""0970011""","All Other Expenditures","$1,239"
"Newtown School District","=""0970011""","Total","$19,480,242"
"Norfolk School District","=""0980011""","Teacher Salaries","$105,144"
"Norfolk School District","=""0980011""","Instructional Aide Salaries","$0"
"Norfolk School District","=""0980011""","Other Salaries","$37,139"
"Norfolk School District","=""0980011""","Employee Benefits","$0"
"Norfolk School District","=""0980011""","Purchased Services Other Than Transportation","$421,375"
"Norfolk School District","=""0980011""","Special Education Tuition","$0"
"Norfolk School District","=""0980011""","Supplies","$500"
"Norfolk School District","=""0980011""","Property Services","$0"
"Norfolk School District","=""0980011""","Purchased Services For Transportation","$43,614"
"Norfolk School District","=""0980011""","Equipment","$0"
"Norfolk School District","=""0980011""","All Other Expenditures","$0"
"Norfolk School District","=""0980011""","Total","$607,772"
"North Branford School District","=""0990011""","Teacher Salaries","$1,787,047"
"North Branford School District","=""0990011""","Instructional Aide Salaries","$1,029,390"
"North Branford School District","=""0990011""","Other Salaries","$1,323,651"
"North Branford School District","=""0990011""","Employee Benefits","$664,915"
"North Branford School District","=""0990011""","Purchased Services Other Than Transportation","$228,098"
"North Branford School District","=""0990011""","Special Education Tuition","$1,419,551"
"North Branford School District","=""0990011""","Supplies","$65,193"
"North Branford School District","=""0990011""","Property Services","$4,901"
"North Branford School District","=""0990011""","Purchased Services For Transportation","$560,701"
"North Branford School District","=""0990011""","Equipment","$19,125"
"North Branford School District","=""0990011""","All Other Expenditures","$1,425"
"North Branford School District","=""0990011""","Total","$7,103,997"
"North Canaan School District","=""1000011""","Teacher Salaries","$667,563"
"North Canaan School District","=""1000011""","Instructional Aide Salaries","$0"
"North Canaan School District","=""1000011""","Other Salaries","$148,133"
"North Canaan School District","=""1000011""","Employee Benefits","$267,873"
"North Canaan School District","=""1000011""","Purchased Services Other Than Transportation","$58,312"
"North Canaan School District","=""1000011""","Special Education Tuition","$20,012"
"North Canaan School District","=""1000011""","Supplies","$4,790"
"North Canaan School District","=""1000011""","Property Services","$0"
"North Canaan School District","=""1000011""","Purchased Services For Transportation","$101,805"
"North Canaan School District","=""1000011""","Equipment","$1,668"
"North Canaan School District","=""1000011""","All Other Expenditures","$0"
"North Canaan School District","=""1000011""","Total","$1,270,156"
"North Haven School District","=""1010011""","Teacher Salaries","$4,441,027"
"North Haven School District","=""1010011""","Instructional Aide Salaries","$1,762,239"
"North Haven School District","=""1010011""","Other Salaries","$236,314"
"North Haven School District","=""1010011""","Employee Benefits","$1,854,060"
"North Haven School District","=""1010011""","Purchased Services Other Than Transportation","$1,136,620"
"North Haven School District","=""1010011""","Special Education Tuition","$3,128,878"
"North Haven School District","=""1010011""","Supplies","$92,401"
"North Haven School District","=""1010011""","Property Services","$0"
"North Haven School District","=""1010011""","Purchased Services For Transportation","$1,501,883"
"North Haven School District","=""1010011""","Equipment","$38,140"
"North Haven School District","=""1010011""","All Other Expenditures","$18,358"
"North Haven School District","=""1010011""","Total","$14,209,920"
"North Stonington School District","=""1020011""","Teacher Salaries","$1,148,861"
"North Stonington School District","=""1020011""","Instructional Aide Salaries","$0"
"North Stonington School District","=""1020011""","Other Salaries","$462,969"
"North Stonington School District","=""1020011""","Employee Benefits","$395,076"
"North Stonington School District","=""1020011""","Purchased Services Other Than Transportation","$248,362"
"North Stonington School District","=""1020011""","Special Education Tuition","$393,099"
"North Stonington School District","=""1020011""","Supplies","$51,406"
"North Stonington School District","=""1020011""","Property Services","$5,616"
"North Stonington School District","=""1020011""","Purchased Services For Transportation","$166,030"
"North Stonington School District","=""1020011""","Equipment","$5,166"
"North Stonington School District","=""1020011""","All Other Expenditures","$17,983"
"North Stonington School District","=""1020011""","Total","$2,894,568"
"Norwalk School District","=""1030011""","Teacher Salaries","$12,741,402"
"Norwalk School District","=""1030011""","Instructional Aide Salaries","$8,103,563"
"Norwalk School District","=""1030011""","Other Salaries","$10,056,174"
"Norwalk School District","=""1030011""","Employee Benefits","$5,473,597"
"Norwalk School District","=""1030011""","Purchased Services Other Than Transportation","$3,274,686"
"Norwalk School District","=""1030011""","Special Education Tuition","$8,663,738"
"Norwalk School District","=""1030011""","Supplies","$171,697"
"Norwalk School District","=""1030011""","Property Services","$6,657"
"Norwalk School District","=""1030011""","Purchased Services For Transportation","$3,767,885"
"Norwalk School District","=""1030011""","Equipment","$168,854"
"Norwalk School District","=""1030011""","All Other Expenditures","$9,242"
"Norwalk School District","=""1030011""","Total","$52,437,494"
"Norwich School District","=""1040011""","Teacher Salaries","$5,686,804"
"Norwich School District","=""1040011""","Instructional Aide Salaries","$3,332,583"
"Norwich School District","=""1040011""","Other Salaries","$170,874"
"Norwich School District","=""1040011""","Employee Benefits","$2,233,928"
"Norwich School District","=""1040011""","Purchased Services Other Than Transportation","$1,627,501"
"Norwich School District","=""1040011""","Special Education Tuition","$15,774,009"
"Norwich School District","=""1040011""","Supplies","$119,650"
"Norwich School District","=""1040011""","Property Services","$21,181"
"Norwich School District","=""1040011""","Purchased Services For Transportation","$4,214,530"
"Norwich School District","=""1040011""","Equipment","$3,277"
"Norwich School District","=""1040011""","All Other Expenditures","$1,795"
"Norwich School District","=""1040011""","Total","$33,186,131"
"Odyssey Community School District","=""2630013""","Teacher Salaries","$254,248"
"Odyssey Community School District","=""2630013""","Instructional Aide Salaries","$33,169"
"Odyssey Community School District","=""2630013""","Other Salaries","$0"
"Odyssey Community School District","=""2630013""","Employee Benefits","$29,679"
"Odyssey Community School District","=""2630013""","Purchased Services Other Than Transportation","$1,879"
"Odyssey Community School District","=""2630013""","Special Education Tuition","$0"
"Odyssey Community School District","=""2630013""","Supplies","$2,016"
"Odyssey Community School District","=""2630013""","Property Services","$0"
"Odyssey Community School District","=""2630013""","Purchased Services For Transportation","$0"
"Odyssey Community School District","=""2630013""","Equipment","$0"
"Odyssey Community School District","=""2630013""","All Other Expenditures","$0"
"Odyssey Community School District","=""2630013""","Total","$320,990"
"Old Saybrook School District","=""1060011""","Teacher Salaries","$2,966,672"
"Old Saybrook School District","=""1060011""","Instructional Aide Salaries","$1,009,500"
"Old Saybrook School District","=""1060011""","Other Salaries","$310,284"
"Old Saybrook School District","=""1060011""","Employee Benefits","$636,734"
"Old Saybrook School District","=""1060011""","Purchased Services Other Than Transportation","$124,787"
"Old Saybrook School District","=""1060011""","Special Education Tuition","$897,722"
"Old Saybrook School District","=""1060011""","Supplies","$79,157"
"Old Saybrook School District","=""1060011""","Property Services","$0"
"Old Saybrook School District","=""1060011""","Purchased Services For Transportation","$227,858"
"Old Saybrook School District","=""1060011""","Equipment","$2,929"
"Old Saybrook School District","=""1060011""","All Other Expenditures","$2,205"
"Old Saybrook School District","=""1060011""","Total","$6,257,848"
"Orange School District","=""1070011""","Teacher Salaries","$2,167,649"
"Orange School District","=""1070011""","Instructional Aide Salaries","$0"
"Orange School District","=""1070011""","Other Salaries","$960,954"
"Orange School District","=""1070011""","Employee Benefits","$631,466"
"Orange School District","=""1070011""","Purchased Services Other Than Transportation","$212,479"
"Orange School District","=""1070011""","Special Education Tuition","$346,346"
"Orange School District","=""1070011""","Supplies","$27,747"
"Orange School District","=""1070011""","Property Services","$0"
"Orange School District","=""1070011""","Purchased Services For Transportation","$332,954"
"Orange School District","=""1070011""","Equipment","$263,739"
"Orange School District","=""1070011""","All Other Expenditures","$6,600"
"Orange School District","=""1070011""","Total","$4,949,934"
"Oxford School District","=""1080011""","Teacher Salaries","$2,855,288"
"Oxford School District","=""1080011""","Instructional Aide Salaries","$1,134,124"
"Oxford School District","=""1080011""","Other Salaries","$949,890"
"Oxford School District","=""1080011""","Employee Benefits","$1,889,853"
"Oxford School District","=""1080011""","Purchased Services Other Than Transportation","$611,572"
"Oxford School District","=""1080011""","Special Education Tuition","$1,879,562"
"Oxford School District","=""1080011""","Supplies","$13,244"
"Oxford School District","=""1080011""","Property Services","$6,420"
"Oxford School District","=""1080011""","Purchased Services For Transportation","$507,261"
"Oxford School District","=""1080011""","Equipment","$1,049"
"Oxford School District","=""1080011""","All Other Expenditures","$500"
"Oxford School District","=""1080011""","Total","$9,848,763"
"Park City Prep Charter School District","=""2830013""","Teacher Salaries","$66,488"
"Park City Prep Charter School District","=""2830013""","Instructional Aide Salaries","$0"
"Park City Prep Charter School District","=""2830013""","Other Salaries","$0"
"Park City Prep Charter School District","=""2830013""","Employee Benefits","$3,512"
"Park City Prep Charter School District","=""2830013""","Purchased Services Other Than Transportation","$0"
"Park City Prep Charter School District","=""2830013""","Special Education Tuition","$0"
"Park City Prep Charter School District","=""2830013""","Supplies","$0"
"Park City Prep Charter School District","=""2830013""","Property Services","$0"
"Park City Prep Charter School District","=""2830013""","Purchased Services For Transportation","$0"
"Park City Prep Charter School District","=""2830013""","Equipment","$0"
"Park City Prep Charter School District","=""2830013""","All Other Expenditures","$0"
"Park City Prep Charter School District","=""2830013""","Total","$70,000"
"Plainfield School District","=""1090011""","Teacher Salaries","$2,328,126"
"Plainfield School District","=""1090011""","Instructional Aide Salaries","$0"
"Plainfield School District","=""1090011""","Other Salaries","$2,569,669"
"Plainfield School District","=""1090011""","Employee Benefits","$1,472,817"
"Plainfield School District","=""1090011""","Purchased Services Other Than Transportation","$455,162"
"Plainfield School District","=""1090011""","Special Education Tuition","$2,385,988"
"Plainfield School District","=""1090011""","Supplies","$256,264"
"Plainfield School District","=""1090011""","Property Services","$7,139"
"Plainfield School District","=""1090011""","Purchased Services For Transportation","$453,611"
"Plainfield School District","=""1090011""","Equipment","$0"
"Plainfield School District","=""1090011""","All Other Expenditures","$2,275"
"Plainfield School District","=""1090011""","Total","$9,931,050"
"Plainville School District","=""1100011""","Teacher Salaries","$2,854,154"
"Plainville School District","=""1100011""","Instructional Aide Salaries","$1,418,898"
"Plainville School District","=""1100011""","Other Salaries","$1,051,786"
"Plainville School District","=""1100011""","Employee Benefits","$1,442,853"
"Plainville School District","=""1100011""","Purchased Services Other Than Transportation","$187,570"
"Plainville School District","=""1100011""","Special Education Tuition","$1,855,056"
"Plainville School District","=""1100011""","Supplies","$338,742"
"Plainville School District","=""1100011""","Property Services","$473"
"Plainville School District","=""1100011""","Purchased Services For Transportation","$536,446"
"Plainville School District","=""1100011""","Equipment","$210,059"
"Plainville School District","=""1100011""","All Other Expenditures","$450"
"Plainville School District","=""1100011""","Total","$9,896,486"
"Plymouth School District","=""1110011""","Teacher Salaries","$2,908,585"
"Plymouth School District","=""1110011""","Instructional Aide Salaries","$851,657"
"Plymouth School District","=""1110011""","Other Salaries","$222,992"
"Plymouth School District","=""1110011""","Employee Benefits","$808,089"
"Plymouth School District","=""1110011""","Purchased Services Other Than Transportation","$397,352"
"Plymouth School District","=""1110011""","Special Education Tuition","$1,372,743"
"Plymouth School District","=""1110011""","Supplies","$21,613"
"Plymouth School District","=""1110011""","Property Services","$0"
"Plymouth School District","=""1110011""","Purchased Services For Transportation","$602,869"
"Plymouth School District","=""1110011""","Equipment","$7,271"
"Plymouth School District","=""1110011""","All Other Expenditures","$713"
"Plymouth School District","=""1110011""","Total","$7,193,883"
"Pomfret School District","=""1120011""","Teacher Salaries","$535,922"
"Pomfret School District","=""1120011""","Instructional Aide Salaries","$120,661"
"Pomfret School District","=""1120011""","Other Salaries","$304,051"
"Pomfret School District","=""1120011""","Employee Benefits","$233,002"
"Pomfret School District","=""1120011""","Purchased Services Other Than Transportation","$80,487"
"Pomfret School District","=""1120011""","Special Education Tuition","$1,282,411"
"Pomfret School District","=""1120011""","Supplies","$37,871"
"Pomfret School District","=""1120011""","Property Services","$0"
"Pomfret School District","=""1120011""","Purchased Services For Transportation","$81,542"
"Pomfret School District","=""1120011""","Equipment","$4,205"
"Pomfret School District","=""1120011""","All Other Expenditures","$436"
"Pomfret School District","=""1120011""","Total","$2,680,587"
"Portland School District","=""1130011""","Teacher Salaries","$1,798,209"
"Portland School District","=""1130011""","Instructional Aide Salaries","$691,912"
"Portland School District","=""1130011""","Other Salaries","$572,878"
"Portland School District","=""1130011""","Employee Benefits","$918,392"
"Portland School District","=""1130011""","Purchased Services Other Than Transportation","$307,134"
"Portland School District","=""1130011""","Special Education Tuition","$981,396"
"Portland School District","=""1130011""","Supplies","$48,088"
"Portland School District","=""1130011""","Property Services","$2,412"
"Portland School District","=""1130011""","Purchased Services For Transportation","$367,950"
"Portland School District","=""1130011""","Equipment","$18,175"
"Portland School District","=""1130011""","All Other Expenditures","$0"
"Portland School District","=""1130011""","Total","$5,706,545"
"Preston School District","=""1140011""","Teacher Salaries","$840,790"
"Preston School District","=""1140011""","Instructional Aide Salaries","$560,037"
"Preston School District","=""1140011""","Other Salaries","$237,555"
"Preston School District","=""1140011""","Employee Benefits","$415,480"
"Preston School District","=""1140011""","Purchased Services Other Than Transportation","$204,907"
"Preston School District","=""1140011""","Special Education Tuition","$919,971"
"Preston School District","=""1140011""","Supplies","$8,803"
"Preston School District","=""1140011""","Property Services","$0"
"Preston School District","=""1140011""","Purchased Services For Transportation","$0"
"Preston School District","=""1140011""","Equipment","$0"
"Preston School District","=""1140011""","All Other Expenditures","$0"
"Preston School District","=""1140011""","Total","$3,187,542"
"Putnam School District","=""1160011""","Teacher Salaries","$2,066,433"
"Putnam School District","=""1160011""","Instructional Aide Salaries","$732,442"
"Putnam School District","=""1160011""","Other Salaries","$226,319"
"Putnam School District","=""1160011""","Employee Benefits","$745,655"
"Putnam School District","=""1160011""","Purchased Services Other Than Transportation","$279,564"
"Putnam School District","=""1160011""","Special Education Tuition","$1,646,303"
"Putnam School District","=""1160011""","Supplies","$54,987"
"Putnam School District","=""1160011""","Property Services","$11,516"
"Putnam School District","=""1160011""","Purchased Services For Transportation","$192,975"
"Putnam School District","=""1160011""","Equipment","$0"
"Putnam School District","=""1160011""","All Other Expenditures","$4,129"
"Putnam School District","=""1160011""","Total","$5,960,323"
"Redding School District","=""1170011""","Teacher Salaries","$3,145,256"
"Redding School District","=""1170011""","Instructional Aide Salaries","$1,190,087"
"Redding School District","=""1170011""","Other Salaries","$0"
"Redding School District","=""1170011""","Employee Benefits","$1,342,883"
"Redding School District","=""1170011""","Purchased Services Other Than Transportation","$377,600"
"Redding School District","=""1170011""","Special Education Tuition","$724,947"
"Redding School District","=""1170011""","Supplies","$15,674"
"Redding School District","=""1170011""","Property Services","$528"
"Redding School District","=""1170011""","Purchased Services For Transportation","$560,627"
"Redding School District","=""1170011""","Equipment","$20,689"
"Redding School District","=""1170011""","All Other Expenditures","$17,325"
"Redding School District","=""1170011""","Total","$7,395,615"
"Regional School District 01","=""2010012""","Teacher Salaries","$815,668"
"Regional School District 01","=""2010012""","Instructional Aide Salaries","$0"
"Regional School District 01","=""2010012""","Other Salaries","$182,188"
"Regional School District 01","=""2010012""","Employee Benefits","$329,157"
"Regional School District 01","=""2010012""","Purchased Services Other Than Transportation","$69,042"
"Regional School District 01","=""2010012""","Special Education Tuition","$701,341"
"Regional School District 01","=""2010012""","Supplies","$5,339"
"Regional School District 01","=""2010012""","Property Services","$0"
"Regional School District 01","=""2010012""","Purchased Services For Transportation","$125,209"
"Regional School District 01","=""2010012""","Equipment","$1,635"
"Regional School District 01","=""2010012""","All Other Expenditures","$0"
"Regional School District 01","=""2010012""","Total","$2,229,579"
"Regional School District 04","=""2040012""","Teacher Salaries","$1,027,057"
"Regional School District 04","=""2040012""","Instructional Aide Salaries","$715,375"
"Regional School District 04","=""2040012""","Other Salaries","$181,207"
"Regional School District 04","=""2040012""","Employee Benefits","$588,747"
"Regional School District 04","=""2040012""","Purchased Services Other Than Transportation","$65,317"
"Regional School District 04","=""2040012""","Special Education Tuition","$1,383,428"
"Regional School District 04","=""2040012""","Supplies","$37,678"
"Regional School District 04","=""2040012""","Property Services","$0"
"Regional School District 04","=""2040012""","Purchased Services For Transportation","$393,000"
"Regional School District 04","=""2040012""","Equipment","$0"
"Regional School District 04","=""2040012""","All Other Expenditures","$0"
"Regional School District 04","=""2040012""","Total","$4,391,809"
"Regional School District 05","=""2050012""","Teacher Salaries","$3,169,474"
"Regional School District 05","=""2050012""","Instructional Aide Salaries","$714,414"
"Regional School District 05","=""2050012""","Other Salaries","$0"
"Regional School District 05","=""2050012""","Employee Benefits","$837,399"
"Regional School District 05","=""2050012""","Purchased Services Other Than Transportation","$663,149"
"Regional School District 05","=""2050012""","Special Education Tuition","$2,706,472"
"Regional School District 05","=""2050012""","Supplies","$46,862"
"Regional School District 05","=""2050012""","Property Services","$9,000"
"Regional School District 05","=""2050012""","Purchased Services For Transportation","$1,330,433"
"Regional School District 05","=""2050012""","Equipment","$51,586"
"Regional School District 05","=""2050012""","All Other Expenditures","$2,887"
"Regional School District 05","=""2050012""","Total","$9,531,678"
"Regional School District 06","=""2060012""","Teacher Salaries","$1,116,214"
"Regional School District 06","=""2060012""","Instructional Aide Salaries","$0"
"Regional School District 06","=""2060012""","Other Salaries","$1,172,453"
"Regional School District 06","=""2060012""","Employee Benefits","$787,920"
"Regional School District 06","=""2060012""","Purchased Services Other Than Transportation","$132,289"
"Regional School District 06","=""2060012""","Special Education Tuition","$363,020"
"Regional School District 06","=""2060012""","Supplies","$21,220"
"Regional School District 06","=""2060012""","Property Services","$0"
"Regional School District 06","=""2060012""","Purchased Services For Transportation","$188,460"
"Regional School District 06","=""2060012""","Equipment","$0"
"Regional School District 06","=""2060012""","All Other Expenditures","$0"
"Regional School District 06","=""2060012""","Total","$3,781,576"
"Regional School District 07","=""2070012""","Teacher Salaries","$1,255,437"
"Regional School District 07","=""2070012""","Instructional Aide Salaries","$185,273"
"Regional School District 07","=""2070012""","Other Salaries","$108,382"
"Regional School District 07","=""2070012""","Employee Benefits","$279,843"
"Regional School District 07","=""2070012""","Purchased Services Other Than Transportation","$1,559,541"
"Regional School District 07","=""2070012""","Special Education Tuition","$983,322"
"Regional School District 07","=""2070012""","Supplies","$11,349"
"Regional School District 07","=""2070012""","Property Services","$0"
"Regional School District 07","=""2070012""","Purchased Services For Transportation","$401,606"
"Regional School District 07","=""2070012""","Equipment","$2,748"
"Regional School District 07","=""2070012""","All Other Expenditures","$0"
"Regional School District 07","=""2070012""","Total","$4,787,501"
"Regional School District 08","=""2080012""","Teacher Salaries","$1,940,184"
"Regional School District 08","=""2080012""","Instructional Aide Salaries","$908,048"
"Regional School District 08","=""2080012""","Other Salaries","$530,311"
"Regional School District 08","=""2080012""","Employee Benefits","$914,267"
"Regional School District 08","=""2080012""","Purchased Services Other Than Transportation","$752,414"
"Regional School District 08","=""2080012""","Special Education Tuition","$1,395,263"
"Regional School District 08","=""2080012""","Supplies","$54,450"
"Regional School District 08","=""2080012""","Property Services","$0"
"Regional School District 08","=""2080012""","Purchased Services For Transportation","$690,273"
"Regional School District 08","=""2080012""","Equipment","$18,596"
"Regional School District 08","=""2080012""","All Other Expenditures","$250"
"Regional School District 08","=""2080012""","Total","$7,204,055"
"Regional School District 09","=""2090012""","Teacher Salaries","$1,694,389"
"Regional School District 09","=""2090012""","Instructional Aide Salaries","$526,009"
"Regional School District 09","=""2090012""","Other Salaries","$0"
"Regional School District 09","=""2090012""","Employee Benefits","$499,620"
"Regional School District 09","=""2090012""","Purchased Services Other Than Transportation","$250,339"
"Regional School District 09","=""2090012""","Special Education Tuition","$2,032,095"
"Regional School District 09","=""2090012""","Supplies","$3,845"
"Regional School District 09","=""2090012""","Property Services","$0"
"Regional School District 09","=""2090012""","Purchased Services For Transportation","$629,811"
"Regional School District 09","=""2090012""","Equipment","$9,002"
"Regional School District 09","=""2090012""","All Other Expenditures","$540"
"Regional School District 09","=""2090012""","Total","$5,645,649"
"Regional School District 10","=""2100012""","Teacher Salaries","$3,683,265"
"Regional School District 10","=""2100012""","Instructional Aide Salaries","$898,173"
"Regional School District 10","=""2100012""","Other Salaries","$458,127"
"Regional School District 10","=""2100012""","Employee Benefits","$1,194,641"
"Regional School District 10","=""2100012""","Purchased Services Other Than Transportation","$852,832"
"Regional School District 10","=""2100012""","Special Education Tuition","$2,503,632"
"Regional School District 10","=""2100012""","Supplies","$28,975"
"Regional School District 10","=""2100012""","Property Services","$0"
"Regional School District 10","=""2100012""","Purchased Services For Transportation","$596,396"
"Regional School District 10","=""2100012""","Equipment","$589"
"Regional School District 10","=""2100012""","All Other Expenditures","$2,422"
"Regional School District 10","=""2100012""","Total","$10,219,051"
"Regional School District 11","=""2110012""","Teacher Salaries","$245,445"
"Regional School District 11","=""2110012""","Instructional Aide Salaries","$134,213"
"Regional School District 11","=""2110012""","Other Salaries","$0"
"Regional School District 11","=""2110012""","Employee Benefits","$74,428"
"Regional School District 11","=""2110012""","Purchased Services Other Than Transportation","$132,604"
"Regional School District 11","=""2110012""","Special Education Tuition","$742,914"
"Regional School District 11","=""2110012""","Supplies","$4,415"
"Regional School District 11","=""2110012""","Property Services","$0"
"Regional School District 11","=""2110012""","Purchased Services For Transportation","$131,348"
"Regional School District 11","=""2110012""","Equipment","$9,254"
"Regional School District 11","=""2110012""","All Other Expenditures","$0"
"Regional School District 11","=""2110012""","Total","$1,474,620"
"Regional School District 12","=""2120012""","Teacher Salaries","$1,537,185"
"Regional School District 12","=""2120012""","Instructional Aide Salaries","$484,877"
"Regional School District 12","=""2120012""","Other Salaries","$621,798"
"Regional School District 12","=""2120012""","Employee Benefits","$556,000"
"Regional School District 12","=""2120012""","Purchased Services Other Than Transportation","$460,262"
"Regional School District 12","=""2120012""","Special Education Tuition","$120,434"
"Regional School District 12","=""2120012""","Supplies","$30,952"
"Regional School District 12","=""2120012""","Property Services","$0"
"Regional School District 12","=""2120012""","Purchased Services For Transportation","$153,182"
"Regional School District 12","=""2120012""","Equipment","$16,558"
"Regional School District 12","=""2120012""","All Other Expenditures","$814"
"Regional School District 12","=""2120012""","Total","$3,982,064"
"Regional School District 13","=""2130012""","Teacher Salaries","$2,277,499"
"Regional School District 13","=""2130012""","Instructional Aide Salaries","$1,378,302"
"Regional School District 13","=""2130012""","Other Salaries","$1,371,710"
"Regional School District 13","=""2130012""","Employee Benefits","$1,521,845"
"Regional School District 13","=""2130012""","Purchased Services Other Than Transportation","$295,719"
"Regional School District 13","=""2130012""","Special Education Tuition","$756,439"
"Regional School District 13","=""2130012""","Supplies","$58,209"
"Regional School District 13","=""2130012""","Property Services","$30,000"
"Regional School District 13","=""2130012""","Purchased Services For Transportation","$555,621"
"Regional School District 13","=""2130012""","Equipment","$59,457"
"Regional School District 13","=""2130012""","All Other Expenditures","$2,283"
"Regional School District 13","=""2130012""","Total","$8,307,086"
"Regional School District 14","=""2140012""","Teacher Salaries","$3,708,707"
"Regional School District 14","=""2140012""","Instructional Aide Salaries","$1,298,357"
"Regional School District 14","=""2140012""","Other Salaries","$324,210"
"Regional School District 14","=""2140012""","Employee Benefits","$1,060,732"
"Regional School District 14","=""2140012""","Purchased Services Other Than Transportation","$251,727"
"Regional School District 14","=""2140012""","Special Education Tuition","$830,477"
"Regional School District 14","=""2140012""","Supplies","$20,676"
"Regional School District 14","=""2140012""","Property Services","$0"
"Regional School District 14","=""2140012""","Purchased Services For Transportation","$601,785"
"Regional School District 14","=""2140012""","Equipment","$8,832"
"Regional School District 14","=""2140012""","All Other Expenditures","$0"
"Regional School District 14","=""2140012""","Total","$8,105,503"
"Regional School District 15","=""2150012""","Teacher Salaries","$8,971,322"
"Regional School District 15","=""2150012""","Instructional Aide Salaries","$3,191,798"
"Regional School District 15","=""2150012""","Other Salaries","$1,290,688"
"Regional School District 15","=""2150012""","Employee Benefits","$2,166,856"
"Regional School District 15","=""2150012""","Purchased Services Other Than Transportation","$944,610"
"Regional School District 15","=""2150012""","Special Education Tuition","$5,026,381"
"Regional School District 15","=""2150012""","Supplies","$109,690"
"Regional School District 15","=""2150012""","Property Services","$91,617"
"Regional School District 15","=""2150012""","Purchased Services For Transportation","$2,213,481"
"Regional School District 15","=""2150012""","Equipment","$71,465"
"Regional School District 15","=""2150012""","All Other Expenditures","$200"
"Regional School District 15","=""2150012""","Total","$24,078,108"
"Regional School District 16","=""2160012""","Teacher Salaries","$2,203,158"
"Regional School District 16","=""2160012""","Instructional Aide Salaries","$1,143,465"
"Regional School District 16","=""2160012""","Other Salaries","$743,038"
"Regional School District 16","=""2160012""","Employee Benefits","$1,079,930"
"Regional School District 16","=""2160012""","Purchased Services Other Than Transportation","$857,591"
"Regional School District 16","=""2160012""","Special Education Tuition","$1,605,004"
"Regional School District 16","=""2160012""","Supplies","$46,678"
"Regional School District 16","=""2160012""","Property Services","$0"
"Regional School District 16","=""2160012""","Purchased Services For Transportation","$1,232,198"
"Regional School District 16","=""2160012""","Equipment","$0"
"Regional School District 16","=""2160012""","All Other Expenditures","$0"
"Regional School District 16","=""2160012""","Total","$8,911,061"
"Regional School District 17","=""2170012""","Teacher Salaries","$2,939,010"
"Regional School District 17","=""2170012""","Instructional Aide Salaries","$1,428,101"
"Regional School District 17","=""2170012""","Other Salaries","$225,177"
"Regional School District 17","=""2170012""","Employee Benefits","$1,171,327"
"Regional School District 17","=""2170012""","Purchased Services Other Than Transportation","$722,264"
"Regional School District 17","=""2170012""","Special Education Tuition","$2,541,869"
"Regional School District 17","=""2170012""","Supplies","$94,204"
"Regional School District 17","=""2170012""","Property Services","$0"
"Regional School District 17","=""2170012""","Purchased Services For Transportation","$1,231,952"
"Regional School District 17","=""2170012""","Equipment","$5,988"
"Regional School District 17","=""2170012""","All Other Expenditures","$1,109"
"Regional School District 17","=""2170012""","Total","$10,361,000"
"Regional School District 18","=""2180012""","Teacher Salaries","$2,976,557"
"Regional School District 18","=""2180012""","Instructional Aide Salaries","$1,568,303"
"Regional School District 18","=""2180012""","Other Salaries","$782,854"
"Regional School District 18","=""2180012""","Employee Benefits","$959,389"
"Regional School District 18","=""2180012""","Purchased Services Other Than Transportation","$387,192"
"Regional School District 18","=""2180012""","Special Education Tuition","$323,847"
"Regional School District 18","=""2180012""","Supplies","$53,654"
"Regional School District 18","=""2180012""","Property Services","$0"
"Regional School District 18","=""2180012""","Purchased Services For Transportation","$255,715"
"Regional School District 18","=""2180012""","Equipment","$488"
"Regional School District 18","=""2180012""","All Other Expenditures","$695"
"Regional School District 18","=""2180012""","Total","$7,308,694"
"Regional School District 19","=""2190012""","Teacher Salaries","$1,555,544"
"Regional School District 19","=""2190012""","Instructional Aide Salaries","$83,167"
"Regional School District 19","=""2190012""","Other Salaries","$262,149"
"Regional School District 19","=""2190012""","Employee Benefits","$351,267"
"Regional School District 19","=""2190012""","Purchased Services Other Than Transportation","$850,102"
"Regional School District 19","=""2190012""","Special Education Tuition","$1,435,569"
"Regional School District 19","=""2190012""","Supplies","$21,012"
"Regional School District 19","=""2190012""","Property Services","$0"
"Regional School District 19","=""2190012""","Purchased Services For Transportation","$543,028"
"Regional School District 19","=""2190012""","Equipment","$2,919"
"Regional School District 19","=""2190012""","All Other Expenditures","$4,500"
"Regional School District 19","=""2190012""","Total","$5,109,257"
"Ridgefield School District","=""1180011""","Teacher Salaries","$7,023,161"
"Ridgefield School District","=""1180011""","Instructional Aide Salaries","$2,533,556"
"Ridgefield School District","=""1180011""","Other Salaries","$776,283"
"Ridgefield School District","=""1180011""","Employee Benefits","$3,280,850"
"Ridgefield School District","=""1180011""","Purchased Services Other Than Transportation","$1,063,152"
"Ridgefield School District","=""1180011""","Special Education Tuition","$6,241,156"
"Ridgefield School District","=""1180011""","Supplies","$87,230"
"Ridgefield School District","=""1180011""","Property Services","$9,947"
"Ridgefield School District","=""1180011""","Purchased Services For Transportation","$1,471,522"
"Ridgefield School District","=""1180011""","Equipment","$20,656"
"Ridgefield School District","=""1180011""","All Other Expenditures","$0"
"Ridgefield School District","=""1180011""","Total","$22,507,513"
"Rocky Hill School District","=""1190011""","Teacher Salaries","$4,314,836"
"Rocky Hill School District","=""1190011""","Instructional Aide Salaries","$1,655,075"
"Rocky Hill School District","=""1190011""","Other Salaries","$516,952"
"Rocky Hill School District","=""1190011""","Employee Benefits","$1,389,722"
"Rocky Hill School District","=""1190011""","Purchased Services Other Than Transportation","$433,062"
"Rocky Hill School District","=""1190011""","Special Education Tuition","$1,003,255"
"Rocky Hill School District","=""1190011""","Supplies","$29,797"
"Rocky Hill School District","=""1190011""","Property Services","$0"
"Rocky Hill School District","=""1190011""","Purchased Services For Transportation","$603,622"
"Rocky Hill School District","=""1190011""","Equipment","$12,078"
"Rocky Hill School District","=""1190011""","All Other Expenditures","$500"
"Rocky Hill School District","=""1190011""","Total","$9,958,898"
"Salem School District","=""1210011""","Teacher Salaries","$644,779"
"Salem School District","=""1210011""","Instructional Aide Salaries","$277,224"
"Salem School District","=""1210011""","Other Salaries","$0"
"Salem School District","=""1210011""","Employee Benefits","$189,816"
"Salem School District","=""1210011""","Purchased Services Other Than Transportation","$468,621"
"Salem School District","=""1210011""","Special Education Tuition","$1,419,349"
"Salem School District","=""1210011""","Supplies","$14,403"
"Salem School District","=""1210011""","Property Services","$0"
"Salem School District","=""1210011""","Purchased Services For Transportation","$266,727"
"Salem School District","=""1210011""","Equipment","$9,681"
"Salem School District","=""1210011""","All Other Expenditures","$0"
"Salem School District","=""1210011""","Total","$3,290,599"
"Salisbury School District","=""1220011""","Teacher Salaries","$935,637"
"Salisbury School District","=""1220011""","Instructional Aide Salaries","$0"
"Salisbury School District","=""1220011""","Other Salaries","$183,578"
"Salisbury School District","=""1220011""","Employee Benefits","$338,277"
"Salisbury School District","=""1220011""","Purchased Services Other Than Transportation","$115,735"
"Salisbury School District","=""1220011""","Special Education Tuition","$61,035"
"Salisbury School District","=""1220011""","Supplies","$7,686"
"Salisbury School District","=""1220011""","Property Services","$0"
"Salisbury School District","=""1220011""","Purchased Services For Transportation","$126,165"
"Salisbury School District","=""1220011""","Equipment","$3,319"
"Salisbury School District","=""1220011""","All Other Expenditures","$0"
"Salisbury School District","=""1220011""","Total","$1,771,431"
"Scotland School District","=""1230011""","Teacher Salaries","$173,447"
"Scotland School District","=""1230011""","Instructional Aide Salaries","$201,473"
"Scotland School District","=""1230011""","Other Salaries","$41,902"
"Scotland School District","=""1230011""","Employee Benefits","$20,375"
"Scotland School District","=""1230011""","Purchased Services Other Than Transportation","$26,418"
"Scotland School District","=""1230011""","Special Education Tuition","$72,673"
"Scotland School District","=""1230011""","Supplies","$6,384"
"Scotland School District","=""1230011""","Property Services","$5,327"
"Scotland School District","=""1230011""","Purchased Services For Transportation","$44,414"
"Scotland School District","=""1230011""","Equipment","$0"
"Scotland School District","=""1230011""","All Other Expenditures","$1,147"
"Scotland School District","=""1230011""","Total","$593,559"
"Seymour School District","=""1240011""","Teacher Salaries","$3,390,907"
"Seymour School District","=""1240011""","Instructional Aide Salaries","$989,508"
"Seymour School District","=""1240011""","Other Salaries","$273,555"
"Seymour School District","=""1240011""","Employee Benefits","$526,257"
"Seymour School District","=""1240011""","Purchased Services Other Than Transportation","$460,075"
"Seymour School District","=""1240011""","Special Education Tuition","$2,121,771"
"Seymour School District","=""1240011""","Supplies","$25,820"
"Seymour School District","=""1240011""","Property Services","$5,689"
"Seymour School District","=""1240011""","Purchased Services For Transportation","$933,654"
"Seymour School District","=""1240011""","Equipment","$6,800"
"Seymour School District","=""1240011""","All Other Expenditures","$500"
"Seymour School District","=""1240011""","Total","$8,734,537"
"Sharon School District","=""1250011""","Teacher Salaries","$307,688"
"Sharon School District","=""1250011""","Instructional Aide Salaries","$0"
"Sharon School District","=""1250011""","Other Salaries","$65,605"
"Sharon School District","=""1250011""","Employee Benefits","$119,334"
"Sharon School District","=""1250011""","Purchased Services Other Than Transportation","$36,183"
"Sharon School District","=""1250011""","Special Education Tuition","$10,794"
"Sharon School District","=""1250011""","Supplies","$2,350"
"Sharon School District","=""1250011""","Property Services","$0"
"Sharon School District","=""1250011""","Purchased Services For Transportation","$45,087"
"Sharon School District","=""1250011""","Equipment","$903"
"Sharon School District","=""1250011""","All Other Expenditures","$0"
"Sharon School District","=""1250011""","Total","$587,944"
"Shelton School District","=""1260011""","Teacher Salaries","$6,679,920"
"Shelton School District","=""1260011""","Instructional Aide Salaries","$1,479,532"
"Shelton School District","=""1260011""","Other Salaries","$423,077"
"Shelton School District","=""1260011""","Employee Benefits","$4,470,547"
"Shelton School District","=""1260011""","Purchased Services Other Than Transportation","$826,946"
"Shelton School District","=""1260011""","Special Education Tuition","$5,531,475"
"Shelton School District","=""1260011""","Supplies","$52,841"
"Shelton School District","=""1260011""","Property Services","$188"
"Shelton School District","=""1260011""","Purchased Services For Transportation","$2,355,505"
"Shelton School District","=""1260011""","Equipment","$-3,504"
"Shelton School District","=""1260011""","All Other Expenditures","$0"
"Shelton School District","=""1260011""","Total","$21,816,525"
"Sherman School District","=""1270011""","Teacher Salaries","$417,128"
"Sherman School District","=""1270011""","Instructional Aide Salaries","$261,311"
"Sherman School District","=""1270011""","Other Salaries","$297,182"
"Sherman School District","=""1270011""","Employee Benefits","$167,607"
"Sherman School District","=""1270011""","Purchased Services Other Than Transportation","$47,930"
"Sherman School District","=""1270011""","Special Education Tuition","$465,376"
"Sherman School District","=""1270011""","Supplies","$9,475"
"Sherman School District","=""1270011""","Property Services","$0"
"Sherman School District","=""1270011""","Purchased Services For Transportation","$10,361"
"Sherman School District","=""1270011""","Equipment","$18,660"
"Sherman School District","=""1270011""","All Other Expenditures","$640"
"Sherman School District","=""1270011""","Total","$1,695,671"
"Side By Side Charter School District","=""2700013""","Teacher Salaries","$108,189"
"Side By Side Charter School District","=""2700013""","Instructional Aide Salaries","$0"
"Side By Side Charter School District","=""2700013""","Other Salaries","$0"
"Side By Side Charter School District","=""2700013""","Employee Benefits","$21,643"
"Side By Side Charter School District","=""2700013""","Purchased Services Other Than Transportation","$0"
"Side By Side Charter School District","=""2700013""","Special Education Tuition","$0"
"Side By Side Charter School District","=""2700013""","Supplies","$0"
"Side By Side Charter School District","=""2700013""","Property Services","$0"
"Side By Side Charter School District","=""2700013""","Purchased Services For Transportation","$0"
"Side By Side Charter School District","=""2700013""","Equipment","$0"
"Side By Side Charter School District","=""2700013""","All Other Expenditures","$0"
"Side By Side Charter School District","=""2700013""","Total","$129,832"
"Simsbury School District","=""1280011""","Teacher Salaries","$6,262,583"
"Simsbury School District","=""1280011""","Instructional Aide Salaries","$3,553,414"
"Simsbury School District","=""1280011""","Other Salaries","$560,237"
"Simsbury School District","=""1280011""","Employee Benefits","$1,823,582"
"Simsbury School District","=""1280011""","Purchased Services Other Than Transportation","$1,812,409"
"Simsbury School District","=""1280011""","Special Education Tuition","$3,679,685"
"Simsbury School District","=""1280011""","Supplies","$59,890"
"Simsbury School District","=""1280011""","Property Services","$0"
"Simsbury School District","=""1280011""","Purchased Services For Transportation","$1,471,274"
"Simsbury School District","=""1280011""","Equipment","$56,511"
"Simsbury School District","=""1280011""","All Other Expenditures","$0"
"Simsbury School District","=""1280011""","Total","$19,279,585"
"Somers School District","=""1290011""","Teacher Salaries","$2,084,275"
"Somers School District","=""1290011""","Instructional Aide Salaries","$1,026,765"
"Somers School District","=""1290011""","Other Salaries","$440,687"
"Somers School District","=""1290011""","Employee Benefits","$825,216"
"Somers School District","=""1290011""","Purchased Services Other Than Transportation","$167,638"
"Somers School District","=""1290011""","Special Education Tuition","$731,151"
"Somers School District","=""1290011""","Supplies","$39,786"
"Somers School District","=""1290011""","Property Services","$0"
"Somers School District","=""1290011""","Purchased Services For Transportation","$384,010"
"Somers School District","=""1290011""","Equipment","$679"
"Somers School District","=""1290011""","All Other Expenditures","$0"
"Somers School District","=""1290011""","Total","$5,700,206"
"South Windsor School District","=""1320011""","Teacher Salaries","$6,013,227"
"South Windsor School District","=""1320011""","Instructional Aide Salaries","$2,995,535"
"South Windsor School District","=""1320011""","Other Salaries","$1,466,037"
"South Windsor School District","=""1320011""","Employee Benefits","$2,127,070"
"South Windsor School District","=""1320011""","Purchased Services Other Than Transportation","$1,568,356"
"South Windsor School District","=""1320011""","Special Education Tuition","$3,228,804"
"South Windsor School District","=""1320011""","Supplies","$109,566"
"South Windsor School District","=""1320011""","Property Services","$43,022"
"South Windsor School District","=""1320011""","Purchased Services For Transportation","$1,480,420"
"South Windsor School District","=""1320011""","Equipment","$34,395"
"South Windsor School District","=""1320011""","All Other Expenditures","$3,767"
"South Windsor School District","=""1320011""","Total","$19,070,199"
"Southington School District","=""1310011""","Teacher Salaries","$9,794,189"
"Southington School District","=""1310011""","Instructional Aide Salaries","$6,229,394"
"Southington School District","=""1310011""","Other Salaries","$1,749,039"
"Southington School District","=""1310011""","Employee Benefits","$5,813,074"
"Southington School District","=""1310011""","Purchased Services Other Than Transportation","$950,025"
"Southington School District","=""1310011""","Special Education Tuition","$5,042,788"
"Southington School District","=""1310011""","Supplies","$175,470"
"Southington School District","=""1310011""","Property Services","$78,238"
"Southington School District","=""1310011""","Purchased Services For Transportation","$2,686,341"
"Southington School District","=""1310011""","Equipment","$27,461"
"Southington School District","=""1310011""","All Other Expenditures","$0"
"Southington School District","=""1310011""","Total","$32,546,019"
"Sprague School District","=""1330011""","Teacher Salaries","$359,148"
"Sprague School District","=""1330011""","Instructional Aide Salaries","$190,851"
"Sprague School District","=""1330011""","Other Salaries","$149,183"
"Sprague School District","=""1330011""","Employee Benefits","$245,863"
"Sprague School District","=""1330011""","Purchased Services Other Than Transportation","$193,467"
"Sprague School District","=""1330011""","Special Education Tuition","$1,166,725"
"Sprague School District","=""1330011""","Supplies","$11,023"
"Sprague School District","=""1330011""","Property Services","$0"
"Sprague School District","=""1330011""","Purchased Services For Transportation","$104,972"
"Sprague School District","=""1330011""","Equipment","$1,421"
"Sprague School District","=""1330011""","All Other Expenditures","$250"
"Sprague School District","=""1330011""","Total","$2,422,903"
"Stafford School District","=""1340011""","Teacher Salaries","$2,015,110"
"Stafford School District","=""1340011""","Instructional Aide Salaries","$1,069,462"
"Stafford School District","=""1340011""","Other Salaries","$312,461"
"Stafford School District","=""1340011""","Employee Benefits","$988,752"
"Stafford School District","=""1340011""","Purchased Services Other Than Transportation","$446,102"
"Stafford School District","=""1340011""","Special Education Tuition","$1,391,416"
"Stafford School District","=""1340011""","Supplies","$76,760"
"Stafford School District","=""1340011""","Property Services","$1,936"
"Stafford School District","=""1340011""","Purchased Services For Transportation","$561,028"
"Stafford School District","=""1340011""","Equipment","$32,128"
"Stafford School District","=""1340011""","All Other Expenditures","$767"
"Stafford School District","=""1340011""","Total","$6,895,922"
"Stamford Charter School for Excellence District","=""2960013""","Teacher Salaries","$161,407"
"Stamford Charter School for Excellence District","=""2960013""","Instructional Aide Salaries","$0"
"Stamford Charter School for Excellence District","=""2960013""","Other Salaries","$10,227"
"Stamford Charter School for Excellence District","=""2960013""","Employee Benefits","$29,715"
"Stamford Charter School for Excellence District","=""2960013""","Purchased Services Other Than Transportation","$0"
"Stamford Charter School for Excellence District","=""2960013""","Special Education Tuition","$0"
"Stamford Charter School for Excellence District","=""2960013""","Supplies","$0"
"Stamford Charter School for Excellence District","=""2960013""","Property Services","$0"
"Stamford Charter School for Excellence District","=""2960013""","Purchased Services For Transportation","$0"
"Stamford Charter School for Excellence District","=""2960013""","Equipment","$0"
"Stamford Charter School for Excellence District","=""2960013""","All Other Expenditures","$0"
"Stamford Charter School for Excellence District","=""2960013""","Total","$201,349"
"Stamford School District","=""1350011""","Teacher Salaries","$19,271,706"
"Stamford School District","=""1350011""","Instructional Aide Salaries","$10,684,468"
"Stamford School District","=""1350011""","Other Salaries","$12,465,339"
"Stamford School District","=""1350011""","Employee Benefits","$10,973,882"
"Stamford School District","=""1350011""","Purchased Services Other Than Transportation","$6,981,216"
"Stamford School District","=""1350011""","Special Education Tuition","$18,648,642"
"Stamford School District","=""1350011""","Supplies","$851,002"
"Stamford School District","=""1350011""","Property Services","$0"
"Stamford School District","=""1350011""","Purchased Services For Transportation","$7,133,566"
"Stamford School District","=""1350011""","Equipment","$161,776"
"Stamford School District","=""1350011""","All Other Expenditures","$78,504"
"Stamford School District","=""1350011""","Total","$87,250,100"
"Sterling School District","=""1360011""","Teacher Salaries","$626,479"
"Sterling School District","=""1360011""","Instructional Aide Salaries","$288,986"
"Sterling School District","=""1360011""","Other Salaries","$64,293"
"Sterling School District","=""1360011""","Employee Benefits","$310,579"
"Sterling School District","=""1360011""","Purchased Services Other Than Transportation","$42,168"
"Sterling School District","=""1360011""","Special Education Tuition","$1,075,020"
"Sterling School District","=""1360011""","Supplies","$57,641"
"Sterling School District","=""1360011""","Property Services","$1,249"
"Sterling School District","=""1360011""","Purchased Services For Transportation","$906"
"Sterling School District","=""1360011""","Equipment","$24,104"
"Sterling School District","=""1360011""","All Other Expenditures","$322"
"Sterling School District","=""1360011""","Total","$2,491,747"
"Stonington School District","=""1370011""","Teacher Salaries","$3,914,878"
"Stonington School District","=""1370011""","Instructional Aide Salaries","$1,249,426"
"Stonington School District","=""1370011""","Other Salaries","$1,037,050"
"Stonington School District","=""1370011""","Employee Benefits","$1,307,884"
"Stonington School District","=""1370011""","Purchased Services Other Than Transportation","$150,866"
"Stonington School District","=""1370011""","Special Education Tuition","$2,627,285"
"Stonington School District","=""1370011""","Supplies","$52,517"
"Stonington School District","=""1370011""","Property Services","$0"
"Stonington School District","=""1370011""","Purchased Services For Transportation","$378,487"
"Stonington School District","=""1370011""","Equipment","$639"
"Stonington School District","=""1370011""","All Other Expenditures","$250"
"Stonington School District","=""1370011""","Total","$10,719,282"
"Stratford School District","=""1380011""","Teacher Salaries","$3,959,918"
"Stratford School District","=""1380011""","Instructional Aide Salaries","$0"
"Stratford School District","=""1380011""","Other Salaries","$11,063,129"
"Stratford School District","=""1380011""","Employee Benefits","$4,675,140"
"Stratford School District","=""1380011""","Purchased Services Other Than Transportation","$5,278,544"
"Stratford School District","=""1380011""","Special Education Tuition","$10,690,197"
"Stratford School District","=""1380011""","Supplies","$158,289"
"Stratford School District","=""1380011""","Property Services","$31,978"
"Stratford School District","=""1380011""","Purchased Services For Transportation","$2,238,811"
"Stratford School District","=""1380011""","Equipment","$24,196"
"Stratford School District","=""1380011""","All Other Expenditures","$250"
"Stratford School District","=""1380011""","Total","$38,120,452"
"Suffield School District","=""1390011""","Teacher Salaries","$2,695,824"
"Suffield School District","=""1390011""","Instructional Aide Salaries","$1,193,359"
"Suffield School District","=""1390011""","Other Salaries","$585,693"
"Suffield School District","=""1390011""","Employee Benefits","$1,019,676"
"Suffield School District","=""1390011""","Purchased Services Other Than Transportation","$300,533"
"Suffield School District","=""1390011""","Special Education Tuition","$2,719,380"
"Suffield School District","=""1390011""","Supplies","$9,587"
"Suffield School District","=""1390011""","Property Services","$0"
"Suffield School District","=""1390011""","Purchased Services For Transportation","$538,549"
"Suffield School District","=""1390011""","Equipment","$467"
"Suffield School District","=""1390011""","All Other Expenditures","$0"
"Suffield School District","=""1390011""","Total","$9,063,069"
"The Bridge Academy District","=""2690013""","Teacher Salaries","$239,836"
"The Bridge Academy District","=""2690013""","Instructional Aide Salaries","$27,750"
"The Bridge Academy District","=""2690013""","Other Salaries","$0"
"The Bridge Academy District","=""2690013""","Employee Benefits","$57,883"
"The Bridge Academy District","=""2690013""","Purchased Services Other Than Transportation","$0"
"The Bridge Academy District","=""2690013""","Special Education Tuition","$0"
"The Bridge Academy District","=""2690013""","Supplies","$0"
"The Bridge Academy District","=""2690013""","Property Services","$0"
"The Bridge Academy District","=""2690013""","Purchased Services For Transportation","$0"
"The Bridge Academy District","=""2690013""","Equipment","$0"
"The Bridge Academy District","=""2690013""","All Other Expenditures","$0"
"The Bridge Academy District","=""2690013""","Total","$325,468"
"Thomaston School District","=""1400011""","Teacher Salaries","$1,258,294"
"Thomaston School District","=""1400011""","Instructional Aide Salaries","$333,721"
"Thomaston School District","=""1400011""","Other Salaries","$215,450"
"Thomaston School District","=""1400011""","Employee Benefits","$336,551"
"Thomaston School District","=""1400011""","Purchased Services Other Than Transportation","$566,841"
"Thomaston School District","=""1400011""","Special Education Tuition","$952,280"
"Thomaston School District","=""1400011""","Supplies","$71,074"
"Thomaston School District","=""1400011""","Property Services","$0"
"Thomaston School District","=""1400011""","Purchased Services For Transportation","$318,350"
"Thomaston School District","=""1400011""","Equipment","$39,765"
"Thomaston School District","=""1400011""","All Other Expenditures","$8,733"
"Thomaston School District","=""1400011""","Total","$4,101,057"
"Thompson School District","=""1410011""","Teacher Salaries","$1,323,099"
"Thompson School District","=""1410011""","Instructional Aide Salaries","$427,519"
"Thompson School District","=""1410011""","Other Salaries","$413,114"
"Thompson School District","=""1410011""","Employee Benefits","$713,663"
"Thompson School District","=""1410011""","Purchased Services Other Than Transportation","$359,088"
"Thompson School District","=""1410011""","Special Education Tuition","$1,789,642"
"Thompson School District","=""1410011""","Supplies","$38,063"
"Thompson School District","=""1410011""","Property Services","$0"
"Thompson School District","=""1410011""","Purchased Services For Transportation","$675,925"
"Thompson School District","=""1410011""","Equipment","$0"
"Thompson School District","=""1410011""","All Other Expenditures","$1,216"
"Thompson School District","=""1410011""","Total","$5,741,331"
"Tolland School District","=""1420011""","Teacher Salaries","$3,319,811"
"Tolland School District","=""1420011""","Instructional Aide Salaries","$0"
"Tolland School District","=""1420011""","Other Salaries","$2,841,165"
"Tolland School District","=""1420011""","Employee Benefits","$1,738,106"
"Tolland School District","=""1420011""","Purchased Services Other Than Transportation","$-206,697"
"Tolland School District","=""1420011""","Special Education Tuition","$2,777,066"
"Tolland School District","=""1420011""","Supplies","$133,282"
"Tolland School District","=""1420011""","Property Services","$0"
"Tolland School District","=""1420011""","Purchased Services For Transportation","$1,003,899"
"Tolland School District","=""1420011""","Equipment","$7,014"
"Tolland School District","=""1420011""","All Other Expenditures","$3,086"
"Tolland School District","=""1420011""","Total","$11,616,732"
"Torrington School District","=""1430011""","Teacher Salaries","$2,755,799"
"Torrington School District","=""1430011""","Instructional Aide Salaries","$2,523,351"
"Torrington School District","=""1430011""","Other Salaries","$3,031,293"
"Torrington School District","=""1430011""","Employee Benefits","$2,771,264"
"Torrington School District","=""1430011""","Purchased Services Other Than Transportation","$541,699"
"Torrington School District","=""1430011""","Special Education Tuition","$8,151,905"
"Torrington School District","=""1430011""","Supplies","$232,252"
"Torrington School District","=""1430011""","Property Services","$6,030"
"Torrington School District","=""1430011""","Purchased Services For Transportation","$1,538,494"
"Torrington School District","=""1430011""","Equipment","$34,261"
"Torrington School District","=""1430011""","All Other Expenditures","$2,597"
"Torrington School District","=""1430011""","Total","$21,588,945"
"Trumbull School District","=""1440011""","Teacher Salaries","$11,515,345"
"Trumbull School District","=""1440011""","Instructional Aide Salaries","$0"
"Trumbull School District","=""1440011""","Other Salaries","$5,344,651"
"Trumbull School District","=""1440011""","Employee Benefits","$4,188,917"
"Trumbull School District","=""1440011""","Purchased Services Other Than Transportation","$809,984"
"Trumbull School District","=""1440011""","Special Education Tuition","$5,259,265"
"Trumbull School District","=""1440011""","Supplies","$74,835"
"Trumbull School District","=""1440011""","Property Services","$0"
"Trumbull School District","=""1440011""","Purchased Services For Transportation","$2,974,857"
"Trumbull School District","=""1440011""","Equipment","$19,820"
"Trumbull School District","=""1440011""","All Other Expenditures","$4,056"
"Trumbull School District","=""1440011""","Total","$30,191,731"
"Union School District","=""1450011""","Teacher Salaries","$90,287"
"Union School District","=""1450011""","Instructional Aide Salaries","$79,688"
"Union School District","=""1450011""","Other Salaries","$23,155"
"Union School District","=""1450011""","Employee Benefits","$20,167"
"Union School District","=""1450011""","Purchased Services Other Than Transportation","$79,092"
"Union School District","=""1450011""","Special Education Tuition","$48,146"
"Union School District","=""1450011""","Supplies","$7,840"
"Union School District","=""1450011""","Property Services","$0"
"Union School District","=""1450011""","Purchased Services For Transportation","$1,400"
"Union School District","=""1450011""","Equipment","$0"
"Union School District","=""1450011""","All Other Expenditures","$0"
"Union School District","=""1450011""","Total","$349,773"
"Vernon School District","=""1460011""","Teacher Salaries","$2,829,773"
"Vernon School District","=""1460011""","Instructional Aide Salaries","$2,184,117"
"Vernon School District","=""1460011""","Other Salaries","$2,691,900"
"Vernon School District","=""1460011""","Employee Benefits","$1,253,611"
"Vernon School District","=""1460011""","Purchased Services Other Than Transportation","$295,870"
"Vernon School District","=""1460011""","Special Education Tuition","$3,129,534"
"Vernon School District","=""1460011""","Supplies","$71,327"
"Vernon School District","=""1460011""","Property Services","$0"
"Vernon School District","=""1460011""","Purchased Services For Transportation","$1,336,855"
"Vernon School District","=""1460011""","Equipment","$4,248"
"Vernon School District","=""1460011""","All Other Expenditures","$0"
"Vernon School District","=""1460011""","Total","$13,797,234"
"Voluntown School District","=""1470011""","Teacher Salaries","$450,409"
"Voluntown School District","=""1470011""","Instructional Aide Salaries","$229,149"
"Voluntown School District","=""1470011""","Other Salaries","$25,409"
"Voluntown School District","=""1470011""","Employee Benefits","$186,822"
"Voluntown School District","=""1470011""","Purchased Services Other Than Transportation","$197,565"
"Voluntown School District","=""1470011""","Special Education Tuition","$877,447"
"Voluntown School District","=""1470011""","Supplies","$25,844"
"Voluntown School District","=""1470011""","Property Services","$7,600"
"Voluntown School District","=""1470011""","Purchased Services For Transportation","$21,044"
"Voluntown School District","=""1470011""","Equipment","$0"
"Voluntown School District","=""1470011""","All Other Expenditures","$299"
"Voluntown School District","=""1470011""","Total","$2,021,590"
"Wallingford School District","=""1480011""","Teacher Salaries","$12,988,318"
"Wallingford School District","=""1480011""","Instructional Aide Salaries","$2,934,238"
"Wallingford School District","=""1480011""","Other Salaries","$1,174,445"
"Wallingford School District","=""1480011""","Employee Benefits","$3,059,609"
"Wallingford School District","=""1480011""","Purchased Services Other Than Transportation","$2,069,170"
"Wallingford School District","=""1480011""","Special Education Tuition","$6,676,957"
"Wallingford School District","=""1480011""","Supplies","$229,473"
"Wallingford School District","=""1480011""","Property Services","$6,498"
"Wallingford School District","=""1480011""","Purchased Services For Transportation","$2,702,735"
"Wallingford School District","=""1480011""","Equipment","$143,787"
"Wallingford School District","=""1480011""","All Other Expenditures","$1,300"
"Wallingford School District","=""1480011""","Total","$31,986,530"
"Waterbury School District","=""1510011""","Teacher Salaries","$19,606,305"
"Waterbury School District","=""1510011""","Instructional Aide Salaries","$3,959"
"Waterbury School District","=""1510011""","Other Salaries","$12,052,825"
"Waterbury School District","=""1510011""","Employee Benefits","$15,153,926"
"Waterbury School District","=""1510011""","Purchased Services Other Than Transportation","$4,806,008"
"Waterbury School District","=""1510011""","Special Education Tuition","$9,217,492"
"Waterbury School District","=""1510011""","Supplies","$639,473"
"Waterbury School District","=""1510011""","Property Services","$0"
"Waterbury School District","=""1510011""","Purchased Services For Transportation","$7,967,384"
"Waterbury School District","=""1510011""","Equipment","$178,826"
"Waterbury School District","=""1510011""","All Other Expenditures","$3,789"
"Waterbury School District","=""1510011""","Total","$69,629,988"
"Waterford School District","=""1520011""","Teacher Salaries","$5,211,607"
"Waterford School District","=""1520011""","Instructional Aide Salaries","$1,783,523"
"Waterford School District","=""1520011""","Other Salaries","$415,938"
"Waterford School District","=""1520011""","Employee Benefits","$2,284,032"
"Waterford School District","=""1520011""","Purchased Services Other Than Transportation","$833,487"
"Waterford School District","=""1520011""","Special Education Tuition","$2,898,915"
"Waterford School District","=""1520011""","Supplies","$28,619"
"Waterford School District","=""1520011""","Property Services","$6,692"
"Waterford School District","=""1520011""","Purchased Services For Transportation","$898,463"
"Waterford School District","=""1520011""","Equipment","$29,827"
"Waterford School District","=""1520011""","All Other Expenditures","$125,222"
"Waterford School District","=""1520011""","Total","$14,516,323"
"Watertown School District","=""1530011""","Teacher Salaries","$4,203,325"
"Watertown School District","=""1530011""","Instructional Aide Salaries","$1,458,321"
"Watertown School District","=""1530011""","Other Salaries","$862,282"
"Watertown School District","=""1530011""","Employee Benefits","$1,638,163"
"Watertown School District","=""1530011""","Purchased Services Other Than Transportation","$1,574,954"
"Watertown School District","=""1530011""","Special Education Tuition","$3,065,516"
"Watertown School District","=""1530011""","Supplies","$48,276"
"Watertown School District","=""1530011""","Property Services","$8,694"
"Watertown School District","=""1530011""","Purchased Services For Transportation","$2,197,393"
"Watertown School District","=""1530011""","Equipment","$3,575"
"Watertown School District","=""1530011""","All Other Expenditures","$0"
"Watertown School District","=""1530011""","Total","$15,060,500"
"West Hartford School District","=""1550011""","Teacher Salaries","$16,793,644"
"West Hartford School District","=""1550011""","Instructional Aide Salaries","$5,999,796"
"West Hartford School District","=""1550011""","Other Salaries","$2,712,952"
"West Hartford School District","=""1550011""","Employee Benefits","$7,712,053"
"West Hartford School District","=""1550011""","Purchased Services Other Than Transportation","$4,914,897"
"West Hartford School District","=""1550011""","Special Education Tuition","$10,708,908"
"West Hartford School District","=""1550011""","Supplies","$264,522"
"West Hartford School District","=""1550011""","Property Services","$24,155"
"West Hartford School District","=""1550011""","Purchased Services For Transportation","$5,068,899"
"West Hartford School District","=""1550011""","Equipment","$34,361"
"West Hartford School District","=""1550011""","All Other Expenditures","$0"
"West Hartford School District","=""1550011""","Total","$54,234,187"
"West Haven School District","=""1560011""","Teacher Salaries","$9,044,720"
"West Haven School District","=""1560011""","Instructional Aide Salaries","$4,019,842"
"West Haven School District","=""1560011""","Other Salaries","$378,922"
"West Haven School District","=""1560011""","Employee Benefits","$4,038,014"
"West Haven School District","=""1560011""","Purchased Services Other Than Transportation","$680,152"
"West Haven School District","=""1560011""","Special Education Tuition","$12,051,571"
"West Haven School District","=""1560011""","Supplies","$95,926"
"West Haven School District","=""1560011""","Property Services","$0"
"West Haven School District","=""1560011""","Purchased Services For Transportation","$2,061,091"
"West Haven School District","=""1560011""","Equipment","$0"
"West Haven School District","=""1560011""","All Other Expenditures","$0"
"West Haven School District","=""1560011""","Total","$32,370,239"
"Westbrook School District","=""1540011""","Teacher Salaries","$1,917,160"
"Westbrook School District","=""1540011""","Instructional Aide Salaries","$549,400"
"Westbrook School District","=""1540011""","Other Salaries","$2,105"
"Westbrook School District","=""1540011""","Employee Benefits","$878,525"
"Westbrook School District","=""1540011""","Purchased Services Other Than Transportation","$192,408"
"Westbrook School District","=""1540011""","Special Education Tuition","$872,855"
"Westbrook School District","=""1540011""","Supplies","$26,174"
"Westbrook School District","=""1540011""","Property Services","$0"
"Westbrook School District","=""1540011""","Purchased Services For Transportation","$292,875"
"Westbrook School District","=""1540011""","Equipment","$8,339"
"Westbrook School District","=""1540011""","All Other Expenditures","$511"
"Westbrook School District","=""1540011""","Total","$4,740,352"
"Weston School District","=""1570011""","Teacher Salaries","$3,387,330"
"Weston School District","=""1570011""","Instructional Aide Salaries","$1,622,095"
"Weston School District","=""1570011""","Other Salaries","$2,090,304"
"Weston School District","=""1570011""","Employee Benefits","$2,107,938"
"Weston School District","=""1570011""","Purchased Services Other Than Transportation","$952,320"
"Weston School District","=""1570011""","Special Education Tuition","$2,851,141"
"Weston School District","=""1570011""","Supplies","$25,327"
"Weston School District","=""1570011""","Property Services","$0"
"Weston School District","=""1570011""","Purchased Services For Transportation","$766,732"
"Weston School District","=""1570011""","Equipment","$37,392"
"Weston School District","=""1570011""","All Other Expenditures","$250"
"Weston School District","=""1570011""","Total","$13,840,829"
"Westport School District","=""1580011""","Teacher Salaries","$10,909,232"
"Westport School District","=""1580011""","Instructional Aide Salaries","$0"
"Westport School District","=""1580011""","Other Salaries","$5,961,663"
"Westport School District","=""1580011""","Employee Benefits","$3,863,919"
"Westport School District","=""1580011""","Purchased Services Other Than Transportation","$1,061,706"
"Westport School District","=""1580011""","Special Education Tuition","$5,087,104"
"Westport School District","=""1580011""","Supplies","$130,373"
"Westport School District","=""1580011""","Property Services","$0"
"Westport School District","=""1580011""","Purchased Services For Transportation","$2,330,532"
"Westport School District","=""1580011""","Equipment","$26,690"
"Westport School District","=""1580011""","All Other Expenditures","$2,068"
"Westport School District","=""1580011""","Total","$29,373,286"
"Wethersfield School District","=""1590011""","Teacher Salaries","$3,357,998"
"Wethersfield School District","=""1590011""","Instructional Aide Salaries","$2,877,703"
"Wethersfield School District","=""1590011""","Other Salaries","$414,902"
"Wethersfield School District","=""1590011""","Employee Benefits","$2,084,002"
"Wethersfield School District","=""1590011""","Purchased Services Other Than Transportation","$487,023"
"Wethersfield School District","=""1590011""","Special Education Tuition","$4,915,383"
"Wethersfield School District","=""1590011""","Supplies","$65,568"
"Wethersfield School District","=""1590011""","Property Services","$52,250"
"Wethersfield School District","=""1590011""","Purchased Services For Transportation","$1,608,411"
"Wethersfield School District","=""1590011""","Equipment","$7,418"
"Wethersfield School District","=""1590011""","All Other Expenditures","$954"
"Wethersfield School District","=""1590011""","Total","$15,871,612"
"Willington School District","=""1600011""","Teacher Salaries","$920,326"
"Willington School District","=""1600011""","Instructional Aide Salaries","$470,085"
"Willington School District","=""1600011""","Other Salaries","$210,065"
"Willington School District","=""1600011""","Employee Benefits","$404,176"
"Willington School District","=""1600011""","Purchased Services Other Than Transportation","$197,675"
"Willington School District","=""1600011""","Special Education Tuition","$554,231"
"Willington School District","=""1600011""","Supplies","$31,433"
"Willington School District","=""1600011""","Property Services","$21,301"
"Willington School District","=""1600011""","Purchased Services For Transportation","$146,801"
"Willington School District","=""1600011""","Equipment","$0"
"Willington School District","=""1600011""","All Other Expenditures","$264"
"Willington School District","=""1600011""","Total","$2,956,358"
"Wilton School District","=""1610011""","Teacher Salaries","$4,826,405"
"Wilton School District","=""1610011""","Instructional Aide Salaries","$2,608,358"
"Wilton School District","=""1610011""","Other Salaries","$5,019,238"
"Wilton School District","=""1610011""","Employee Benefits","$3,709,329"
"Wilton School District","=""1610011""","Purchased Services Other Than Transportation","$1,387,555"
"Wilton School District","=""1610011""","Special Education Tuition","$4,127,531"
"Wilton School District","=""1610011""","Supplies","$89,395"
"Wilton School District","=""1610011""","Property Services","$102,068"
"Wilton School District","=""1610011""","Purchased Services For Transportation","$1,135,333"
"Wilton School District","=""1610011""","Equipment","$32,049"
"Wilton School District","=""1610011""","All Other Expenditures","$900"
"Wilton School District","=""1610011""","Total","$23,038,162"
"Winchester School District","=""1620011""","Teacher Salaries","$1,109,592"
"Winchester School District","=""1620011""","Instructional Aide Salaries","$677,349"
"Winchester School District","=""1620011""","Other Salaries","$406,678"
"Winchester School District","=""1620011""","Employee Benefits","$695,293"
"Winchester School District","=""1620011""","Purchased Services Other Than Transportation","$133,660"
"Winchester School District","=""1620011""","Special Education Tuition","$2,111,962"
"Winchester School District","=""1620011""","Supplies","$19,361"
"Winchester School District","=""1620011""","Property Services","$0"
"Winchester School District","=""1620011""","Purchased Services For Transportation","$827,801"
"Winchester School District","=""1620011""","Equipment","$9,749"
"Winchester School District","=""1620011""","All Other Expenditures","$500"
"Winchester School District","=""1620011""","Total","$5,991,944"
"Windham School District","=""1630011""","Teacher Salaries","$5,136,632"
"Windham School District","=""1630011""","Instructional Aide Salaries","$2,673,286"
"Windham School District","=""1630011""","Other Salaries","$1,336,026"
"Windham School District","=""1630011""","Employee Benefits","$2,752,482"
"Windham School District","=""1630011""","Purchased Services Other Than Transportation","$376,529"
"Windham School District","=""1630011""","Special Education Tuition","$3,152,417"
"Windham School District","=""1630011""","Supplies","$393,962"
"Windham School District","=""1630011""","Property Services","$855,253"
"Windham School District","=""1630011""","Purchased Services For Transportation","$934,377"
"Windham School District","=""1630011""","Equipment","$276,926"
"Windham School District","=""1630011""","All Other Expenditures","$1,949"
"Windham School District","=""1630011""","Total","$17,889,838"
"Windsor Locks School District","=""1650011""","Teacher Salaries","$2,758,822"
"Windsor Locks School District","=""1650011""","Instructional Aide Salaries","$1,432,164"
"Windsor Locks School District","=""1650011""","Other Salaries","$1,401,392"
"Windsor Locks School District","=""1650011""","Employee Benefits","$1,399,343"
"Windsor Locks School District","=""1650011""","Purchased Services Other Than Transportation","$548,745"
"Windsor Locks School District","=""1650011""","Special Education Tuition","$1,468,059"
"Windsor Locks School District","=""1650011""","Supplies","$105,976"
"Windsor Locks School District","=""1650011""","Property Services","$19,755"
"Windsor Locks School District","=""1650011""","Purchased Services For Transportation","$585,204"
"Windsor Locks School District","=""1650011""","Equipment","$30,259"
"Windsor Locks School District","=""1650011""","All Other Expenditures","$12,791"
"Windsor Locks School District","=""1650011""","Total","$9,762,511"
"Windsor School District","=""1640011""","Teacher Salaries","$7,965,342"
"Windsor School District","=""1640011""","Instructional Aide Salaries","$2,676,905"
"Windsor School District","=""1640011""","Other Salaries","$1,747,658"
"Windsor School District","=""1640011""","Employee Benefits","$1,151,663"
"Windsor School District","=""1640011""","Purchased Services Other Than Transportation","$498,265"
"Windsor School District","=""1640011""","Special Education Tuition","$6,255,875"
"Windsor School District","=""1640011""","Supplies","$54,435"
"Windsor School District","=""1640011""","Property Services","$5,040"
"Windsor School District","=""1640011""","Purchased Services For Transportation","$2,530,155"
"Windsor School District","=""1640011""","Equipment","$15,953"
"Windsor School District","=""1640011""","All Other Expenditures","$12,093"
"Windsor School District","=""1640011""","Total","$22,913,383"
"Wolcott School District","=""1660011""","Teacher Salaries","$2,853,482"
"Wolcott School District","=""1660011""","Instructional Aide Salaries","$1,214,897"
"Wolcott School District","=""1660011""","Other Salaries","$358,707"
"Wolcott School District","=""1660011""","Employee Benefits","$708,724"
"Wolcott School District","=""1660011""","Purchased Services Other Than Transportation","$795,786"
"Wolcott School District","=""1660011""","Special Education Tuition","$911,329"
"Wolcott School District","=""1660011""","Supplies","$52,575"
"Wolcott School District","=""1660011""","Property Services","$0"
"Wolcott School District","=""1660011""","Purchased Services For Transportation","$519,632"
"Wolcott School District","=""1660011""","Equipment","$6,267"
"Wolcott School District","=""1660011""","All Other Expenditures","$500"
"Wolcott School District","=""1660011""","Total","$7,421,900"
"Woodbridge School District","=""1670011""","Teacher Salaries","$1,517,568"
"Woodbridge School District","=""1670011""","Instructional Aide Salaries","$641,747"
"Woodbridge School District","=""1670011""","Other Salaries","$264,881"
"Woodbridge School District","=""1670011""","Employee Benefits","$512,558"
"Woodbridge School District","=""1670011""","Purchased Services Other Than Transportation","$122,706"
"Woodbridge School District","=""1670011""","Special Education Tuition","$291,979"
"Woodbridge School District","=""1670011""","Supplies","$21,746"
"Woodbridge School District","=""1670011""","Property Services","$1,451"
"Woodbridge School District","=""1670011""","Purchased Services For Transportation","$222,903"
"Woodbridge School District","=""1670011""","Equipment","$14,244"
"Woodbridge School District","=""1670011""","All Other Expenditures","$250"
"Woodbridge School District","=""1670011""","Total","$3,612,033"
"Woodstock School District","=""1690011""","Teacher Salaries","$987,519"
"Woodstock School District","=""1690011""","Instructional Aide Salaries","$757,950"
"Woodstock School District","=""1690011""","Other Salaries","$204,659"
"Woodstock School District","=""1690011""","Employee Benefits","$270,747"
"Woodstock School District","=""1690011""","Purchased Services Other Than Transportation","$220,561"
"Woodstock School District","=""1690011""","Special Education Tuition","$1,928,496"
"Woodstock School District","=""1690011""","Supplies","$21,496"
"Woodstock School District","=""1690011""","Property Services","$4,560"
"Woodstock School District","=""1690011""","Purchased Services For Transportation","$194,084"
"Woodstock School District","=""1690011""","Equipment","$5,470"
"Woodstock School District","=""1690011""","All Other Expenditures","$470"
"Woodstock School District","=""1690011""","Total","$4,596,013"

